Entry Time,Symbols,Exit Time,Direction,Entry Price,Exit Price,Quantity,P&L,Fees,MAE,MFE,Drawdown,IsWin,Order Ids
2017-05-12T18:30:00Z,"SPY",2017-05-12T18:50:00Z,Sell,207.139440657,207.226149787,963,-83.5,9.63,-150.3,8.35,158.65,0,"	1,2" 
2017-05-12T19:30:00Z,"SPY",2017-05-12T19:58:00Z,Sell,207.087415179,207.226149787,962,-133.46,9.62,-133.46,58.39,191.85,0,"	3,4" 
2017-05-15T14:00:00Z,"SPY",2017-05-15T18:40:00Z,Buy,208.127924739,208.093241087,956,-33.16,9.56,-74.6,323.29,397.89,0,"	5,6" 
2017-05-16T18:00:00Z,"SPY",2017-05-16T19:45:00Z,Sell,208.084570174,208.223304782,955,-132.49,9.55,-165.61,99.37,264.98,0,"	7,8" 
2017-05-17T15:00:00Z,"SPY",2017-05-17T19:58:00Z,Sell,205.535321752,204.512154018,966,988.38,9.66,-577.95,988.38,678.46,1,"	9,10" 
2017-05-18T14:30:00Z,"SPY",2017-05-18T16:10:00Z,Buy,205.292536188,204.676901365,977,-601.48,9.77,-643.83,177.9,821.73,0,"	11,12" 
2017-05-18T17:00:00Z,"SPY",2017-05-18T17:25:00Z,Buy,204.971712407,204.867661451,972,-101.14,9.72,-235.99,50.57,286.56,0,"	13,14" 
2017-05-18T18:00:00Z,"SPY",2017-05-18T19:58:00Z,Buy,205.266523449,205.361903492,970,92.52,9.7,0,832.67,740.15,1,"	15,16" 
2017-05-19T14:00:00Z,"SPY",2017-05-19T19:25:00Z,Buy,206.3677294,206.610514964,965,234.29,9.65,0,878.58,702.86,1,"	17,18" 
2017-05-22T14:00:00Z,"SPY",2017-05-22T14:20:00Z,Buy,207.442922612,207.364884395,963,-75.15,9.63,-108.55,100.2,208.75,0,"	19,20" 
2017-05-22T16:30:00Z,"SPY",2017-05-22T17:35:00Z,Buy,207.659695437,207.598999046,961,-58.33,9.61,-83.33,41.66,108.33,0,"	21,22" 
2017-05-25T15:30:00Z,"SPY",2017-05-25T15:50:00Z,Buy,209.697359992,209.411219863,951,-272.12,9.51,-321.6,32.98,354.58,0,"	23,24" 
2017-05-25T17:00:00Z,"SPY",2017-05-25T17:40:00Z,Buy,209.723372731,209.515270819,948,-197.28,9.48,-246.6,0,246.6,0,"	25,26" 
2017-05-25T18:00:00Z,"SPY",2017-05-25T18:20:00Z,Buy,209.680018166,209.627992688,946,-49.22,9.46,-90.23,0,90.23,0,"	27,28" 
2017-05-31T14:00:00Z,"SPY",2017-05-31T14:50:00Z,Sell,208.942990561,209.14242156,949,-189.26,9.49,-222.17,238.63,460.81,0,"	29,30" 
2017-05-31T16:00:00Z,"SPY",2017-05-31T16:20:00Z,Sell,209.038370604,209.133750647,947,-90.32,9.47,-139.59,0,139.59,0,"	31,32" 
2017-05-31T17:00:00Z,"SPY",2017-05-31T17:20:00Z,Sell,208.9690033,209.029699691,946,-57.42,9.46,-246.08,0,246.08,0,"	33,34" 
2017-06-01T17:00:00Z,"SPY",2017-06-01T19:58:00Z,Buy,210.417045771,210.815907769,939,374.53,9.39,0,382.67,211.69,1,"	35,36" 
2017-06-02T16:00:00Z,"SPY",2017-06-02T18:45:00Z,Buy,211.604960852,211.561606287,937,-40.62,9.37,-121.87,186.87,243.74,0,"	37,38" 
2017-06-02T19:30:00Z,"SPY",2017-06-02T19:58:00Z,Buy,211.709011808,211.604960852,936,-97.39,9.36,-129.86,129.86,259.71,0,"	39,40" 
2017-06-08T14:30:00Z,"SPY",2017-06-08T14:50:00Z,Sell,210.96331329,211.249453419,938,-268.4,9.38,-268.4,0,268.4,0,"	41,42" 
2017-06-09T14:00:00Z,"SPY",2017-06-09T16:30:00Z,Buy,211.986481024,211.839075503,931,-137.23,9.31,-234.11,403.63,637.74,0,"	43,44" 
2017-06-09T18:00:00Z,"SPY",2017-06-09T18:20:00Z,Sell,210.945971464,211.232111593,934,-267.25,9.34,-291.55,0,291.55,0,"	45,46" 
2017-06-09T19:00:00Z,"SPY",2017-06-09T19:58:00Z,Sell,210.234956598,211.128060637,935,-835.05,9.35,-835.05,0,835.05,0,"	47,48" 
2017-06-12T14:00:00Z,"SPY",2017-06-12T15:00:00Z,Sell,210.365020293,210.772553204,926,-377.38,9.26,-401.46,120.44,521.9,0,"	49,50" 
2017-06-12T16:30:00Z,"SPY",2017-06-12T17:30:00Z,Sell,210.425716684,210.581793118,922,-143.9,9.22,-143.9,159.89,303.79,0,"	51,52" 
2017-06-12T18:00:00Z,"SPY",2017-06-12T18:50:00Z,Sell,210.278311163,210.668502248,922,-359.76,9.22,-431.71,0,431.71,0,"	53,54" 
2017-06-13T17:30:00Z,"SPY",2017-06-13T18:00:00Z,Buy,211.934455546,211.839075503,911,-86.89,9.11,-189.58,0,189.58,0,"	55,56" 
2017-06-13T18:30:00Z,"SPY",2017-06-13T19:05:00Z,Buy,211.891100981,211.821733677,910,-63.12,9.1,-94.69,55.23,149.92,0,"	57,58" 
2017-06-13T19:30:00Z,"SPY",2017-06-13T19:58:00Z,Buy,212.073190154,211.813062764,909,-236.46,9.09,-236.46,7.88,244.34,0,"	59,60" 
2017-06-14T15:00:00Z,"SPY",2017-06-14T16:45:00Z,Sell,211.682999069,211.951797372,908,-244.07,9.08,-251.94,31.49,283.43,0,"	61,62" 
2017-06-14T19:00:00Z,"SPY",2017-06-14T19:58:00Z,Sell,211.318820723,211.74369546,907,-385.36,9.07,-503.33,235.94,739.26,0,"	63,64" 
2017-06-16T14:00:00Z,"SPY",2017-06-16T15:50:00Z,Sell,211.01361362,210.95262199,905,55.2,9.05,-23.66,410.04,433.69,1,"	65,66" 
2017-06-19T14:30:00Z,"SPY",2017-06-19T19:58:00Z,Buy,212.92178033,213.05247668,897,117.23,8.97,-218.84,242.28,375.15,1,"	67,68" 
2017-06-20T14:00:00Z,"SPY",2017-06-20T14:25:00Z,Sell,212.45998656,212.599396,900,-125.47,9,-188.2,47.05,235.25,0,"	69,70" 
2017-06-20T15:30:00Z,"SPY",2017-06-20T17:15:00Z,Sell,212.40770802,212.38156875,899,23.5,8.99,-94,274.16,313.32,1,"	71,72" 
2017-06-20T17:30:00Z,"SPY",2017-06-20T19:58:00Z,Sell,212.31186403,211.79779172,900,462.67,9,-101.94,525.4,243.1,1,"	73,74" 
2017-06-22T15:30:00Z,"SPY",2017-06-22T15:50:00Z,Buy,212.10274987,211.98076661,905,-110.39,9.05,-173.48,0,173.48,0,"	75,76" 
2017-06-22T16:00:00Z,"SPY",2017-06-22T16:20:00Z,Buy,212.05918442,211.9023488,904,-141.78,9.04,-173.29,15.75,189.04,0,"	77,78" 
2017-06-22T17:30:00Z,"SPY",2017-06-22T18:35:00Z,Buy,212.10274987,211.97205352,902,-117.89,9.02,-117.89,15.72,133.61,0,"	79,80" 
2017-06-23T15:00:00Z,"SPY",2017-06-23T15:45:00Z,Buy,211.93720116,211.9023488,902,-31.44,9.02,-47.16,78.59,125.75,0,"	81,82" 
2017-06-23T16:00:00Z,"SPY",2017-06-23T17:15:00Z,Buy,211.99819279,211.95462734,901,-39.25,9.01,-54.95,125.61,180.56,0,"	83,84" 
2017-06-23T17:30:00Z,"SPY",2017-06-23T18:35:00Z,Buy,212.02433206,211.99819279,901,-23.55,9.01,-125.61,133.46,259.07,0,"	85,86" 
2017-06-26T14:00:00Z,"SPY",2017-06-26T14:20:00Z,Buy,212.91306724,212.64296145,897,-242.28,8.97,-265.73,0,265.73,0,"	87,88" 
2017-06-27T18:00:00Z,"SPY",2017-06-27T19:58:00Z,Sell,210.96133508,210.42983659,902,479.41,9.02,-196.48,510.85,471.55,1,"	89,90" 
2017-06-28T15:00:00Z,"SPY",2017-06-28T19:58:00Z,Buy,211.84135717,212.12888914,903,259.64,9.03,-39.34,448.47,259.64,1,"	91,92" 
2017-06-29T14:00:00Z,"SPY",2017-06-29T19:58:00Z,Sell,211.65838228,210.46468895,906,1081.49,9.06,-47.36,2297.17,1523.55,1,"	93,94" 
2017-07-06T14:00:00Z,"SPY",2017-07-06T15:45:00Z,Sell,210.23814861,210.57795912,923,-313.65,9.23,-353.86,281.48,635.33,0,"	95,96" 
2017-07-06T18:30:00Z,"SPY",2017-07-06T19:58:00Z,Sell,210.10745226,209.66308467,920,408.82,9.2,0,601.2,232.47,1,"	97,98" 
2017-07-07T15:30:00Z,"SPY",2017-07-07T19:58:00Z,Buy,210.61281148,211.02232671,922,377.57,9.22,-8.03,441.84,257.07,1,"	99,100" 
2017-07-11T15:30:00Z,"SPY",2017-07-11T16:05:00Z,Sell,210.22072243,210.71736856,927,-460.39,9.27,-508.85,0,508.85,0,"	101,102" 
2017-07-12T14:00:00Z,"SPY",2017-07-12T15:10:00Z,Buy,212.49483892,212.24215931,913,-230.7,9.13,-230.7,143.19,373.89,0,"	103,104" 
2017-07-12T18:00:00Z,"SPY",2017-07-12T19:58:00Z,Buy,212.66038763,212.59068291,910,-63.43,9.1,-95.15,87.22,182.36,0,"	105,106" 
2017-07-14T14:00:00Z,"SPY",2017-07-14T14:20:00Z,Buy,213.23545157,213.25287775,906,15.79,9.06,-110.52,47.36,110.52,1,"	107,108" 
2017-07-14T15:00:00Z,"SPY",2017-07-14T15:20:00Z,Buy,213.34000865,213.23545157,906,-94.73,9.06,-118.41,23.68,118.41,0,"	109,110" 
2017-07-14T17:00:00Z,"SPY",2017-07-14T19:58:00Z,Buy,213.6449668,214.00220349,904,322.94,9.04,-15.75,582.87,291.44,1,"	111,112" 
2017-07-19T14:00:00Z,"SPY",2017-07-19T14:30:00Z,Buy,214.68182451,214.6034067,902,-70.73,9.02,-125.75,86.45,212.2,0,"	113,114" 
2017-07-19T18:30:00Z,"SPY",2017-07-19T19:58:00Z,Buy,215.06520047,215.10005283,900,31.37,9,-54.89,101.94,94.1,1,"	115,116" 
2017-07-24T14:30:00Z,"SPY",2017-07-24T15:50:00Z,Sell,214.73410305,214.80380777,902,-62.87,9.02,-78.59,86.45,165.04,0,"	117,118" 
2017-07-27T17:30:00Z,"SPY",2017-07-27T19:58:00Z,Sell,214.62954597,215.10876592,901,-431.78,9.01,-525.98,423.93,949.91,0,"	119,120" 
2017-07-28T14:30:00Z,"SPY",2017-07-28T15:25:00Z,Sell,214.64697215,214.79509468,897,-132.87,8.97,-187.58,85.97,273.55,0,"	121,122" 
2017-08-02T14:30:00Z,"SPY",2017-08-02T17:45:00Z,Sell,214.93450412,215.34401935,895,-366.52,8.95,-366.52,218.35,584.87,0,"	123,124" 
2017-08-03T14:00:00Z,"SPY",2017-08-03T14:40:00Z,Sell,215.19589682,215.33530626,890,-124.07,8.9,-240.39,46.53,286.92,0,"	125,126" 
2017-08-03T16:00:00Z,"SPY",2017-08-03T16:40:00Z,Sell,215.16104446,215.3004539,889,-123.93,8.89,-123.93,23.24,147.17,0,"	127,128" 
2017-08-07T19:30:00Z,"SPY",2017-08-07T19:50:00Z,Buy,215.97136183,215.90165711,885,-61.69,8.85,-107.96,0,107.96,0,"	129,130" 
2017-08-08T15:00:00Z,"SPY",2017-08-08T17:45:00Z,Buy,216.35473779,216.1717629,882,-161.38,8.82,-292.03,422.67,714.7,0,"	131,132" 
2017-08-10T14:00:00Z,"SPY",2017-08-10T19:58:00Z,Sell,214.22874383,212.4251342,889,1603.41,8.89,0,1634.39,720.37,1,"	133,134" 
2017-08-11T14:30:00Z,"SPY",2017-08-11T15:40:00Z,Buy,212.98277196,212.88692797,910,-87.22,9.1,-285.44,269.58,555.02,0,"	135,136" 
2017-08-14T14:00:00Z,"SPY",2017-08-14T19:58:00Z,Buy,214.50756271,214.89093867,902,345.81,9.02,-15.72,455.83,369.38,1,"	137,138" 
2017-08-17T14:30:00Z,"SPY",2017-08-17T15:20:00Z,Sell,213.85408096,214.21131765,908,-324.37,9.08,-427.22,134.5,561.72,0,"	139,140" 
2017-08-17T15:30:00Z,"SPY",2017-08-17T19:58:00Z,Sell,213.97606422,211.94591425,904,1835.26,9.04,-70.89,1866.76,338.7,1,"	141,142" 
2017-08-18T14:00:00Z,"SPY",2017-08-18T14:20:00Z,Sell,211.03975289,211.47540739,934,-406.9,9.34,-626.63,0,626.63,0,"	143,144" 
2017-08-18T17:00:00Z,"SPY",2017-08-18T17:20:00Z,Buy,212.43384729,212.23344622,924,-185.17,9.24,-193.22,40.25,233.48,0,"	145,146" 
2017-08-21T14:00:00Z,"SPY",2017-08-21T15:00:00Z,Sell,211.13559688,211.30114559,928,-153.63,9.28,-185.97,363.86,549.83,0,"	147,148" 
2017-08-22T14:00:00Z,"SPY",2017-08-22T19:58:00Z,Buy,212.83464943,213.8192286,919,904.83,9.19,0,1072.98,192.18,1,"	149,150" 
2017-08-24T14:00:00Z,"SPY",2017-08-24T14:30:00Z,Sell,212.76494471,213.07861595,928,-291.09,9.28,-323.43,97.03,420.46,0,"	151,152" 
2017-08-24T15:30:00Z,"SPY",2017-08-24T16:00:00Z,Sell,212.66910072,212.79979707,925,-120.89,9.25,-120.89,209.55,330.44,0,"	153,154" 
2017-08-25T14:00:00Z,"SPY",2017-08-25T14:50:00Z,Buy,213.71467152,213.34000865,920,-344.69,9.2,-344.69,208.42,553.11,0,"	155,156" 
2017-08-30T15:00:00Z,"SPY",2017-08-30T15:50:00Z,Buy,213.88893332,213.85408096,916,-31.92,9.16,-111.74,71.83,111.74,0,"	157,158" 
2017-08-30T17:00:00Z,"SPY",2017-08-30T19:58:00Z,Buy,214.17646529,214.27230928,914,87.6,9.14,-55.75,406.15,461.9,1,"	159,160" 
2017-08-31T19:00:00Z,"SPY",2017-08-31T19:20:00Z,Buy,215.68382986,215.66640368,908,-15.82,9.08,-142.41,0,142.41,0,"	161,162" 
2017-09-05T15:30:00Z,"SPY",2017-09-05T15:55:00Z,Sell,214.87351249,214.96064339,912,-79.46,9.12,-166.87,0,166.87,0,"	163,164" 
2017-09-05T16:30:00Z,"SPY",2017-09-05T19:58:00Z,Sell,214.10676057,214.41171872,914,-278.73,9.14,-390.22,589.32,979.54,0,"	165,166" 
2017-09-11T14:00:00Z,"SPY",2017-09-11T19:58:00Z,Buy,216.54642577,217.03435881,901,439.63,9.01,-15.7,573.09,211.96,1,"	167,168" 
2017-09-18T14:00:00Z,"SPY",2017-09-18T14:55:00Z,Buy,218.903875,218.842581915,895,-54.86,8.95,-125.39,39.18,164.57,0,"	169,170" 
2017-09-20T18:30:00Z,"SPY",2017-09-20T19:05:00Z,Sell,218.212138755,218.562384955,898,-314.52,8.98,-385.29,94.36,479.64,0,"	171,172" 
2017-09-21T14:00:00Z,"SPY",2017-09-21T15:05:00Z,Sell,218.369749545,218.562384955,894,-172.22,8.94,-234.84,148.73,383.57,0,"	173,174" 
2017-09-25T15:00:00Z,"SPY",2017-09-25T19:40:00Z,Sell,217.6780133,217.844380245,895,-148.9,8.95,-219.43,336.98,556.41,0,"	175,176" 
2017-09-27T19:00:00Z,"SPY",2017-09-27T19:58:00Z,Buy,219.105266565,218.965168085,888,-124.41,8.88,-124.41,194.39,318.79,0,"	177,178" 
2017-09-28T18:00:00Z,"SPY",2017-09-28T18:35:00Z,Buy,219.262877355,219.13153503,886,-116.37,8.86,-131.89,15.52,147.4,0,"	179,180" 
2017-09-29T15:00:00Z,"SPY",2017-09-29T19:58:00Z,Buy,219.560586625,219.928345135,884,325.1,8.84,-54.18,356.06,201.25,1,"	181,182" 
2017-10-02T14:00:00Z,"SPY",2017-10-02T16:00:00Z,Buy,220.541275985,220.313615955,883,-201.02,8.83,-201.02,185.56,386.58,0,"	183,184" 
2017-10-02T16:30:00Z,"SPY",2017-10-02T19:58:00Z,Buy,220.49749521,220.81271679,881,277.71,8.81,0,285.42,115.71,1,"	185,186" 
2017-10-04T16:00:00Z,"SPY",2017-10-04T17:50:00Z,Buy,221.77589384,221.46067226,878,-276.76,8.78,-276.76,107.63,384.4,0,"	187,188" 
2017-10-04T19:30:00Z,"SPY",2017-10-04T19:50:00Z,Buy,221.68833229,221.56574612,876,-107.39,8.76,-107.39,15.34,122.73,0,"	189,190" 
2017-10-05T15:30:00Z,"SPY",2017-10-05T19:58:00Z,Buy,222.33628776,222.91419399,872,503.93,8.72,0,565.02,160.34,1,"	191,192" 
2017-10-09T19:30:00Z,"SPY",2017-10-09T19:58:00Z,Sell,222.31877545,222.31877545,877,0,8.77,-30.72,184.3,215.02,0,"	193,194" 
2017-10-16T14:00:00Z,"SPY",2017-10-16T14:25:00Z,Buy,223.605930235,223.360757895,872,-213.79,8.72,-313.05,22.91,335.96,0,"	195,196" 
2017-10-19T14:00:00Z,"SPY",2017-10-19T14:35:00Z,Sell,222.905437835,223.15936633,873,-221.68,8.73,-236.97,160.53,397.49,0,"	197,198" 
2017-10-20T18:30:00Z,"SPY",2017-10-20T19:00:00Z,Buy,225.111988895,224.971890415,862,-120.76,8.62,-120.76,30.19,150.96,0,"	199,200" 
2017-10-23T18:00:00Z,"SPY",2017-10-23T19:58:00Z,Sell,224.8580604,224.236373395,862,535.89,8.62,-30.19,581.18,218.89,1,"	201,202" 
2017-10-25T14:00:00Z,"SPY",2017-10-25T18:00:00Z,Sell,223.9824449,223.360757895,870,540.87,8.7,-152.36,1371.21,853.2,1,"	203,204" 
2017-10-27T14:30:00Z,"SPY",2017-10-27T19:58:00Z,Buy,224.849304245,225.479747405,871,549.12,8.71,-22.88,838.93,327.94,1,"	205,206" 
2017-10-30T16:30:00Z,"SPY",2017-10-30T16:50:00Z,Sell,224.71796192,224.831791935,877,-99.83,8.77,-153.58,0,153.58,0,"	207,208" 
2017-10-30T18:00:00Z,"SPY",2017-10-30T18:25:00Z,Sell,224.77049885,224.98064657,875,-183.88,8.75,-191.54,22.98,214.53,0,"	209,210" 
2017-11-02T14:30:00Z,"SPY",2017-11-02T15:00:00Z,Sell,224.709205765,224.98064657,874,-237.24,8.74,-344.38,0,344.38,0,"	211,212" 
2017-11-02T15:30:00Z,"SPY",2017-11-02T16:05:00Z,Sell,224.87557271,225.13825736,871,-228.8,8.71,-228.8,106.77,335.57,0,"	213,214" 
2017-11-03T17:30:00Z,"SPY",2017-11-03T19:58:00Z,Buy,226.127702875,226.13645903,864,7.57,8.64,-7.57,174,181.57,1,"	215,216" 
2017-11-06T20:00:00Z,"SPY",2017-11-06T20:58:00Z,Buy,226.73187757,226.66182833,862,-60.38,8.62,-60.38,37.74,98.12,0,"	217,218" 
2017-11-07T17:00:00Z,"SPY",2017-11-07T17:55:00Z,Sell,226.13645903,226.320338285,863,-158.69,8.63,-181.36,75.57,256.92,0,"	219,220" 
2017-11-07T18:00:00Z,"SPY",2017-11-07T18:20:00Z,Sell,226.27655751,226.390387525,861,-98.01,8.61,-98.01,0,98.01,0,"	221,222" 
2017-11-07T20:00:00Z,"SPY",2017-11-07T20:55:00Z,Sell,226.197752115,226.390387525,861,-165.86,8.61,-165.86,67.85,233.71,0,"	223,224" 
2017-11-09T17:30:00Z,"SPY",2017-11-09T18:35:00Z,Sell,224.71796192,225.50601587,865,-681.67,8.65,-696.81,166.63,863.44,0,"	225,226" 
2017-11-14T15:00:00Z,"SPY",2017-11-14T15:55:00Z,Sell,225.234575065,225.707407435,857,-405.22,8.57,-435.23,457.75,892.98,0,"	227,228" 
2017-11-15T15:00:00Z,"SPY",2017-11-15T15:20:00Z,Sell,224.078762605,224.534082665,858,-390.66,8.58,-390.66,30.05,420.72,0,"	229,230" 
2017-11-16T15:30:00Z,"SPY",2017-11-16T20:58:00Z,Buy,225.935067465,226.4341683,847,422.74,8.47,0,741.65,341.16,1,"	231,232" 
2017-11-21T15:00:00Z,"SPY",2017-11-21T20:58:00Z,Buy,227.371076885,227.581224605,845,177.57,8.45,-22.2,340.35,229.37,1,"	233,234" 
2017-11-28T16:30:00Z,"SPY",2017-11-28T20:58:00Z,Buy,228.702012445,229.97165492,842,1069.04,8.42,-22.12,1253.36,759.39,1,"	235,236" 
2017-11-29T15:00:00Z,"SPY",2017-11-29T15:30:00Z,Buy,230.74219656,230.190558795,844,-465.58,8.44,-517.31,0,517.31,0,"	237,238" 
2017-11-29T17:00:00Z,"SPY",2017-11-29T17:30:00Z,Sell,229.67394565,229.90160568,843,-191.92,8.43,-265.73,51.67,317.4,0,"	239,240" 
2017-11-30T16:00:00Z,"SPY",2017-11-30T20:20:00Z,Buy,231.49522589,231.67034899,835,146.23,8.35,-14.62,1169.82,1184.45,1,"	241,242" 
2017-12-01T16:30:00Z,"SPY",2017-12-01T18:00:00Z,Sell,229.139820195,230.91731966,845,-1501.99,8.45,-1509.39,473.53,1982.92,0,"	243,244" 
2017-12-01T20:00:00Z,"SPY",2017-12-01T20:20:00Z,Sell,231.03990583,231.162492,825,-101.13,8.25,-144.48,158.92,303.4,0,"	245,246" 
2017-12-05T16:00:00Z,"SPY",2017-12-05T17:05:00Z,Buy,231.871740555,231.40766434,821,-381.01,8.21,-381.01,222.85,603.86,0,"	247,248" 
2017-12-06T16:00:00Z,"SPY",2017-12-06T16:20:00Z,Buy,230.785977335,230.61961039,821,-136.59,8.21,-158.15,0,158.15,0,"	249,250" 
2017-12-07T15:00:00Z,"SPY",2017-12-07T15:20:00Z,Buy,230.77722118,230.645878855,820,-107.7,8.2,-172.32,0,172.32,0,"	251,252" 
2017-12-07T15:30:00Z,"SPY",2017-12-07T16:25:00Z,Buy,230.821001955,230.908563505,819,71.71,8.19,0,286.85,272.51,1,"	253,254" 
2017-12-07T16:30:00Z,"SPY",2017-12-07T19:50:00Z,Buy,231.118711225,230.996125055,819,-100.4,8.19,-200.8,301.19,501.99,0,"	255,256" 
2017-12-07T20:30:00Z,"SPY",2017-12-07T20:58:00Z,Buy,231.18000431,231.188760465,817,7.15,8.17,-157.38,42.92,200.31,1,"	257,258" 
2017-12-11T15:00:00Z,"SPY",2017-12-11T16:10:00Z,Buy,232.887454535,232.572232955,811,-255.64,8.11,-255.64,78.11,333.76,0,"	259,260" 
2017-12-11T19:00:00Z,"SPY",2017-12-11T19:45:00Z,Buy,233.05382148,233.027553015,809,-21.25,8.09,-49.59,21.25,70.84,0,"	261,262" 
2017-12-12T19:30:00Z,"SPY",2017-12-12T19:50:00Z,Buy,234.008242375,233.938193135,805,-56.39,8.05,-112.78,7.05,119.83,0,"	263,264" 
2017-12-13T15:00:00Z,"SPY",2017-12-13T16:20:00Z,Buy,234.1395847,234.148340855,804,7.04,8.04,-133.76,63.36,161.92,1,"	265,266" 
2017-12-14T19:00:00Z,"SPY",2017-12-14T20:58:00Z,Sell,233.062577635,232.72108759,808,275.92,8.08,-91.97,382.05,459.87,1,"	267,268" 
2017-12-15T15:30:00Z,"SPY",2017-12-15T20:58:00Z,Buy,234.235429554,234.358646508,806,99.31,8.06,-177.34,617.16,517.85,1,"	269,270" 
2017-12-18T15:00:00Z,"SPY",2017-12-18T15:40:00Z,Buy,236.268509295,236.066081442,800,-161.94,8,-183.07,35.2,218.27,0,"	271,272" 
2017-12-19T15:00:00Z,"SPY",2017-12-19T16:30:00Z,Sell,235.758039057,235.69643058,800,49.29,8,-119.7,211.23,204.19,1,"	273,274" 
2017-12-19T17:00:00Z,"SPY",2017-12-19T18:10:00Z,Sell,235.379586984,235.546809993,802,-134.11,8.02,-218.82,70.59,289.4,0,"	275,276" 
2017-12-19T20:00:00Z,"SPY",2017-12-19T20:58:00Z,Sell,235.326779718,235.273972452,801,42.3,8.01,-112.8,176.24,289.04,1,"	277,278" 
2017-12-21T18:30:00Z,"SPY",2017-12-21T18:50:00Z,Buy,236.189298396,236.083683864,798,-84.28,7.98,-119.4,0,119.4,0,"	279,280" 
2018-01-02T15:30:00Z,"SPY",2018-01-02T16:40:00Z,Buy,236.242105662,235.925262066,797,-252.52,7.97,-259.54,14.03,273.57,0,"	281,282" 
2018-01-02T20:30:00Z,"SPY",2018-01-02T20:58:00Z,Buy,236.31251535,236.418129882,795,83.96,7.95,-97.96,146.94,97.96,1,"	283,284" 
2018-01-03T15:00:00Z,"SPY",2018-01-03T20:58:00Z,Buy,237.254244927,238.107962394,792,676.14,7.92,0,738.88,313.68,1,"	285,286" 
2018-01-04T15:00:00Z,"SPY",2018-01-04T16:35:00Z,Buy,239.234517402,239.067294393,791,-132.27,7.91,-181.01,215.81,396.82,0,"	287,288" 
2018-01-04T18:00:00Z,"SPY",2018-01-04T20:20:00Z,Buy,239.278523457,239.208113769,790,-55.62,7.9,-125.15,90.39,215.54,0,"	289,290" 
2018-01-04T20:30:00Z,"SPY",2018-01-04T20:50:00Z,Buy,239.30492709,239.102499237,789,-159.72,7.89,-173.6,0,173.6,0,"	291,292" 
2018-01-09T16:30:00Z,"SPY",2018-01-09T17:35:00Z,Buy,242.050904922,241.883681913,779,-130.27,7.79,-157.69,0,157.69,0,"	293,294" 
2018-01-09T18:00:00Z,"SPY",2018-01-09T19:35:00Z,Buy,242.006898867,241.910085546,778,-75.32,7.78,-109.56,178.03,287.59,0,"	295,296" 
2018-01-10T15:00:00Z,"SPY",2018-01-10T15:30:00Z,Sell,240.598705107,240.845139015,782,-192.71,7.82,-289.07,144.53,433.6,0,"	297,298" 
2018-01-11T15:00:00Z,"SPY",2018-01-11T15:30:00Z,Buy,242.094910977,241.910085546,775,-143.24,7.75,-190.99,95.49,286.48,0,"	299,300" 
2018-01-11T17:00:00Z,"SPY",2018-01-11T20:58:00Z,Buy,242.20932672,242.869417545,774,510.91,7.74,-40.87,551.78,211.18,1,"	301,302" 
2018-01-12T15:00:00Z,"SPY",2018-01-12T20:58:00Z,Buy,243.819948333,244.444834314,773,483.04,7.73,-102.05,700.74,435.41,1,"	303,304" 
2018-01-16T15:00:00Z,"SPY",2018-01-16T15:40:00Z,Buy,246.433908,245.677003854,768,-581.3,7.68,-817.88,0,817.88,0,"	305,306" 
2018-01-16T19:30:00Z,"SPY",2018-01-16T20:45:00Z,Sell,243.758339856,244.163195562,772,-312.55,7.72,-394.08,496,890.08,0,"	307,308" 
2018-01-17T17:30:00Z,"SPY",2018-01-17T20:58:00Z,Buy,245.245744515,245.923437762,765,518.44,7.65,0,915.68,417.44,1,"	309,310" 
2018-01-18T15:30:00Z,"SPY",2018-01-18T15:50:00Z,Sell,245.632997799,245.694606276,768,-47.32,7.68,-182.5,0,182.5,0,"	311,312" 
2018-01-18T16:00:00Z,"SPY",2018-01-18T16:20:00Z,Sell,245.588991744,245.967443817,767,-290.27,7.67,-290.27,0,290.27,0,"	313,314" 
2018-01-18T16:30:00Z,"SPY",2018-01-18T17:20:00Z,Sell,245.562588111,245.703407487,765,-107.73,7.65,-148.12,282.78,430.91,0,"	315,316" 
2018-01-22T15:30:00Z,"SPY",2018-01-22T20:58:00Z,Buy,247.57806543,248.537397429,758,727.17,7.58,-260.18,753.86,300.21,1,"	317,318" 
2018-01-23T16:00:00Z,"SPY",2018-01-23T17:00:00Z,Buy,249.470325795,249.118277355,758,-266.85,7.58,-326.89,100.07,426.96,0,"	319,320" 
2018-01-24T18:30:00Z,"SPY",2018-01-24T18:50:00Z,Sell,248.643011961,249.232693098,758,-446.98,7.58,-446.98,0,446.98,0,"	321,322" 
2018-01-26T18:00:00Z,"SPY",2018-01-26T20:58:00Z,Buy,250.931326821,251.908261242,748,730.75,7.48,0,842.66,197.5,1,"	323,324" 
2018-01-29T16:00:00Z,"SPY",2018-01-29T16:50:00Z,Sell,251.054543775,251.371387371,753,-238.58,7.53,-397.64,238.58,636.22,0,"	325,326" 
2018-01-30T15:00:00Z,"SPY",2018-01-30T15:45:00Z,Sell,248.176547778,248.519795007,760,-260.87,7.6,-468.22,468.22,936.45,0,"	327,328" 
2018-01-30T16:30:00Z,"SPY",2018-01-30T20:58:00Z,Sell,248.422981686,248.211752622,757,159.9,7.57,-266.5,566.31,692.9,1,"	329,330" 
2018-02-01T17:00:00Z,"SPY",2018-02-01T18:55:00Z,Buy,248.951054346,248.273361099,756,-512.34,7.56,-512.34,119.77,632.1,0,"	331,332" 
2018-02-02T15:00:00Z,"SPY",2018-02-02T15:55:00Z,Sell,245.897034129,246.046654716,762,-114.01,7.62,-134.13,563.35,697.48,0,"	333,334" 
2018-02-02T16:00:00Z,"SPY",2018-02-02T20:58:00Z,Sell,245.81782323,242.543772738,761,2491.55,7.61,-120.56,2498.25,763.54,1,"	335,336" 
2018-02-05T18:30:00Z,"SPY",2018-02-05T20:58:00Z,Sell,238.961679861,234.191423499,803,3830.52,8.03,-798.61,5434.81,3894.12,1,"	337,338" 
2018-02-06T17:30:00Z,"SPY",2018-02-06T18:40:00Z,Buy,233.557736307,232.483988565,635,-681.83,6.35,-1017.16,570.05,1587.21,0,"	339,340" 
2018-02-06T20:00:00Z,"SPY",2018-02-06T20:58:00Z,Buy,234.781104636,236.620557735,627,1153.34,6.27,0,1594.81,1191.97,1,"	341,342" 
2018-02-07T15:00:00Z,"SPY",2018-02-07T17:55:00Z,Buy,237.685504266,237.852727275,587,98.16,5.87,-103.33,1095.26,1028.1,1,"	343,344" 
2018-02-08T15:30:00Z,"SPY",2018-02-08T20:58:00Z,Sell,234.165019866,227.9513649,595,3697.12,5.95,-204.23,3707.6,1806.67,1,"	345,346" 
2018-02-09T17:30:00Z,"SPY",2018-02-09T19:20:00Z,Sell,224.281259913,228.356220606,554,-2257.53,5.54,-2316.04,819.15,3135.18,0,"	347,348" 
2018-02-12T19:00:00Z,"SPY",2018-02-12T20:05:00Z,Buy,234.385050141,234.129815022,504,-128.64,5.04,-314.94,141.95,456.89,0,"	349,350" 
2018-02-12T20:30:00Z,"SPY",2018-02-12T20:50:00Z,Buy,234.499465884,233.276097555,503,-615.35,5.03,-734.88,70.83,805.72,0,"	351,352" 
2018-02-14T18:00:00Z,"SPY",2018-02-14T20:58:00Z,Buy,235.978069332,237.412666725,476,682.87,4.76,-25.14,770.85,351.91,1,"	353,354" 
2018-02-21T19:30:00Z,"SPY",2018-02-21T19:50:00Z,Buy,241.179585033,240.528295419,456,-296.99,4.56,-296.99,68.23,365.22,0,"	355,356" 
2018-02-28T15:00:00Z,"SPY",2018-02-28T15:20:00Z,Buy,243.063044187,242.948628444,589,-67.39,5.89,-305.85,0,305.85,0,"	357,358" 
2018-03-01T15:00:00Z,"SPY",2018-03-01T15:20:00Z,Sell,237.826323642,238.891270173,593,-631.51,5.93,-725.46,0,725.46,0,"	359,360" 
2018-03-01T18:30:00Z,"SPY",2018-03-01T20:58:00Z,Sell,236.814184377,235.8724548,591,556.56,5.91,-83.22,1576.06,1425.22,1,"	361,362" 
2018-03-05T16:30:00Z,"SPY",2018-03-05T20:58:00Z,Buy,238.327992669,239.771391273,833,1202.35,8.33,-65.98,1524.93,843.11,1,"	363,364" 
2018-03-09T15:30:00Z,"SPY",2018-03-09T20:58:00Z,Buy,243.291875673,245.210539671,842,1615.52,8.42,-51.87,1615.52,333.48,1,"	365,366" 
2018-03-13T19:30:00Z,"SPY",2018-03-13T19:58:00Z,Sell,243.344682939,243.485502315,855,-120.4,8.55,-240.8,316.05,556.85,0,"	367,368" 
2018-03-14T16:00:00Z,"SPY",2018-03-14T16:35:00Z,Sell,242.314941252,242.534971527,858,-188.79,8.58,-226.54,302.06,528.6,0,"	369,370" 
2018-03-14T17:30:00Z,"SPY",2018-03-14T17:50:00Z,Sell,242.226929142,242.957429655,856,-625.31,8.56,-625.31,0,625.31,0,"	371,372" 
2018-03-16T14:30:00Z,"SPY",2018-03-16T15:00:00Z,Buy,243.09368307,243.120192741,848,22.48,8.48,-119.89,97.41,217.31,1,"	373,374" 
2018-03-19T14:00:00Z,"SPY",2018-03-19T19:58:00Z,Sell,240.97290939,239.249780775,856,1475,8.56,-22.69,2987.82,1512.82,1,"	375,376" 
2018-03-22T15:00:00Z,"SPY",2018-03-22T16:35:00Z,Sell,235.688648304,236.316043851,887,-556.5,8.87,-572.18,956.24,1528.42,0,"	377,378" 
2018-03-22T19:00:00Z,"SPY",2018-03-22T19:58:00Z,Sell,234.928704402,233.258595129,885,1478.05,8.85,-367.56,1900.35,711.65,1,"	379,380" 
2018-03-23T16:00:00Z,"SPY",2018-03-23T17:20:00Z,Sell,231.367571931,232.304246973,912,-854.25,9.12,-983.19,0,983.19,0,"	381,382" 
2018-03-23T19:00:00Z,"SPY",2018-03-23T19:58:00Z,Sell,229.909540026,228.433835007,910,1342.89,9.1,-361.86,1817.33,948.87,1,"	383,384" 
2018-03-26T14:00:00Z,"SPY",2018-03-26T14:25:00Z,Buy,232.074496491,231.561976185,880,-451.02,8.8,-451.02,171.08,622.09,0,"	385,386" 
2018-03-26T19:30:00Z,"SPY",2018-03-26T19:58:00Z,Buy,233.771115435,234.539895894,870,668.84,8.7,-69.19,668.84,292.14,1,"	387,388" 
2018-03-27T19:00:00Z,"SPY",2018-03-27T19:58:00Z,Sell,232.436795328,230.404387218,701,1424.72,7.01,0,2558.3,1133.58,1,"	389,390" 
2018-03-28T15:00:00Z,"SPY",2018-03-28T15:50:00Z,Sell,229.538404632,230.236492635,689,-480.98,6.89,-608.84,353.13,961.97,0,"	391,392" 
2018-03-29T15:00:00Z,"SPY",2018-03-29T19:58:00Z,Buy,232.162862061,233.090700546,687,637.43,6.87,-364.24,1444.83,983.46,1,"	393,394" 
2018-04-02T14:00:00Z,"SPY",2018-04-02T19:58:00Z,Sell,231.288042918,227.488323408,718,2728.2,7.18,0,4409.53,1928.77,1,"	395,396" 
2018-04-04T19:30:00Z,"SPY",2018-04-04T19:58:00Z,Buy,232.852113507,233.585547738,655,480.4,6.55,-23.15,486.19,156.27,1,"	397,398" 
2018-04-06T16:30:00Z,"SPY",2018-04-06T16:50:00Z,Sell,231.349898817,232.215881403,631,-546.44,6.31,-669.1,0,669.1,0,"	399,400" 
2018-04-06T18:00:00Z,"SPY",2018-04-06T19:58:00Z,Sell,230.086271166,229.909540026,631,111.52,6.31,-144.97,1276.87,1421.85,1,"	401,402" 
2018-04-09T14:00:00Z,"SPY",2018-04-09T19:00:00Z,Buy,231.60615897,233.152556445,596,921.65,5.96,-258.06,1432.51,832.12,1,"	403,404" 
2018-04-12T14:00:00Z,"SPY",2018-04-12T15:05:00Z,Buy,235.49424405,235.061252757,569,-246.37,5.69,-341.9,50.28,392.18,0,"	405,406" 
2018-04-19T17:30:00Z,"SPY",2018-04-19T17:55:00Z,Sell,236.607650232,237.243882336,804,-511.53,8.04,-511.53,0,511.53,0,"	407,408" 
2018-04-20T15:00:00Z,"SPY",2018-04-20T19:58:00Z,Sell,236.351390079,235.476570936,811,709.48,8.11,0,1325.79,773.98,1,"	409,410" 
2018-04-24T16:30:00Z,"SPY",2018-04-24T19:58:00Z,Sell,234.08039493,232.180535175,951,1806.77,9.51,0,3000.07,1563.06,1,"	411,412" 
2018-04-25T14:00:00Z,"SPY",2018-04-25T14:40:00Z,Sell,230.660647371,231.906601908,978,-1218.54,9.78,-1425.96,43.21,1469.17,0,"	413,414" 
2018-04-25T16:00:00Z,"SPY",2018-04-25T16:20:00Z,Sell,231.394081602,231.78289011,964,-374.81,9.64,-374.81,102.22,477.03,0,"	415,416" 
2018-04-26T15:00:00Z,"SPY",2018-04-26T15:25:00Z,Buy,235.043579643,234.495713109,948,-519.38,9.48,-552.89,0,552.89,0,"	417,418" 
2018-04-26T17:30:00Z,"SPY",2018-04-26T19:58:00Z,Buy,235.423551594,235.370532252,942,-49.94,9.42,-249.72,640.95,890.67,0,"	419,420" 
2018-04-30T19:30:00Z,"SPY",2018-04-30T19:50:00Z,Sell,234.106904601,234.584078679,947,-451.88,9.47,-451.88,0,451.88,0,"	421,422" 
2018-05-01T15:00:00Z,"SPY",2018-05-01T16:25:00Z,Sell,232.366102872,232.286573859,950,75.55,9.5,-193.08,394.55,587.63,1,"	423,424" 
2018-05-01T17:30:00Z,"SPY",2018-05-01T18:00:00Z,Sell,231.800563224,232.993498419,953,-1136.87,9.53,-1136.87,0,1136.87,0,"	425,426" 
2018-05-02T14:00:00Z,"SPY",2018-05-02T14:20:00Z,Sell,233.399980041,233.81529822,937,-389.15,9.37,-488.51,0,488.51,0,"	427,428" 
2018-05-03T14:30:00Z,"SPY",2018-05-03T16:05:00Z,Sell,230.165800179,230.254165749,946,-83.59,9.46,-259.14,1120.16,1379.3,0,"	429,430" 
2018-05-03T16:30:00Z,"SPY",2018-05-03T16:50:00Z,Sell,229.776991671,231.270369804,947,-1414.23,9.47,-1481.17,0,1481.17,0,"	431,432" 
2018-05-04T14:30:00Z,"SPY",2018-05-04T19:58:00Z,Buy,233.064190875,234.937540959,922,1727.23,9.22,-8.15,2444.19,928.79,1,"	433,434" 
2018-05-07T14:00:00Z,"SPY",2018-05-07T14:30:00Z,Buy,236.598813675,236.298370737,923,-277.31,9.23,-415.96,0,415.96,0,"	435,436" 
2018-05-09T17:00:00Z,"SPY",2018-05-09T19:58:00Z,Buy,237.747566085,237.986153124,916,218.55,9.16,-16.19,623.26,623.26,1,"	437,438" 
2018-05-10T15:30:00Z,"SPY",2018-05-10T18:05:00Z,Buy,239.82415698,240.027397791,909,184.75,9.09,-48.19,755.05,706.85,1,"	439,440" 
2018-05-11T14:00:00Z,"SPY",2018-05-11T14:30:00Z,Buy,241.017092175,241.008255618,906,-8.01,9.06,-72.05,200.15,272.2,0,"	441,442" 
2018-05-15T14:00:00Z,"SPY",2018-05-15T14:50:00Z,Sell,238.896318495,239.541387156,914,-589.59,9.14,-912.66,0,912.66,0,"	443,444" 
2018-05-15T18:00:00Z,"SPY",2018-05-15T18:45:00Z,Sell,238.684241127,239.329309788,910,-587.01,9.1,-763.92,0,763.92,0,"	445,446" 
2018-05-15T19:30:00Z,"SPY",2018-05-15T19:58:00Z,Sell,238.781443254,239.232107661,905,-407.85,9.05,-455.83,0,455.83,0,"	447,448" 
2018-05-16T14:00:00Z,"SPY",2018-05-16T14:45:00Z,Buy,240.204128931,240.186455817,896,-15.84,8.96,-387.96,79.18,395.88,0,"	449,450" 
2018-05-16T16:30:00Z,"SPY",2018-05-16T19:30:00Z,Buy,240.690139566,240.504571869,894,-165.9,8.94,-244.9,237,481.89,0,"	451,452" 
2018-05-17T15:00:00Z,"SPY",2018-05-17T15:20:00Z,Buy,241.361717898,241.123130859,890,-212.34,8.9,-267.39,31.46,298.85,0,"	453,454" 
2018-05-24T14:00:00Z,"SPY",2018-05-24T16:15:00Z,Sell,240.239475159,240.672466452,892,-386.23,8.92,-441.4,835.51,1276.92,0,"	455,456" 
2018-05-29T16:00:00Z,"SPY",2018-05-29T19:58:00Z,Sell,237.623854287,237.844768212,899,-198.6,8.99,-381.32,865.9,1151.89,0,"	457,458" 
2018-05-30T15:00:00Z,"SPY",2018-05-30T19:58:00Z,Buy,240.142273032,240.946399719,888,714.06,8.88,-172.63,1043.63,612.06,1,"	459,460" 
2018-05-31T14:00:00Z,"SPY",2018-05-31T15:55:00Z,Sell,240.151109589,240.433879413,893,-252.51,8.93,-520.81,647.07,1167.87,0,"	461,462" 
2018-05-31T16:30:00Z,"SPY",2018-05-31T19:58:00Z,Sell,239.832993537,239.400002244,892,386.23,8.92,-189.17,859.16,811.87,1,"	463,464" 
2018-06-01T14:00:00Z,"SPY",2018-06-01T19:25:00Z,Buy,241.193823315,241.379391012,891,165.34,8.91,-385.8,740.1,622,1,"	465,466" 
2018-06-04T14:00:00Z,"SPY",2018-06-04T14:20:00Z,Buy,243.040663728,242.757893904,885,-250.25,8.85,-359.74,15.64,375.38,0,"	467,468" 
2018-06-06T19:00:00Z,"SPY",2018-06-06T19:58:00Z,Buy,244.7726289,245.028889053,877,224.74,8.77,-85.25,232.49,162.74,1,"	469,470" 
2018-06-07T18:00:00Z,"SPY",2018-06-07T18:20:00Z,Sell,244.33080105,244.790302014,880,-404.36,8.8,-435.47,101.09,536.56,0,"	471,472" 
2018-06-11T16:00:00Z,"SPY",2018-06-11T17:50:00Z,Buy,246.610632756,246.672488655,869,53.75,8.69,-46.07,222.69,176.62,1,"	473,474" 
2018-06-15T14:30:00Z,"SPY",2018-06-15T15:15:00Z,Sell,245.085286404,245.324948232,874,-209.46,8.74,-263.77,543.06,806.83,0,"	475,476" 
2018-06-15T15:30:00Z,"SPY",2018-06-15T16:10:00Z,Sell,244.996522764,245.12079186,873,-108.49,8.73,-286.72,100.74,387.45,0,"	477,478" 
2018-06-21T14:00:00Z,"SPY",2018-06-21T15:50:00Z,Sell,244.552704564,244.250908188,873,263.47,8.73,0,1139.11,898.89,1,"	479,480" 
2018-06-21T16:30:00Z,"SPY",2018-06-21T18:00:00Z,Sell,243.736079076,244.01124636,878,-241.6,8.78,-241.6,303.94,545.54,0,"	481,482" 
2018-06-21T18:30:00Z,"SPY",2018-06-21T19:58:00Z,Sell,243.851471808,243.4342827,876,365.46,8.76,-101.08,762.02,482.09,1,"	483,484" 
2018-06-25T14:00:00Z,"SPY",2018-06-25T19:55:00Z,Sell,241.454853528,240.762497136,888,614.81,8.88,-86.7,2270.08,1836.56,1,"	485,486" 
2018-06-26T17:30:00Z,"SPY",2018-06-26T18:20:00Z,Buy,241.818784452,241.57024626,891,-221.45,8.91,-245.17,79.09,324.26,0,"	487,488" 
2018-06-27T14:00:00Z,"SPY",2018-06-27T15:25:00Z,Buy,242.582151756,241.943053548,887,-566.88,8.87,-566.88,409.41,976.29,0,"	489,490" 
2018-06-27T18:30:00Z,"SPY",2018-06-27T19:58:00Z,Sell,240.087893472,239.404413444,891,608.98,8.91,-387.53,814.61,893.7,1,"	491,492" 
2018-06-28T15:30:00Z,"SPY",2018-06-28T16:25:00Z,Buy,239.8837371,239.08486434,897,-716.59,8.97,-748.44,159.24,907.68,0,"	493,494" 
2018-06-28T17:30:00Z,"SPY",2018-06-28T19:58:00Z,Buy,239.83935528,240.442948032,891,537.8,8.91,-71.18,1194.23,680.16,1,"	495,496" 
2018-06-29T14:00:00Z,"SPY",2018-06-29T18:15:00Z,Buy,242.111704464,242.209344468,887,86.61,8.87,-141.72,614.12,653.49,1,"	497,498" 
2018-07-06T14:00:00Z,"SPY",2018-07-06T19:58:00Z,Buy,242.963835408,244.392930012,885,1264.75,8.85,-86.41,1657.53,659.87,1,"	499,500" 
2018-07-09T16:00:00Z,"SPY",2018-07-09T17:25:00Z,Buy,246.327977364,246.256966452,883,-62.7,8.83,-235.13,195.95,431.08,0,"	501,502" 
2018-07-12T17:00:00Z,"SPY",2018-07-12T17:25:00Z,Buy,247.819206516,247.703813784,877,-101.2,8.77,-132.34,77.85,210.18,0,"	503,504" 
2018-07-12T17:30:00Z,"SPY",2018-07-12T18:05:00Z,Buy,247.907970156,247.579544688,876,-287.7,8.76,-287.7,0,287.7,0,"	505,506" 
2018-07-17T16:00:00Z,"SPY",2018-07-17T19:10:00Z,Buy,248.706842916,248.999762928,870,254.84,8.7,-115.84,424.73,316.62,1,"	507,508" 
2018-07-17T19:30:00Z,"SPY",2018-07-17T19:58:00Z,Buy,249.2039193,248.9820102,871,-193.28,8.71,-216.48,115.97,332.45,0,"	509,510" 
2018-07-19T14:00:00Z,"SPY",2018-07-19T14:55:00Z,Sell,248.342911992,248.58257382,872,-208.99,8.72,-301.87,61.92,325.09,0,"	511,512" 
2018-07-24T14:30:00Z,"SPY",2018-07-24T15:10:00Z,Buy,250.686272088,250.038297516,862,-558.55,8.62,-665.67,91.82,757.49,0,"	513,514" 
2018-07-25T17:00:00Z,"SPY",2018-07-25T17:30:00Z,Buy,250.704024816,250.419981168,857,-243.43,8.57,-243.43,15.21,258.64,0,"	515,516" 
2018-07-25T18:00:00Z,"SPY",2018-07-25T19:58:00Z,Buy,250.783912092,252.04435578,855,1077.68,8.55,-37.95,1297.77,280.8,1,"	517,518" 
2018-07-27T14:00:00Z,"SPY",2018-07-27T14:35:00Z,Sell,251.254359384,251.37862848,862,-107.12,8.62,-160.68,91.82,198.94,0,"	519,520" 
2018-07-27T15:00:00Z,"SPY",2018-07-27T19:58:00Z,Sell,251.032450284,249.843017508,862,1025.29,8.62,-22.95,1798.09,826.35,1,"	521,522" 
2018-07-30T14:00:00Z,"SPY",2018-07-30T19:58:00Z,Sell,249.354817488,248.254148352,876,964.19,8.76,-186.62,1181.91,925.31,1,"	523,524" 
2018-07-31T16:00:00Z,"SPY",2018-07-31T18:20:00Z,Buy,249.95841024,249.878522964,881,-70.38,8.81,-156.4,320.62,477.02,0,"	525,526" 
2018-08-01T14:30:00Z,"SPY",2018-08-01T15:15:00Z,Buy,250.26908298,249.95841024,880,-273.39,8.8,-312.45,101.55,413.99,0,"	527,528" 
2018-08-01T16:30:00Z,"SPY",2018-08-01T16:50:00Z,Sell,248.999762928,249.168413844,882,-148.75,8.82,-148.75,101.78,250.53,0,"	529,530" 
2018-08-02T16:30:00Z,"SPY",2018-08-02T19:58:00Z,Buy,250.0915557,250.650766632,877,490.43,8.77,-108.98,607.2,334.74,1,"	531,532" 
2018-08-03T14:30:00Z,"SPY",2018-08-03T14:50:00Z,Buy,251.263235748,251.2011012,876,-54.43,8.76,-116.64,62.21,178.84,0,"	533,534" 
2018-08-06T16:30:00Z,"SPY",2018-08-06T17:50:00Z,Buy,252.701206716,252.585813984,871,-100.51,8.71,-139.16,185.55,324.72,0,"	535,536" 
2018-08-13T14:00:00Z,"SPY",2018-08-13T15:10:00Z,Buy,251.99997396,251.662672128,873,-294.46,8.73,-325.46,193.73,519.19,0,"	537,538" 
2018-08-13T16:00:00Z,"SPY",2018-08-13T16:20:00Z,Sell,250.686272088,250.783912092,875,-85.44,8.75,-240.77,38.83,279.61,0,"	539,540" 
2018-08-13T16:30:00Z,"SPY",2018-08-13T17:35:00Z,Sell,250.553126628,250.89042846,874,-294.8,8.74,-364.62,349.11,713.73,0,"	541,542" 
2018-08-14T15:00:00Z,"SPY",2018-08-14T17:05:00Z,Buy,251.857952136,251.982221232,868,107.87,8.68,-200.32,246.55,315.89,1,"	543,544" 
2018-08-14T18:00:00Z,"SPY",2018-08-14T19:58:00Z,Buy,252.13311942,251.902333956,867,-200.09,8.67,-215.48,76.96,284.74,0,"	545,546" 
2018-08-15T14:00:00Z,"SPY",2018-08-15T16:35:00Z,Sell,249.727624776,249.905152056,874,-155.16,8.74,-178.43,884.41,1062.84,0,"	547,548" 
2018-08-15T17:30:00Z,"SPY",2018-08-15T19:15:00Z,Sell,249.612232044,249.709872048,873,-85.24,8.73,-348.71,565.68,914.39,0,"	549,550" 
2018-08-16T15:00:00Z,"SPY",2018-08-16T18:45:00Z,Buy,252.04435578,252.381657612,864,291.43,8.64,0,828.27,774.59,1,"	551,552" 
2018-08-16T19:30:00Z,"SPY",2018-08-16T19:55:00Z,Buy,252.48817398,251.91121032,865,-499.07,8.65,-529.79,0,529.79,0,"	553,554" 
2018-08-17T18:30:00Z,"SPY",2018-08-17T19:58:00Z,Buy,253.15390128,253.100643096,858,-45.7,8.58,-175.17,251.33,426.49,0,"	555,556" 
2018-08-21T14:00:00Z,"SPY",2018-08-21T14:45:00Z,Buy,254.600748612,254.538614064,853,-53,8.53,-174.15,0,174.15,0,"	557,558" 
2018-08-21T16:00:00Z,"SPY",2018-08-21T18:15:00Z,Buy,254.733894072,254.742770436,852,7.56,8.52,-15.13,242.01,257.13,1,"	559,560" 
2018-08-23T14:00:00Z,"SPY",2018-08-23T15:05:00Z,Buy,254.281199508,254.236817688,854,-37.9,8.54,-121.29,325.96,447.24,0,"	561,562" 
2018-08-24T15:00:00Z,"SPY",2018-08-24T19:58:00Z,Buy,254.92917408,255.213217728,851,241.72,8.51,-90.65,347.47,438.12,1,"	563,564" 
2018-08-27T14:00:00Z,"SPY",2018-08-27T14:55:00Z,Buy,256.802086884,256.88197416,847,67.66,8.47,-60.15,270.66,330.8,1,"	565,566" 
2018-08-27T15:00:00Z,"SPY",2018-08-27T19:58:00Z,Buy,256.952985072,257.01511962,847,52.63,8.47,-157.88,300.73,308.25,1,"	567,568" 
2018-08-29T15:00:00Z,"SPY",2018-08-29T19:58:00Z,Buy,258.204552396,258.65724696,843,381.62,8.43,-82.31,636.04,351.69,1,"	569,570" 
2018-08-30T19:00:00Z,"SPY",2018-08-30T19:58:00Z,Sell,257.485566912,257.627588736,848,-120.43,8.48,-120.43,331.19,451.63,0,"	571,572" 
2018-09-04T14:00:00Z,"SPY",2018-09-04T14:20:00Z,Sell,256.668941424,257.272534176,850,-513.05,8.5,-558.32,0,558.32,0,"	573,574" 
2018-09-04T16:30:00Z,"SPY",2018-09-04T17:10:00Z,Sell,256.491414144,256.890850524,846,-337.92,8.46,-367.96,52.57,420.53,0,"	575,576" 
2018-09-05T14:00:00Z,"SPY",2018-09-05T16:10:00Z,Sell,256.402650504,256.500290508,844,-82.41,8.44,-112.37,711.71,824.08,0,"	577,578" 
2018-09-06T15:00:00Z,"SPY",2018-09-06T18:50:00Z,Sell,255.399621372,255.719170476,847,-270.66,8.47,-338.32,533.8,872.12,0,"	579,580" 
2018-09-11T16:00:00Z,"SPY",2018-09-11T19:58:00Z,Buy,256.88197416,256.668941424,840,-178.95,8.4,-305.7,111.84,417.54,0,"	581,582" 
2018-09-13T14:00:00Z,"SPY",2018-09-13T14:35:00Z,Buy,258.018148752,257.90275602,834,-96.24,8.34,-199.88,259.1,458.98,0,"	583,584" 
2018-09-17T14:00:00Z,"SPY",2018-09-17T14:30:00Z,Sell,257.840621472,257.716352376,834,103.64,8.34,0,192.48,185.07,1,"	585,586" 
2018-09-17T15:00:00Z,"SPY",2018-09-17T16:10:00Z,Sell,257.254781448,257.565454188,837,-260.03,8.37,-312.04,0,312.04,0,"	587,588" 
2018-09-17T17:30:00Z,"SPY",2018-09-17T19:58:00Z,Sell,257.263657812,256.642312332,835,518.82,8.35,-170.47,578.12,318.71,1,"	589,590" 
2018-09-18T14:00:00Z,"SPY",2018-09-18T19:58:00Z,Buy,257.671970556,258.319945128,837,542.35,8.37,-185.74,943.55,512.64,1,"	591,592" 
2018-09-20T16:00:00Z,"SPY",2018-09-20T19:58:00Z,Buy,260.494654308,260.512407036,832,14.77,8.32,-118.16,332.33,332.33,1,"	593,594" 
2018-09-24T14:30:00Z,"SPY",2018-09-24T15:35:00Z,Sell,259.32613108,259.477716,836,-126.72,8.36,-253.45,298.18,551.63,0,"	595,596" 
2018-09-24T17:30:00Z,"SPY",2018-09-24T17:50:00Z,Sell,259.17454616,259.46879924,836,-246,8.36,-283.27,0,283.27,0,"	597,598" 
2018-09-26T18:30:00Z,"SPY",2018-09-26T19:00:00Z,Buy,260.31589144,259.81655288,830,-414.45,8.3,-473.66,51.81,525.46,0,"	599,600" 
2018-09-27T14:30:00Z,"SPY",2018-09-27T18:45:00Z,Buy,259.6560512,259.48663276,829,-140.45,8.29,-140.45,510.05,650.5,0,"	601,602" 
2018-10-01T14:00:00Z,"SPY",2018-10-01T15:00:00Z,Buy,260.89548084,260.97573168,824,66.13,8.24,-36.74,227.77,264.51,1,"	603,604" 
2018-10-04T14:00:00Z,"SPY",2018-10-04T19:58:00Z,Sell,259.23696348,258.06886792,829,968.35,8.29,0,2239.77,1411.87,1,"	605,606" 
2018-10-05T15:30:00Z,"SPY",2018-10-05T19:58:00Z,Sell,256.94535616,256.7581042,844,158.04,8.44,-97.83,1437.42,1535.25,1,"	607,608" 
2018-10-08T16:00:00Z,"SPY",2018-10-08T16:40:00Z,Sell,255.13525388,255.2868388,851,-129,8.51,-280.76,204.88,485.64,0,"	609,610" 
2018-10-08T17:00:00Z,"SPY",2018-10-08T17:50:00Z,Sell,254.65374884,255.48300752,852,-706.53,8.52,-744.51,0,744.51,0,"	611,612" 
2018-10-09T14:30:00Z,"SPY",2018-10-09T15:10:00Z,Buy,257.248526,256.43710084,838,-679.97,8.38,-679.97,216.7,896.67,0,"	613,614" 
2018-10-10T14:00:00Z,"SPY",2018-10-10T19:58:00Z,Sell,253.88690748,248.26934868,844,4741.22,8.44,-180.62,4951.94,1061.13,1,"	615,616" 
2018-10-11T15:00:00Z,"SPY",2018-10-11T16:30:00Z,Sell,245.91532404,247.11016988,909,-1086.11,9.09,-1604.86,1507.59,3112.45,0,"	617,618" 
2018-10-11T18:00:00Z,"SPY",2018-10-11T19:58:00Z,Sell,246.07582572,243.13329492,900,2648.28,9,-48.15,4325.52,3940.32,1,"	619,620" 
2018-10-16T15:00:00Z,"SPY",2018-10-16T19:58:00Z,Buy,247.95726208,250.07945096,854,1812.35,8.54,-182.76,1987.49,479.74,1,"	621,622" 
2018-10-17T14:00:00Z,"SPY",2018-10-17T15:40:00Z,Sell,248.89352188,248.70626992,733,137.26,7.33,-209.15,947.72,1058.83,1,"	623,624" 
2018-10-18T14:00:00Z,"SPY",2018-10-18T14:35:00Z,Sell,248.53685148,249.2680258,738,-539.61,7.38,-572.51,223.74,796.25,0,"	625,626" 
2018-10-18T15:30:00Z,"SPY",2018-10-18T19:58:00Z,Sell,248.08209672,246.18282684,736,1397.86,7.36,0,2093.51,1332.24,1,"	627,628" 
2018-10-19T14:00:00Z,"SPY",2018-10-19T15:35:00Z,Buy,248.26934868,247.6184252,725,-471.92,7.25,-491.31,504.24,995.56,0,"	629,630" 
2018-10-22T14:00:00Z,"SPY",2018-10-22T15:00:00Z,Sell,245.53190336,246.45032964,736,-675.96,7.36,-846.59,616.9,1463.49,0,"	631,632" 
2018-10-22T16:30:00Z,"SPY",2018-10-22T16:50:00Z,Sell,245.17523296,245.23765028,733,-45.75,7.33,-202.62,130.72,333.34,0,"	633,634" 
2018-10-23T14:30:00Z,"SPY",2018-10-23T15:25:00Z,Sell,240.28884848,241.50152784,749,-908.3,7.49,-968.4,387.36,1355.77,0,"	635,636" 
2018-10-24T14:30:00Z,"SPY",2018-10-24T19:58:00Z,Sell,242.69637368,236.39222436,740,4665.07,7.4,-323.32,4671.67,1537.43,1,"	637,638" 
2018-10-25T14:30:00Z,"SPY",2018-10-25T19:58:00Z,Buy,239.61117472,241.08244012,691,1016.64,6.91,-431.3,1891.57,1201.49,1,"	639,640" 
2018-10-26T14:30:00Z,"SPY",2018-10-26T15:40:00Z,Sell,235.7591344,236.53489252,650,-504.24,6.5,-875.18,1141.79,2016.97,0,"	641,642" 
2018-10-29T19:30:00Z,"SPY",2018-10-29T19:58:00Z,Sell,234.05603324,234.97445952,639,-586.87,6.39,-632.46,1287.7,1920.16,0,"	643,644" 
2018-10-30T14:00:00Z,"SPY",2018-10-30T14:55:00Z,Buy,237.82782272,235.64321652,628,-1371.93,6.28,-1411.13,33.6,1444.73,0,"	645,646" 
2018-10-30T15:30:00Z,"SPY",2018-10-30T17:15:00Z,Buy,237.06098136,235.37571372,623,-1049.92,6.23,-1049.92,499.96,1549.88,0,"	647,648" 
2018-10-30T19:30:00Z,"SPY",2018-10-30T19:58:00Z,Buy,238.17557636,238.89783392,614,443.47,6.14,-169.72,448.94,306.59,1,"	649,650" 
2018-10-31T14:30:00Z,"SPY",2018-10-31T15:05:00Z,Buy,242.535872,241.69769656,641,-537.27,6.41,-537.27,222.91,760.18,0,"	651,652" 
2018-10-31T18:30:00Z,"SPY",2018-10-31T18:50:00Z,Buy,243.34729716,242.99954352,636,-221.17,6.36,-221.17,51.04,272.21,0,"	653,654" 
2018-11-02T15:30:00Z,"SPY",2018-11-02T19:00:00Z,Sell,242.38428708,242.12570104,677,175.06,6.77,-193.17,1249.59,1442.76,1,"	655,656" 
2018-11-06T15:00:00Z,"SPY",2018-11-06T15:20:00Z,Buy,244.8542296,244.59564356,738,-190.84,7.38,-243.48,0,243.48,0,"	657,658" 
2018-11-07T17:00:00Z,"SPY",2018-11-07T19:00:00Z,Buy,249.12535764,248.98268948,715,-102.01,7.15,-229.52,204.02,433.53,0,"	659,660" 
2018-11-07T19:30:00Z,"SPY",2018-11-07T20:58:00Z,Buy,249.65144648,250.560956,713,648.48,7.13,-82.65,661.2,317.88,1,"	661,662" 
2018-11-09T17:00:00Z,"SPY",2018-11-09T17:55:00Z,Sell,247.11016988,247.5292576,688,-288.33,6.88,-312.87,165.64,478.51,0,"	663,664" 
2018-11-09T18:00:00Z,"SPY",2018-11-09T19:55:00Z,Sell,247.24392128,247.52034084,686,-189.62,6.86,-189.62,636.16,825.78,0,"	665,666" 
2018-11-12T15:00:00Z,"SPY",2018-11-12T20:58:00Z,Sell,245.75482236,242.76770776,678,2025.26,6.78,-151.14,2140.13,1100.29,1,"	667,668" 
2018-11-14T18:00:00Z,"SPY",2018-11-14T20:10:00Z,Sell,240.95760548,242.38428708,803,-1145.63,8.03,-1346.11,1174.27,2520.38,0,"	669,670" 
2018-11-15T19:00:00Z,"SPY",2018-11-15T20:35:00Z,Buy,242.94604296,242.67854016,836,-223.63,8.36,-767.8,767.8,1535.61,0,"	671,672" 
2018-11-19T15:30:00Z,"SPY",2018-11-19T20:58:00Z,Sell,241.90278204,239.66467528,923,2065.77,9.23,-469.12,2617.19,1670.72,1,"	673,674" 
2018-11-20T15:00:00Z,"SPY",2018-11-20T15:40:00Z,Sell,235.94638636,236.8737294,914,-847.59,9.14,-847.59,994.29,1841.88,0,"	675,676" 
2018-11-26T15:00:00Z,"SPY",2018-11-26T15:50:00Z,Buy,238.22907692,237.68515456,881,-479.2,8.81,-589.17,47.13,636.31,0,"	677,678" 
2018-11-26T16:00:00Z,"SPY",2018-11-26T16:20:00Z,Buy,238.13099256,237.9883244,878,-125.26,8.78,-352.3,0,352.3,0,"	679,680" 
2018-11-28T17:30:00Z,"SPY",2018-11-28T20:58:00Z,Buy,242.85687536,244.61347708,808,1419.33,8.08,-353.03,1484.18,662.84,1,"	681,682" 
2018-11-30T20:30:00Z,"SPY",2018-11-30T20:50:00Z,Buy,246.00449164,245.84398996,792,-127.12,7.92,-162.43,105.93,268.36,0,"	683,684" 
2018-12-04T15:00:00Z,"SPY",2018-12-04T15:45:00Z,Sell,247.663009,247.5292576,837,111.95,8.37,-52.24,425.41,440.34,1,"	685,686" 
2018-12-04T16:00:00Z,"SPY",2018-12-04T16:20:00Z,Sell,247.19933748,247.04775256,839,127.18,8.39,-179.55,231.92,366.58,1,"	687,688" 
2018-12-04T16:30:00Z,"SPY",2018-12-04T20:58:00Z,Sell,247.02100228,240.72576972,840,5288,8.4,-29.96,5317.96,1984.87,1,"	689,690" 
2018-12-06T15:00:00Z,"SPY",2018-12-06T15:20:00Z,Sell,236.32980704,236.66864392,726,-246,7.26,-679.72,12.95,692.67,0,"	691,692" 
2018-12-06T16:00:00Z,"SPY",2018-12-06T17:10:00Z,Sell,235.63429976,235.85721876,726,-161.84,7.26,-440.2,1087.56,1527.76,0,"	693,694" 
2018-12-07T15:30:00Z,"SPY",2018-12-07T20:58:00Z,Sell,239.20100376,235.33112992,720,2786.31,7.2,-102.72,3563.14,1656.38,1,"	695,696" 
2018-12-10T15:00:00Z,"SPY",2018-12-10T17:55:00Z,Sell,233.31594216,234.29678576,712,-698.36,7.12,-895.17,1777.65,2476.01,0,"	697,698" 
2018-12-14T17:00:00Z,"SPY",2018-12-14T17:20:00Z,Sell,232.92360472,233.34269244,777,-325.63,7.77,-429.56,0,429.56,0,"	699,700" 
2018-12-14T20:00:00Z,"SPY",2018-12-14T20:58:00Z,Sell,232.48668348,232.4153494,777,55.43,7.77,-353.34,554.27,561.19,1,"	701,702" 
2018-12-17T15:00:00Z,"SPY",2018-12-17T15:20:00Z,Sell,230.4536622,230.73008176,745,-205.93,7.45,-378.65,225.86,604.51,0,"	703,704" 
2018-12-17T18:00:00Z,"SPY",2018-12-17T20:58:00Z,Sell,229.74923816,227.3327962,746,1802.67,7.46,-259.42,2607.55,804.88,1,"	705,706" 
2018-12-19T15:00:00Z,"SPY",2018-12-19T19:20:00Z,Buy,229.08048116,228.0907208,766,-758.16,7.66,-1994.43,1338.73,3333.16,0,"	707,708" 
2018-12-19T20:00:00Z,"SPY",2018-12-19T20:58:00Z,Sell,224.91635424,224.479433,775,338.61,7.75,0,1789.82,1755.26,1,"	709,710" 
2018-12-20T17:00:00Z,"SPY",2018-12-20T17:40:00Z,Sell,220.8235614,221.36748376,903,-491.16,9.03,-1151.41,483.11,1634.52,0,"	711,712" 
2018-12-20T18:30:00Z,"SPY",2018-12-20T20:00:00Z,Sell,220.84139492,221.06431392,899,-200.4,8.99,-1258.54,2364.77,3623.31,0,"	713,714" 
2018-12-21T15:30:00Z,"SPY",2018-12-21T16:00:00Z,Buy,222.866829405,221.7098484,876,-1013.52,8.76,-1044.94,23.57,1068.51,0,"	715,716" 
2018-12-21T17:30:00Z,"SPY",2018-12-21T18:45:00Z,Sell,218.418282285,219.52145022,887,-978.51,8.87,-1145.57,612.56,1758.14,0,"	717,718" 
2018-12-21T19:30:00Z,"SPY",2018-12-21T20:58:00Z,Sell,218.24787423,216.29266602,880,1720.58,8.8,-268.35,2580.87,1160.21,1,"	719,720" 
2018-12-24T15:00:00Z,"SPY",2018-12-24T15:45:00Z,Sell,212.893473765,214.974245805,926,-1926.79,9.26,-2092.9,1137.81,3230.7,0,"	721,722" 
2018-12-24T16:30:00Z,"SPY",2018-12-26T14:50:00Z,Sell,212.52575112,212.52575112,913,0,9.13,-622.33,2145.4,2759.54,0,"	723,724" 
2018-12-26T17:00:00Z,"SPY",2018-12-26T20:58:00Z,Buy,213.754482885,220.25689551,978,6359.36,9.78,-61.4,6385.67,1736.76,1,"	725,726" 
2018-12-27T15:30:00Z,"SPY",2018-12-27T16:00:00Z,Sell,216.13122681,216.72317058,638,-377.66,6.38,-984.21,160.22,1144.42,0,"	727,728" 
2018-12-27T19:30:00Z,"SPY",2018-12-27T20:00:00Z,Sell,215.10877848,217.108830915,639,-1278.03,6.39,-1278.03,200.59,1478.62,0,"	729,730" 
2019-01-03T15:00:00Z,"SPY",2019-01-03T16:55:00Z,Sell,221.736754935,221.74572378,617,-5.53,6.17,-403.97,1660.13,2064.1,0,"	731,732" 
2019-01-03T17:30:00Z,"SPY",2019-01-03T17:50:00Z,Sell,221.180686545,221.26140615,618,-49.88,6.18,-227.25,282.68,382.45,0,"	733,734" 
2019-01-03T18:30:00Z,"SPY",2019-01-03T20:58:00Z,Sell,220.373490495,219.10888335,620,784.06,6.2,-444.85,884.15,867.47,1,"	735,736" 
2019-01-04T15:00:00Z,"SPY",2019-01-04T20:58:00Z,Buy,223.43186664,226.400554335,598,1775.28,5.98,-450.52,2118.53,761.6,1,"	737,738" 
2019-01-07T17:00:00Z,"SPY",2019-01-07T19:05:00Z,Buy,229.0643013,228.768329415,525,-155.39,5.25,-277.81,226.01,489.7,0,"	739,740" 
2019-01-15T15:00:00Z,"SPY",2019-01-15T15:35:00Z,Buy,232.41864933,232.355867415,596,-37.42,5.96,-235.2,411.6,646.8,0,"	741,742" 
2019-01-15T16:00:00Z,"SPY",2019-01-15T19:10:00Z,Buy,232.768434285,233.26172076,595,293.51,5.95,-160.09,597.68,394.9,1,"	743,744" 
2019-01-18T17:30:00Z,"SPY",2019-01-18T17:50:00Z,Buy,239.2887846,239.082501165,928,-191.43,9.28,-208.08,83.23,291.31,0,"	745,746" 
2019-01-22T17:00:00Z,"SPY",2019-01-22T17:55:00Z,Sell,235.77299736,235.979280795,932,-192.26,9.32,-275.85,91.95,326,0,"	747,748" 
2019-01-22T18:30:00Z,"SPY",2019-01-22T20:58:00Z,Sell,235.1631159,234.87611286,933,267.77,9.33,-376.56,878.63,1255.19,1,"	749,750" 
2019-01-28T15:00:00Z,"SPY",2019-01-28T15:35:00Z,Sell,235.620526995,236.068969245,1107,-496.43,11.07,-575.85,347.5,923.35,0,"	751,752" 
2019-01-29T16:00:00Z,"SPY",2019-01-29T16:25:00Z,Sell,235.62949584,235.835779275,1103,-227.53,11.03,-356.13,79.14,435.28,0,"	753,754" 
2019-01-30T19:30:00Z,"SPY",2019-01-30T20:58:00Z,Buy,239.889697215,239.75516454,1081,-145.43,10.81,-349.03,988.92,1337.95,0,"	755,756" 
2019-01-31T15:30:00Z,"SPY",2019-01-31T20:58:00Z,Buy,241.324712415,242.40994266,1073,1164.45,10.73,-202.09,1270.31,1356.92,1,"	757,758" 
2019-02-01T15:30:00Z,"SPY",2019-02-01T16:05:00Z,Buy,243.0556995,242.30231652,1075,-809.89,10.75,-1022,96.42,1118.41,0,"	759,760" 
2019-02-04T19:00:00Z,"SPY",2019-02-04T20:00:00Z,Buy,243.405484455,243.423422145,1067,19.14,10.67,-153.12,153.12,306.23,1,"	761,762" 
2019-02-07T16:00:00Z,"SPY",2019-02-07T20:58:00Z,Sell,242.042220015,242.149846155,1073,-115.48,10.73,-173.22,1501.28,1674.5,0,"	763,764" 
2019-02-12T15:00:00Z,"SPY",2019-02-12T20:58:00Z,Buy,244.86740619,245.845010295,1060,1036.26,10.6,-237.67,1416.54,551.4,1,"	765,766" 
2019-02-13T15:00:00Z,"SPY",2019-02-13T15:20:00Z,Buy,247.118586285,246.939209385,1058,-189.78,10.58,-370.07,66.42,436.5,0,"	767,768" 
2019-02-21T15:00:00Z,"SPY",2019-02-21T16:20:00Z,Sell,248.697103005,248.894417595,1050,-207.18,10.5,-339.02,348.44,687.46,0,"	769,770" 
2019-02-21T20:00:00Z,"SPY",2019-02-21T20:25:00Z,Sell,248.087221545,248.2576296,1051,-179.1,10.51,-292.21,0,292.21,0,"	771,772" 
2019-02-21T20:30:00Z,"SPY",2019-02-21T20:58:00Z,Sell,248.176909995,248.7957603,1049,-649.17,10.49,-649.17,282.25,931.42,0,"	773,774" 
2019-02-22T16:00:00Z,"SPY",2019-02-22T19:35:00Z,Buy,249.99758553,249.952741305,1036,-46.46,10.36,-102.21,548.21,613.25,0,"	775,776" 
2019-02-27T15:30:00Z,"SPY",2019-02-27T16:15:00Z,Sell,249.17245179,249.60295635,1039,-447.29,10.39,-531.16,37.27,568.44,0,"	777,778" 
2019-03-01T15:00:00Z,"SPY",2019-03-01T15:20:00Z,Buy,251.8451676,251.208379605,1024,-652.07,10.24,-716.36,0,716.36,0,"	779,780" 
2019-03-04T16:30:00Z,"SPY",2019-03-04T20:58:00Z,Sell,250.724061975,250.329432795,1023,403.71,10.23,0,2458.93,2165.33,1,"	781,782" 
2019-03-05T15:00:00Z,"SPY",2019-03-05T16:20:00Z,Sell,249.970678995,250.53571623,1030,-581.99,10.3,-628.18,129.33,757.51,0,"	783,784" 
2019-03-06T15:00:00Z,"SPY",2019-03-06T20:58:00Z,Sell,249.845115165,248.74194723,1026,1131.85,10.26,-147.23,1389.51,763.77,1,"	785,786" 
2019-03-07T15:00:00Z,"SPY",2019-03-07T16:45:00Z,Sell,246.89436516,247.3607451,1047,-488.3,10.47,-488.3,760.62,1248.92,0,"	787,788" 
2019-03-07T19:00:00Z,"SPY",2019-03-07T20:58:00Z,Sell,247.118586285,246.759832485,1042,373.82,10.42,-140.18,1280.34,906.52,1,"	789,790" 
2019-03-11T14:00:00Z,"SPY",2019-03-11T19:58:00Z,Buy,247.80918735,249.773364405,1042,2046.67,10.42,0,2130.78,336.44,1,"	791,792" 
2019-03-13T15:00:00Z,"SPY",2019-03-13T19:20:00Z,Buy,252.32948523,252.29360985,1039,-37.27,10.39,-93.19,922.54,1015.73,0,"	793,794" 
2019-03-15T16:30:00Z,"SPY",2019-03-15T18:30:00Z,Buy,253.864424074,253.531114976,1033,-344.31,10.33,-418.75,214.03,632.78,0,"	795,796" 
2019-03-18T14:00:00Z,"SPY",2019-03-18T15:30:00Z,Buy,254.422942022,253.729298764,1028,-713.07,10.28,-805.67,148.17,953.84,0,"	797,798" 
2019-03-20T14:00:00Z,"SPY",2019-03-20T15:00:00Z,Sell,253.40499802,253.702273702,1026,-305,10.26,-425.16,147.88,499.1,0,"	799,800" 
2019-03-20T16:00:00Z,"SPY",2019-03-20T18:10:00Z,Sell,252.90953855,254.44095873,1026,-1571.24,10.26,-1830.03,249.55,2079.58,0,"	801,802" 
2019-03-21T14:00:00Z,"SPY",2019-03-21T19:58:00Z,Buy,254.152691402,256.42279661,1008,2288.27,10.08,0,2724.13,826.32,1,"	803,804" 
2019-03-22T14:00:00Z,"SPY",2019-03-22T19:58:00Z,Sell,253.963515968,251.684402406,1027,2340.65,10.27,-962.16,2377.66,1979.84,1,"	805,806" 
2019-03-25T14:00:00Z,"SPY",2019-03-25T14:45:00Z,Sell,250.423232846,250.8826589,1060,-486.99,10.6,-725.71,181.43,907.14,0,"	807,808" 
2019-03-26T14:00:00Z,"SPY",2019-03-26T14:40:00Z,Buy,254.017566092,253.486073206,1041,-553.28,10.41,-684.57,0,684.57,0,"	809,810" 
2019-03-26T15:00:00Z,"SPY",2019-03-26T15:25:00Z,Buy,254.12566634,253.594173454,1036,-550.63,10.36,-653.29,65.33,718.61,0,"	811,812" 
2019-03-27T15:00:00Z,"SPY",2019-03-27T18:00:00Z,Sell,252.342012248,252.026719858,1039,327.59,10.39,-159.11,1965.53,1825.14,1,"	813,814" 
2019-04-01T19:30:00Z,"SPY",2019-04-01T19:58:00Z,Buy,257.431732258,257.665949462,1021,239.14,10.21,-119.57,349.51,119.57,1,"	815,816" 
2019-04-11T18:30:00Z,"SPY",2019-04-11T18:50:00Z,Sell,259.089269394,259.269436474,1016,-183.05,10.16,-256.27,0,256.27,0,"	817,818" 
2019-04-15T14:30:00Z,"SPY",2019-04-15T17:20:00Z,Sell,260.809865008,260.97201538,1008,-163.45,10.08,-190.69,354.14,544.83,0,"	819,820" 
2019-04-17T15:00:00Z,"SPY",2019-04-17T15:20:00Z,Sell,261.06209892,261.233257646,1006,-172.19,10.06,-362.5,0,362.5,0,"	821,822" 
2019-04-17T15:30:00Z,"SPY",2019-04-17T19:58:00Z,Sell,260.953998672,260.818873362,1005,135.8,10.05,-217.28,597.52,697.11,1,"	823,824" 
2019-04-18T14:30:00Z,"SPY",2019-04-18T15:05:00Z,Sell,260.314405538,260.620689574,1008,-308.73,10.08,-326.9,245.17,572.07,0,"	825,826" 
2019-04-23T14:30:00Z,"SPY",2019-04-23T19:58:00Z,Buy,262.602527454,263.80964689,997,1203.5,9.97,-215.55,1454.98,476.01,1,"	827,828" 
2019-04-25T14:30:00Z,"SPY",2019-04-25T15:15:00Z,Sell,262.296243418,262.90881149,1007,-616.86,10.07,-635,362.86,997.86,0,"	829,830" 
2019-04-26T14:00:00Z,"SPY",2019-04-26T14:20:00Z,Sell,262.5935191,262.791702888,1001,-198.38,10.01,-234.45,108.21,342.66,0,"	831,832" 
2019-04-26T19:30:00Z,"SPY",2019-04-26T19:58:00Z,Buy,263.818655244,264.178989404,995,358.53,9.95,0,367.5,277.86,1,"	833,834" 
2019-04-29T16:30:00Z,"SPY",2019-04-29T19:35:00Z,Buy,265.016766326,264.899657724,993,-116.29,9.93,-116.29,214.69,330.98,0,"	835,836" 
2019-04-30T14:00:00Z,"SPY",2019-04-30T14:50:00Z,Sell,263.962788908,263.953780554,996,8.97,9.96,-179.45,170.47,340.95,1,"	837,838" 
2019-04-30T15:00:00Z,"SPY",2019-04-30T15:55:00Z,Sell,263.791630182,264.106922572,997,-314.35,9.97,-314.35,772.39,1086.74,0,"	839,840" 
2019-05-01T19:30:00Z,"SPY",2019-05-01T19:58:00Z,Sell,264.251056236,263.0439368,993,1198.67,9.93,0,1261.29,169.96,1,"	841,842" 
2019-05-02T15:30:00Z,"SPY",2019-05-02T18:30:00Z,Sell,261.674666992,262.269218356,1011,-601.09,10.11,-865.21,783.24,1648.45,0,"	843,844" 
2019-05-02T19:00:00Z,"SPY",2019-05-02T19:40:00Z,Sell,261.926900904,262.179134816,1006,-253.75,10.06,-498.43,72.5,570.93,0,"	845,846" 
2019-05-03T16:00:00Z,"SPY",2019-05-03T19:58:00Z,Buy,264.467256732,265.016766326,994,546.21,9.94,-26.86,644.71,465.62,1,"	847,848" 
2019-05-07T15:00:00Z,"SPY",2019-05-07T19:58:00Z,Sell,259.863987838,259.341503306,1016,530.84,10.16,-549.15,2370.49,1839.65,1,"	849,850" 
2019-05-08T15:00:00Z,"SPY",2019-05-08T15:35:00Z,Buy,260.089196688,259.683820758,1019,-413.08,10.19,-578.31,578.31,1156.62,0,"	851,852" 
2019-05-08T17:00:00Z,"SPY",2019-05-08T17:25:00Z,Buy,260.305397184,260.107213396,1015,-201.16,10.15,-374.88,54.86,429.74,0,"	853,854" 
2019-05-08T19:30:00Z,"SPY",2019-05-08T19:50:00Z,Buy,260.530606034,259.701837466,1012,-838.71,10.12,-838.71,0,838.71,0,"	855,856" 
2019-05-09T14:00:00Z,"SPY",2019-05-09T16:05:00Z,Sell,256.350729778,256.179571052,1022,174.92,10.22,-128.89,1113.99,1242.88,1,"	857,858" 
2019-05-10T14:30:00Z,"SPY",2019-05-10T16:30:00Z,Sell,256.134529282,256.64800546,1024,-525.8,10.24,-525.8,1798.79,2324.59,0,"	859,860" 
2019-05-10T19:30:00Z,"SPY",2019-05-10T19:50:00Z,Buy,260.062171626,258.692901818,1005,-1376.12,10.05,-1376.12,0,1376.12,0,"	861,862" 
2019-05-13T14:30:00Z,"SPY",2019-05-13T14:50:00Z,Sell,253.774340534,253.864424074,1019,-91.8,10.19,-624.21,293.74,917.95,0,"	863,864" 
2019-05-13T15:30:00Z,"SPY",2019-05-13T19:05:00Z,Sell,253.332931188,253.693265348,1020,-367.54,10.2,-891.29,1166.94,2058.23,0,"	865,866" 
2019-05-13T19:30:00Z,"SPY",2019-05-13T19:58:00Z,Sell,252.963588674,253.22483094,1018,-265.94,10.18,-265.94,449.35,715.3,0,"	867,868" 
2019-05-14T14:30:00Z,"SPY",2019-05-14T19:50:00Z,Buy,255.34179413,255.639069812,1007,299.36,10.07,-263.07,1487.71,1460.5,1,"	869,870" 
2019-05-15T15:30:00Z,"SPY",2019-05-15T19:58:00Z,Buy,256.69304723,256.82817254,1004,135.67,10.04,-217.07,723.55,696.42,1,"	871,872" 
2019-05-16T14:00:00Z,"SPY",2019-05-16T18:05:00Z,Buy,259.107286102,259.53067874,995,421.28,9.95,-26.89,1389.31,1021.82,1,"	873,874" 
2019-05-16T18:30:00Z,"SPY",2019-05-16T19:20:00Z,Buy,259.98109644,259.12530281,995,-851.51,9.95,-851.51,62.74,914.26,0,"	875,876" 
2019-05-23T14:00:00Z,"SPY",2019-05-23T14:45:00Z,Sell,254.044591154,254.386908606,1007,-344.71,10.07,-517.07,381,898.07,0,"	877,878" 
2019-05-23T16:00:00Z,"SPY",2019-05-23T19:40:00Z,Sell,253.395989666,253.954507614,1007,-562.43,10.07,-898.07,580.57,1478.64,0,"	879,880" 
2019-05-28T14:00:00Z,"SPY",2019-05-28T14:25:00Z,Buy,255.738161706,255.20666882,998,-530.43,9.98,-548.41,125.86,674.28,0,"	881,882" 
2019-05-29T16:00:00Z,"SPY",2019-05-29T16:45:00Z,Sell,249.5314058,250.34215766,1018,-825.35,10.18,-834.52,0,834.52,0,"	883,884" 
2019-05-29T17:00:00Z,"SPY",2019-05-29T17:25:00Z,Sell,249.918765022,250.594391572,1010,-682.38,10.1,-964.43,100.08,1064.52,0,"	885,886" 
2019-05-30T14:00:00Z,"SPY",2019-05-30T14:25:00Z,Buy,251.999694796,251.900602902,996,-98.7,9.96,-224.31,143.56,367.87,0,"	887,888" 
2019-06-03T14:00:00Z,"SPY",2019-06-03T14:25:00Z,Sell,247.351384132,248.36031978,1014,-1023.06,10.14,-1023.06,493.26,1516.32,0,"	889,890" 
2019-06-03T16:30:00Z,"SPY",2019-06-03T16:55:00Z,Sell,246.747824414,247.09915022,1008,-354.14,10.08,-535.74,145.29,681.03,0,"	891,892" 
2019-06-03T19:30:00Z,"SPY",2019-06-03T19:58:00Z,Sell,246.459557086,247.495517796,1006,-1042.18,10.06,-1042.18,326.25,1368.42,0,"	893,894" 
2019-06-04T15:30:00Z,"SPY",2019-06-04T19:58:00Z,Buy,251.297043184,252.747388178,979,1419.89,9.79,-229.3,1428.71,520.33,1,"	895,896" 
2019-06-06T19:30:00Z,"SPY",2019-06-06T19:58:00Z,Buy,256.738089,256.440813318,969,-288.06,9.69,-322.98,419,741.97,0,"	897,898" 
2019-06-07T14:00:00Z,"SPY",2019-06-07T19:58:00Z,Buy,258.58480157,259.269436474,960,657.25,9.6,-34.59,1522.05,1063.71,1,"	899,900" 
2019-06-10T16:00:00Z,"SPY",2019-06-10T16:40:00Z,Buy,261.87285078,261.242266,952,-600.32,9.52,-720.38,0,720.38,0,"	901,902" 
2019-06-14T14:00:00Z,"SPY",2019-06-14T14:25:00Z,Sell,260.008121502,260.188288582,954,-171.88,9.54,-266.41,94.53,360.95,0,"	903,904" 
2019-06-18T14:00:00Z,"SPY",2019-06-18T16:05:00Z,Buy,263.728571704,263.458321084,940,-254.04,9.4,-364.12,584.28,948.4,0,"	905,906" 
2019-06-18T18:00:00Z,"SPY",2019-06-18T19:05:00Z,Buy,263.440304376,263.53939627,939,93.05,9.39,-50.75,312.98,363.73,1,"	907,908" 
2019-06-25T14:00:00Z,"SPY",2019-06-25T19:58:00Z,Sell,265.291565199,263.363455758,933,1798.93,9.33,-25.34,2001.62,827.67,1,"	909,910" 
2019-06-27T14:00:00Z,"SPY",2019-06-27T14:25:00Z,Buy,264.132889103,264.060471847,950,-68.8,9.5,-326.78,0,326.78,0,"	911,912" 
2019-07-02T16:30:00Z,"SPY",2019-07-02T17:05:00Z,Sell,267.020527186,267.120100913,940,-93.6,9.4,-102.11,170.18,272.29,0,"	913,914" 
2019-07-03T15:00:00Z,"SPY",2019-07-03T15:25:00Z,Buy,269.672809187,269.509870361,930,-151.53,9.3,-210.46,92.6,303.07,0,"	915,916" 
2019-07-03T15:30:00Z,"SPY",2019-07-05T13:50:00Z,Buy,269.600391931,269.039158197,929,-521.39,9.29,-748.44,815.72,1564.16,0,"	917,918" 
2019-07-05T14:00:00Z,"SPY",2019-07-05T15:30:00Z,Sell,268.568446033,268.867167214,928,-277.21,9.28,-319.22,537.63,823.24,0,"	919,920" 
2019-07-08T14:00:00Z,"SPY",2019-07-08T14:20:00Z,Sell,268.459820149,269.048210354,926,-544.85,9.26,-620.29,0,620.29,0,"	921,922" 
2019-07-10T14:00:00Z,"SPY",2019-07-10T14:40:00Z,Buy,271.012528423,270.460346846,914,-504.69,9.14,-645.35,24.82,670.17,0,"	923,924" 
2019-07-16T16:00:00Z,"SPY",2019-07-16T17:20:00Z,Sell,271.628075099,271.754805297,908,-115.07,9.08,-172.61,460.28,632.89,0,"	925,926" 
2019-07-16T18:00:00Z,"SPY",2019-07-16T19:20:00Z,Sell,271.193571563,271.600918628,908,-369.87,9.08,-386.31,82.19,468.5,0,"	927,928" 
2019-07-17T14:30:00Z,"SPY",2019-07-17T16:00:00Z,Sell,270.695702928,270.740963713,907,-41.05,9.07,-156,550.09,706.09,0,"	929,930" 
2019-07-17T16:30:00Z,"SPY",2019-07-17T18:00:00Z,Sell,270.514659788,270.650442143,907,-123.15,9.07,-205.26,65.68,270.94,0,"	931,932" 
2019-07-17T18:30:00Z,"SPY",2019-07-17T19:58:00Z,Sell,270.351720962,269.709017815,907,582.93,9.07,-90.31,591.14,295.57,1,"	933,934" 
2019-07-18T18:30:00Z,"SPY",2019-07-18T19:58:00Z,Buy,270.20688645,270.514659788,912,280.69,9.12,-90.81,586.15,676.96,1,"	935,936" 
2019-07-19T19:30:00Z,"SPY",2019-07-19T19:58:00Z,Sell,269.564183303,269.066314668,916,456.05,9.16,-257.05,464.34,273.63,1,"	937,938" 
2019-07-22T14:00:00Z,"SPY",2019-07-22T14:25:00Z,Buy,269.826695856,269.238305651,918,-540.14,9.18,-540.14,0,540.14,0,"	939,940" 
2019-07-24T19:00:00Z,"SPY",2019-07-24T19:58:00Z,Buy,272.397508444,272.641916683,906,221.43,9.06,-73.81,311.65,114.82,1,"	941,942" 
2019-07-25T14:00:00Z,"SPY",2019-07-25T14:45:00Z,Sell,271.56471,272.297934717,910,-667.23,9.1,-667.23,32.95,700.18,0,"	943,944" 
2019-07-25T15:30:00Z,"SPY",2019-07-25T19:58:00Z,Sell,271.935848437,271.220728034,904,646.47,9.04,-16.37,998.34,875.6,1,"	945,946" 
2019-07-26T14:00:00Z,"SPY",2019-07-26T14:40:00Z,Buy,272.696229625,272.551395113,906,-131.22,9.06,-246.04,49.21,295.25,0,"	947,948" 
2019-07-26T15:30:00Z,"SPY",2019-07-26T19:58:00Z,Buy,272.895377079,273.3751414,904,433.71,9.04,0,605.55,180.03,1,"	949,950" 
2019-07-29T14:00:00Z,"SPY",2019-07-29T15:25:00Z,Sell,272.578551584,272.913481393,908,-304.12,9.08,-320.55,205.48,526.04,0,"	951,952" 
2019-07-31T19:00:00Z,"SPY",2019-07-31T19:58:00Z,Sell,269.401244477,269.437453105,917,-33.2,9.17,-1353.03,249.02,1602.06,0,"	953,954" 
2019-08-01T14:00:00Z,"SPY",2019-08-01T17:45:00Z,Buy,270.369825276,268.152046811,913,-2024.83,9.13,-2024.83,1793.42,3818.25,0,"	955,956" 
2019-08-01T18:00:00Z,"SPY",2019-08-01T19:58:00Z,Sell,268.30593348,266.830431889,905,1335.33,9.05,-81.92,1990.71,1597.48,1,"	957,958" 
2019-08-02T14:00:00Z,"SPY",2019-08-02T16:25:00Z,Sell,265.164835001,265.04715696,926,108.97,9.26,-268.23,1676.46,1567.49,1,"	959,960" 
2019-08-02T17:00:00Z,"SPY",2019-08-02T19:40:00Z,Sell,264.160045574,265.599338537,930,-1338.54,9.3,-1372.22,513.53,1885.75,0,"	961,962" 
2019-08-05T14:00:00Z,"SPY",2019-08-05T19:58:00Z,Sell,260.059418453,257.425240766,934,2460.32,9.34,0,4582.46,2392.68,1,"	963,964" 
2019-08-06T18:30:00Z,"SPY",2019-08-06T19:05:00Z,Buy,260.276670221,259.805958057,952,-448.12,9.52,-534.29,387.79,922.09,0,"	965,966" 
2019-08-07T14:00:00Z,"SPY",2019-08-07T14:20:00Z,Sell,256.556233694,257.778274889,938,-1146.27,9.38,-1621.77,407.56,2029.33,0,"	967,968" 
2019-08-08T14:30:00Z,"SPY",2019-08-08T19:58:00Z,Buy,263.064734577,265.373034612,915,2112.09,9.15,0,2352.29,571.51,1,"	969,970" 
2019-08-09T14:30:00Z,"SPY",2019-08-09T17:25:00Z,Sell,263.435873014,264.087628318,814,-530.53,8.14,-707.37,943.16,1650.53,0,"	971,972" 
2019-08-12T18:00:00Z,"SPY",2019-08-12T19:58:00Z,Sell,261.145677293,260.865060426,813,228.14,8.13,-169.27,986.16,758.02,1,"	973,974" 
2019-08-13T14:00:00Z,"SPY",2019-08-13T19:58:00Z,Buy,265.191991472,264.494975383,800,-557.61,8,-1028.33,854.52,1882.85,0,"	975,976" 
2019-08-14T15:00:00Z,"SPY",2019-08-14T19:58:00Z,Sell,259.425767463,257.235145469,762,1669.25,7.62,-62.08,1924.47,1310.57,1,"	977,978" 
2019-08-16T15:00:00Z,"SPY",2019-08-16T18:55:00Z,Buy,261.580180829,261.24525102,674,-225.74,6.74,-439.28,61.01,494.19,0,"	979,980" 
2019-08-20T14:00:00Z,"SPY",2019-08-20T14:25:00Z,Sell,263.155256147,263.526394584,613,-227.51,6.13,-316.29,66.59,382.88,0,"	981,982" 
2019-08-22T15:00:00Z,"SPY",2019-08-22T15:25:00Z,Sell,263.037578106,263.96089812,614,-566.92,6.14,-600.27,0,600.27,0,"	983,984" 
2019-08-23T15:30:00Z,"SPY",2019-08-23T19:58:00Z,Sell,260.810747484,256.918319974,621,2417.2,6.21,0,2524,556.52,1,"	985,986" 
2019-08-27T17:00:00Z,"SPY",2019-08-27T17:20:00Z,Sell,259.117994125,259.262828637,671,-97.18,6.71,-218.66,48.59,218.66,0,"	987,988" 
2019-08-28T15:30:00Z,"SPY",2019-08-28T16:15:00Z,Buy,261.163781607,261.018947095,664,-96.17,6.64,-102.18,168.3,270.48,0,"	989,990" 
2019-08-28T17:00:00Z,"SPY",2019-08-28T17:20:00Z,Buy,261.344824747,260.928425525,663,-276.07,6.63,-396.1,0,396.1,0,"	991,992" 
2019-08-28T19:00:00Z,"SPY",2019-08-28T19:40:00Z,Buy,261.562076515,261.236198863,661,-215.41,6.61,-382.94,47.87,430.81,0,"	993,994" 
2019-09-05T14:00:00Z,"SPY",2019-09-05T16:10:00Z,Buy,269.346931535,269.645652716,881,263.17,8.81,0,1004.84,821.42,1,"	995,996" 
2019-09-05T19:30:00Z,"SPY",2019-09-05T19:55:00Z,Buy,269.962478211,269.718069972,881,-215.32,8.81,-382.8,47.85,430.65,0,"	997,998" 
2019-09-10T14:00:00Z,"SPY",2019-09-10T14:40:00Z,Sell,268.233516224,268.360246422,927,-117.48,9.27,-386,218.18,604.18,0,"	999,1000" 
2019-09-10T15:00:00Z,"SPY",2019-09-10T16:00:00Z,Sell,268.161098968,268.767593487,927,-562.22,9.27,-780.4,92.3,872.7,0,"	1001,1002" 
2019-09-12T14:30:00Z,"SPY",2019-09-12T14:50:00Z,Buy,273.393245714,273.266515516,916,-116.08,9.16,-315.09,24.88,339.96,0,"	1003,1004" 
2019-09-18T18:30:00Z,"SPY",2019-09-18T19:30:00Z,Sell,270.451294689,271.573762157,925,-1038.28,9.25,-1046.66,376.8,1423.45,0,"	1005,1006" 
2019-09-19T14:30:00Z,"SPY",2019-09-19T16:35:00Z,Buy,273.583341011,273.185046103,907,-361.25,9.07,-467.99,320.2,788.19,0,"	1007,1008" 
2019-09-20T17:30:00Z,"SPY",2019-09-20T18:50:00Z,Sell,271.618038864,272.036360472,911,-381.09,9.11,-422.51,455.65,878.17,0,"	1009,1010" 
2019-09-20T19:30:00Z,"SPY",2019-09-20T19:58:00Z,Sell,271.645320708,271.599850968,908,41.29,9.08,-115.6,297.26,412.87,1,"	1011,1012" 
2019-09-24T16:00:00Z,"SPY",2019-09-24T19:58:00Z,Sell,270.535859052,269.053545528,912,1351.87,9.12,-298.57,2181.24,1675.32,1,"	1013,1014" 
2019-09-25T14:00:00Z,"SPY",2019-09-25T14:45:00Z,Sell,268.435157064,268.826196828,929,-363.28,9.29,-650.52,473.1,1123.62,0,"	1015,1016" 
2019-09-25T16:30:00Z,"SPY",2019-09-25T16:55:00Z,Buy,269.762873472,269.6355582,921,-117.26,9.21,-167.51,92.13,259.64,0,"	1017,1018" 
2019-09-25T18:30:00Z,"SPY",2019-09-25T19:58:00Z,Buy,270.308510352,270.7723017,919,426.22,9.19,-108.65,585.01,217.29,1,"	1019,1020" 
2019-09-26T14:00:00Z,"SPY",2019-09-26T16:45:00Z,Sell,269.8629069,269.699215836,923,151.09,9.23,-344.14,1082.79,1133.15,1,"	1021,1022" 
2019-09-26T17:30:00Z,"SPY",2019-09-26T17:55:00Z,Sell,269.380927656,269.835625056,926,-421.05,9.26,-421.05,16.84,437.89,0,"	1023,1024" 
2019-09-27T16:30:00Z,"SPY",2019-09-27T19:58:00Z,Sell,269.289988176,268.444251012,923,780.62,9.23,-25.18,2014.49,1326.21,1,"	1025,1026" 
2019-09-30T14:00:00Z,"SPY",2019-09-30T14:35:00Z,Buy,269.617370304,269.517336876,928,-92.83,9.28,-160.34,177.22,337.57,0,"	1027,1028" 
2019-09-30T15:00:00Z,"SPY",2019-09-30T19:15:00Z,Buy,269.708309784,270.163007184,927,421.5,9.27,-143.31,809.29,564.82,1,"	1029,1030" 
2019-10-01T14:00:00Z,"SPY",2019-10-01T14:20:00Z,Buy,271.172435412,269.04445158,925,-1968.39,9.25,-2060.92,0,2060.92,0,"	1031,1032" 
2019-10-01T14:30:00Z,"SPY",2019-10-01T19:58:00Z,Sell,269.380927656,266.643649308,916,2507.35,9.16,-91.63,2648.96,907.98,1,"	1033,1034" 
2019-10-02T14:00:00Z,"SPY",2019-10-02T19:58:00Z,Sell,263.524425144,261.9057024,955,1545.88,9.55,-173.69,2631.47,1884.58,1,"	1035,1036" 
2019-10-03T14:30:00Z,"SPY",2019-10-03T14:50:00Z,Sell,261.059965236,260.778052848,976,275.15,9.76,-434.91,275.15,656.8,1,"	1037,1038" 
2019-10-03T18:00:00Z,"SPY",2019-10-03T19:35:00Z,Buy,263.715398052,263.142479328,968,-554.59,9.68,-554.59,202.47,757.05,0,"	1039,1040" 
2019-10-04T14:00:00Z,"SPY",2019-10-04T14:45:00Z,Buy,265.81610004,265.243181316,956,-547.71,9.56,-617.26,286.9,904.16,0,"	1041,1042" 
2019-10-04T15:30:00Z,"SPY",2019-10-04T19:58:00Z,Buy,266.007072948,267.798580704,952,1705.52,9.52,0,1766.12,311.67,1,"	1043,1044" 
2019-10-08T14:00:00Z,"SPY",2019-10-08T16:40:00Z,Sell,263.415297768,263.560800936,974,-141.72,9.74,-549.17,602.31,1009.76,0,"	1045,1046" 
2019-10-10T14:00:00Z,"SPY",2019-10-10T17:35:00Z,Buy,266.625461412,266.243515596,961,-367.05,9.61,-541.84,873.93,1293.41,0,"	1047,1048" 
2019-10-10T18:00:00Z,"SPY",2019-10-10T18:25:00Z,Buy,266.825528268,266.334455076,957,-469.96,9.57,-948.62,87.03,1035.65,0,"	1049,1050" 
2019-10-10T19:30:00Z,"SPY",2019-10-10T19:58:00Z,Buy,266.734588788,266.6800251,954,-52.05,9.54,-321,104.11,399.08,0,"	1051,1052" 
2019-10-11T14:00:00Z,"SPY",2019-10-11T16:10:00Z,Buy,270.344886144,270.426731676,941,77.02,9.41,0,1163.81,1095.35,1,"	1053,1054" 
2019-10-11T18:30:00Z,"SPY",2019-10-11T19:58:00Z,Buy,271.18152936,269.790155316,939,-1306.5,9.39,-1408.97,307.41,1716.38,0,"	1055,1056" 
2019-10-15T14:30:00Z,"SPY",2019-10-15T19:58:00Z,Buy,271.381596216,271.881763356,928,464.16,9.28,-16.88,1054.9,616.06,1,"	1057,1058" 
2019-10-25T15:00:00Z,"SPY",2019-10-25T19:58:00Z,Buy,274.037029032,274.400786952,922,335.38,9.22,-92.23,670.77,704.31,1,"	1059,1060" 
2019-10-31T14:00:00Z,"SPY",2019-10-31T19:58:00Z,Sell,275.792160996,275.482966764,919,284.15,9.19,0,1170.03,977.81,1,"	1061,1062" 
2019-11-01T14:30:00Z,"SPY",2019-11-01T15:05:00Z,Buy,277.901956932,277.801923504,914,-91.43,9.14,-99.74,58.18,157.93,0,"	1063,1064" 
2019-11-01T18:00:00Z,"SPY",2019-11-01T19:58:00Z,Buy,278.13839958,278.156587476,912,16.59,9.12,-232.22,116.11,331.75,1,"	1065,1066" 
2019-11-07T17:00:00Z,"SPY",2019-11-07T17:20:00Z,Buy,281.357657172,280.948429512,902,-369.12,9.02,-401.93,0,401.93,0,"	1067,1068" 
2019-11-08T15:00:00Z,"SPY",2019-11-08T15:20:00Z,Sell,279.475209936,279.993564972,905,-469.11,9.05,-469.11,90.53,559.64,0,"	1069,1070" 
2019-11-12T15:00:00Z,"SPY",2019-11-12T17:05:00Z,Buy,281.421314808,281.203060056,896,-195.56,8.96,-203.7,415.56,619.26,0,"	1071,1072" 
2019-11-19T16:00:00Z,"SPY",2019-11-19T16:30:00Z,Sell,283.14007098,283.59476838,889,-404.23,8.89,-420.4,0,420.4,0,"	1073,1074" 
2019-11-20T18:00:00Z,"SPY",2019-11-20T20:58:00Z,Sell,282.057891168,282.521682516,889,-412.31,8.89,-533.58,873.13,1406.71,0,"	1075,1076" 
2019-11-21T15:00:00Z,"SPY",2019-11-21T17:25:00Z,Sell,282.176112492,282.121548804,886,48.34,8.86,-185.32,676.81,717.09,1,"	1077,1078" 
2019-11-25T15:00:00Z,"SPY",2019-11-25T20:58:00Z,Buy,284.385941856,284.858827152,879,415.67,8.79,-7.99,511.59,319.74,1,"	1079,1080" 
2019-11-26T17:30:00Z,"SPY",2019-11-26T18:15:00Z,Buy,285.659094576,285.449933772,878,-183.64,8.78,-199.61,23.95,223.57,0,"	1081,1082" 
2019-11-27T19:00:00Z,"SPY",2019-11-27T20:58:00Z,Buy,286.73218044,286.786744128,874,47.69,8.74,-55.64,111.27,158.96,1,"	1083,1084" 
2019-12-02T15:00:00Z,"SPY",2019-12-02T19:30:00Z,Sell,284.722417932,284.113123416,880,536.18,8.8,0,1488.5,984.33,1,"	1085,1086" 
2019-12-02T20:30:00Z,"SPY",2019-12-02T20:58:00Z,Sell,283.522016796,283.331043888,888,169.58,8.88,-347.24,169.58,428,1,"	1087,1088" 
2019-12-03T15:00:00Z,"SPY",2019-12-03T16:25:00Z,Sell,280.211819724,280.257289464,899,-40.88,8.99,-286.14,555.93,842.07,0,"	1089,1090" 
2019-12-04T15:00:00Z,"SPY",2019-12-04T17:40:00Z,Buy,283.431077316,283.18554072,889,-218.28,8.89,-274.87,202.11,476.99,0,"	1091,1092" 
2019-12-04T18:00:00Z,"SPY",2019-12-04T20:58:00Z,Buy,283.440171264,283.349231784,887,-80.66,8.87,-177.46,338.79,483.98,0,"	1093,1094" 
2019-12-06T16:00:00Z,"SPY",2019-12-06T20:58:00Z,Buy,286.386610416,286.241107248,877,-127.61,8.77,-191.41,295.09,486.5,0,"	1095,1096" 
2019-12-12T15:00:00Z,"SPY",2019-12-12T16:35:00Z,Buy,288.14174238,287.677951032,871,-403.96,8.71,-403.96,831.69,1235.65,0,"	1097,1098" 
2019-12-12T18:30:00Z,"SPY",2019-12-12T18:50:00Z,Buy,287.659763136,287.41422654,870,-213.62,8.7,-213.62,0,213.62,0,"	1099,1100" 
2019-12-12T20:00:00Z,"SPY",2019-12-12T20:58:00Z,Buy,288.014427108,288.523688196,867,441.53,8.67,-31.54,701.72,268.07,1,"	1101,1102" 
2019-12-16T17:00:00Z,"SPY",2019-12-16T18:05:00Z,Buy,291.015429948,291.006336,861,-7.83,8.61,-39.15,93.96,133.11,0,"	1103,1104" 
2019-12-16T18:30:00Z,"SPY",2019-12-16T19:25:00Z,Buy,290.988148104,290.797175196,861,-164.43,8.61,-164.43,93.96,258.39,0,"	1105,1106" 
2019-12-19T17:00:00Z,"SPY",2019-12-19T20:58:00Z,Buy,291.470127348,291.670194204,858,171.66,8.58,-31.21,358.92,327.71,1,"	1107,1108" 
2019-12-20T20:00:00Z,"SPY",2019-12-20T20:20:00Z,Buy,293.679945624,293.561143057,853,-101.34,8.53,-163.7,0,163.7,0,"	1109,1110" 
2019-12-26T16:00:00Z,"SPY",2019-12-26T17:30:00Z,Buy,294.529840911,294.310513095,850,-186.43,8.5,-217.5,93.21,310.71,0,"	1111,1112" 
2019-12-26T18:30:00Z,"SPY",2019-12-26T19:50:00Z,Buy,294.557256888,294.502424934,848,-46.5,8.48,-62,77.5,139.49,0,"	1113,1114" 
2019-12-30T15:00:00Z,"SPY",2019-12-30T17:00:00Z,Sell,293.771332214,293.780470873,850,-7.77,8.5,-93.21,629.2,722.41,0,"	1115,1116" 
2019-12-30T18:30:00Z,"SPY",2019-12-30T18:50:00Z,Sell,293.890134781,293.844441486,850,38.84,8.5,-69.91,46.61,85.45,1,"	1117,1118" 
2019-12-30T19:30:00Z,"SPY",2019-12-30T20:58:00Z,Sell,293.597697693,293.277844628,851,272.19,8.51,-108.88,279.97,256.64,1,"	1119,1120" 
2020-01-08T15:00:00Z,"SPY",2020-01-08T15:40:00Z,Buy,295.845807807,295.562509378,846,-239.67,8.46,-363.37,162.36,525.73,0,"	1121,1122" 
2020-01-08T16:30:00Z,"SPY",2020-01-08T20:58:00Z,Buy,296.129106236,296.36671137,844,200.54,8.44,-393.36,1342.07,1156.95,1,"	1123,1124" 
2020-01-13T17:00:00Z,"SPY",2020-01-13T18:50:00Z,Buy,299.080893093,299.080893093,837,0,8.37,-38.25,183.58,221.82,0,"	1125,1126" 
2020-01-13T19:30:00Z,"SPY",2020-01-13T20:58:00Z,Buy,299.281943591,299.610935315,836,275.04,8.36,-106.96,275.04,183.36,1,"	1127,1128" 
2020-01-15T15:00:00Z,"SPY",2020-01-15T18:05:00Z,Buy,300.305473399,299.866817767,835,-366.28,8.35,-412.06,305.23,717.29,0,"	1129,1130" 
2020-01-15T19:30:00Z,"SPY",2020-01-15T20:15:00Z,Buy,300.332889376,299.693183246,832,-532.24,8.32,-676.7,15.21,691.91,0,"	1131,1132" 
2020-01-23T16:30:00Z,"SPY",2020-01-23T16:50:00Z,Sell,301.274171253,301.48436041,826,-173.62,8.26,-392.52,0,392.52,0,"	1133,1134" 
2020-01-24T15:30:00Z,"SPY",2020-01-24T20:58:00Z,Sell,302.462196923,300.488246579,822,1622.59,8.22,-420.67,2696.8,1352.16,1,"	1135,1136" 
2020-01-28T15:30:00Z,"SPY",2020-01-28T20:58:00Z,Buy,298.249275124,298.971229185,844,609.33,8.44,-46.28,1126.1,593.9,1,"	1137,1138" 
2020-01-30T16:00:00Z,"SPY",2020-01-30T16:20:00Z,Sell,295.836669148,296.659148458,855,-703.22,8.55,-714.94,0,714.94,0,"	1139,1140" 
2020-01-31T15:00:00Z,"SPY",2020-01-31T20:58:00Z,Sell,297.956838036,294.310513095,844,3077.5,8.44,0,3995.35,1095.25,1,"	1141,1142" 
2020-02-03T15:00:00Z,"SPY",2020-02-03T16:30:00Z,Buy,297.161774703,296.723119071,867,-380.31,8.67,-380.31,744.78,1125.1,0,"	1143,1144" 
2020-02-03T17:30:00Z,"SPY",2020-02-03T17:50:00Z,Buy,296.613455163,296.750535048,866,118.71,8.66,-134.54,134.54,134.54,1,"	1145,1146" 
2020-02-03T18:00:00Z,"SPY",2020-02-03T18:20:00Z,Buy,296.869337615,296.384988688,866,-419.45,8.66,-617.3,31.66,648.95,0,"	1147,1148" 
2020-02-03T19:00:00Z,"SPY",2020-02-03T19:20:00Z,Buy,296.668287117,296.284463439,864,-331.62,8.64,-461.9,0,461.9,0,"	1149,1150" 
2020-02-03T20:30:00Z,"SPY",2020-02-03T20:55:00Z,Buy,296.969862864,296.18393819,861,-676.68,8.61,-818.31,3.93,822.25,0,"	1151,1152" 
2020-02-04T15:00:00Z,"SPY",2020-02-04T15:20:00Z,Buy,300.433414625,300.232364127,846,-170.09,8.46,-305.39,54.12,359.51,0,"	1153,1154" 
2020-02-04T15:30:00Z,"SPY",2020-02-04T20:55:00Z,Buy,300.771545008,300.789822326,844,15.43,8.44,-154.26,678.75,678.75,1,"	1155,1156" 
2020-02-10T16:00:00Z,"SPY",2020-02-10T17:20:00Z,Buy,304.618920447,304.481840562,833,-114.19,8.33,-182.7,274.05,456.75,0,"	1157,1158" 
2020-02-10T20:00:00Z,"SPY",2020-02-10T20:58:00Z,Buy,305.04843742,305.651588914,831,501.22,8.31,0,508.81,159.48,1,"	1159,1160" 
2020-02-18T17:00:00Z,"SPY",2020-02-18T17:25:00Z,Sell,306.373542975,306.812198607,831,-364.52,8.31,-425.28,0,425.28,0,"	1161,1162" 
2020-02-19T18:30:00Z,"SPY",2020-02-19T18:50:00Z,Buy,309.581212284,309.498964353,820,-67.44,8.2,-82.43,14.99,97.42,0,"	1163,1164" 
2020-02-20T16:30:00Z,"SPY",2020-02-20T18:25:00Z,Sell,307.031526423,307.232576921,826,-166.07,8.26,-407.62,1207.77,1615.39,0,"	1165,1166" 
2020-02-20T19:00:00Z,"SPY",2020-02-20T19:20:00Z,Sell,306.921862515,307.442766078,826,-430.27,8.26,-615.21,0,615.21,0,"	1167,1168" 
2020-02-21T15:00:00Z,"SPY",2020-02-21T16:40:00Z,Sell,305.313458531,305.587618301,827,-226.73,8.27,-309.86,755.77,1039.18,0,"	1169,1170" 
2020-02-21T17:30:00Z,"SPY",2020-02-21T20:58:00Z,Sell,305.368290485,304.68289106,825,565.45,8.25,-90.47,1161.07,919.81,1,"	1171,1172" 
2020-02-25T15:30:00Z,"SPY",2020-02-25T20:58:00Z,Sell,292.665554475,285.884669497,771,5228.06,7.71,-591.86,5918.56,2381.52,1,"	1173,1174" 
2020-02-26T15:00:00Z,"SPY",2020-02-26T17:05:00Z,Buy,288.352107427,287.218913711,718,-813.63,7.18,-813.63,1679.76,2493.39,0,"	1175,1176" 
2020-02-26T19:00:00Z,"SPY",2020-02-26T19:20:00Z,Sell,284.294542831,285.007358233,723,-515.37,7.23,-1136.45,79.29,1215.73,0,"	1177,1178" 
2020-02-27T15:30:00Z,"SPY",2020-02-27T16:15:00Z,Sell,276.499266704,279.770906626,784,-2564.97,7.84,-3045,1246.66,4291.66,0,"	1179,1180" 
2020-02-27T20:00:00Z,"SPY",2020-02-27T20:58:00Z,Sell,277.065863562,272.990021648,767,3126.17,7.67,-778.04,3133.18,1450.94,1,"	1181,1182" 
2020-02-28T15:00:00Z,"SPY",2020-02-28T16:10:00Z,Sell,262.782139545,263.120269928,638,-215.73,6.38,-1673.34,1139.86,2813.2,0,"	1183,1184" 
2020-03-02T16:30:00Z,"SPY",2020-03-02T20:58:00Z,Buy,275.62195544,281.753995629,607,3722.15,6.07,-1353.51,3905.2,2673.73,1,"	1185,1186" 
2020-03-03T16:30:00Z,"SPY",2020-03-03T20:58:00Z,Sell,277.212082106,273.949580843,480,1566,4.8,-2044.14,2482.79,2842.49,1,"	1187,1188" 
2020-03-04T18:30:00Z,"SPY",2020-03-04T20:58:00Z,Buy,282.284037851,285.665341681,460,1555.4,4.6,-235.41,1622.66,549.85,1,"	1189,1190" 
2020-03-05T18:00:00Z,"SPY",2020-03-05T18:45:00Z,Sell,276.426157432,276.691178543,408,-108.13,4.08,-559.29,324.39,883.67,0,"	1191,1192" 
2020-03-05T19:30:00Z,"SPY",2020-03-05T20:58:00Z,Sell,275.457459578,276.407880114,409,-388.72,4.09,-568.13,467.21,930.69,0,"	1193,1194" 
2020-03-11T14:30:00Z,"SPY",2020-03-11T16:15:00Z,Sell,254.813228897,255.507766981,307,-213.22,3.07,-303,718.23,1021.23,0,"	1195,1196" 
2020-03-11T17:00:00Z,"SPY",2020-03-11T19:58:00Z,Sell,252.693060009,251.514172998,309,364.28,3.09,-127.07,1567.23,1485.34,1,"	1197,1198" 
2020-03-12T16:00:00Z,"SPY",2020-03-12T17:10:00Z,Sell,231.016160861,240.785387332,327,-3194.54,3.27,-4097.02,708.24,4805.25,0,"	1199,1200" 
2020-03-12T19:00:00Z,"SPY",2020-03-12T19:58:00Z,Sell,230.349038754,228.630970862,320,549.78,3.2,-839.29,570.25,1049.85,1,"	1201,1202" 
2020-03-17T16:00:00Z,"SPY",2020-03-17T17:20:00Z,Buy,229.435172854,225.185696419,210,-892.39,2.1,-1068.95,928.85,1997.8,0,"	1203,1204" 
2020-03-17T18:00:00Z,"SPY",2020-03-17T19:58:00Z,Buy,228.110067299,231.134963428,210,635.23,2.1,-424.13,949.96,1374.09,1,"	1205,1206" 
2020-03-18T17:30:00Z,"SPY",2020-03-18T19:10:00Z,Sell,212.885061405,214.374662822,215,-320.26,2.15,-424.4,895.95,1320.35,0,"	1207,1208" 
2020-03-18T19:30:00Z,"SPY",2020-03-18T19:58:00Z,Sell,211.852392938,216.723298185,216,-1052.12,2.16,-1673.91,150.02,1823.93,0,"	1209,1210" 
2020-03-19T15:30:00Z,"SPY",2020-03-19T16:15:00Z,Buy,223.869729523,220.662060214,202,-647.95,2.02,-834.4,156.91,991.31,0,"	1211,1212" 
2020-03-19T18:00:00Z,"SPY",2020-03-19T19:20:00Z,Buy,223.421935232,222.206493585,201,-244.3,2.01,-632.8,477.59,1110.39,0,"	1213,1214" 
2020-03-19T19:30:00Z,"SPY",2020-03-19T19:58:00Z,Buy,223.07466619,220.643782896,201,-488.61,2.01,-640.15,207.57,847.72,0,"	1215,1216" 
2020-03-20T16:30:00Z,"SPY",2020-03-20T16:50:00Z,Sell,216.2967014,218.25467834,206,-403.34,2.06,-462.05,0,462.05,0,"	1217,1218" 
2020-03-20T19:00:00Z,"SPY",2020-03-20T19:58:00Z,Sell,213.5389874,210.42277058,208,648.17,2.08,-407.26,694.06,812.61,1,"	1219,1220" 
2020-03-23T15:00:00Z,"SPY",2020-03-23T17:00:00Z,Sell,205.45888538,209.0347212,224,-800.99,2.24,-924.53,1043.96,1968.49,0,"	1221,1222" 
2020-03-23T18:00:00Z,"SPY",2020-03-23T19:58:00Z,Sell,204.93491972,205.8173882,223,-196.79,2.23,-409.98,770.76,1160.24,0,"	1223,1224" 
2020-03-24T14:30:00Z,"SPY",2020-03-24T15:05:00Z,Buy,219.21068586,218.1811393,208,-214.15,2.08,-231.35,86.04,317.39,0,"	1225,1226" 
2020-03-24T16:00:00Z,"SPY",2020-03-24T18:10:00Z,Buy,221.02158472,216.67358898,206,-895.69,2.06,-895.69,427.96,1323.65,0,"	1227,1228" 
2020-03-24T19:00:00Z,"SPY",2020-03-24T19:58:00Z,Buy,221.15027804,224.32164914,205,650.13,2.05,-35.8,650.13,347.68,1,"	1229,1230" 
2020-03-25T17:00:00Z,"SPY",2020-03-25T19:58:00Z,Buy,230.57246754,227.4654431,182,-565.48,2,-647.46,915.14,1562.59,0,"	1231,1232" 
2020-03-26T14:00:00Z,"SPY",2020-03-26T19:58:00Z,Buy,233.21987298,241.0701655,178,1397.35,2,-98.17,1405.53,621.77,1,"	1233,1234" 
2020-04-02T14:30:00Z,"SPY",2020-04-02T15:40:00Z,Buy,228.91783914,229.2579572,206,70.06,2.06,-53.02,651.41,704.43,1,"	1235,1236" 
2020-04-02T17:00:00Z,"SPY",2020-04-02T17:30:00Z,Buy,230.728738,227.96183162,204,-564.45,2.04,-564.45,133.14,697.59,0,"	1237,1238" 
2020-04-03T17:30:00Z,"SPY",2020-04-03T18:40:00Z,Sell,226.76682222,226.42670416,226,76.87,2.26,-28.05,288.77,316.82,1,"	1239,1240" 
2020-04-06T17:00:00Z,"SPY",2020-04-06T18:25:00Z,Buy,241.19885882,240.6565084,258,-139.93,2.58,-237.16,123.32,360.49,0,"	1241,1242" 
2020-04-08T18:30:00Z,"SPY",2020-04-08T19:30:00Z,Buy,250.77731878,251.69655678,258,237.16,2.58,0,343.89,253.76,1,"	1243,1244" 
2020-04-09T14:00:00Z,"SPY",2020-04-09T14:25:00Z,Buy,257.86464376,255.43785544,248,-601.84,2.48,-772.82,0,772.82,0,"	1245,1246" 
2020-04-13T14:00:00Z,"SPY",2020-04-13T16:05:00Z,Sell,251.99990532,252.22971482,271,-62.28,2.71,-313.88,635.24,697.52,0,"	1247,1248" 
2020-04-13T17:30:00Z,"SPY",2020-04-13T17:50:00Z,Sell,250.85085782,251.6414025,273,-215.82,2.73,-306.16,0,306.16,0,"	1249,1250" 
2020-04-14T14:00:00Z,"SPY",2020-04-14T14:40:00Z,Buy,260.01566068,259.49169502,270,-141.47,2.7,-148.92,201.04,349.95,0,"	1251,1252" 
2020-04-21T15:00:00Z,"SPY",2020-04-21T17:40:00Z,Sell,252.02748246,252.7444881,369,-264.58,3.69,-264.58,685.18,949.76,0,"	1253,1254" 
2020-04-21T19:00:00Z,"SPY",2020-04-21T19:30:00Z,Sell,251.37482348,252.1469834,369,-284.93,3.69,-413.82,288.32,702.14,0,"	1255,1256" 
2020-04-23T14:30:00Z,"SPY",2020-04-23T15:50:00Z,Buy,259.62958072,259.14238458,387,-188.54,3.87,-188.54,476.7,665.24,0,"	1257,1258" 
2020-04-27T19:30:00Z,"SPY",2020-04-27T19:58:00Z,Buy,264.29930976,264.31769452,393,7.23,3.93,-30.71,240.24,270.95,1,"	1259,1260" 
2020-04-29T17:00:00Z,"SPY",2020-04-29T18:20:00Z,Buy,270.2100101,269.22642544,494,-485.89,4.94,-622.12,267.92,890.04,0,"	1261,1262" 
2020-04-29T19:00:00Z,"SPY",2020-04-29T19:58:00Z,Buy,270.24677962,269.68604444,492,-275.88,4.92,-278.14,384.43,662.57,0,"	1263,1264" 
2020-04-30T16:00:00Z,"SPY",2020-04-30T19:35:00Z,Sell,266.19294004,266.98348472,516,-407.92,5.16,-611.88,469.58,1081.47,0,"	1265,1266" 
2020-05-01T16:00:00Z,"SPY",2020-05-01T19:58:00Z,Sell,259.87777498,259.16076934,524,375.71,5.24,-313.09,539.48,852.57,1,"	1267,1268" 
2020-05-05T14:00:00Z,"SPY",2020-05-05T15:00:00Z,Buy,264.88762208,264.70377448,521,-95.78,5.21,-330.46,57.47,387.93,0,"	1269,1270" 
2020-05-05T15:30:00Z,"SPY",2020-05-05T16:45:00Z,Buy,265.21854776,265.12662396,520,-47.8,5.2,-81.26,313.09,394.35,0,"	1271,1272" 
2020-05-05T17:30:00Z,"SPY",2020-05-05T19:35:00Z,Buy,265.21854776,263.60068888,520,-841.29,5.2,-841.29,339.38,1180.67,0,"	1273,1274" 
2020-05-12T17:30:00Z,"SPY",2020-05-12T17:50:00Z,Sell,267.29602564,267.65452846,699,-250.59,6.99,-292.36,0,292.36,0,"	1275,1276" 
2020-05-12T18:30:00Z,"SPY",2020-05-12T19:05:00Z,Sell,267.35117992,267.37875706,698,-19.25,6.98,-198.9,333.65,532.55,0,"	1277,1278" 
2020-05-12T19:30:00Z,"SPY",2020-05-12T19:58:00Z,Sell,266.23890194,263.92242218,701,1623.85,7.01,-32.22,1630.3,244.87,1,"	1279,1280" 
2020-05-13T14:00:00Z,"SPY",2020-05-13T14:20:00Z,Sell,261.82655954,262.51598804,695,-479.15,6.95,-709.15,0,709.15,0,"	1281,1282" 
2020-05-13T15:00:00Z,"SPY",2020-05-13T19:58:00Z,Sell,261.76221288,258.91257508,692,1971.95,6.92,-343.5,3606.76,1768.39,1,"	1283,1284" 
2020-05-14T14:00:00Z,"SPY",2020-05-14T14:50:00Z,Sell,254.51861744,257.4785638,680,-2012.76,6.8,-2012.76,225.03,2237.79,0,"	1285,1286" 
2020-05-18T15:00:00Z,"SPY",2020-05-18T16:20:00Z,Buy,270.74316814,270.86266908,654,78.15,6.54,0,571.12,492.97,1,"	1287,1288" 
2020-05-18T17:30:00Z,"SPY",2020-05-18T19:25:00Z,Buy,271.89221564,271.68998328,652,-131.86,6.52,-263.71,137.85,356.61,0,"	1289,1290" 
2020-05-20T14:30:00Z,"SPY",2020-05-20T16:20:00Z,Buy,273.30784216,272.81145364,614,-304.78,6.14,-372.51,276.56,649.07,0,"	1291,1292" 
2020-05-21T15:00:00Z,"SPY",2020-05-21T16:20:00Z,Sell,271.92898516,271.65321376,601,165.74,6.01,-16.57,1121.5,1138.07,1,"	1293,1294" 
2020-05-22T15:00:00Z,"SPY",2020-05-22T15:25:00Z,Sell,269.73200634,269.81473776,686,-56.75,6.86,-345.57,0,345.57,0,"	1295,1296" 
2020-05-27T15:00:00Z,"SPY",2020-05-27T15:20:00Z,Sell,273.96050114,274.68669916,669,-485.83,6.69,-491.98,301.34,793.31,0,"	1297,1298" 
2020-05-29T14:30:00Z,"SPY",2020-05-29T15:30:00Z,Sell,277.18702652,277.03075606,662,103.45,6.62,-279.93,547.68,596.36,1,"	1299,1300" 
2020-06-03T19:30:00Z,"SPY",2020-06-03T19:58:00Z,Buy,287.3537988,286.90337218,751,-338.27,7.51,-338.27,269.24,607.51,0,"	1301,1302" 
2020-06-05T15:00:00Z,"SPY",2020-06-05T19:58:00Z,Buy,293.39319246,293.27369152,840,-100.38,8.4,-563.68,1401.47,1965.15,0,"	1303,1304" 
2020-06-08T18:00:00Z,"SPY",2020-06-08T19:58:00Z,Buy,295.78321126,296.89548924,752,836.43,7.52,-82.95,881.37,317.98,1,"	1305,1306" 
2020-06-10T14:30:00Z,"SPY",2020-06-10T15:30:00Z,Sell,293.26449914,293.82523432,871,-488.4,8.71,-760.62,584.48,1265.04,0,"	1307,1308" 
2020-06-11T14:30:00Z,"SPY",2020-06-11T19:58:00Z,Sell,285.12005046,276.43325136,892,7748.62,8.92,-787.16,8052.01,1803.91,1,"	1309,1310" 
2020-06-12T18:00:00Z,"SPY",2020-06-12T18:20:00Z,Sell,274.72346868,275.91847808,528,-630.96,5.28,-1004.69,0,1004.69,0,"	1311,1312" 
2020-06-15T18:30:00Z,"SPY",2020-06-15T19:45:00Z,Buy,283.0333802,280.97428708,505,-1039.84,5.05,-1411.21,0,1411.21,0,"	1313,1314" 
2020-06-17T14:30:00Z,"SPY",2020-06-17T14:50:00Z,Sell,286.46213794,287.25268262,491,-388.16,4.91,-424.27,121.86,546.13,0,"	1315,1316" 
2020-06-19T18:30:00Z,"SPY",2020-06-19T18:50:00Z,Sell,284.00212764,285.20239671,493,-591.73,4.93,-760.15,76.93,837.07,0,"	1317,1318" 
2020-06-24T14:00:00Z,"SPY",2020-06-24T19:58:00Z,Sell,284.122154547,280.816798185,496,1639.46,4.96,-256.45,2472.92,1506.65,1,"	1319,1320" 
2020-06-26T14:30:00Z,"SPY",2020-06-26T19:58:00Z,Sell,279.607296276,276.98517,508,1332.04,5.08,-98.5,1571.24,942.75,1,"	1321,1322" 
2020-06-30T16:00:00Z,"SPY",2020-06-30T16:20:00Z,Buy,283.26350052,283.826703699,483,272.03,4.83,-49.05,287.64,71.35,1,"	1323,1324" 
2020-07-02T14:00:00Z,"SPY",2020-07-02T14:20:00Z,Buy,291.194509221,290.677470237,715,-369.68,7.15,-488.51,105.62,594.13,0,"	1325,1326" 
2020-07-08T14:00:00Z,"SPY",2020-07-08T14:35:00Z,Buy,291.85004079,291.240673416,732,-446.06,7.32,-577.85,81.1,658.95,0,"	1327,1328" 
2020-07-09T15:00:00Z,"SPY",2020-07-09T17:15:00Z,Sell,288.009179766,289.994240151,736,-1461,7.36,-1484.79,808.65,2293.44,0,"	1329,1330" 
2020-07-09T18:00:00Z,"SPY",2020-07-09T18:20:00Z,Sell,289.338708582,290.474347779,725,-823.34,7.25,-823.34,0,823.34,0,"	1331,1332" 
2020-07-10T19:00:00Z,"SPY",2020-07-10T19:58:00Z,Buy,292.607133588,293.23496664,705,442.62,7.05,-240.84,527.24,455.64,1,"	1333,1334" 
2020-07-13T15:30:00Z,"SPY",2020-07-13T16:00:00Z,Buy,297.528236775,297.029663469,692,-345.01,6.92,-434.46,0,434.46,0,"	1335,1336" 
2020-07-13T17:30:00Z,"SPY",2020-07-13T18:05:00Z,Buy,297.546702453,296.761911138,690,-541.51,6.9,-541.51,222.97,764.48,0,"	1337,1338" 
2020-07-14T18:30:00Z,"SPY",2020-07-14T19:20:00Z,Buy,292.902584436,291.951602019,686,-652.37,6.86,-772.71,158.34,931.06,0,"	1339,1340" 
2020-07-14T19:30:00Z,"SPY",2020-07-14T19:58:00Z,Buy,293.004145665,294.546029778,683,1053.11,6.83,-31.53,1147.7,258.55,1,"	1341,1342" 
2020-07-20T17:30:00Z,"SPY",2020-07-20T19:58:00Z,Buy,298.49768487,299.679488262,886,1047.08,8.86,-114.52,1370.2,327.21,1,"	1343,1344" 
2020-07-22T14:00:00Z,"SPY",2020-07-22T14:40:00Z,Buy,300.732031908,300.71356623,887,-16.38,8.87,-376.72,196.55,573.27,0,"	1345,1346" 
2020-07-23T17:00:00Z,"SPY",2020-07-23T19:58:00Z,Sell,300.298088475,297.925248852,888,2107.08,8.88,-450.93,2951.55,1238.01,1,"	1347,1348" 
2020-07-27T14:00:00Z,"SPY",2020-07-27T15:15:00Z,Buy,297.869851818,297.519003936,909,-318.92,9.09,-318.92,251.78,570.7,0,"	1349,1350" 
2020-07-29T14:00:00Z,"SPY",2020-07-29T19:58:00Z,Buy,298.054508598,299.928774915,906,1698.09,9.06,0,2358.92,1137.63,1,"	1351,1352" 
2020-07-30T14:00:00Z,"SPY",2020-07-30T15:15:00Z,Sell,295.561642068,297.131224698,925,-1451.86,9.25,-1665.37,230.59,1895.96,0,"	1353,1354" 
2020-07-31T14:30:00Z,"SPY",2020-07-31T15:30:00Z,Sell,297.962180208,299.245544829,908,-1165.3,9.08,-1366.5,134.13,1500.63,0,"	1355,1356" 
2020-07-31T16:30:00Z,"SPY",2020-07-31T18:50:00Z,Sell,298.109905632,298.396123641,900,-257.6,9,-440.41,1229.81,1670.22,0,"	1357,1358" 
2020-08-06T18:30:00Z,"SPY",2020-08-06T19:58:00Z,Buy,308.044440396,308.496849507,869,393.14,8.69,0,641.87,545.59,1,"	1359,1360" 
2020-08-10T15:00:00Z,"SPY",2020-08-10T15:25:00Z,Sell,307.628962641,308.56147938,873,-814.09,8.73,-814.09,56.42,870.51,0,"	1361,1362" 
2020-08-12T14:00:00Z,"SPY",2020-08-12T19:58:00Z,Buy,310.59270396,311.691411801,859,943.79,8.59,-111.03,1479.13,971.55,1,"	1363,1364" 
2020-08-18T14:30:00Z,"SPY",2020-08-18T14:50:00Z,Sell,310.96201752,311.543686377,864,-502.56,8.64,-502.56,0,502.56,0,"	1365,1366" 
2020-08-20T19:00:00Z,"SPY",2020-08-20T19:35:00Z,Buy,312.273080658,312.060725361,857,-181.99,8.57,-356.06,269.03,625.09,0,"	1367,1368" 
2020-08-21T19:00:00Z,"SPY",2020-08-21T19:50:00Z,Buy,313.316391465,313.205597397,853,-94.51,8.53,-110.26,236.27,346.53,0,"	1369,1370" 
2020-08-26T15:30:00Z,"SPY",2020-08-26T19:58:00Z,Buy,318.948423255,321.016579191,838,1733.11,8.38,-54.16,1810.49,1083.2,1,"	1371,1372" 
2020-08-27T14:00:00Z,"SPY",2020-08-27T14:20:00Z,Buy,322.475367753,321.819836184,839,-549.99,8.39,-1340.12,0,1340.12,0,"	1373,1374" 
2020-08-27T14:30:00Z,"SPY",2020-08-27T15:35:00Z,Buy,322.419970719,322.346108007,836,-61.75,8.36,-482.42,439.96,922.38,0,"	1375,1376" 
2020-08-27T16:00:00Z,"SPY",2020-08-27T16:20:00Z,Buy,322.724654406,321.76443915,834,-800.82,8.34,-800.82,0,800.82,0,"	1377,1378" 
2020-08-31T15:30:00Z,"SPY",2020-08-31T15:55:00Z,Sell,322.669257372,323.435583009,830,-636.05,8.3,-674.37,145.6,819.97,0,"	1379,1380" 
2020-09-01T14:30:00Z,"SPY",2020-09-01T15:10:00Z,Buy,324.432729621,323.952621993,821,-394.17,8.21,-560.93,0,560.93,0,"	1381,1382" 
2020-09-01T17:00:00Z,"SPY",2020-09-01T19:58:00Z,Buy,324.266538519,325.097494029,819,680.55,8.19,-245.76,684.33,366.74,1,"	1383,1384" 
2020-09-02T16:30:00Z,"SPY",2020-09-02T19:58:00Z,Buy,328.162796577,330.609498912,813,1989.17,8.13,-30.03,2443.3,623.02,1,"	1385,1386" 
2020-09-03T14:30:00Z,"SPY",2020-09-03T19:58:00Z,Sell,325.660697208,318.985354611,832,5553.89,8.32,-222.77,7727.81,3034.28,1,"	1387,1388" 
2020-09-04T14:00:00Z,"SPY",2020-09-04T16:45:00Z,Sell,317.194183845,314.812111383,792,1886.6,7.92,-650.8,6317.92,4636.07,1,"	1389,1390" 
2020-09-04T17:30:00Z,"SPY",2020-09-04T18:35:00Z,Sell,313.27022727,315.20912346,812,-1574.38,8.12,-1671.85,524.79,2196.64,0,"	1391,1392" 
2020-09-08T19:00:00Z,"SPY",2020-09-08T19:58:00Z,Sell,308.819998872,307.739756709,795,858.79,7.95,-645.93,1137.72,1783.65,1,"	1393,1394" 
2020-09-09T14:00:00Z,"SPY",2020-09-09T19:58:00Z,Buy,312.217683624,314.313538077,669,1402.13,6.69,0,2606.6,1204.47,1,"	1395,1396" 
2020-09-10T18:30:00Z,"SPY",2020-09-10T19:58:00Z,Sell,308.616876414,308.727670482,638,-70.69,6.38,-1119.2,671.52,1466.75,0,"	1397,1398" 
2020-09-11T17:30:00Z,"SPY",2020-09-11T17:55:00Z,Sell,306.244036791,306.788774292,613,-333.92,6.13,-520.7,282.99,803.68,0,"	1399,1400" 
2020-09-11T18:00:00Z,"SPY",2020-09-11T18:20:00Z,Sell,306.040914333,307.148855013,612,-678.06,6.12,-909.73,50.85,960.58,0,"	1401,1402" 
2020-09-14T14:00:00Z,"SPY",2020-09-14T17:05:00Z,Buy,312.947077905,313.408719855,597,275.6,5.97,-77.17,702.78,526.4,1,"	1403,1404" 
2020-09-18T16:30:00Z,"SPY",2020-09-18T19:58:00Z,Sell,307.89653986,306.663655928,608,749.59,6.08,0,2138.88,1772.53,1,"	1405,1406" 
2020-09-21T14:30:00Z,"SPY",2020-09-21T16:10:00Z,Sell,299.13657508,300.638283328,632,-949.08,6.32,-1066.25,521.41,1587.66,0,"	1407,1408" 
2020-09-21T17:00:00Z,"SPY",2020-09-21T17:25:00Z,Sell,299.655684104,300.684632348,626,-644.12,6.26,-644.12,324.96,969.08,0,"	1409,1410" 
2020-09-23T16:00:00Z,"SPY",2020-09-23T16:55:00Z,Sell,303.595350804,304.392553948,609,-485.5,6.09,-609.69,200.41,810.1,0,"	1411,1412" 
2020-09-23T18:00:00Z,"SPY",2020-09-23T19:58:00Z,Sell,303.113320996,299.04387704,607,2470.15,6.07,0,2745.86,768.05,1,"	1413,1414" 
2020-09-24T17:30:00Z,"SPY",2020-09-24T18:30:00Z,Buy,302.492244128,300.832949212,628,-1042.04,6.28,-1088.61,221.21,1309.82,0,"	1415,1416" 
2020-09-25T17:30:00Z,"SPY",2020-09-25T19:58:00Z,Buy,302.390276284,304.818964932,715,1736.51,7.15,0,2180.58,855,1,"	1417,1418" 
2020-09-29T16:00:00Z,"SPY",2020-09-29T16:55:00Z,Sell,307.89653986,308.285871628,713,-277.59,7.13,-277.59,218.11,495.7,0,"	1419,1420" 
2020-09-30T14:00:00Z,"SPY",2020-09-30T18:50:00Z,Buy,310.603322628,309.972975956,768,-484.11,7.68,-484.11,2291.67,2775.78,0,"	1421,1422" 
2020-10-05T14:30:00Z,"SPY",2020-10-05T18:00:00Z,Buy,313.013471668,313.171058336,816,128.59,8.16,0,832.06,748.85,1,"	1423,1424" 
2020-10-05T19:00:00Z,"SPY",2020-10-05T19:58:00Z,Buy,314.403942268,314.9415909,813,437.11,8.13,-143.19,580.3,354.21,1,"	1425,1426" 
2020-10-06T19:00:00Z,"SPY",2020-10-06T19:58:00Z,Sell,312.410934408,311.09462224,760,1000.4,7.6,0,1796.49,1585.14,1,"	1427,1428" 
2020-10-07T18:30:00Z,"SPY",2020-10-07T19:58:00Z,Buy,316.294982284,316.28571248,724,-6.71,7.24,-255.03,248.32,429.53,0,"	1429,1430" 
2020-10-12T15:30:00Z,"SPY",2020-10-12T19:58:00Z,Buy,326.056085896,326.862558844,723,583.08,7.23,-120.64,1521.37,1172.86,1,"	1431,1432" 
2020-10-14T14:00:00Z,"SPY",2020-10-14T14:20:00Z,Buy,326.046816092,325.240343144,849,-684.7,8.49,-684.7,0,684.7,0,"	1433,1434" 
2020-10-14T16:00:00Z,"SPY",2020-10-14T17:20:00Z,Sell,322.756035672,322.783845084,854,-23.75,8.54,-649.15,799.56,981.64,0,"	1435,1436" 
2020-10-14T17:30:00Z,"SPY",2020-10-14T18:00:00Z,Sell,322.31108508,322.709686652,855,-340.8,8.55,-404.21,344.77,748.98,0,"	1437,1438" 
2020-10-16T14:30:00Z,"SPY",2020-10-16T15:15:00Z,Buy,325.017867848,324.016729016,836,-836.95,8.36,-1046.19,0,1046.19,0,"	1439,1440" 
2020-10-19T18:00:00Z,"SPY",2020-10-19T19:58:00Z,Sell,319.650651332,316.684314052,891,2643.01,8.91,-272.56,3014.68,1106.76,1,"	1441,1442" 
2020-10-20T14:00:00Z,"SPY",2020-10-20T14:40:00Z,Buy,319.650651332,319.196430936,837,-380.18,8.37,-535.36,225.01,760.36,0,"	1443,1444" 
2020-10-20T17:30:00Z,"SPY",2020-10-20T18:45:00Z,Buy,321.115280364,320.438584672,831,-562.33,8.31,-770.32,323.53,1093.86,0,"	1445,1446" 
2020-10-21T14:00:00Z,"SPY",2020-10-21T15:05:00Z,Buy,320.17903016,318.658782304,837,-1272.45,8.37,-1280.21,69.83,1350.04,0,"	1447,1448" 
2020-10-26T15:00:00Z,"SPY",2020-10-26T19:58:00Z,Sell,314.839623056,314.29270462,916,500.98,9.16,0,3303.05,2802.08,1,"	1449,1450" 
2020-10-27T14:30:00Z,"SPY",2020-10-27T14:50:00Z,Sell,313.745786184,314.700575996,915,-873.63,9.15,-949.97,0,949.97,0,"	1451,1452" 
2020-10-28T14:00:00Z,"SPY",2020-10-28T16:20:00Z,Sell,307.080797108,305.931341412,937,1077.04,9.37,-104.23,3105.18,2175.79,1,"	1453,1454" 
2020-10-28T16:30:00Z,"SPY",2020-10-28T19:58:00Z,Sell,305.291724936,302.501513932,950,2650.7,9.5,-361.06,2655.1,2228,1,"	1455,1456" 
2020-10-29T14:00:00Z,"SPY",2020-10-29T19:58:00Z,Buy,303.919793944,307.145685736,801,2583.94,8.01,-400.96,4061.54,1626.1,1,"	1457,1458" 
2020-10-30T14:30:00Z,"SPY",2020-10-30T16:35:00Z,Sell,301.5003751,302.112182164,815,-498.62,8.15,-1065.24,1510.98,2576.22,0,"	1459,1460" 
2020-10-30T17:00:00Z,"SPY",2020-10-30T19:58:00Z,Sell,301.22228098,301.389137452,813,-135.65,8.13,-376.82,1560.02,1703.22,0,"	1461,1462" 
2020-11-02T15:30:00Z,"SPY",2020-11-02T15:50:00Z,Buy,307.368161032,306.394831612,881,-857.5,8.81,-1086.17,0,1086.17,0,"	1463,1464" 
2020-11-03T15:00:00Z,"SPY",2020-11-03T18:10:00Z,Buy,310.890686552,311.901095188,809,817.42,8.09,0,2141.04,1548.6,1,"	1465,1466" 
2020-11-03T20:30:00Z,"SPY",2020-11-03T20:58:00Z,Buy,311.864015972,312.197728916,811,270.64,8.11,0,1135.19,864.55,1,"	1467,1468" 
2020-11-04T15:00:00Z,"SPY",2020-11-04T20:20:00Z,Buy,317.500056804,318.714401128,722,876.76,7.22,-100.39,3553.88,2677.12,1,"	1469,1470" 
2020-11-05T16:00:00Z,"SPY",2020-11-05T16:35:00Z,Buy,325.991197268,325.518437264,636,-300.68,6.36,-677.99,70.75,748.74,0,"	1471,1472" 
2020-11-06T15:00:00Z,"SPY",2020-11-06T15:25:00Z,Sell,322.839463908,324.276283528,603,-866.4,6.03,-866.4,33.54,899.94,0,"	1473,1474" 
2020-11-12T18:30:00Z,"SPY",2020-11-12T19:10:00Z,Sell,326.519576096,327.205541592,607,-416.38,6.07,-883.4,73.15,956.55,0,"	1475,1476" 
2020-11-12T19:30:00Z,"SPY",2020-11-12T20:58:00Z,Sell,326.936717276,327.066494532,604,-78.39,6.04,-229.56,683.07,761.46,0,"	1477,1478" 
2020-11-17T15:00:00Z,"SPY",2020-11-17T15:20:00Z,Sell,332.220505556,333.230914192,613,-619.38,6.13,-619.38,0,619.38,0,"	1479,1480" 
2020-11-24T16:30:00Z,"SPY",2020-11-24T20:58:00Z,Buy,335.956236568,336.827598144,844,735.43,8.44,-125.18,1024.91,1087.5,1,"	1481,1482" 
2020-11-25T15:00:00Z,"SPY",2020-11-25T16:20:00Z,Sell,335.715221664,335.650333036,888,57.62,8.88,-214.02,485.66,699.68,1,"	1483,1484" 
2020-11-25T16:30:00Z,"SPY",2020-11-25T17:15:00Z,Sell,335.678142448,335.863538528,888,-164.63,8.88,-164.63,362.19,526.82,0,"	1485,1486" 
2020-11-25T17:30:00Z,"SPY",2020-11-25T17:50:00Z,Sell,335.650333036,336.141632648,887,-435.78,8.87,-435.78,0,435.78,0,"	1487,1488" 
2020-11-30T15:30:00Z,"SPY",2020-11-30T18:00:00Z,Sell,334.82532048,334.927288324,887,-90.45,8.87,-106.89,1475.91,1582.8,0,"	1489,1490" 
2020-11-30T19:00:00Z,"SPY",2020-11-30T19:30:00Z,Sell,334.658464008,334.992176952,886,-295.67,8.86,-295.67,291.56,587.23,0,"	1491,1492" 
2020-12-01T15:30:00Z,"SPY",2020-12-01T15:55:00Z,Buy,340.183267192,339.469492284,870,-620.98,8.7,-903.25,8.06,911.31,0,"	1493,1494" 
2020-12-01T16:30:00Z,"SPY",2020-12-01T17:05:00Z,Buy,339.886633464,339.821744836,867,-56.26,8.67,-417.92,200.92,618.84,0,"	1495,1496" 
2020-12-01T17:30:00Z,"SPY",2020-12-01T18:10:00Z,Buy,339.886633464,339.9700617,867,72.33,8.67,-313.44,160.74,474.18,1,"	1497,1498" 
2020-12-01T18:30:00Z,"SPY",2020-12-01T20:10:00Z,Buy,340.183267192,339.052351104,867,-980.5,8.67,-1036.76,474.18,1510.94,0,"	1499,1500" 
2020-12-03T15:30:00Z,"SPY",2020-12-03T16:25:00Z,Buy,340.730185628,340.813613864,859,71.66,8.59,-485.73,293.83,779.55,1,"	1501,1502" 
2020-12-04T15:00:00Z,"SPY",2020-12-04T20:58:00Z,Buy,341.351262496,342.61195584,858,1081.67,8.58,-87.49,1089.63,536.07,1,"	1503,1504" 
2020-12-08T18:00:00Z,"SPY",2020-12-08T19:15:00Z,Buy,343.010557412,343.158874276,860,127.55,8.6,-51.82,223.22,271.05,1,"	1505,1506" 
2020-12-08T19:30:00Z,"SPY",2020-12-08T20:00:00Z,Buy,343.548206044,343.2144931,860,-286.99,8.6,-446.43,0,446.43,0,"	1507,1508" 
2020-12-09T18:00:00Z,"SPY",2020-12-09T20:58:00Z,Sell,341.610817008,341.026819356,863,503.99,8.63,-24,1983.96,1479.97,1,"	1509,1510" 
2020-12-14T15:00:00Z,"SPY",2020-12-14T15:50:00Z,Buy,342.537797408,341.610817008,863,-799.98,8.63,-799.98,192,991.98,0,"	1511,1512" 
2020-12-15T19:00:00Z,"SPY",2020-12-15T20:45:00Z,Buy,342.222624072,342.074307208,859,-127.4,8.59,-410.08,294.62,704.7,0,"	1513,1514" 
2020-12-18T15:00:00Z,"SPY",2020-12-18T20:58:00Z,Sell,344.091011916,344.295816912,854,-174.9,8.54,-457.13,1971.64,2428.77,0,"	1515,1516" 
2020-12-21T15:30:00Z,"SPY",2020-12-21T16:20:00Z,Sell,337.760675676,339.036052242,869,-1108.3,8.69,-1367.18,137.53,1504.7,0,"	1517,1518" 
2020-12-23T15:00:00Z,"SPY",2020-12-23T15:20:00Z,Buy,343.504524882,342.992512392,848,-434.19,8.48,-505.24,7.89,513.13,0,"	1519,1520" 
2021-01-04T15:30:00Z,"SPY",2021-01-04T20:58:00Z,Sell,346.753476864,343.309029204,837,2883,8.37,0,5672.5,3163.51,1,"	1521,1522" 
2021-01-05T15:00:00Z,"SPY",2021-01-05T15:35:00Z,Buy,344.58440577,343.83966033,859,-639.74,8.59,-743.69,567.77,1311.46,0,"	1523,1524" 
2021-01-05T18:00:00Z,"SPY",2021-01-05T20:58:00Z,Buy,344.919541218,345.729451884,855,692.47,8.55,-103.47,1496.38,1154.12,1,"	1525,1526" 
2021-01-06T15:00:00Z,"SPY",2021-01-06T20:40:00Z,Buy,346.530053232,347.526150258,855,851.66,8.55,-71.64,3709.11,3016.64,1,"	1527,1528" 
2021-01-07T15:00:00Z,"SPY",2021-01-07T20:58:00Z,Buy,351.780508584,353.121050376,847,1135.44,8.47,-39.42,1498.15,1135.44,1,"	1529,1530" 
2021-01-15T15:30:00Z,"SPY",2021-01-15T15:50:00Z,Sell,348.699124326,349.33215795,861,-545.04,8.61,-769.47,72.14,841.61,0,"	1531,1532" 
2021-01-20T16:00:00Z,"SPY",2021-01-20T16:20:00Z,Buy,356.342074404,356.304837132,839,-31.24,8.39,-460.82,0,460.82,0,"	1533,1534" 
2021-01-20T17:30:00Z,"SPY",2021-01-20T20:58:00Z,Buy,356.891324166,357.775709376,838,741.11,8.38,0,1080.47,553.89,1,"	1535,1536" 
2021-01-25T16:00:00Z,"SPY",2021-01-25T16:50:00Z,Sell,354.908439432,355.439070558,846,-448.91,8.46,-693.06,1842.91,2535.97,0,"	1537,1538" 
2021-01-27T15:00:00Z,"SPY",2021-01-27T15:20:00Z,Sell,351.482610408,352.40423289,852,-785.22,8.52,-959.72,0,959.72,0,"	1539,1540" 
2021-01-27T16:30:00Z,"SPY",2021-01-27T18:00:00Z,Sell,352.069097442,352.49732607,846,-362.28,8.46,-370.16,1772.03,2142.19,0,"	1541,1542" 
2021-01-27T19:00:00Z,"SPY",2021-01-27T20:58:00Z,Sell,351.315042684,348.149874564,846,2677.73,8.46,-378.03,4174.11,1827.16,1,"	1543,1544" 
2021-01-28T15:00:00Z,"SPY",2021-01-28T20:35:00Z,Buy,351.510538362,352.841770836,860,1144.86,8.6,-112.08,3434.58,2297.73,1,"	1545,1546" 
2021-01-29T16:30:00Z,"SPY",2021-01-29T20:20:00Z,Sell,346.967591178,346.734858228,878,204.34,8.78,-343.29,3514.64,3637.24,1,"	1547,1548" 
2021-02-01T17:30:00Z,"SPY",2021-02-01T20:58:00Z,Buy,350.160687252,350.840267466,867,589.2,8.67,-314.78,968.54,863.62,1,"	1549,1550" 
2021-02-02T15:00:00Z,"SPY",2021-02-02T20:58:00Z,Buy,354.582613302,355.532163738,783,743.5,7.83,0,1647.36,969.46,1,"	1551,1552" 
2021-02-04T15:00:00Z,"SPY",2021-02-04T15:45:00Z,Buy,357.394027338,357.356790066,740,-27.56,7.4,-186,316.89,454.67,0,"	1553,1554" 
2021-02-04T16:00:00Z,"SPY",2021-02-04T16:50:00Z,Buy,357.738472104,358.110844824,739,275.18,7.39,0,282.06,247.67,1,"	1555,1556" 
2021-02-04T18:30:00Z,"SPY",2021-02-04T20:58:00Z,Buy,358.529764134,358.930064808,738,295.42,7.38,-96.18,326.34,316.03,1,"	1557,1558" 
2021-02-18T15:30:00Z,"SPY",2021-02-18T15:55:00Z,Sell,361.657694982,362.476914966,854,-699.61,8.54,-699.61,554.92,1254.53,0,"	1559,1560" 
2021-02-23T15:00:00Z,"SPY",2021-02-23T15:20:00Z,Sell,355.820752596,356.82615894,864,-868.67,8.64,-1142.14,345.86,1488,0,"	1561,1562" 
2021-02-23T18:00:00Z,"SPY",2021-02-23T18:20:00Z,Sell,356.332765086,357.906039828,858,-1349.87,8.58,-1429.74,87.86,1517.61,0,"	1563,1564" 
2021-02-23T20:30:00Z,"SPY",2021-02-23T20:58:00Z,Buy,362.011449066,361.071207948,837,-786.98,8.37,-989.57,0,989.57,0,"	1565,1566" 
2021-02-24T16:00:00Z,"SPY",2021-02-24T20:58:00Z,Buy,361.536673848,365.074214688,833,2946.77,8.33,-23.26,2946.77,790.98,1,"	1567,1568" 
2021-02-25T15:30:00Z,"SPY",2021-02-25T20:58:00Z,Sell,362.793431778,356.342074404,847,5464.3,8.47,0,6891.48,3528.53,1,"	1569,1570" 
2021-02-26T15:30:00Z,"SPY",2021-02-26T16:00:00Z,Sell,352.3576863,355.960392366,903,-3253.24,9.03,-3623.12,0,3623.12,0,"	1571,1572" 
2021-03-01T15:00:00Z,"SPY",2021-03-01T20:58:00Z,Buy,360.214750692,362.374512468,865,1868.19,8.65,-297.94,3184.79,1421.28,1,"	1573,1574" 
2021-03-02T15:30:00Z,"SPY",2021-03-02T17:20:00Z,Sell,360.78261909,361.601839074,866,-709.44,8.66,-773.94,725.57,1499.51,0,"	1575,1576" 
2021-03-03T15:00:00Z,"SPY",2021-03-03T16:05:00Z,Sell,357.952586418,358.678713222,852,-618.66,8.52,-896.26,1007.31,1903.57,0,"	1577,1578" 
2021-03-03T19:30:00Z,"SPY",2021-03-03T20:10:00Z,Sell,356.742375078,357.273006204,852,-452.1,8.52,-705.91,713.84,1419.75,0,"	1579,1580" 
2021-03-03T20:30:00Z,"SPY",2021-03-03T20:58:00Z,Sell,356.537570082,355.681112826,850,727.99,8.5,-411.47,799.2,751.73,1,"	1581,1582" 
2021-03-04T18:00:00Z,"SPY",2021-03-04T20:58:00Z,Sell,350.970597918,349.713839988,827,1039.34,8.27,-623.6,3903.29,4188.15,1,"	1583,1584" 
2021-03-05T16:00:00Z,"SPY",2021-03-05T17:15:00Z,Sell,349.462488402,349.834861122,813,-302.74,8.13,-635.75,2028.35,2664.1,0,"	1585,1586" 
2021-03-05T20:00:00Z,"SPY",2021-03-05T20:25:00Z,Buy,356.63997258,356.854086894,795,170.22,7.95,-436.65,414.45,688.28,1,"	1587,1588" 
2021-03-08T15:30:00Z,"SPY",2021-03-08T16:55:00Z,Buy,360.000636378,359.051085942,715,-678.93,7.15,-845.33,399.37,1244.7,0,"	1589,1590" 
2021-03-08T17:30:00Z,"SPY",2021-03-08T18:50:00Z,Buy,360.205441374,358.82766231,712,-980.98,7.12,-980.98,470.6,1451.58,0,"	1591,1592" 
2021-03-09T15:00:00Z,"SPY",2021-03-09T20:45:00Z,Buy,360.521958186,361.220157036,705,492.23,7.05,-29.53,1719.52,1227.29,1,"	1593,1594" 
2021-03-11T16:00:00Z,"SPY",2021-03-11T19:05:00Z,Buy,366.83367579,367.67151441,654,547.95,6.54,0,937.6,700.15,1,"	1595,1596" 
2021-03-19T14:00:00Z,"SPY",2021-03-19T14:55:00Z,Sell,362.879365959,363.97212291,745,-814.1,7.45,-981.1,814.1,1795.2,0,"	1597,1598" 
2021-03-22T14:00:00Z,"SPY",2021-03-22T19:58:00Z,Buy,365.475831193,366.736704598,853,1075.53,8.53,-207.14,2111.22,1187.06,1,"	1599,1600" 
2021-03-23T19:30:00Z,"SPY",2021-03-23T19:58:00Z,Sell,363.673249214,363.635890002,864,32.28,8.64,-274.37,508.38,782.75,1,"	1601,1602" 
2021-03-24T15:00:00Z,"SPY",2021-03-24T15:25:00Z,Buy,366.344432872,366.204335827,857,-120.06,8.57,-240.13,352.19,592.31,0,"	1603,1604" 
2021-03-25T19:30:00Z,"SPY",2021-03-25T19:58:00Z,Buy,363.757307441,363.990802516,863,201.51,8.63,-32.24,757.66,556.16,1,"	1605,1606" 
2021-03-26T14:30:00Z,"SPY",2021-03-26T15:05:00Z,Buy,366.185656221,365.849423313,858,-288.49,8.58,-528.89,120.2,649.1,0,"	1607,1608" 
2021-03-26T17:00:00Z,"SPY",2021-03-26T17:55:00Z,Buy,366.577927947,365.980180555,856,-511.67,8.56,-839.46,351.77,1191.24,0,"	1609,1610" 
2021-03-26T19:30:00Z,"SPY",2021-03-26T19:58:00Z,Buy,366.895481249,369.323830029,852,2068.95,8.52,0,2068.95,262.6,1,"	1611,1612" 
2021-03-29T14:30:00Z,"SPY",2021-03-29T15:40:00Z,Sell,367.14765593,368.128335245,863,-846.33,8.63,-920.48,169.27,1089.75,0,"	1613,1614" 
2021-03-31T14:00:00Z,"SPY",2021-03-31T19:55:00Z,Buy,369.996295845,370.50998501,851,437.15,8.51,-55.64,1450.54,1092.87,1,"	1615,1616" 
2021-04-01T14:30:00Z,"SPY",2021-04-01T19:15:00Z,Buy,372.863615366,373.31192591,847,379.72,8.47,-316.43,601.22,383.67,1,"	1617,1618" 
2021-04-05T14:00:00Z,"SPY",2021-04-05T19:58:00Z,Buy,377.841730365,379.75638998,838,1604.48,8.38,-234.8,1847.11,868.77,1,"	1619,1620" 
2021-04-09T18:00:00Z,"SPY",2021-04-09T18:55:00Z,Buy,382.754466743,382.791825955,835,31.19,8.35,-171.57,109.18,280.75,1,"	1621,1622" 
2021-04-09T19:30:00Z,"SPY",2021-04-09T19:58:00Z,Buy,383.454951968,384.202136208,834,623.15,8.34,0,704.94,225.89,1,"	1623,1624" 
2021-04-13T18:30:00Z,"SPY",2021-04-13T19:50:00Z,Buy,385.45366981,385.743203703,833,241.18,8.33,0,630.18,490.14,1,"	1625,1626" 
2021-04-14T14:00:00Z,"SPY",2021-04-14T15:10:00Z,Buy,386.509067549,386.051417202,832,-380.77,8.32,-520.64,21.76,542.4,0,"	1627,1628" 
2021-04-14T19:00:00Z,"SPY",2021-04-14T19:30:00Z,Sell,384.192796405,384.753184585,835,-467.92,8.35,-467.92,288.55,756.48,0,"	1629,1630" 
2021-04-15T14:30:00Z,"SPY",2021-04-15T19:58:00Z,Buy,387.190873168,388.190232089,826,825.47,8.26,0,1195.77,651.89,1,"	1631,1632" 
2021-04-19T15:00:00Z,"SPY",2021-04-19T19:58:00Z,Sell,387.919377802,387.489746864,829,356.16,8.29,-240.02,1157.53,956.22,1,"	1633,1634" 
2021-04-20T15:00:00Z,"SPY",2021-04-20T19:58:00Z,Sell,385.117436902,384.98667966,836,109.31,8.36,-163.97,1319.56,1483.53,1,"	1635,1636" 
2021-04-21T14:00:00Z,"SPY",2021-04-21T19:58:00Z,Buy,386.116795823,388.507785391,835,1996.48,8.35,-272.96,2144.65,382.14,1,"	1637,1638" 
2021-04-22T17:30:00Z,"SPY",2021-04-22T19:58:00Z,Sell,387.302950804,385.285553356,842,1698.65,8.42,-62.91,2760.3,1776.5,1,"	1639,1640" 
2021-04-23T14:00:00Z,"SPY",2021-04-23T19:58:00Z,Buy,386.85464026,389.460445297,852,2220.15,8.52,-15.92,3175.05,1102.12,1,"	1641,1642" 
2021-04-27T14:00:00Z,"SPY",2021-04-27T15:00:00Z,Sell,389.320348252,389.628561751,858,-264.45,8.58,-304.51,216.37,520.88,0,"	1643,1644" 
2021-05-04T14:00:00Z,"SPY",2021-05-04T18:20:00Z,Sell,386.537086958,386.649164594,863,-96.72,8.63,-523.92,1684.59,2015.06,0,"	1645,1646" 
2021-05-06T14:00:00Z,"SPY",2021-05-06T14:55:00Z,Sell,387.405688637,387.797960363,860,-337.35,8.6,-393.58,811.26,1204.83,0,"	1647,1648" 
2021-05-06T16:30:00Z,"SPY",2021-05-06T16:55:00Z,Buy,389.955454856,389.637901554,853,-270.87,8.53,-470.04,0,470.04,0,"	1649,1650" 
2021-05-07T14:00:00Z,"SPY",2021-05-07T19:58:00Z,Buy,393.159007285,394.578657341,845,1199.6,8.45,0,1467.94,1128.58,1,"	1651,1652" 
2021-05-10T18:30:00Z,"SPY",2021-05-10T19:58:00Z,Sell,392.056910531,390.441124612,853,1378.27,8.53,-55.77,1386.23,752.87,1,"	1653,1654" 
2021-05-11T14:30:00Z,"SPY",2021-05-11T15:30:00Z,Sell,384.659786555,386.555766564,876,-1660.88,8.76,-1660.88,1071.8,2732.68,0,"	1655,1656" 
2021-05-12T15:00:00Z,"SPY",2021-05-12T19:58:00Z,Sell,382.399554229,378.738351453,873,3196.23,8.73,-562.6,3701.76,1410.58,1,"	1657,1658" 
2021-05-13T14:00:00Z,"SPY",2021-05-13T16:00:00Z,Buy,382.978622015,382.614369698,888,-323.46,8.88,-609.59,1546.78,2156.37,0,"	1659,1660" 
2021-05-13T16:30:00Z,"SPY",2021-05-13T17:35:00Z,Buy,383.539010195,381.166700233,885,-2099.49,8.85,-2099.49,371.96,2471.45,0,"	1661,1662" 
2021-05-13T18:30:00Z,"SPY",2021-05-13T19:58:00Z,Buy,384.006000345,383.567029604,873,-383.22,8.73,-383.22,953.98,1337.2,0,"	1663,1664" 
2021-05-14T14:00:00Z,"SPY",2021-05-14T19:58:00Z,Buy,387.517766273,389.451105494,863,1668.47,8.63,-620.64,2063.42,814.09,1,"	1665,1666" 
2021-05-20T14:00:00Z,"SPY",2021-05-20T19:58:00Z,Buy,385.82726193,387.863338984,876,1783.6,8.76,-57.27,2863.58,1644.52,1,"	1667,1668" 
2021-05-21T14:00:00Z,"SPY",2021-05-21T14:20:00Z,Buy,390.581221657,389.525823918,874,-922.42,8.74,-955.07,0,955.07,0,"	1669,1670" 
2021-05-24T14:30:00Z,"SPY",2021-05-24T16:25:00Z,Buy,391.356425306,391.421803927,868,56.75,8.68,0,470.2,413.45,1,"	1671,1672" 
2021-05-24T17:30:00Z,"SPY",2021-05-24T19:55:00Z,Buy,391.926153289,391.823415456,867,-89.07,8.67,-113.37,534.44,647.81,0,"	1673,1674" 
2021-06-04T15:00:00Z,"SPY",2021-06-04T15:45:00Z,Buy,393.878172116,393.934210934,862,48.31,8.62,-40.25,225.43,265.68,1,"	1675,1676" 
2021-06-04T19:00:00Z,"SPY",2021-06-04T19:58:00Z,Buy,394.60667675,394.662715568,860,48.19,8.6,-112.45,265.06,232.93,1,"	1677,1678" 
2021-06-07T14:30:00Z,"SPY",2021-06-07T15:15:00Z,Sell,393.775434283,393.990249752,862,-185.17,8.62,-201.27,178.73,380,0,"	1679,1680" 
2021-06-08T15:30:00Z,"SPY",2021-06-08T15:50:00Z,Sell,393.140327679,394.074307979,863,-806.02,8.63,-854.39,0,854.39,0,"	1681,1682" 
2021-06-10T14:00:00Z,"SPY",2021-06-10T14:25:00Z,Buy,396.241142275,395.839530746,852,-342.17,8.52,-469.49,246.68,716.18,0,"	1683,1684" 
2021-06-14T16:30:00Z,"SPY",2021-06-14T17:40:00Z,Sell,395.437919217,395.465938626,852,-23.87,8.52,-71.62,206.9,278.51,0,"	1685,1686" 
2021-06-14T18:30:00Z,"SPY",2021-06-14T18:50:00Z,Sell,395.241783354,395.596695868,852,-302.39,8.52,-310.34,0,310.34,0,"	1687,1688" 
2021-06-15T15:00:00Z,"SPY",2021-06-15T17:50:00Z,Sell,396.054346215,396.455957744,849,-340.97,8.49,-340.97,329.07,670.04,0,"	1689,1690" 
2021-06-16T16:30:00Z,"SPY",2021-06-16T19:25:00Z,Sell,395.559336656,395.512637641,848,39.6,8.48,-79.2,2811.65,2772.05,1,"	1691,1692" 
2021-06-17T16:30:00Z,"SPY",2021-06-17T17:10:00Z,Sell,391.954172698,394.158366206,856,-1886.79,8.56,-1886.79,195.87,2082.66,0,"	1693,1694" 
2021-06-18T15:00:00Z,"SPY",2021-06-18T15:50:00Z,Sell,389.984846364,390.46273452,851,-406.68,8.51,-518.32,462.5,980.82,0,"	1695,1696" 
2021-06-18T19:00:00Z,"SPY",2021-06-18T19:30:00Z,Sell,389.675624616,390.331549536,849,-556.88,8.49,-827.36,198.89,1026.25,0,"	1697,1698" 
2021-06-21T14:00:00Z,"SPY",2021-06-21T19:58:00Z,Buy,391.568436528,394.454506176,842,2430.07,8.42,0,2437.96,464.71,1,"	1699,1700" 
2021-06-22T15:00:00Z,"SPY",2021-06-22T19:58:00Z,Buy,395.316578928,396.590947344,847,1079.39,8.47,-79.37,1650.83,706.37,1,"	1701,1702" 
2021-07-01T14:00:00Z,"SPY",2021-07-01T14:35:00Z,Buy,402.306864504,402.334975572,837,23.53,8.37,-141.17,203.92,282.35,1,"	1703,1704" 
2021-07-01T18:00:00Z,"SPY",2021-07-01T19:58:00Z,Buy,402.850345152,403.122085476,836,227.17,8.36,-70.5,450.43,325.1,1,"	1705,1706" 
2021-07-02T17:00:00Z,"SPY",2021-07-02T19:58:00Z,Buy,405.989414412,406.457932212,831,389.34,8.31,-171.31,607.37,313.03,1,"	1707,1708" 
2021-07-06T14:00:00Z,"SPY",2021-07-06T18:00:00Z,Sell,405.708303732,404.5651203,833,952.27,8.33,-46.83,2310.43,1389.38,1,"	1709,1710" 
2021-07-09T14:00:00Z,"SPY",2021-07-09T19:58:00Z,Buy,406.289265804,408.163337004,837,1568.6,8.37,0,1647.03,454.89,1,"	1711,1712" 
2021-07-12T14:30:00Z,"SPY",2021-07-12T15:40:00Z,Buy,408.978557976,408.716188008,839,-220.13,8.39,-290.88,196.54,487.43,0,"	1713,1714" 
2021-07-12T18:30:00Z,"SPY",2021-07-12T19:58:00Z,Buy,409.456446132,409.512668268,837,47.06,8.37,-172.55,180.39,258.82,1,"	1715,1716" 
2021-07-15T18:00:00Z,"SPY",2021-07-15T19:05:00Z,Sell,405.530266968,406.917079656,845,-1171.86,8.45,-1251.04,0,1251.04,0,"	1717,1718" 
2021-07-16T14:30:00Z,"SPY",2021-07-16T16:10:00Z,Sell,405.951932988,406.748413248,838,-667.45,8.38,-667.45,180.6,848.05,0,"	1719,1720" 
2021-07-16T17:30:00Z,"SPY",2021-07-16T19:58:00Z,Sell,406.25178438,404.021639652,834,1859.94,8.34,-15.63,2008.42,574.39,1,"	1721,1722" 
2021-07-19T14:00:00Z,"SPY",2021-07-19T15:20:00Z,Sell,397.546723656,398.108945016,862,-484.63,8.62,-670.41,1219.66,1890.08,0,"	1723,1724" 
2021-07-19T15:30:00Z,"SPY",2021-07-19T15:50:00Z,Sell,397.612316148,398.352574272,859,-635.88,8.59,-772.72,32.2,804.91,0,"	1725,1726" 
2021-07-19T16:00:00Z,"SPY",2021-07-19T19:58:00Z,Sell,398.165167152,397.481131164,855,584.85,8.55,0,2291.33,1706.48,1,"	1727,1728" 
2021-07-20T14:00:00Z,"SPY",2021-07-20T19:58:00Z,Buy,401.2854957,404.293379976,851,2559.71,8.51,-227.26,3285.36,988.8,1,"	1729,1730" 
2021-07-21T14:00:00Z,"SPY",2021-07-21T14:35:00Z,Buy,406.364228652,405.7364148,853,-535.53,8.53,-607.46,0,607.46,0,"	1731,1732" 
2021-07-23T15:30:00Z,"SPY",2021-07-23T16:00:00Z,Buy,411.583516944,411.105628788,839,-400.95,8.39,-400.95,165.1,566.04,0,"	1733,1734" 
2021-07-23T17:30:00Z,"SPY",2021-07-23T19:20:00Z,Buy,412.126997592,411.817775844,836,-258.51,8.36,-481.77,101.84,583.6,0,"	1735,1736" 
2021-07-27T15:00:00Z,"SPY",2021-07-27T19:15:00Z,Sell,410.946332736,410.384111376,837,470.58,8.37,-321.56,1948.98,1799.97,1,"	1737,1738" 
2021-07-29T14:30:00Z,"SPY",2021-07-29T15:40:00Z,Buy,413.204588532,413.541921348,835,281.67,8.35,-86.07,535.96,371.65,1,"	1739,1740" 
2021-07-29T16:30:00Z,"SPY",2021-07-29T16:50:00Z,Buy,413.79492096,413.504439924,835,-242.55,8.35,-266.02,62.59,328.62,0,"	1741,1742" 
2021-08-03T14:00:00Z,"SPY",2021-08-03T14:35:00Z,Sell,408.92233584,409.606371828,844,-577.33,8.44,-1210.01,118.63,1328.64,0,"	1743,1744" 
2021-08-03T18:30:00Z,"SPY",2021-08-03T19:58:00Z,Buy,412.792292868,413.251440312,833,382.47,8.33,-281,390.28,312.22,1,"	1745,1746" 
2021-08-09T14:30:00Z,"SPY",2021-08-09T14:50:00Z,Sell,413.963587368,414.150994488,833,-156.11,8.33,-218.55,31.22,249.78,0,"	1747,1748" 
2021-08-10T14:30:00Z,"SPY",2021-08-10T14:50:00Z,Buy,415.209844716,414.563290152,829,-535.99,8.29,-800.11,0,800.11,0,"	1749,1750" 
2021-08-12T19:00:00Z,"SPY",2021-08-12T19:58:00Z,Buy,416.849657016,417.140138052,824,239.36,8.24,0,266.38,227.77,1,"	1751,1752" 
2021-08-16T14:00:00Z,"SPY",2021-08-16T15:35:00Z,Sell,415.462844328,416.156250672,827,-573.45,8.27,-573.45,340.97,914.42,0,"	1753,1754" 
2021-08-17T16:00:00Z,"SPY",2021-08-17T19:58:00Z,Sell,415.15362258,415.865769636,825,-587.52,8.25,-626.17,1577.03,2203.2,0,"	1755,1756" 
2021-08-18T19:30:00Z,"SPY",2021-08-18T19:58:00Z,Sell,413.738698824,411.667850148,825,1708.45,8.25,0,1708.45,510.22,1,"	1757,1758" 
2021-08-19T16:00:00Z,"SPY",2021-08-19T17:45:00Z,Buy,412.979699988,412.089516168,835,-743.3,8.35,-1181.46,234.73,1416.19,0,"	1759,1760" 
2021-08-19T19:30:00Z,"SPY",2021-08-19T19:58:00Z,Buy,413.13899604,411.705331572,831,-1191.38,8.31,-1238.1,23.36,1261.46,0,"	1761,1762" 
2021-08-20T14:00:00Z,"SPY",2021-08-20T19:58:00Z,Buy,414.02917986,415.706473584,823,1380.41,8.23,-30.85,1411.26,771.18,1,"	1763,1764" 
2021-08-23T14:00:00Z,"SPY",2021-08-23T19:58:00Z,Buy,418.24584006,419.0891721,822,693.22,8.22,-130.94,1424.95,777.95,1,"	1765,1766" 
2021-08-25T16:30:00Z,"SPY",2021-08-25T16:50:00Z,Buy,421.01009508,420.832058316,819,-145.81,8.19,-161.16,15.35,176.51,0,"	1767,1768" 
2021-08-26T14:30:00Z,"SPY",2021-08-26T16:20:00Z,Sell,419.37028278,419.773208088,822,-331.2,8.22,-392.82,916.59,1309.41,0,"	1769,1770" 
2021-08-26T17:30:00Z,"SPY",2021-08-26T17:50:00Z,Sell,419.22972744,419.314060644,821,-69.24,8.21,-284.64,7.69,292.34,0,"	1771,1772" 
2021-08-26T18:00:00Z,"SPY",2021-08-26T19:58:00Z,Sell,419.304690288,418.348913976,820,783.74,8.2,0,971.99,557.07,1,"	1773,1774" 
2021-08-27T14:30:00Z,"SPY",2021-08-27T19:58:00Z,Buy,421.028835792,421.834686408,820,660.8,8.2,-284.3,960.46,430.29,1,"	1775,1776" 
2021-08-30T14:30:00Z,"SPY",2021-08-30T19:50:00Z,Buy,423.708757608,424.05546078,818,283.6,8.18,-61.32,643.86,482.89,1,"	1777,1778" 
2021-08-31T14:00:00Z,"SPY",2021-08-31T14:20:00Z,Sell,422.706129516,423.418276572,821,-584.67,8.21,-630.83,0,630.83,0,"	1779,1780" 
2021-09-07T14:00:00Z,"SPY",2021-09-07T16:20:00Z,Sell,423.296461944,423.3058323,818,-7.66,8.18,-68.98,682.18,751.17,0,"	1781,1782" 
2021-09-08T15:00:00Z,"SPY",2021-09-08T15:20:00Z,Sell,421.122539352,421.694131068,822,-469.85,8.22,-647,0,647,0,"	1783,1784" 
2021-09-08T16:00:00Z,"SPY",2021-09-08T16:20:00Z,Sell,421.075687572,422.237611716,819,-951.62,8.19,-951.62,84.42,1036.03,0,"	1785,1786" 
2021-09-09T14:00:00Z,"SPY",2021-09-09T15:05:00Z,Buy,423.362054436,423.35268408,811,-7.6,8.11,-91.19,509.16,539.55,0,"	1787,1788" 
2021-09-09T18:00:00Z,"SPY",2021-09-09T18:25:00Z,Sell,421.019465436,421.122539352,815,-84.01,8.15,-194.74,435.3,630.04,0,"	1789,1790" 
2021-09-10T15:30:00Z,"SPY",2021-09-10T16:15:00Z,Sell,419.323431,420.372910872,818,-858.47,8.18,-927.46,38.32,965.78,0,"	1791,1792" 
2021-09-10T19:30:00Z,"SPY",2021-09-10T19:58:00Z,Sell,418.71435786,417.327545172,815,1130.25,8.15,-30.55,1160.8,183.28,1,"	1793,1794" 
2021-09-14T15:00:00Z,"SPY",2021-09-14T15:40:00Z,Sell,416.943360576,417.767951904,824,-679.46,8.24,-708.8,0,708.8,0,"	1795,1796" 
2021-09-14T17:00:00Z,"SPY",2021-09-14T19:58:00Z,Sell,416.868397728,415.987584264,821,723.15,8.21,-238.48,1200.12,753.92,1,"	1797,1798" 
2021-09-15T16:30:00Z,"SPY",2021-09-15T19:58:00Z,Buy,417.87102582,419.595171324,822,1417.25,8.22,0,1879.39,562.28,1,"	1799,1800" 
2021-09-16T14:00:00Z,"SPY",2021-09-16T16:35:00Z,Sell,418.049062584,417.814803684,828,193.97,8.28,0,1606.04,1412.08,1,"	1801,1802" 
2021-09-17T14:00:00Z,"SPY",2021-09-17T19:58:00Z,Sell,416.897319573,415.327456614,832,1306.13,8.32,-117.32,1908.35,1140.32,1,"	1803,1804" 
2021-09-20T16:00:00Z,"SPY",2021-09-20T19:58:00Z,Sell,406.923519576,408.192570471,858,-1088.85,8.58,-1088.85,3177.82,4266.66,0,"	1805,1806" 
2021-09-22T14:30:00Z,"SPY",2021-09-22T19:05:00Z,Buy,411.17248998,411.304095258,844,111.07,8.44,-396.7,2054.88,2451.58,1,"	1807,1808" 
2021-09-22T19:30:00Z,"SPY",2021-09-22T19:58:00Z,Buy,412.6765503,411.567305814,842,-933.98,8.42,-933.98,166.22,1100.2,0,"	1809,1810" 
2021-09-23T14:00:00Z,"SPY",2021-09-23T19:58:00Z,Buy,415.694071317,416.793915426,831,913.97,8.31,0,2063.07,1266.28,1,"	1811,1812" 
2021-09-28T14:00:00Z,"SPY",2021-09-28T19:00:00Z,Sell,411.745912977,409.724831922,843,1703.77,8.43,0,3954.33,2470.86,1,"	1813,1814" 
2021-09-28T19:30:00Z,"SPY",2021-09-28T19:58:00Z,Sell,408.709591206,408.032764062,858,580.72,8.58,-435.54,1024.32,443.6,1,"	1815,1816" 
2021-09-30T16:00:00Z,"SPY",2021-09-30T18:20:00Z,Sell,406.331295825,406.237292055,866,81.41,8.66,-691.96,1803.17,2495.13,1,"	1817,1818" 
2021-10-01T18:30:00Z,"SPY",2021-10-01T19:58:00Z,Buy,408.013963308,408.455781027,862,380.85,8.62,-72.93,1579.3,1530.68,1,"	1819,1820" 
2021-10-04T14:30:00Z,"SPY",2021-10-04T19:58:00Z,Sell,404.178609492,402.80615445,873,1198.15,8.73,0,2872.29,2256.8,1,"	1821,1822" 
2021-10-05T14:30:00Z,"SPY",2021-10-05T19:58:00Z,Buy,407.731951998,407.572145589,843,-134.72,8.43,-427.92,1339.24,1727.54,0,"	1823,1824" 
2021-10-07T14:00:00Z,"SPY",2021-10-07T17:00:00Z,Buy,414.255813636,414.707031732,806,363.68,8.06,-94.71,674.33,769.04,1,"	1825,1826" 
2021-10-11T14:00:00Z,"SPY",2021-10-11T15:00:00Z,Buy,413.05256538,413.278174428,860,194.02,8.6,-16.17,606.32,476.98,1,"	1827,1828" 
2021-10-14T15:30:00Z,"SPY",2021-10-14T19:58:00Z,Buy,414.688230978,415.675270563,858,846.88,8.58,-56.46,1217.89,685.57,1,"	1829,1830" 
2021-10-28T14:00:00Z,"SPY",2021-10-28T19:58:00Z,Buy,429.381020229,430.744074894,833,1135.42,8.33,-422.85,1143.26,1096.27,1,"	1831,1832" 
2021-11-02T14:00:00Z,"SPY",2021-11-02T14:25:00Z,Buy,433.507785732,433.498385355,830,-7.8,8.3,-241.87,156.05,397.92,0,"	1833,1834" 
2021-11-02T15:00:00Z,"SPY",2021-11-02T16:15:00Z,Buy,433.92140232,433.723994403,829,-163.65,8.29,-362.37,475.37,837.74,0,"	1835,1836" 
2021-11-02T16:30:00Z,"SPY",2021-11-02T18:20:00Z,Buy,434.01540609,433.883800812,828,-108.97,8.28,-330.8,295.77,626.57,0,"	1837,1838" 
2021-11-02T19:00:00Z,"SPY",2021-11-02T19:58:00Z,Buy,434.222214384,433.893201189,827,-272.09,8.27,-388.71,62.19,450.9,0,"	1839,1840" 
2021-11-03T19:00:00Z,"SPY",2021-11-03T19:58:00Z,Buy,436.111690161,437.061128238,822,780.44,8.22,0,900.21,367.04,1,"	1841,1842" 
2021-11-04T14:00:00Z,"SPY",2021-11-04T15:20:00Z,Buy,438.395981772,438.085769331,821,-254.68,8.21,-397.46,486.22,883.68,0,"	1843,1844" 
2021-11-05T14:00:00Z,"SPY",2021-11-05T14:40:00Z,Buy,442.062128802,441.902322393,813,-129.92,8.13,-259.85,290.42,550.26,0,"	1845,1846" 
2021-11-09T15:00:00Z,"SPY",2021-11-09T20:58:00Z,Sell,438.960004392,439.317218718,819,-292.56,8.19,-773.74,692.9,1220.28,0,"	1847,1848" 
2021-11-10T19:00:00Z,"SPY",2021-11-10T20:58:00Z,Sell,436.384301094,436.224494685,822,131.36,8.22,-38.64,1614.97,1653.6,1,"	1849,1850" 
2021-11-12T16:30:00Z,"SPY",2021-11-12T20:58:00Z,Buy,438.837799491,439.18561344,818,284.51,8.18,-392.16,715.12,807.4,1,"	1851,1852" 
2021-11-16T15:00:00Z,"SPY",2021-11-16T15:40:00Z,Buy,440.417062827,440.266656795,816,-122.73,8.16,-322.17,383.54,705.71,0,"	1853,1854" 
2021-11-16T16:30:00Z,"SPY",2021-11-16T20:58:00Z,Buy,441.582709575,441.187893741,813,-320.99,8.13,-328.63,542.62,871.25,0,"	1855,1856" 
2021-11-17T15:00:00Z,"SPY",2021-11-17T15:45:00Z,Sell,439.533427389,440.492265843,816,-782.41,8.16,-943.5,0,943.5,0,"	1857,1858" 
2021-11-18T15:30:00Z,"SPY",2021-11-18T16:25:00Z,Sell,438.818998737,439.975245108,813,-940.03,8.13,-993.53,0,993.53,0,"	1859,1860" 
2021-11-22T15:00:00Z,"SPY",2021-11-22T16:20:00Z,Buy,444.35582079,443.97980571,799,-300.44,7.99,-375.55,563.32,938.86,0,"	1861,1862" 
2021-11-23T16:00:00Z,"SPY",2021-11-23T17:40:00Z,Sell,437.173932762,438.330179133,811,-937.72,8.11,-1425.63,449.8,1875.43,0,"	1863,1864" 
2021-11-23T18:00:00Z,"SPY",2021-11-23T19:10:00Z,Sell,437.559348219,438.414782526,806,-689.48,8.06,-1075.89,325.8,1401.69,0,"	1865,1866" 
2021-11-24T20:30:00Z,"SPY",2021-11-24T20:58:00Z,Buy,441.216094872,441.150292233,796,-52.38,7.96,-299.31,97.28,351.69,0,"	1867,1868" 
2021-11-26T15:00:00Z,"SPY",2021-11-26T17:45:00Z,Sell,433.808597796,433.084768767,809,585.58,8.09,0,2509.62,2505.82,1,"	1869,1870" 
2021-11-29T17:30:00Z,"SPY",2021-11-29T20:58:00Z,Buy,437.747355759,437.437143318,805,-249.72,8.05,-507.01,635.65,1142.66,0,"	1871,1872" 
2021-11-30T16:00:00Z,"SPY",2021-11-30T20:58:00Z,Sell,430.546666977,428.732394216,817,1482.26,8.17,-1309.46,1927.71,2611.24,1,"	1873,1874" 
2021-12-01T16:00:00Z,"SPY",2021-12-01T17:10:00Z,Buy,435.669872442,435.209253969,814,-374.94,8.14,-757.54,902.93,1660.46,0,"	1875,1876" 
2021-12-01T20:30:00Z,"SPY",2021-12-01T20:58:00Z,Sell,426.617309391,424.549226451,829,1714.44,8.29,-1098.8,1714.44,1270.24,1,"	1877,1878" 
2021-12-02T15:00:00Z,"SPY",2021-12-02T15:50:00Z,Buy,428.553787053,426.429301851,834,-1771.82,8.34,-3026.21,329.28,3355.48,0,"	1879,1880" 
2021-12-02T16:00:00Z,"SPY",2021-12-02T20:58:00Z,Buy,427.641950484,429.428022114,827,1477.08,8.27,-474.22,3132.97,2021.27,1,"	1881,1882" 
2021-12-03T15:00:00Z,"SPY",2021-12-03T20:58:00Z,Sell,428.102568957,426.391700343,810,1385.8,8.1,-197.97,4903.61,3517.81,1,"	1883,1884" 
2021-12-06T15:30:00Z,"SPY",2021-12-06T16:20:00Z,Buy,430.640670747,430.104849258,820,-439.37,8.2,-986.66,158.02,1144.68,0,"	1885,1886" 
2021-12-06T17:30:00Z,"SPY",2021-12-06T20:58:00Z,Buy,431.19529299,431.326898268,816,107.39,8.16,-207.11,1511.13,1649.2,1,"	1887,1888" 
2021-12-07T15:00:00Z,"SPY",2021-12-07T20:40:00Z,Buy,439.232615325,438.884801376,757,-263.3,7.57,-263.3,1113.67,1376.96,0,"	1889,1890" 
2021-12-13T15:00:00Z,"SPY",2021-12-13T17:25:00Z,Sell,440.59566999,439.721434929,651,569.13,6.51,-354.94,1181.09,716,1,"	1891,1892" 
2021-12-13T18:00:00Z,"SPY",2021-12-13T19:10:00Z,Sell,439.486425504,439.815438699,654,-215.17,6.54,-215.17,301.24,516.42,0,"	1893,1894" 
2021-12-15T15:00:00Z,"SPY",2021-12-15T15:40:00Z,Sell,434.024806467,435.058847937,646,-667.99,6.46,-667.99,85.02,753.01,0,"	1895,1896" 
2021-12-15T20:30:00Z,"SPY",2021-12-15T20:58:00Z,Buy,441.375901281,442.118531064,632,469.34,6.32,-736.69,475.28,1087.21,1,"	1897,1898" 
2021-12-16T19:30:00Z,"SPY",2021-12-16T20:58:00Z,Sell,438.875400999,438.941203638,606,-39.88,6.06,-749.11,1176.35,1925.46,0,"	1899,1900" 
2021-12-17T15:30:00Z,"SPY",2021-12-17T15:50:00Z,Sell,433.389860046,436.795322139,675,-2298.69,6.75,-2298.69,283.36,2582.04,0,"	1901,1902" 
2021-12-20T15:30:00Z,"SPY",2021-12-20T17:10:00Z,Sell,426.720437055,426.937405554,680,-147.54,6.8,-538.84,769.77,1135.41,0,"	1903,1904" 
2021-12-21T18:00:00Z,"SPY",2021-12-21T20:58:00Z,Buy,435.691612818,436.700988009,712,718.68,7.12,-376.13,718.68,987.34,1,"	1905,1906" 
2021-12-22T16:00:00Z,"SPY",2021-12-22T19:15:00Z,Buy,439.719680169,439.427244366,686,-200.61,6.86,-349.45,478.88,828.33,0,"	1907,1908" 
2021-12-22T20:00:00Z,"SPY",2021-12-22T20:58:00Z,Buy,439.898915016,441.20072601,685,891.74,6.85,-129.24,917.59,380.61,1,"	1909,1910" 
2021-12-23T15:00:00Z,"SPY",2021-12-23T15:50:00Z,Buy,443.530779021,444.115650627,704,411.75,7.04,-59.77,415.07,245.72,1,"	1911,1912" 
2021-12-23T16:00:00Z,"SPY",2021-12-23T17:20:00Z,Buy,444.398653017,444.266585235,704,-92.98,7.04,-119.54,219.16,338.7,0,"	1913,1914" 
2021-12-23T19:30:00Z,"SPY",2021-12-23T20:20:00Z,Buy,444.842023428,444.87975708,703,26.53,7.03,-185.69,159.16,344.85,1,"	1915,1916" 
2021-12-27T15:30:00Z,"SPY",2021-12-27T20:58:00Z,Buy,447.766381458,450.124734708,720,1698.01,7.2,-129.05,1698.01,550.16,1,"	1917,1918" 
2022-01-04T19:00:00Z,"SPY",2022-01-04T19:20:00Z,Sell,448.766323236,449.558729928,803,-636.3,8.03,-659.03,0,659.03,0,"	1919,1920" 
2022-01-05T19:30:00Z,"SPY",2022-01-05T20:58:00Z,Sell,446.57777142,442.23840144,804,3488.85,8.04,-303.38,3504.02,690.19,1,"	1921,1922" 
2022-01-06T15:00:00Z,"SPY",2022-01-06T15:40:00Z,Sell,440.578120752,442.389336048,831,-1505.12,8.31,-1583.51,1144.52,2728.03,0,"	1923,1924" 
2022-01-07T16:00:00Z,"SPY",2022-01-07T17:05:00Z,Sell,438.889539825,440.813956077,827,-1591.49,8.27,-2161,288.65,2449.65,0,"	1925,1926" 
2022-01-10T15:00:00Z,"SPY",2022-01-10T16:35:00Z,Sell,433.314392742,433.257792264,830,46.98,8.3,-563.74,2020.07,2583.81,1,"	1927,1928" 
2022-01-10T17:30:00Z,"SPY",2022-01-10T18:10:00Z,Sell,432.361618029,433.682295849,832,-1098.8,8.32,-1279.32,235.46,1514.78,0,"	1929,1930" 
2022-01-11T15:00:00Z,"SPY",2022-01-11T15:20:00Z,Sell,436.625520705,437.974498764,819,-1104.81,8.19,-1290.24,0,1290.24,0,"	1931,1932" 
2022-01-11T17:00:00Z,"SPY",2022-01-11T20:58:00Z,Buy,441.059224815,442.794972807,806,1399.01,8.06,-600.66,1627.11,897.19,1,"	1933,1934" 
2022-01-13T17:30:00Z,"SPY",2022-01-13T20:58:00Z,Sell,441.219592836,438.031099242,812,2589.06,8.12,-1057.07,3240.15,1562.63,1,"	1935,1936" 
2022-01-18T15:00:00Z,"SPY",2022-01-18T19:50:00Z,Sell,432.14464953,432.371051442,840,-190.18,8.4,-1125.22,2036.49,2242.51,0,"	1937,1938" 
2022-01-18T20:30:00Z,"SPY",2022-01-18T20:58:00Z,Sell,431.144707752,430.314567408,842,698.98,8.42,-15.89,1254.98,1084.21,1,"	1939,1940" 
2022-01-19T15:00:00Z,"SPY",2022-01-19T15:20:00Z,Buy,433.46532735,431.720145945,840,-1465.95,8.4,-1505.57,0,1505.57,0,"	1941,1942" 
2022-01-19T19:30:00Z,"SPY",2022-01-19T20:00:00Z,Sell,428.720320611,429.569327781,843,-715.71,8.43,-1057.66,55.67,1113.33,0,"	1943,1944" 
2022-01-20T15:00:00Z,"SPY",2022-01-20T18:20:00Z,Buy,430.842838536,429.927797475,835,-764.06,8.35,-976.74,1575.38,2552.12,0,"	1945,1946" 
2022-01-21T15:00:00Z,"SPY",2022-01-21T15:50:00Z,Sell,418.485067506,420.343449867,856,-1590.78,8.56,-1646.49,2244.85,3891.34,0,"	1947,1948" 
2022-01-21T17:30:00Z,"SPY",2022-01-21T20:58:00Z,Sell,418.447333854,414.381532851,849,3451.87,8.49,-348.39,4412.94,2346.63,1,"	1949,1950" 
2022-01-24T15:00:00Z,"SPY",2022-01-24T18:50:00Z,Sell,404.759451591,405.495257805,894,-657.81,8.94,-1458.99,6776.29,7459.41,0,"	1951,1952" 
2022-01-24T19:30:00Z,"SPY",2022-01-24T20:05:00Z,Sell,404.212313637,406.381998627,892,-1935.36,8.92,-2625.36,1598.77,4224.13,0,"	1953,1954" 
2022-01-25T15:00:00Z,"SPY",2022-01-25T15:45:00Z,Sell,404.825485482,408.532816791,881,-3266.16,8.81,-3266.16,1446.09,4712.24,0,"	1955,1956" 
2022-01-25T16:00:00Z,"SPY",2022-01-25T16:35:00Z,Sell,406.693301256,406.67443443,861,16.24,8.61,-1397.01,860.95,2257.96,1,"	1957,1958" 
2022-01-25T17:00:00Z,"SPY",2022-01-25T17:25:00Z,Sell,405.44809074,407.90077812,864,-2119.12,8.64,-2119.12,48.9,2168.02,0,"	1959,1960" 
2022-01-27T15:00:00Z,"SPY",2022-01-27T15:35:00Z,Buy,415.362607803,412.438249773,833,-2435.99,8.33,-2821.03,840.81,3661.84,0,"	1961,1962" 
2022-01-27T18:30:00Z,"SPY",2022-01-27T19:15:00Z,Sell,405.929194803,408.410182422,840,-2084.03,8.4,-2638.71,0,2638.71,0,"	1963,1964" 
2022-01-27T19:30:00Z,"SPY",2022-01-27T20:35:00Z,Sell,406.448032518,407.05177095,829,-500.5,8.29,-1618.8,828.95,2338.27,0,"	1965,1966" 
2022-01-28T15:00:00Z,"SPY",2022-01-28T15:25:00Z,Sell,404.212313637,406.598967126,831,-1983.31,8.31,-2876.97,337.08,3214.06,0,"	1967,1968" 
2022-01-28T16:30:00Z,"SPY",2022-01-28T19:30:00Z,Buy,410.372332326,408.098879793,809,-1839.22,8.09,-1999.49,1892.64,3892.13,0,"	1969,1970" 
2022-01-28T20:00:00Z,"SPY",2022-01-28T20:58:00Z,Buy,411.362840691,416.305949103,798,3944.6,7.98,-301.11,3952.13,1007.98,1,"	1971,1972" 
2022-01-31T15:30:00Z,"SPY",2022-01-31T20:58:00Z,Buy,419.202006894,424.69225326,701,3848.66,7.01,-310.8,3855.28,1560.63,1,"	1973,1974" 
2022-02-04T18:30:00Z,"SPY",2022-02-04T20:58:00Z,Buy,424.277183088,423.777212199,588,-293.98,5.88,-293.98,1569.76,1863.74,0,"	1975,1976" 
2022-02-08T17:00:00Z,"SPY",2022-02-08T19:40:00Z,Buy,424.579052304,423.003672333,611,-962.56,6.11,-974.08,654.19,1628.28,0,"	1977,1978" 
2022-02-11T18:00:00Z,"SPY",2022-02-11T18:20:00Z,Sell,421.371691884,421.682994513,616,-191.76,6.16,-534.61,110.41,645.02,0,"	1979,1980" 
2022-02-11T18:30:00Z,"SPY",2022-02-11T20:58:00Z,Sell,420.418917171,416.305949103,617,2537.7,6.17,0,3818.19,1903.28,1,"	1981,1982" 
2022-02-14T16:00:00Z,"SPY",2022-02-14T16:35:00Z,Sell,413.051421618,414.97583787,588,-1131.56,5.88,-1214.76,66.56,1281.32,0,"	1983,1984" 
2022-02-14T19:00:00Z,"SPY",2022-02-14T19:45:00Z,Sell,411.523208712,412.730685576,586,-707.58,5.86,-1116.65,364.85,1481.5,0,"	1985,1986" 
2022-02-15T16:00:00Z,"SPY",2022-02-15T17:00:00Z,Buy,420.267982563,420.343449867,587,44.3,5.87,-348.86,243.65,592.5,1,"	1987,1988" 
2022-02-17T15:00:00Z,"SPY",2022-02-17T17:40:00Z,Sell,415.805978214,416.419150059,578,-354.41,5.78,-670.66,490.73,1161.39,0,"	1989,1990" 
2022-02-17T18:00:00Z,"SPY",2022-02-17T20:58:00Z,Sell,416.145581082,412.2401481,577,2253.43,5.77,-54.43,2454.83,753.87,1,"	1991,1992" 
2022-02-18T16:00:00Z,"SPY",2022-02-18T19:35:00Z,Sell,410.787402498,411.702443559,599,-548.11,5.99,-785.44,1989.02,2774.45,0,"	1993,1994" 
2022-02-22T18:00:00Z,"SPY",2022-02-22T20:05:00Z,Sell,405.099054459,408.136613445,650,-1974.41,6.5,-1974.41,2078.65,4053.07,0,"	1995,1996" 
2022-02-23T16:00:00Z,"SPY",2022-02-23T17:05:00Z,Sell,403.872710769,404.382115071,649,-330.6,6.49,-508.15,844.88,1353.02,0,"	1997,1998" 
2022-02-23T18:30:00Z,"SPY",2022-02-23T20:58:00Z,Sell,401.599258236,397.514590407,652,2663.2,6.52,-836.48,2669.35,1174.76,1,"	1999,2000" 
2022-02-25T15:30:00Z,"SPY",2022-02-25T20:58:00Z,Buy,407.410240644,412.532583903,657,3365.38,6.57,-669.36,3588.5,1549.44,1,"	2001,2002" 
2022-03-01T17:00:00Z,"SPY",2022-03-01T20:58:00Z,Sell,405.391490262,405.287722719,606,62.88,6.06,-1251.95,1320.55,2069.43,1,"	2003,2004" 
2022-03-02T15:30:00Z,"SPY",2022-03-02T20:58:00Z,Buy,409.749727068,413.098588683,595,1992.57,5.95,-482.71,2812.05,1066.45,1,"	2005,2006" 
2022-03-03T16:00:00Z,"SPY",2022-03-03T16:35:00Z,Sell,410.249697957,411.249639735,586,-585.97,5.86,-646.77,530.69,1177.46,0,"	2007,2008" 
2022-03-04T16:00:00Z,"SPY",2022-03-04T16:35:00Z,Sell,404.212313637,404.419848723,617,-128.05,6.17,-430.71,308.48,739.19,0,"	2009,2010" 
2022-03-07T15:00:00Z,"SPY",2022-03-07T20:58:00Z,Sell,403.56140814,396.552382281,650,4555.87,6.5,-398.56,5028.01,1207.95,1,"	2011,2012" 
2022-03-08T15:30:00Z,"SPY",2022-03-08T16:00:00Z,Sell,392.769583668,395.590174155,603,-1700.82,6.03,-1723.57,409.56,2133.13,0,"	2013,2014" 
2022-03-08T17:30:00Z,"SPY",2022-03-08T18:45:00Z,Buy,399.825776592,398.0900286,587,-1018.88,5.87,-1312.37,1744.29,3056.65,0,"	2015,2016" 
2022-03-14T15:00:00Z,"SPY",2022-03-14T15:25:00Z,Buy,400.278580416,398.580566076,561,-952.59,5.61,-952.59,0,952.59,0,"	2017,2018" 
2022-03-15T16:30:00Z,"SPY",2022-03-15T17:25:00Z,Buy,400.052178504,398.995636248,562,-593.78,5.62,-853.55,121.94,975.49,0,"	2019,2020" 
2022-03-15T19:30:00Z,"SPY",2022-03-15T19:58:00Z,Buy,401.655858714,401.740759431,558,47.37,5.58,-110.54,442.16,447.43,1,"	2021,2022" 
2022-03-16T14:00:00Z,"SPY",2022-03-16T15:25:00Z,Buy,407.457407709,408.325281705,534,463.44,5.34,-569.23,1214.02,1067.94,1,"	2023,2024" 
2022-03-17T18:00:00Z,"SPY",2022-03-17T18:30:00Z,Buy,414.551334285,413.457058377,510,-558.08,5.1,-558.08,89,647.08,0,"	2025,2026" 
2022-03-22T14:30:00Z,"SPY",2022-03-22T16:15:00Z,Buy,424.469186183,424.667903282,532,105.72,5.32,-105.72,563.83,568.86,1,"	2027,2028" 
2022-03-24T16:00:00Z,"SPY",2022-03-24T16:20:00Z,Buy,424.327245398,423.712168663,533,-327.84,5.33,-383.32,20.17,403.49,0,"	2029,2030" 
2022-04-04T14:00:00Z,"SPY",2022-04-04T14:20:00Z,Buy,430.099503988,429.683144352,737,-306.86,7.37,-621.39,87.18,708.56,0,"	2031,2032" 
2022-04-04T15:30:00Z,"SPY",2022-04-04T17:10:00Z,Buy,430.752431599,430.487475467,735,-194.74,7.35,-306.02,326.89,632.91,0,"	2033,2034" 
2022-04-04T18:00:00Z,"SPY",2022-04-04T19:45:00Z,Buy,431.235030268,431.386433772,733,110.98,7.33,-416.17,436.98,436.98,1,"	2035,2036" 
2022-04-05T16:30:00Z,"SPY",2022-04-05T17:10:00Z,Sell,428.443528163,429.919712327,799,-1179.47,7.99,-1179.47,3.78,1183.25,0,"	2037,2038" 
2022-04-05T18:30:00Z,"SPY",2022-04-05T19:58:00Z,Sell,428.594931667,426.456357173,794,1698.03,7.94,-161.54,2193.16,780.64,1,"	2039,2040" 
2022-04-06T14:00:00Z,"SPY",2022-04-06T16:00:00Z,Sell,421.639833202,421.952102929,829,-258.87,8.29,-564.81,690.32,1255.14,0,"	2041,2042" 
2022-04-06T16:30:00Z,"SPY",2022-04-06T16:50:00Z,Sell,420.977442872,421.223473566,829,-203.96,8.29,-258.87,7.84,258.87,0,"	2043,2044" 
2022-04-06T18:30:00Z,"SPY",2022-04-06T18:50:00Z,Sell,420.674635864,422.141357309,829,-1215.91,8.29,-1780.72,15.69,1796.41,0,"	2045,2046" 
2022-04-07T19:00:00Z,"SPY",2022-04-07T19:58:00Z,Buy,425.112651075,424.630052406,806,-388.97,8.06,-518.63,1029.64,1548.27,0,"	2047,2048" 
2022-04-08T14:00:00Z,"SPY",2022-04-08T14:40:00Z,Sell,422.13189459,423.674317787,831,-1281.75,8.31,-1407.57,0,1407.57,0,"	2049,2050" 
2022-04-11T14:30:00Z,"SPY",2022-04-11T19:58:00Z,Sell,418.971346444,416.066291711,831,2414.1,8.31,-15.73,2524.19,1093.03,1,"	2051,2052" 
2022-04-12T14:00:00Z,"SPY",2022-04-12T14:45:00Z,Buy,421.157234533,419.170063543,802,-1593.71,8.02,-1654.42,0,1654.42,0,"	2053,2054" 
2022-04-12T19:30:00Z,"SPY",2022-04-12T19:55:00Z,Sell,413.568133895,414.883451836,809,-1064.09,8.09,-1087.06,88.04,1175.09,0,"	2055,2056" 
2022-04-13T15:00:00Z,"SPY",2022-04-13T19:58:00Z,Buy,416.198769777,419.529646865,836,2784.61,8.36,0,3338.37,973.03,1,"	2057,2058" 
2022-04-14T14:30:00Z,"SPY",2022-04-14T19:58:00Z,Sell,417.58978947,414.363002291,846,2729.86,8.46,-672.46,2737.87,1729.18,1,"	2059,2060" 
2022-04-19T14:00:00Z,"SPY",2022-04-19T19:58:00Z,Buy,417.703342098,420.750337616,859,2617.37,8.59,-130.06,3519.63,1292.43,1,"	2061,2062" 
2022-04-21T18:00:00Z,"SPY",2022-04-21T19:58:00Z,Sell,418.006149106,414.419778605,871,3123.73,8.71,0,3778.97,1438.23,1,"	2063,2064" 
2022-04-22T14:00:00Z,"SPY",2022-04-22T19:58:00Z,Sell,410.984811608,403.367322813,901,6863.36,9.01,-1295.94,6991.25,2830.6,1,"	2065,2066" 
2022-04-25T14:00:00Z,"SPY",2022-04-25T14:40:00Z,Sell,397.708616851,400.244625543,820,-2079.53,8.2,-2995.14,178.47,3173.61,0,"	2067,2068" 
2022-04-25T15:00:00Z,"SPY",2022-04-25T16:40:00Z,Sell,398.087125611,399.629548808,811,-1250.91,8.11,-1603.92,1343,2946.92,0,"	2069,2070" 
2022-04-26T14:00:00Z,"SPY",2022-04-26T19:58:00Z,Sell,401.077344815,394.548068705,813,5308.3,8.13,-538.52,5454.47,2161.79,1,"	2071,2072" 
2022-04-27T14:00:00Z,"SPY",2022-04-27T14:20:00Z,Buy,398.143901925,394.02761916,746,-3070.75,7.46,-3409.59,352.96,3762.55,0,"	2073,2074" 
2022-04-27T15:30:00Z,"SPY",2022-04-27T19:05:00Z,Buy,397.263869058,395.588967795,736,-1232.73,7.36,-1288.44,2124.19,3412.63,0,"	2075,2076" 
2022-04-28T17:00:00Z,"SPY",2022-04-28T19:58:00Z,Buy,402.73332064,404.200042085,715,1048.71,7.15,-33.83,2692.81,1968.86,1,"	2077,2078" 
2022-04-29T14:30:00Z,"SPY",2022-04-29T15:50:00Z,Sell,398.541336123,398.75897866,632,-137.55,6.32,-472.45,909.03,1381.48,0,"	2079,2080" 
2022-04-29T16:00:00Z,"SPY",2022-04-29T19:58:00Z,Sell,397.860020355,389.211095189,633,5474.77,6.33,0,5477.76,1479.51,1,"	2081,2082" 
2022-05-02T14:30:00Z,"SPY",2022-05-02T15:00:00Z,Buy,392.182388955,390.261456998,573,-1100.69,5.73,-1106.12,504.26,1610.37,0,"	2083,2084" 
2022-05-02T18:00:00Z,"SPY",2022-05-02T19:20:00Z,Sell,385.709889159,388.520316702,579,-1627.24,5.79,-1627.24,1325.9,2953.13,0,"	2085,2086" 
2022-05-03T15:30:00Z,"SPY",2022-05-03T16:25:00Z,Buy,395.503803324,394.841412994,562,-372.26,5.62,-967.88,462.67,1430.55,0,"	2087,2088" 
2022-05-04T19:00:00Z,"SPY",2022-05-04T19:58:00Z,Buy,400.944866749,405.439658274,549,2467.64,5.49,-145.46,2945.58,654.57,1,"	2089,2090" 
2022-05-05T14:00:00Z,"SPY",2022-05-05T19:58:00Z,Sell,398.919844883,390.914384609,508,4066.77,5.08,0,5725.21,2432.37,1,"	2091,2092" 
2022-05-06T14:00:00Z,"SPY",2022-05-06T14:30:00Z,Sell,384.508123846,387.469954893,494,-1463.14,4.94,-2225.1,196.33,2421.43,0,"	2093,2094" 
2022-05-09T14:30:00Z,"SPY",2022-05-09T16:25:00Z,Sell,380.827126155,382.019428749,495,-590.19,4.95,-744.76,1316.22,2060.98,0,"	2095,2096" 
2022-05-09T17:00:00Z,"SPY",2022-05-09T19:05:00Z,Sell,379.180613049,379.521270933,496,-168.97,4.96,-666.48,722.8,1389.28,0,"	2097,2098" 
2022-05-11T14:00:00Z,"SPY",2022-05-11T15:10:00Z,Buy,380.656797213,379.142762173,484,-732.79,4.84,-1035.07,741.95,1593.82,0,"	2099,2100" 
2022-05-11T18:00:00Z,"SPY",2022-05-11T18:20:00Z,Sell,372.367455369,374.203222855,493,-905.03,4.93,-1017,0,1017,0,"	2101,2102" 
2022-05-13T14:00:00Z,"SPY",2022-05-13T18:00:00Z,Buy,377.231292935,377.884220546,500,326.46,5,0,2091.26,1821.57,1,"	2103,2104" 
2022-05-13T19:30:00Z,"SPY",2022-05-13T19:58:00Z,Buy,380.760887122,379.663211718,496,-544.45,4.96,-1088.89,51.63,1140.52,0,"	2105,2106" 
2022-05-18T14:00:00Z,"SPY",2022-05-18T19:58:00Z,Sell,379.587509966,370.437060693,475,4346.46,4.75,-404.53,4679.08,790.63,1,"	2107,2108" 
2022-05-20T16:30:00Z,"SPY",2022-05-20T19:45:00Z,Sell,363.765843798,367.295437985,528,-1863.63,5.28,-2268.33,1873.62,4141.95,0,"	2109,2110" 
2022-05-23T16:30:00Z,"SPY",2022-05-23T17:05:00Z,Buy,375.225196507,374.231611012,511,-507.72,5.11,-536.73,169.24,705.98,0,"	2111,2112" 
2022-05-24T14:00:00Z,"SPY",2022-05-24T16:00:00Z,Sell,369.774670363,369.310997132,499,231.37,4.99,0,1699.88,1638.5,1,"	2113,2114" 
2022-05-25T19:30:00Z,"SPY",2022-05-25T19:58:00Z,Buy,377.127203026,375.944363151,544,-643.46,5.44,-988.36,185.32,1173.68,0,"	2115,2116" 
2022-05-26T14:00:00Z,"SPY",2022-05-26T19:58:00Z,Buy,380.950141502,383.382060285,584,1420.24,5.84,-33.16,2348.65,1235.11,1,"	2117,2118" 
2022-05-27T14:00:00Z,"SPY",2022-05-27T15:15:00Z,Buy,388.955601776,389.551753073,548,326.69,5.48,-243.72,622.27,865.99,1,"	2119,2120" 
2022-05-27T16:00:00Z,"SPY",2022-05-27T19:58:00Z,Buy,390.356084188,392.60821131,547,1231.91,5.47,-362.33,1237.09,533.14,1,"	2121,2122" 
2022-05-31T14:00:00Z,"SPY",2022-05-31T14:30:00Z,Sell,389.078617123,389.608529387,587,-311.06,5.87,-983.17,611.01,1594.17,0,"	2123,2124" 
2022-06-01T15:30:00Z,"SPY",2022-06-01T17:50:00Z,Sell,386.817027282,387.905239967,584,-635.52,5.84,-817.88,1000.25,1818.13,0,"	2125,2126" 
2022-06-02T16:30:00Z,"SPY",2022-06-02T19:58:00Z,Buy,391.728178443,394.926577465,591,1890.25,5.91,-89.48,1895.85,592.8,1,"	2127,2128" 
2022-06-09T19:30:00Z,"SPY",2022-06-09T19:58:00Z,Sell,382.757520831,380.240437577,818,2058.97,8.18,-30.96,2058.97,363.8,1,"	2129,2130" 
2022-06-10T14:00:00Z,"SPY",2022-06-10T17:55:00Z,Sell,372.244440022,370.806106734,753,1083.06,7.53,0,2444.02,1980.87,1,"	2131,2132" 
2022-06-13T14:30:00Z,"SPY",2022-06-13T15:35:00Z,Sell,356.914835242,357.170328655,689,-176.03,6.89,-671.54,1434.36,2105.9,0,"	2133,2134" 
2022-06-13T19:30:00Z,"SPY",2022-06-13T19:58:00Z,Sell,354.908738814,354.833037062,692,52.39,6.92,-209.54,1119.74,1132.84,1,"	2135,2136" 
2022-06-15T19:30:00Z,"SPY",2022-06-15T19:55:00Z,Buy,361.750284651,358.476183877,614,-2010.3,6.14,-2260.13,749.5,3009.64,0,"	2137,2138" 
2022-06-16T14:00:00Z,"SPY",2022-06-16T17:05:00Z,Sell,348.98507672,347.792774126,619,738.04,6.19,-134.72,1628.36,1581.5,1,"	2139,2140" 
2022-06-16T18:00:00Z,"SPY",2022-06-16T19:58:00Z,Sell,346.165186458,346.770800474,627,-379.72,6.27,-809.87,990.83,1800.7,0,"	2141,2142" 
2022-06-17T14:00:00Z,"SPY",2022-06-17T14:20:00Z,Buy,350.121832872,347.584373808,608,-1542.78,6.08,-1577.44,0,1577.44,0,"	2143,2144" 
2022-06-21T14:00:00Z,"SPY",2022-06-21T16:10:00Z,Buy,356.232642528,355.557887496,659,-444.66,6.59,-469.72,851.75,1321.46,0,"	2145,2146" 
2022-06-21T16:30:00Z,"SPY",2022-06-21T19:58:00Z,Buy,356.156613792,356.261153304,657,68.68,6.57,-112.39,1052.09,983.41,1,"	2147,2148" 
2022-06-24T14:00:00Z,"SPY",2022-06-24T19:58:00Z,Buy,364.74786096,369.670721616,593,2919.26,5.93,0,3077.05,766.45,1,"	2149,2150" 
2022-06-27T14:00:00Z,"SPY",2022-06-27T14:20:00Z,Sell,368.843909112,369.461642592,532,-328.63,5.32,-773.55,0,773.55,0,"	2151,2152" 
2022-06-28T15:30:00Z,"SPY",2022-06-28T19:58:00Z,Sell,366.610564992,361.763733072,536,2597.9,5.36,-213.94,2600.45,922,1,"	2153,2154" 
2022-06-30T14:00:00Z,"SPY",2022-06-30T15:05:00Z,Sell,354.807103728,356.441721552,559,-913.75,5.59,-1285.63,371.88,1657.5,0,"	2155,2156" 
2022-07-05T14:00:00Z,"SPY",2022-07-05T14:30:00Z,Sell,355.29178692,355.881009624,603,-355.3,6.03,-618.91,469.91,1088.83,0,"	2157,2158" 
2022-07-07T14:00:00Z,"SPY",2022-07-07T14:20:00Z,Buy,368.159650488,367.076241,690,-747.55,6.9,-754.11,0,754.11,0,"	2159,2160" 
2022-07-07T15:00:00Z,"SPY",2022-07-07T17:30:00Z,Buy,368.150146896,368.245182816,688,65.38,6.88,-241.92,640.77,588.46,1,"	2161,2162" 
2022-07-07T18:00:00Z,"SPY",2022-07-07T19:58:00Z,Buy,369.138520464,369.946325784,686,554.15,6.86,-16.3,867.09,661.73,1,"	2163,2164" 
2022-07-14T14:00:00Z,"SPY",2022-07-14T15:05:00Z,Sell,353.837737344,354.2463918,922,-376.78,9.22,-700.98,1033.95,1734.94,0,"	2165,2166" 
2022-07-19T14:30:00Z,"SPY",2022-07-19T19:58:00Z,Buy,368.796391152,372.949460856,1068,4435.48,10.68,-243.6,4800.87,1106.33,1,"	2167,2168" 
2022-07-20T15:00:00Z,"SPY",2022-07-20T17:20:00Z,Buy,376.285221648,373.833294912,986,-2417.6,9.86,-3157.87,281.12,3438.99,0,"	2169,2170" 
2022-07-21T14:30:00Z,"SPY",2022-07-21T14:55:00Z,Sell,372.607331544,374.213438592,983,-1578.8,9.83,-1578.8,79.41,1658.21,0,"	2171,2172" 
2022-07-21T16:30:00Z,"SPY",2022-07-21T17:50:00Z,Buy,377.62522812,376.741394064,963,-851.13,9.63,-1381.95,247.1,1629.05,0,"	2173,2174" 
2022-07-22T15:30:00Z,"SPY",2022-07-22T19:58:00Z,Sell,377.00749464,375.002236728,984,1973.17,9.84,0,3637.75,1935.77,1,"	2175,2176" 
2022-07-26T15:30:00Z,"SPY",2022-07-26T19:30:00Z,Sell,371.92307292,371.381368176,977,529.25,9.77,-909.93,1253.48,1763.22,1,"	2177,2178" 
2022-07-27T15:00:00Z,"SPY",2022-07-27T17:00:00Z,Buy,376.465789896,376.361250384,919,-96.07,9.19,-200.88,733.64,838.44,0,"	2179,2180" 
2022-07-27T19:00:00Z,"SPY",2022-07-27T19:58:00Z,Buy,380.010629712,381.531204432,910,1383.72,9.1,-95.13,2533.94,1331.83,1,"	2181,2182" 
2022-07-28T14:00:00Z,"SPY",2022-07-28T15:00:00Z,Sell,379.554457296,381.635743944,835,-1737.87,8.35,-1737.87,920.52,2658.39,0,"	2183,2184" 
2022-07-28T15:30:00Z,"SPY",2022-07-28T16:15:00Z,Buy,383.812066512,383.907102432,819,77.83,8.19,-529.27,435.87,599.33,1,"	2185,2186" 
2022-07-28T16:30:00Z,"SPY",2022-07-28T19:58:00Z,Buy,384.1827066,385.70328132,818,1243.83,8.18,-458.66,1927.94,824.04,1,"	2187,2188" 
2022-07-29T14:00:00Z,"SPY",2022-07-29T15:20:00Z,Buy,388.896488232,389.039042112,799,113.9,7.99,-167.05,1321.25,1488.3,1,"	2189,2190" 
2022-07-29T17:00:00Z,"SPY",2022-07-29T19:58:00Z,Buy,390.112948008,391.481465256,797,1090.71,7.97,-318.12,1863.29,840.75,1,"	2191,2192" 
2022-08-03T14:00:00Z,"SPY",2022-08-03T14:35:00Z,Buy,391.110825168,390.559616832,840,-463.02,8.4,-582.76,622.68,1149.55,0,"	2193,2194" 
2022-08-03T15:30:00Z,"SPY",2022-08-03T19:58:00Z,Buy,391.985155632,394.075945872,837,1749.99,8.37,-55.68,2489.76,739.77,1,"	2195,2196" 
2022-08-08T14:00:00Z,"SPY",2022-08-08T15:25:00Z,Buy,396.48985824,395.235384096,884,-1108.96,8.84,-1117.36,273.04,1390.39,0,"	2197,2198" 
2022-08-12T16:30:00Z,"SPY",2022-08-12T19:58:00Z,Buy,403.180387008,405.641817336,943,2321.13,9.43,-197.16,2321.13,412.25,1,"	2199,2200" 
2022-08-19T14:00:00Z,"SPY",2022-08-19T16:55:00Z,Sell,402.14449548,402.391588872,1044,-257.97,10.44,-396.87,1428.73,1825.6,0,"	2201,2202" 
2022-08-19T17:30:00Z,"SPY",2022-08-19T19:58:00Z,Sell,401.792862576,401.222647056,1043,594.73,10.43,-158.6,1467.01,1402.58,1,"	2203,2204" 
2022-08-22T14:30:00Z,"SPY",2022-08-22T19:58:00Z,Sell,394.294528488,392.669414256,1066,1732.37,10.66,-820.6,2507.38,1337.27,1,"	2205,2206" 
2022-08-24T15:30:00Z,"SPY",2022-08-24T17:00:00Z,Buy,393.866866848,392.564874744,1059,-1378.81,10.59,-1620.35,634.05,2254.4,0,"	2207,2208" 
2022-08-25T14:00:00Z,"SPY",2022-08-25T15:30:00Z,Buy,395.72957088,395.045312256,1043,-713.68,10.43,-1298.5,1382.76,2681.26,0,"	2209,2210" 
2022-08-26T14:30:00Z,"SPY",2022-08-26T19:58:00Z,Sell,394.285024896,385.570231032,984,8575.36,9.84,0,8874.61,1599.11,1,"	2211,2212" 
2022-08-30T14:00:00Z,"SPY",2022-08-30T19:25:00Z,Sell,381.892340928,379.164810024,809,2206.57,8.09,-315.22,4451.59,2583.3,1,"	2213,2214" 
2022-09-01T15:00:00Z,"SPY",2022-09-01T15:25:00Z,Sell,370.953706536,371.78051904,925,-764.8,9.25,-1336.21,131.86,1468.07,0,"	2215,2216" 
2022-09-01T15:30:00Z,"SPY",2022-09-01T15:50:00Z,Sell,371.457396912,371.885058552,921,-393.88,9.21,-1409.2,0,1409.2,0,"	2217,2218" 
2022-09-02T17:30:00Z,"SPY",2022-09-02T19:58:00Z,Sell,373.947338016,372.236691456,1006,1720.91,10.06,-822.21,2992.47,1625.3,1,"	2219,2220" 
2022-09-06T14:30:00Z,"SPY",2022-09-06T14:55:00Z,Sell,371.039238864,373.034993184,1043,-2081.57,10.43,-2502.84,515.44,3018.28,0,"	2221,2222" 
2022-09-06T17:30:00Z,"SPY",2022-09-06T17:50:00Z,Sell,370.193419176,370.136397624,1035,59.02,10.35,-786.9,68.85,786.9,1,"	2223,2224" 
2022-09-07T14:00:00Z,"SPY",2022-09-07T14:20:00Z,Buy,372.284209416,372.274705824,1048,-9.96,10.48,-617.51,378.47,995.98,0,"	2225,2226" 
2022-09-07T15:00:00Z,"SPY",2022-09-07T19:58:00Z,Buy,373.30109376,378.0053718,1045,4915.97,10.45,-198.63,5700.54,1440.03,1,"	2227,2228" 
2022-09-08T15:00:00Z,"SPY",2022-09-08T15:55:00Z,Buy,380.04864408,379.9060902,914,-130.29,9.14,-451.69,755.71,1207.39,0,"	2229,2230" 
2022-09-09T14:00:00Z,"SPY",2022-09-09T16:40:00Z,Buy,384.201713784,385.114058616,890,811.99,8.9,0,1590.14,1395.6,1,"	2231,2232" 
2022-09-09T17:00:00Z,"SPY",2022-09-09T19:00:00Z,Buy,385.817324424,386.530093824,890,634.36,8.9,-338.33,778.15,651.28,1,"	2233,2234" 
2022-09-09T19:30:00Z,"SPY",2022-09-09T19:58:00Z,Buy,386.900733912,386.549101008,890,-312.95,8.9,-393.31,279.12,672.43,0,"	2235,2236" 
2022-09-12T14:00:00Z,"SPY",2022-09-12T15:10:00Z,Buy,390.607134792,389.685286368,834,-768.82,8.34,-816.38,538.97,1355.35,0,"	2237,2238" 
2022-09-13T15:00:00Z,"SPY",2022-09-13T17:30:00Z,Sell,378.632608872,379.630486032,897,-895.1,8.97,-895.1,664.93,1560.02,0,"	2239,2240" 
2022-09-13T18:30:00Z,"SPY",2022-09-13T19:58:00Z,Sell,377.511185016,374.317978104,896,2861.11,8.96,-17.03,4496.04,1634.92,1,"	2241,2242" 
2022-09-16T14:00:00Z,"SPY",2022-09-16T14:20:00Z,Sell,365.034646173,366.618724579,741,-1173.8,7.41,-1852.63,0,1852.63,0,"	2243,2244" 
2022-09-20T18:00:00Z,"SPY",2022-09-20T18:20:00Z,Sell,363.95632774,364.996475609,827,-860.2,8.27,-860.2,0,860.2,0,"	2245,2246" 
2022-09-22T14:00:00Z,"SPY",2022-09-22T14:25:00Z,Sell,357.763153731,357.934921269,812,-139.48,8.12,-1201.04,449.42,1650.46,0,"	2247,2248" 
2022-09-22T15:00:00Z,"SPY",2022-09-22T16:55:00Z,Sell,356.971114528,358.268913704,813,-1055.11,8.13,-1400.35,411.18,1811.53,0,"	2249,2250" 
2022-09-23T14:00:00Z,"SPY",2022-09-23T19:55:00Z,Sell,350.987878621,350.825653724,825,133.84,8.25,-747.9,3511.21,3582.07,1,"	2251,2252" 
2022-09-26T14:30:00Z,"SPY",2022-09-26T14:50:00Z,Buy,352.915492103,351.436382748,806,-1192.16,8.06,-1445.98,0,1445.98,0,"	2253,2254" 
2022-09-26T17:30:00Z,"SPY",2022-09-26T18:20:00Z,Sell,347.018139965,348.172799526,815,-941.05,8.15,-1135.48,264.43,1399.91,0,"	2255,2256" 
2022-09-27T16:30:00Z,"SPY",2022-09-27T17:00:00Z,Sell,345.63445702,346.130674352,812,-402.93,8.12,-635.39,406.8,1042.19,0,"	2257,2258" 
2022-09-27T17:30:00Z,"SPY",2022-09-27T18:15:00Z,Sell,345.338635149,345.100069124,811,193.48,8.11,-495.3,619.13,1114.43,1,"	2259,2260" 
2022-09-28T14:30:00Z,"SPY",2022-09-28T19:58:00Z,Buy,349.670994163,354.165578074,871,3914.78,8.71,-365.71,4729.32,1412.98,1,"	2261,2262" 
2022-09-29T14:00:00Z,"SPY",2022-09-29T15:50:00Z,Sell,346.550550556,347.113566375,828,-466.18,8.28,-466.18,1841,2307.18,0,"	2263,2264" 
2022-09-29T16:30:00Z,"SPY",2022-09-29T19:50:00Z,Sell,346.226100762,345.949364173,827,228.86,8.27,-426.16,2406.99,2564.82,1,"	2265,2266" 
2022-09-30T15:30:00Z,"SPY",2022-09-30T16:00:00Z,Buy,348.59267573,346.340612454,857,-1930.02,8.57,-2036.33,114.49,2150.83,0,"	2267,2268" 
2022-10-03T14:30:00Z,"SPY",2022-10-03T19:58:00Z,Buy,347.705210117,349.566025112,900,1674.73,9,-790.13,3538.41,1949.56,1,"	2269,2270" 
2022-10-04T14:00:00Z,"SPY",2022-10-04T17:20:00Z,Buy,358.822386882,357.209680553,912,-1470.79,9.12,-1488.19,1366.35,2854.55,0,"	2271,2272" 
2022-10-04T18:00:00Z,"SPY",2022-10-04T19:58:00Z,Buy,359.08958083,360.158356622,906,968.31,9.06,-613.84,1175.81,1348.72,1,"	2273,2274" 
2022-10-07T14:00:00Z,"SPY",2022-10-07T19:58:00Z,Sell,348.802613832,346.483752069,786,1822.63,7.86,-1140.08,3390.23,1642.61,1,"	2275,2276" 
2022-10-10T15:00:00Z,"SPY",2022-10-10T16:05:00Z,Sell,343.72592882,344.250774075,757,-397.31,7.57,-823.51,606.8,1430.31,0,"	2277,2278" 
2022-10-10T16:30:00Z,"SPY",2022-10-10T18:05:00Z,Sell,342.618982464,344.87104574,759,-1709.32,7.59,-2274.26,937.95,3212.21,0,"	2279,2280" 
2022-10-11T14:00:00Z,"SPY",2022-10-11T14:25:00Z,Sell,340.281035419,340.242864855,761,29.05,7.61,-551.91,522.86,1074.77,1,"	2281,2282" 
2022-10-13T15:30:00Z,"SPY",2022-10-13T19:58:00Z,Buy,343.802269948,349.508769266,772,4405.42,7.72,-95.77,5271.03,2998.34,1,"	2283,2284" 
2022-10-14T14:30:00Z,"SPY",2022-10-14T19:58:00Z,Sell,345.405433636,340.910849725,733,3294.53,7.33,-1073.7,3301.52,2164.88,1,"	2285,2286" 
2022-10-17T14:00:00Z,"SPY",2022-10-17T15:00:00Z,Buy,349.117520985,348.726272704,705,-275.83,7.05,-518.02,1308.51,1826.53,0,"	2287,2288" 
2022-10-20T14:30:00Z,"SPY",2022-10-20T15:35:00Z,Buy,355.148470097,353.717073947,691,-989.09,6.91,-1358.36,0,1358.36,0,"	2289,2290" 
2022-10-21T14:00:00Z,"SPY",2022-10-21T14:40:00Z,Buy,352.237964592,350.281723187,708,-1385.02,7.08,-1729.58,790.47,2520.06,0,"	2291,2292" 
2022-10-21T16:00:00Z,"SPY",2022-10-21T19:58:00Z,Buy,353.115887564,357.047455656,702,2759.96,7.02,-432.08,3128.4,1041.68,1,"	2293,2294" 
2022-10-25T14:00:00Z,"SPY",2022-10-25T17:05:00Z,Buy,364.901049199,365.120529942,761,167.02,7.61,-791.55,1307.15,1140.13,1,"	2295,2296" 
2022-10-25T18:30:00Z,"SPY",2022-10-25T19:58:00Z,Buy,366.456499682,367.10539927,758,491.87,7.58,-347.2,868,658.23,1,"	2297,2298" 
2022-10-28T14:00:00Z,"SPY",2022-10-28T19:58:00Z,Buy,365.072816737,370.951083593,844,4961.26,8.44,-1232.26,5392.15,1683.28,1,"	2299,2300" 
2022-11-02T19:30:00Z,"SPY",2022-11-02T19:58:00Z,Sell,359.824364187,358.278456345,840,1298.56,8.4,-320.63,1611.18,897.77,1,"	2301,2302" 
2022-11-03T14:00:00Z,"SPY",2022-11-03T14:20:00Z,Sell,352.257049874,354.375516176,826,-1749.85,8.26,-1970.56,0,1970.56,0,"	2303,2304" 
2022-11-08T16:30:00Z,"SPY",2022-11-08T18:40:00Z,Buy,366.4374144,364.681568456,906,-1590.8,9.06,-2524.52,890.5,3415.02,0,"	2305,2306" 
2022-11-09T19:00:00Z,"SPY",2022-11-09T20:58:00Z,Sell,358.927355933,357.037913015,931,1759.07,9.31,-613.01,2105.56,1221.58,1,"	2307,2308" 
2022-11-10T16:00:00Z,"SPY",2022-11-10T17:25:00Z,Buy,372.582875204,373.107720459,843,442.44,8.43,-683.78,1206.67,900.98,1,"	2309,2310" 
2022-11-10T19:00:00Z,"SPY",2022-11-10T19:35:00Z,Buy,373.393999689,373.718449483,843,273.51,8.43,-241.33,394.18,635.51,1,"	2311,2312" 
2022-11-10T20:00:00Z,"SPY",2022-11-10T20:58:00Z,Buy,374.329178507,376.304505194,842,1663.23,8.42,-104.45,2121.21,457.99,1,"	2313,2314" 
2022-11-11T20:00:00Z,"SPY",2022-11-11T20:20:00Z,Buy,380.961314002,379.720770672,636,-788.99,6.36,-1110.65,0,1110.65,0,"	2315,2316" 
2022-11-22T20:30:00Z,"SPY",2022-11-22T20:58:00Z,Buy,381.180794745,381.70564,674,353.75,6.74,-9.65,360.18,96.48,1,"	2317,2318" 
2022-11-23T15:00:00Z,"SPY",2022-11-23T17:05:00Z,Buy,383.051152381,382.096888281,728,-694.7,7.28,-1049,708.6,1757.6,0,"	2319,2320" 
2022-11-23T20:30:00Z,"SPY",2022-11-23T20:50:00Z,Buy,383.99587384,383.432858021,724,-407.62,7.24,-407.62,0,407.62,0,"	2321,2322" 
2022-11-28T19:30:00Z,"SPY",2022-11-28T20:58:00Z,Sell,377.8885836,377.735901344,762,116.34,7.62,-254.5,632.62,588.99,1,"	2323,2324" 
2022-11-29T16:30:00Z,"SPY",2022-11-29T17:55:00Z,Sell,375.722404093,376.867521013,732,-838.23,7.32,-998.89,0,998.89,0,"	2325,2326" 
2022-11-30T19:00:00Z,"SPY",2022-11-30T20:58:00Z,Buy,381.447988693,388.118294752,717,4782.61,7.17,0,4837.35,841.58,1,"	2327,2328" 
2022-12-01T15:30:00Z,"SPY",2022-12-01T16:05:00Z,Sell,386.725069166,388.681310571,713,-1394.8,7.13,-1585.31,347,1932.31,0,"	2329,2330" 
2022-12-01T16:30:00Z,"SPY",2022-12-01T17:40:00Z,Sell,387.803387599,388.585884161,707,-553.23,7.07,-823.09,499.25,1322.34,0,"	2331,2332" 
2022-12-05T16:30:00Z,"SPY",2022-12-05T20:58:00Z,Sell,384.09130025,381.581585667,1134,2846.02,11.34,0,4555.79,1709.77,1,"	2333,2334" 
2022-12-06T15:00:00Z,"SPY",2022-12-06T20:58:00Z,Sell,379.014615238,375.665148247,1078,3610.73,10.78,-113.16,5657.83,2530.59,1,"	2335,2336" 
2022-12-08T15:00:00Z,"SPY",2022-12-08T16:20:00Z,Buy,378.069893779,377.201513448,1073,-931.77,10.73,-931.77,982.97,1914.74,0,"	2337,2338" 
2022-12-12T20:30:00Z,"SPY",2022-12-12T20:58:00Z,Buy,379.873452928,380.531895157,1042,686.1,10.42,-119.32,696.04,696.04,1,"	2339,2340" 
2022-12-14T15:00:00Z,"SPY",2022-12-14T17:30:00Z,Buy,385.389099426,385.303215657,1013,-87,10.13,-193.33,1044,1169.67,0,"	2341,2342" 
2022-12-15T15:00:00Z,"SPY",2022-12-15T20:58:00Z,Sell,373.651650996,371.790836001,1045,1944.55,10.45,-239.33,3480.25,2732.34,1,"	2343,2344" 
2022-12-16T15:30:00Z,"SPY",2022-12-16T19:25:00Z,Sell,366.797553402,366.155259845,962,617.89,9.62,-673.22,1420.22,1503.22,1,"	2345,2346" 
2022-12-19T19:00:00Z,"SPY",2022-12-19T20:58:00Z,Sell,364.19003329,364.506386833,990,-313.19,9.9,-313.19,1456.81,1770,0,"	2347,2348" 
2022-12-21T16:00:00Z,"SPY",2022-12-21T17:05:00Z,Buy,370.593795918,369.759772941,1296,-1080.89,12.96,-1161.65,776.5,1938.15,0,"	2349,2350" 
2022-12-21T18:00:00Z,"SPY",2022-12-21T18:35:00Z,Buy,370.411652969,369.922742948,1291,-631.18,12.91,-903.46,445.54,1349,0,"	2351,2352" 
2022-12-22T15:00:00Z,"SPY",2022-12-22T20:15:00Z,Sell,365.800560418,362.915032647,1174,3387.61,11.74,0,7641.82,4850.7,1,"	2353,2354" 
2022-12-23T15:00:00Z,"SPY",2022-12-23T15:20:00Z,Sell,362.819167937,365.666349824,1168,-3325.51,11.68,-3325.51,0,3325.51,0,"	2355,2356" 
2022-12-27T15:00:00Z,"SPY",2022-12-27T15:30:00Z,Sell,364.774808021,366.596237511,1185,-2158.39,11.85,-2669.59,931.52,3601.11,0,"	2357,2358" 
2022-12-28T16:30:00Z,"SPY",2022-12-28T18:05:00Z,Sell,363.471047965,364.142100935,1229,-824.72,12.29,-824.72,2144.28,2969.01,0,"	2359,2360" 
2022-12-28T19:30:00Z,"SPY",2022-12-28T19:50:00Z,Sell,362.723303227,363.298491487,1227,-705.76,12.27,-1035.11,162.32,1197.43,0,"	2361,2362" 
2022-12-28T20:00:00Z,"SPY",2022-12-28T20:58:00Z,Sell,362.771235582,361.256573164,1223,1852.43,12.23,0,2122.09,592.07,1,"	2363,2364" 
2022-12-29T15:00:00Z,"SPY",2022-12-29T20:58:00Z,Buy,365.81973336,367.602816966,1186,2114.74,11.86,-125.07,3064.09,1131.27,1,"	2365,2366" 
2023-01-03T16:30:00Z,"SPY",2023-01-03T18:45:00Z,Sell,364.305070942,363.691536798,1117,685.32,11.17,0,2130.91,1681.17,1,"	2367,2368" 
2023-01-05T15:00:00Z,"SPY",2023-01-05T15:20:00Z,Sell,364.391349181,364.688529782,1202,-357.21,12.02,-1463.41,426.35,1889.76,0,"	2369,2370" 
2023-01-05T16:00:00Z,"SPY",2023-01-05T16:55:00Z,Sell,363.691536798,363.758642095,1203,-80.73,12.03,-703.48,530.5,1233.98,0,"	2371,2372" 
2023-01-06T16:00:00Z,"SPY",2023-01-06T20:58:00Z,Buy,369.347554688,371.801691264,1165,2859.07,11.65,-178.69,4344.44,1764.58,1,"	2373,2374" 
2023-01-09T15:00:00Z,"SPY",2023-01-09T15:30:00Z,Buy,375.425377302,375.224061411,1136,-228.69,11.36,-272.26,435.61,707.87,0,"	2375,2376" 
2023-01-09T16:00:00Z,"SPY",2023-01-09T17:30:00Z,Buy,376.374437931,376.65244559,1132,314.7,11.32,-108.52,1074.34,1182.86,1,"	2377,2378" 
2023-01-12T15:00:00Z,"SPY",2023-01-12T15:20:00Z,Sell,377.428949741,380.141921034,1166,-3163.32,11.66,-3319.81,0,3319.81,0,"	2379,2380" 
2023-01-18T16:30:00Z,"SPY",2023-01-18T20:58:00Z,Sell,379.020303927,375.271993766,1297,4861.56,12.97,0,4873.99,1765.58,1,"	2381,2382" 
2023-01-20T16:30:00Z,"SPY",2023-01-20T16:55:00Z,Buy,376.125189685,375.550001425,1273,-732.21,12.73,-732.21,79.32,811.54,0,"	2383,2384" 
2023-01-20T19:00:00Z,"SPY",2023-01-20T20:58:00Z,Buy,377.150942082,379.43252218,1265,2886.2,12.65,-157.65,3086.29,1109.61,1,"	2385,2386" 
2023-01-23T15:00:00Z,"SPY",2023-01-23T19:55:00Z,Buy,381.416921677,382.548125255,1257,1421.92,12.57,-186.78,5747.94,4434.47,1,"	2387,2388" 
2023-01-25T15:00:00Z,"SPY",2023-01-25T16:15:00Z,Sell,378.080829769,379.068236282,1269,-1253.02,12.69,-1642.31,790.74,2043.76,0,"	2389,2390" 
2023-01-31T15:30:00Z,"SPY",2023-01-31T20:58:00Z,Buy,386.04718717,389.287414368,1310,4244.7,13.1,-226.05,4250.98,1342.48,1,"	2391,2392" 
2023-02-01T20:30:00Z,"SPY",2023-02-01T20:58:00Z,Buy,394.243619875,393.582153376,1304,-862.55,13.04,-1293.83,2693.91,3987.74,0,"	2393,2394" 
2023-02-02T16:00:00Z,"SPY",2023-02-02T16:55:00Z,Buy,399.410727744,399.046441846,1283,-467.38,12.83,-762.57,467.38,1229.94,0,"	2395,2396" 
2023-02-02T19:00:00Z,"SPY",2023-02-02T19:30:00Z,Buy,400.772006626,398.404148289,1276,-3021.39,12.76,-3180.41,171.25,3351.66,0,"	2397,2398" 
2023-02-07T18:00:00Z,"SPY",2023-02-07T18:40:00Z,Buy,397.196252943,391.722378002,1154,-6316.85,11.54,-7378.88,542.08,7920.96,0,"	2399,2400" 
2023-02-07T19:30:00Z,"SPY",2023-02-07T20:58:00Z,Buy,395.05846991,398.097381217,1131,3437.01,11.31,-21.68,4716.4,1593.82,1,"	2401,2402" 
2023-02-08T16:30:00Z,"SPY",2023-02-08T18:05:00Z,Sell,393.802642209,395.039296968,1252,-1548.29,12.52,-1608.3,672.13,2280.43,0,"	2403,2404" 
2023-02-09T19:30:00Z,"SPY",2023-02-09T20:00:00Z,Sell,391.425197401,391.568994466,1211,-174.14,12.11,-592.07,69.66,661.73,0,"	2405,2406" 
2023-02-09T20:30:00Z,"SPY",2023-02-09T20:58:00Z,Sell,389.958467338,390.198129113,1215,-291.19,12.15,-1455.95,978.4,2434.34,0,"	2407,2408" 
2023-02-13T15:00:00Z,"SPY",2023-02-13T20:58:00Z,Buy,393.352078072,395.422755808,1260,2609.05,12.6,-374.45,3019.74,1956.79,1,"	2409,2410" 
2023-02-14T17:00:00Z,"SPY",2023-02-14T17:20:00Z,Sell,392.613919805,393.562980434,1270,-1205.31,12.7,-1302.71,0,1302.71,0,"	2411,2412" 
2023-02-17T15:00:00Z,"SPY",2023-02-17T15:20:00Z,Sell,388.012413725,389.709219092,1218,-2066.71,12.18,-2066.71,0,2066.71,0,"	2413,2414" 
2023-02-21T15:30:00Z,"SPY",2023-02-21T20:58:00Z,Sell,385.107713012,382.557711726,1283,3271.65,12.83,-910.16,3511.49,1531.28,1,"	2415,2416" 
2023-02-23T17:00:00Z,"SPY",2023-02-23T17:50:00Z,Sell,380.065229266,380.812974004,1308,-978.05,13.08,-1216.29,163.01,1379.3,0,"	2417,2418" 
2023-02-24T15:00:00Z,"SPY",2023-02-24T16:20:00Z,Sell,378.167108008,378.531393906,1319,-480.49,13.19,-967.31,897.76,1669.08,0,"	2419,2420" 
2023-03-02T19:30:00Z,"SPY",2023-03-02T19:55:00Z,Buy,380.534966345,380.180266918,1308,-463.95,13.08,-714.73,200.63,915.35,0,"	2421,2422" 
2023-03-02T20:30:00Z,"SPY",2023-03-02T20:58:00Z,Buy,381.004703424,381.06222225,1303,74.95,13.03,0,1461.47,1461.47,1,"	2423,2424" 
2023-03-03T15:00:00Z,"SPY",2023-03-03T15:20:00Z,Buy,383.995682376,383.909404137,1294,-111.64,12.94,-1513.4,111.64,1513.4,0,"	2425,2426" 
2023-03-03T15:30:00Z,"SPY",2023-03-03T20:58:00Z,Buy,384.772186527,387.38929311,1290,3376.07,12.9,-853.29,3771.8,1051.16,1,"	2427,2428" 
2023-03-06T15:30:00Z,"SPY",2023-03-06T16:45:00Z,Buy,389.824256744,389.699632621,1291,-160.89,12.91,-259.9,959.15,1219.05,0,"	2429,2430" 
2023-03-06T17:30:00Z,"SPY",2023-03-06T17:50:00Z,Buy,389.996813222,388.990233767,1289,-1297.48,12.89,-1303.66,0,1303.66,0,"	2431,2432" 
2023-03-07T15:30:00Z,"SPY",2023-03-07T20:58:00Z,Sell,385.069367128,381.666169923,1299,4420.75,12.99,-1668.68,5018.49,2278.87,1,"	2433,2434" 
2023-03-09T15:00:00Z,"SPY",2023-03-09T15:30:00Z,Buy,384.206584738,383.55470471,1325,-863.74,13.25,-1702.08,406.47,2108.54,0,"	2435,2436" 
2023-03-09T18:30:00Z,"SPY",2023-03-09T20:58:00Z,Sell,380.065229266,375.367858476,1335,6270.99,13.35,0,7205.24,2406.01,1,"	2437,2438" 
2023-03-10T15:00:00Z,"SPY",2023-03-10T16:10:00Z,Sell,373.057518965,375.003572578,1393,-2710.85,13.93,-2817.68,881.36,3699.05,0,"	2439,2440" 
2023-03-10T17:30:00Z,"SPY",2023-03-10T20:58:00Z,Sell,372.884962487,369.999434716,1379,3979.14,13.79,-1440.95,5922.45,4891.31,1,"	2441,2442" 
2023-03-13T15:00:00Z,"SPY",2023-03-13T17:05:00Z,Buy,371.696240083,369.836464709,1362,-2533.01,13.62,-2911.66,2689.7,5601.36,0,"	2443,2444" 
2023-03-13T18:30:00Z,"SPY",2023-03-13T19:15:00Z,Buy,372.348120111,372.348120111,1346,0,13.46,-1058.08,967.75,2025.83,0,"	2445,2446" 
2023-03-14T14:30:00Z,"SPY",2023-03-14T17:00:00Z,Buy,376.010152033,375.233647882,1375,-1067.69,13.75,-1304.96,1502.68,2807.64,0,"	2447,2448" 
2023-03-16T15:00:00Z,"SPY",2023-03-16T19:58:00Z,Buy,375.396617889,379.739289252,1318,5723.64,13.18,-745.46,6039.52,2754.42,1,"	2449,2450" 
2023-03-17T14:30:00Z,"SPY",2023-03-17T17:25:00Z,Sell,376.463808502,376.290593386,1245,215.65,12.45,-443.29,3043.1,3486.39,1,"	2451,2452" 
2023-03-17T18:30:00Z,"SPY",2023-03-17T19:25:00Z,Sell,374.414096296,375.886424782,1252,-1843.36,12.52,-1843.36,506.02,2349.37,0,"	2453,2454" 
2023-03-20T14:30:00Z,"SPY",2023-03-20T16:10:00Z,Buy,377.589706756,376.829484858,1197,-909.99,11.97,-909.99,1946.68,2856.66,0,"	2455,2456" 
2023-03-23T14:30:00Z,"SPY",2023-03-23T17:00:00Z,Buy,381.74686954,381.804607912,1053,60.8,10.53,-243.19,2361.01,2442.07,1,"	2457,2458" 
2023-03-31T14:00:00Z,"SPY",2023-03-31T15:05:00Z,Buy,390.205541038,390.898401502,1316,911.8,13.16,-56.99,1013.12,607.87,1,"	2459,2460" 
2023-03-31T16:00:00Z,"SPY",2023-03-31T19:58:00Z,Buy,391.783723206,393.958535218,1315,2859.88,13.15,-480.86,2859.88,1391.98,1,"	2461,2462" 
2023-04-03T14:00:00Z,"SPY",2023-04-03T14:55:00Z,Buy,394.680264868,393.881550722,1289,-1029.54,12.89,-1066.75,1364.45,2431.21,0,"	2463,2464" 
2023-04-04T15:30:00Z,"SPY",2023-04-04T19:58:00Z,Sell,393.448512932,393.15019801,1339,399.44,13.39,-528.3,1919.91,2448.2,1,"	2465,2466" 
2023-04-06T14:00:00Z,"SPY",2023-04-06T14:20:00Z,Sell,390.831040068,391.70673871,1350,-1182.19,13.5,-1364.07,0,1364.07,0,"	2467,2468" 
2023-04-06T17:30:00Z,"SPY",2023-04-06T18:00:00Z,Buy,393.573612738,393.448512932,1334,-166.88,13.34,-269.58,231.07,500.65,0,"	2469,2470" 
2023-04-12T19:30:00Z,"SPY",2023-04-12T19:58:00Z,Sell,392.207137934,392.226384058,1338,-25.75,13.38,-1081.56,90.13,1081.56,0,"	2471,2472" 
2023-04-13T14:30:00Z,"SPY",2023-04-13T19:58:00Z,Buy,395.257648588,397.778890832,1327,3345.69,13.27,-734.26,3799.02,759.8,1,"	2473,2474" 
2023-04-14T14:00:00Z,"SPY",2023-04-14T14:25:00Z,Buy,399.193480946,396.681861764,1331,-3342.97,13.31,-3342.97,128.08,3471.05,0,"	2475,2476" 
2023-04-14T15:30:00Z,"SPY",2023-04-14T18:25:00Z,Sell,396.056362734,396.258447036,1325,-267.76,13.25,-357.02,1823.33,2180.35,0,"	2477,2478" 
2023-04-21T14:00:00Z,"SPY",2023-04-21T14:30:00Z,Sell,395.450109828,396.537515834,1325,-1440.81,13.25,-1810.58,471.77,2282.35,0,"	2479,2480" 
2023-04-25T14:30:00Z,"SPY",2023-04-25T15:05:00Z,Sell,394.20873483,394.314588512,1322,-139.94,13.22,-362.57,483.42,845.99,0,"	2481,2482" 
2023-04-25T16:00:00Z,"SPY",2023-04-25T19:58:00Z,Sell,393.602481924,390.84066313,1323,3653.89,13.23,-318.28,3672.98,942.12,1,"	2483,2484" 
2023-04-26T14:30:00Z,"SPY",2023-04-26T14:50:00Z,Sell,390.099687356,390.6963172,1354,-807.84,13.54,-827.38,0,827.38,0,"	2485,2486" 
2023-04-26T19:00:00Z,"SPY",2023-04-26T19:58:00Z,Sell,389.118135032,389.512680574,1353,-533.82,13.53,-611.94,618.45,1230.39,0,"	2487,2488" 
2023-04-27T14:00:00Z,"SPY",2023-04-27T19:58:00Z,Buy,392.197514872,396.71073095,1340,6047.71,13.4,-116.05,6576.4,1373.31,1,"	2489,2490" 
2023-04-28T14:30:00Z,"SPY",2023-04-28T19:58:00Z,Buy,399.06838114,399.98257203,1347,1231.42,13.47,-2916.51,1237.9,2994.28,1,"	2491,2492" 
2023-05-02T14:00:00Z,"SPY",2023-05-02T17:40:00Z,Sell,398.25042087,395.007448976,1356,4397.47,13.56,-39.15,7516.15,3118.68,1,"	2493,2494" 
2023-05-03T14:00:00Z,"SPY",2023-05-03T14:20:00Z,Buy,396.66261564,396.219954788,1383,-612.2,13.83,-825.14,292.79,1117.93,0,"	2495,2496" 
2023-05-04T14:00:00Z,"SPY",2023-05-04T15:25:00Z,Sell,390.31139472,390.090064294,1402,310.31,14.02,-910.68,2158.65,3069.32,1,"	2497,2498" 
2023-05-04T15:30:00Z,"SPY",2023-05-04T17:15:00Z,Sell,389.955341426,390.79254782,1405,-1176.27,14.05,-1365.56,1919.9,3285.46,0,"	2499,2500" 
2023-05-05T14:00:00Z,"SPY",2023-05-05T19:58:00Z,Buy,394.661018744,396.80696157,1382,2965.69,13.82,0,4628.08,1695.63,1,"	2501,2502" 
2023-05-11T14:00:00Z,"SPY",2023-05-11T15:00:00Z,Sell,394.843856922,395.84465537,1397,-1398.12,13.97,-1398.12,349.53,1747.64,0,"	2503,2504" 
2023-05-12T16:30:00Z,"SPY",2023-05-12T19:35:00Z,Sell,394.622526496,395.334633084,1390,-989.83,13.9,-989.83,1270.73,2260.55,0,"	2505,2506" 
2023-05-17T17:00:00Z,"SPY",2023-05-17T19:58:00Z,Buy,398.808558466,399.59764955,1371,1081.84,13.71,0,1781.08,1649.15,1,"	2507,2508" 
2023-05-18T14:30:00Z,"SPY",2023-05-18T16:25:00Z,Buy,401.175831718,400.723547804,1368,-618.72,13.68,-1118.97,1474.41,2593.38,0,"	2509,2510" 
2023-05-18T19:00:00Z,"SPY",2023-05-18T19:58:00Z,Buy,401.320177648,403.514235784,1364,2992.7,13.64,-196.89,3242.09,643.17,1,"	2511,2512" 
2023-05-23T18:30:00Z,"SPY",2023-05-23T19:58:00Z,Sell,398.721950908,398.481374358,1388,333.92,13.88,-881.55,480.85,1362.39,1,"	2513,2514" 
2023-05-24T14:00:00Z,"SPY",2023-05-24T17:55:00Z,Sell,395.632948006,395.70030944,1400,-94.31,14,-781.39,1549.31,2007.37,0,"	2515,2516" 
2023-05-24T18:30:00Z,"SPY",2023-05-24T19:30:00Z,Sell,394.824610798,396.460531338,1403,-2295.2,14.03,-2565.22,148.51,2713.73,0,"	2517,2518" 
2023-05-26T14:00:00Z,"SPY",2023-05-26T19:58:00Z,Buy,401.2816854,404.438049736,1369,4321.06,13.69,-32.93,4828.26,1785.07,1,"	2519,2520" 
2023-05-31T14:30:00Z,"SPY",2023-05-31T17:00:00Z,Sell,401.146962532,401.32980071,1391,-254.33,13.91,-629.13,789.76,1418.88,0,"	2521,2522" 
2023-06-01T15:00:00Z,"SPY",2023-06-01T19:58:00Z,Buy,403.571974156,405.554324928,1381,2737.63,13.81,-146.18,4638.02,2511.71,1,"	2523,2524" 
2023-06-02T15:00:00Z,"SPY",2023-06-02T19:58:00Z,Buy,410.750778408,411.895922786,1370,1568.85,13.7,-52.73,2438.97,1094.24,1,"	2525,2526" 
2023-06-07T14:00:00Z,"SPY",2023-06-07T14:20:00Z,Buy,413.127674722,412.405945072,1370,-988.77,13.7,-1265.63,105.47,1371.09,0,"	2527,2528" 
2023-06-08T15:30:00Z,"SPY",2023-06-08T15:50:00Z,Buy,412.117253212,411.905545848,1368,-289.62,13.68,-342.27,0,342.27,0,"	2529,2530" 
2023-06-08T16:30:00Z,"SPY",2023-06-08T17:50:00Z,Buy,412.92559042,411.77082298,1364,-1575.1,13.64,-1758.86,0,1758.86,0,"	2531,2532" 
2023-06-08T18:30:00Z,"SPY",2023-06-08T19:58:00Z,Buy,412.521421816,413.050690226,1358,718.75,13.58,0,914.77,483.52,1,"	2533,2534" 
2023-06-09T14:00:00Z,"SPY",2023-06-09T15:00:00Z,Buy,414.696233828,414.840579758,1354,195.44,13.54,-306.2,1250.84,1557.04,1,"	2535,2536" 
2023-06-12T19:30:00Z,"SPY",2023-06-12T19:58:00Z,Buy,416.91916115,417.044260956,1348,168.63,13.48,-194.58,596.71,557.79,1,"	2537,2538" 
2023-06-13T15:30:00Z,"SPY",2023-06-13T15:50:00Z,Buy,420.258363664,419.969671804,1338,-386.27,13.38,-669.53,141.63,811.17,0,"	2539,2540" 
2023-06-13T17:30:00Z,"SPY",2023-06-13T18:15:00Z,Buy,420.566301648,419.988917928,1335,-770.81,13.35,-1143.36,154.16,1297.53,0,"	2541,2542" 
2023-06-14T15:30:00Z,"SPY",2023-06-14T16:00:00Z,Buy,422.11561463,421.721069088,1326,-523.17,13.26,-631.63,63.8,695.43,0,"	2543,2544" 
2023-06-14T18:30:00Z,"SPY",2023-06-14T18:55:00Z,Sell,418.112420838,420.210248354,1336,-2802.7,13.36,-3085.54,359.98,3445.52,0,"	2545,2546" 
2023-06-15T14:00:00Z,"SPY",2023-06-15T19:58:00Z,Buy,422.182976064,425.77237819,1310,4702.12,13.1,-252.12,6416.56,1752.26,1,"	2547,2548" 
2023-06-20T14:30:00Z,"SPY",2023-06-20T15:45:00Z,Sell,420.428942848,421.1243776,1338,-930.49,13.38,-1331.12,219.7,1550.82,0,"	2549,2550" 
2023-06-21T14:00:00Z,"SPY",2023-06-21T15:40:00Z,Sell,420.370989952,420.892566016,1333,-695.26,13.33,-733.89,978.52,1712.4,0,"	2551,2552" 
2023-06-26T14:00:00Z,"SPY",2023-06-26T14:35:00Z,Buy,419.453402432,418.642061888,1333,-1081.52,13.33,-1081.52,270.38,1351.9,0,"	2553,2554" 
2023-06-27T15:30:00Z,"SPY",2023-06-27T19:58:00Z,Buy,419.028414528,421.327212736,1329,3055.1,13.29,-38.51,3767.53,712.43,1,"	2555,2556" 
2023-06-29T16:30:00Z,"SPY",2023-06-29T17:15:00Z,Buy,423.143070144,422.515247104,1331,-835.63,13.31,-1330.58,231.41,1561.99,0,"	2557,2558" 
2023-06-30T14:00:00Z,"SPY",2023-06-30T15:45:00Z,Buy,427.238408128,426.977620096,1314,-342.68,13.14,-342.68,1180.33,1523,0,"	2559,2560" 
2023-06-30T16:30:00Z,"SPY",2023-06-30T19:58:00Z,Buy,427.943501696,428.600301184,1310,860.41,13.1,-82.24,1568.98,708.57,1,"	2561,2562" 
2023-07-06T14:00:00Z,"SPY",2023-07-06T16:05:00Z,Sell,423.529422784,423.34590528,1328,243.71,13.28,0,1744.46,1571.3,1,"	2563,2564" 
2023-07-07T17:00:00Z,"SPY",2023-07-07T19:00:00Z,Buy,427.170796416,426.137303104,1317,-1361.11,13.17,-1450.16,445.22,1895.38,0,"	2565,2566" 
2023-07-13T19:00:00Z,"SPY",2023-07-13T19:58:00Z,Buy,433.951285248,434.395590784,1291,573.6,12.91,-24.94,1346.71,866.63,1,"	2567,2568" 
2023-07-17T15:30:00Z,"SPY",2023-07-17T16:35:00Z,Buy,435.023413824,434.781943424,1290,-311.5,12.9,-336.42,348.88,685.29,0,"	2569,2570" 
2023-07-17T17:00:00Z,"SPY",2023-07-17T17:25:00Z,Buy,435.22624896,434.946143296,1288,-360.78,12.88,-360.78,0,360.78,0,"	2571,2572" 
2023-07-17T18:00:00Z,"SPY",2023-07-17T19:58:00Z,Buy,435.41942528,435.544989888,1286,161.48,12.86,-149.05,1304.23,1142.75,1,"	2573,2574" 
2023-07-18T15:00:00Z,"SPY",2023-07-18T19:58:00Z,Buy,436.839271232,438.790352064,1282,2501.29,12.82,-198.12,3145.18,1064.9,1,"	2575,2576" 
2023-07-19T14:00:00Z,"SPY",2023-07-19T15:05:00Z,Buy,440.461327232,439.688621952,1283,-991.38,12.83,-1338.36,353.18,1691.54,0,"	2577,2578" 
2023-07-20T18:30:00Z,"SPY",2023-07-20T19:58:00Z,Sell,436.665412544,436.655753728,1289,12.45,12.89,-796.81,722.11,1008.47,1,"	2579,2580" 
2023-07-24T15:30:00Z,"SPY",2023-07-24T15:50:00Z,Buy,438.790352064,438.713081536,1283,-99.14,12.83,-501.89,6.2,508.08,0,"	2581,2582" 
2023-07-24T16:00:00Z,"SPY",2023-07-24T16:55:00Z,Buy,438.9931872,438.722740352,1282,-346.71,12.82,-557.22,185.74,742.96,0,"	2583,2584" 
2023-07-24T18:00:00Z,"SPY",2023-07-24T18:45:00Z,Buy,439.253975232,438.481269952,1280,-989.06,12.8,-1038.52,247.27,1285.78,0,"	2585,2586" 
2023-07-25T16:00:00Z,"SPY",2023-07-25T19:58:00Z,Buy,439.852821824,439.988045248,1273,172.14,12.73,-172.14,1623.03,1512.37,1,"	2587,2588" 
2023-07-27T18:30:00Z,"SPY",2023-07-27T19:58:00Z,Sell,438.432975872,437.080741632,1278,1728.16,12.78,-419.69,2802.08,1345.49,1,"	2589,2590" 
2023-07-28T15:00:00Z,"SPY",2023-07-28T17:35:00Z,Buy,441.205056064,440.335762624,1278,-1110.96,12.78,-1135.64,1185.02,2320.67,0,"	2591,2592" 
2023-08-02T14:30:00Z,"SPY",2023-08-02T19:58:00Z,Sell,436.539847936,435.03307264,1286,1937.71,12.86,-248.42,3229.52,1689.29,1,"	2593,2594" 
2023-08-04T16:30:00Z,"SPY",2023-08-04T17:45:00Z,Buy,437.061424,436.056907136,1294,-1299.84,12.94,-1418.58,462.44,1881.03,0,"	2595,2596" 
2023-08-07T14:30:00Z,"SPY",2023-08-07T15:10:00Z,Buy,434.279684992,433.449026816,1296,-1076.53,12.96,-1289.34,319.2,1608.54,0,"	2597,2598" 
2023-08-07T18:00:00Z,"SPY",2023-08-07T18:30:00Z,Buy,434.859213952,434.279684992,1289,-747.01,12.89,-834.16,211.65,1045.82,0,"	2599,2600" 
2023-08-08T14:00:00Z,"SPY",2023-08-08T16:25:00Z,Sell,431.343404928,431.256475584,1296,112.66,12.96,-168.99,1564.73,1608.54,1,"	2601,2602" 
2023-08-09T15:00:00Z,"SPY",2023-08-09T17:25:00Z,Sell,432.125769024,432.077474944,1294,62.49,12.94,-337.46,2843.41,2930.9,1,"	2603,2604" 
2023-08-10T14:00:00Z,"SPY",2023-08-10T14:55:00Z,Buy,435.825095552,434.241049728,1284,-2033.91,12.84,-2802.83,496.08,3298.91,0,"	2605,2606" 
2023-08-14T15:00:00Z,"SPY",2023-08-14T16:30:00Z,Buy,431.980886784,431.439993088,1286,-695.59,12.86,-1030.96,639.69,1670.66,0,"	2607,2608" 
2023-08-14T17:00:00Z,"SPY",2023-08-14T18:20:00Z,Buy,431.971227968,431.324087296,1282,-829.63,12.82,-829.63,482.92,1312.56,0,"	2609,2610" 
2023-08-15T14:00:00Z,"SPY",2023-08-15T15:45:00Z,Sell,430.049123584,429.67242976,1284,483.67,12.84,0,2108.33,2021.51,1,"	2611,2612" 
2023-08-15T16:30:00Z,"SPY",2023-08-15T19:58:00Z,Sell,429.488912256,428.001454592,1288,1915.85,12.88,0,2824.01,1063.67,1,"	2613,2614" 
2023-08-16T19:30:00Z,"SPY",2023-08-16T19:50:00Z,Sell,425.103809792,425.335621376,1310,-303.67,13.1,-518.78,278.37,797.14,0,"	2615,2616" 
2023-08-17T19:00:00Z,"SPY",2023-08-17T19:58:00Z,Sell,422.273776704,421.771518272,1317,661.47,13.17,-267.13,1742.73,1704.57,1,"	2617,2618" 
2023-08-21T14:00:00Z,"SPY",2023-08-21T14:25:00Z,Buy,423.751575552,422.312411968,1316,-1893.94,13.16,-1913.01,69.91,1982.92,0,"	2619,2620" 
2023-08-23T14:00:00Z,"SPY",2023-08-23T19:58:00Z,Buy,425.364597824,427.653737216,1302,2980.46,13.02,-226.36,4087.13,1433.64,1,"	2621,2622" 
2023-08-24T15:00:00Z,"SPY",2023-08-24T19:58:00Z,Sell,426.069691392,422.650470528,1314,4492.86,13.14,0,5076.67,1954.52,1,"	2623,2624" 
2023-08-25T19:00:00Z,"SPY",2023-08-25T19:20:00Z,Buy,425.750950464,425.731632832,1336,-25.81,13.36,-516.17,580.69,1096.86,0,"	2625,2626" 
2023-08-29T14:00:00Z,"SPY",2023-08-29T19:58:00Z,Buy,428.725865792,433.6808384,1326,6570.29,13.26,0,7031.37,1524.1,1,"	2627,2628" 
2023-08-30T14:00:00Z,"SPY",2023-08-30T14:35:00Z,Buy,435.844413184,434.772284608,1335,-1431.29,13.35,-3107.58,412.62,3520.2,0,"	2629,2630" 
2023-09-05T14:00:00Z,"SPY",2023-09-05T14:25:00Z,Sell,434.231390912,434.772284608,1333,-721.01,13.33,-721.01,283.25,1004.27,0,"	2631,2632" 
2023-09-06T14:30:00Z,"SPY",2023-09-06T18:55:00Z,Sell,430.860464128,430.908758208,1340,-64.71,13.4,-394.76,2834.48,2905.66,0,"	2633,2634" 
2023-09-08T14:00:00Z,"SPY",2023-09-08T15:00:00Z,Buy,430.618993728,430.68660544,1340,90.6,13.4,0,1579.02,1488.42,1,"	2635,2636" 
2023-09-15T14:30:00Z,"SPY",2023-09-15T19:58:00Z,Sell,432.29320111,429.69550659,1335,3467.92,13.35,-271.74,3778.48,1384.58,1,"	2637,2638" 
2023-09-19T14:30:00Z,"SPY",2023-09-19T17:35:00Z,Sell,428.05740818,427.82477882,1365,317.54,13.65,0,2157.94,1893.33,1,"	2639,2640" 
2023-09-20T19:30:00Z,"SPY",2023-09-20T19:58:00Z,Sell,427.33044143,425.23677719,1369,2866.23,13.69,0,2879.5,690.02,1,"	2641,2642" 
2023-09-21T14:00:00Z,"SPY",2023-09-21T17:35:00Z,Sell,420.80712646,421.22392073,1403,-584.76,14.03,-1903.88,911.14,2012.67,0,"	2643,2644" 
2023-09-21T18:30:00Z,"SPY",2023-09-21T19:58:00Z,Sell,420.01230948,418.37421107,1403,2298.25,14.03,-475.97,2311.85,673.16,1,"	2645,2646" 
2023-09-22T15:30:00Z,"SPY",2023-09-22T16:00:00Z,Buy,420.55511132,419.61490099,1412,-1327.58,14.12,-1327.58,287.41,1614.99,0,"	2647,2648" 
2023-09-25T16:30:00Z,"SPY",2023-09-25T16:55:00Z,Buy,418.6359191,417.81202345,1412,-1163.34,14.12,-1710.8,13.69,1724.48,0,"	2649,2650" 
2023-09-26T14:30:00Z,"SPY",2023-09-26T16:55:00Z,Sell,414.78784177,414.68121998,1420,151.4,14.2,-1011.65,1692.96,1692.96,1,"	2651,2652" 
2023-09-26T17:00:00Z,"SPY",2023-09-26T19:58:00Z,Sell,414.42920484,412.8201851,1422,2288.03,14.22,-509.98,3349.34,1144.01,1,"	2653,2654" 
2023-09-27T16:30:00Z,"SPY",2023-09-27T18:50:00Z,Sell,411.16270091,412.65540597,1444,-2155.47,14.44,-2848.29,2603.36,5451.65,0,"	2655,2656" 
2023-09-28T14:00:00Z,"SPY",2023-09-28T14:35:00Z,Buy,413.60530919,412.69417753,1425,-1298.36,14.25,-1774.89,725.15,2500.04,0,"	2657,2658" 
2023-09-28T15:00:00Z,"SPY",2023-09-28T19:58:00Z,Buy,414.23534704,415.29187205,1416,1496.04,14.16,-452.93,3801.86,3554.81,1,"	2659,2660" 
2023-09-29T18:00:00Z,"SPY",2023-09-29T19:10:00Z,Sell,413.08189313,414.40012617,1428,-1882.44,14.28,-3017.44,152.26,3169.69,0,"	2661,2662" 
2023-10-02T17:00:00Z,"SPY",2023-10-02T17:35:00Z,Sell,411.76366009,412.31615482,1423,-786.2,14.23,-1324.13,234.48,1558.61,0,"	2663,2664" 
2023-10-03T14:30:00Z,"SPY",2023-10-03T19:58:00Z,Sell,409.53429539,408.37114859,1427,1659.81,14.27,-677.76,3181.3,2669.53,1,"	2665,2666" 
2023-10-04T14:30:00Z,"SPY",2023-10-04T14:50:00Z,Sell,407.69264629,407.96404721,1441,-391.09,14.41,-2500.17,0,2500.17,0,"	2667,2668" 
2023-10-04T16:00:00Z,"SPY",2023-10-04T16:20:00Z,Buy,410.92037866,410.86222132,1428,-83.05,14.28,-788.96,0,788.96,0,"	2669,2670" 
2023-10-04T16:30:00Z,"SPY",2023-10-04T17:10:00Z,Buy,410.96884311,410.47450572,1427,-705.42,14.27,-1106.54,276.64,1383.18,0,"	2671,2672" 
2023-10-04T19:30:00Z,"SPY",2023-10-04T19:58:00Z,Buy,411.38563738,412.17076147,1422,1116.45,14.22,0,1240.5,1013.07,1,"	2673,2674" 
2023-10-05T14:30:00Z,"SPY",2023-10-05T16:25:00Z,Sell,410.41634838,409.78631053,1431,901.58,14.31,0,2871.2,2344.12,1,"	2675,2676" 
2023-10-06T16:00:00Z,"SPY",2023-10-06T19:58:00Z,Buy,415.70866632,416.37747573,1417,947.7,14.17,-1552.04,3035.4,2087.69,1,"	2677,2678" 
2023-10-09T18:00:00Z,"SPY",2023-10-09T19:35:00Z,Buy,418.84916268,418.66499777,1411,-259.86,14.11,-478.68,1025.75,1285.61,0,"	2679,2680" 
2023-10-10T14:00:00Z,"SPY",2023-10-10T17:25:00Z,Buy,420.32248196,421.86365147,1405,2165.34,14.05,0,4725.62,2955.22,1,"	2681,2682" 
2023-10-12T14:00:00Z,"SPY",2023-10-12T14:25:00Z,Sell,422.04781638,422.67785423,1409,-887.72,14.09,-1174.53,491.66,1666.19,0,"	2683,2684" 
2023-10-12T17:30:00Z,"SPY",2023-10-12T19:50:00Z,Sell,420.09954549,420.49695398,1411,-560.74,14.11,-1135.16,2803.72,3938.88,0,"	2685,2686" 
2023-10-13T14:00:00Z,"SPY",2023-10-13T14:20:00Z,Buy,422.56153955,421.11729894,1400,-2021.94,14,-2266.2,0,2266.2,0,"	2687,2688" 
2023-10-13T17:30:00Z,"SPY",2023-10-13T18:00:00Z,Sell,416.96874202,418.16096749,1410,-1681.04,14.1,-2022.71,259.67,2282.38,0,"	2689,2690" 
2023-10-16T14:30:00Z,"SPY",2023-10-16T15:55:00Z,Buy,422.54215377,422.53246088,1383,-13.41,13.83,-509.4,1487.98,1997.38,0,"	2691,2692" 
2023-10-18T15:00:00Z,"SPY",2023-10-18T15:30:00Z,Sell,419.26595695,419.57612943,1394,-432.38,13.94,-1080.95,322.93,1403.89,0,"	2693,2694" 
2023-10-18T19:00:00Z,"SPY",2023-10-18T19:58:00Z,Sell,417.93803102,416.92027757,1396,1420.78,13.96,0,2679.19,1258.41,1,"	2695,2696" 
2023-10-19T19:00:00Z,"SPY",2023-10-19T19:58:00Z,Sell,413.82824566,413.72162387,1417,151.08,14.17,-755.42,1538.3,2073.96,1,"	2697,2698" 
2023-10-20T14:00:00Z,"SPY",2023-10-20T17:05:00Z,Sell,412.01567523,410.70713508,1423,1862.05,14.23,-386.2,4288.24,3233.08,1,"	2699,2700" 
2023-10-20T18:30:00Z,"SPY",2023-10-20T19:58:00Z,Sell,409.61183851,408.4583846,1441,1662.13,14.41,-782.18,1969.41,1222.15,1,"	2701,2702" 
2023-10-23T17:00:00Z,"SPY",2023-10-23T17:30:00Z,Buy,411.37594449,409.88323943,1443,-2153.97,14.43,-2351.19,0,2351.19,0,"	2703,2704" 
2023-10-24T14:00:00Z,"SPY",2023-10-24T15:10:00Z,Buy,410.82344976,410.86222132,1434,55.6,14.34,-1431.66,1216.22,1431.66,1,"	2705,2706" 
2023-10-25T14:00:00Z,"SPY",2023-10-25T14:55:00Z,Sell,407.27585202,407.30493069,1447,-42.08,14.47,-1164.13,1612.95,2777.07,0,"	2707,2708" 
2023-10-25T16:30:00Z,"SPY",2023-10-25T19:58:00Z,Sell,406.33564169,404.65877172,1450,2431.46,14.5,-590.3,2979.59,1770.89,1,"	2709,2710" 
2023-10-26T14:00:00Z,"SPY",2023-10-26T15:00:00Z,Sell,402.63295771,403.55378226,1475,-1358.22,14.75,-1872.91,1315.33,3188.23,0,"	2711,2712" 
2023-10-26T16:30:00Z,"SPY",2023-10-26T18:05:00Z,Sell,400.316357,400.73315127,1477,-615.61,14.77,-944.88,1646.39,2591.27,0,"	2713,2714" 
2023-10-27T18:30:00Z,"SPY",2023-10-27T18:50:00Z,Sell,397.23401798,397.67019803,1485,-647.73,14.85,-1712.88,158.33,1871.21,0,"	2715,2716" 
2023-10-27T19:00:00Z,"SPY",2023-10-27T19:30:00Z,Sell,396.95292417,397.80589849,1483,-1264.96,14.83,-1264.96,172.49,1437.46,0,"	2717,2718" 
2023-10-30T14:00:00Z,"SPY",2023-10-30T14:30:00Z,Buy,402.1580061,400.30666411,1457,-2697.41,14.57,-3121.08,0,3121.08,0,"	2719,2720" 
2023-11-01T14:30:00Z,"SPY",2023-11-01T15:35:00Z,Buy,408.22575524,407.49878849,1422,-1033.75,14.22,-1247.39,854.56,2101.95,0,"	2721,2722" 
2023-11-01T19:30:00Z,"SPY",2023-11-01T19:58:00Z,Buy,409.83477498,409.80569631,1412,-41.06,14.12,-260.04,725.38,985.42,0,"	2723,2724" 
2023-11-02T14:00:00Z,"SPY",2023-11-02T14:25:00Z,Buy,414.38074039,414.39043328,1396,13.53,13.96,-987.78,230.03,1217.81,1,"	2725,2726" 
2023-11-02T14:30:00Z,"SPY",2023-11-02T19:58:00Z,Buy,415.07862847,417.34676473,1394,3161.78,13.94,0,3621.19,1203.91,1,"	2727,2728" 
2023-11-03T14:00:00Z,"SPY",2023-11-03T14:40:00Z,Buy,421.32084963,420.61326866,1294,-915.61,12.94,-1498.84,238.31,1737.15,0,"	2729,2730" 
2023-11-03T16:00:00Z,"SPY",2023-11-03T17:55:00Z,Buy,421.62132922,421.99935193,1289,487.27,12.89,-149.93,1086.99,1186.94,1,"	2731,2732" 
2023-11-03T18:00:00Z,"SPY",2023-11-03T19:25:00Z,Buy,422.27075285,422.26105996,1289,-12.49,12.89,-724.66,768.39,843.35,0,"	2733,2734" 
2023-11-07T16:00:00Z,"SPY",2023-11-07T16:20:00Z,Buy,423.74407213,423.43389965,1294,-401.36,12.94,-432.72,0,432.72,0,"	2735,2736" 
2023-11-07T16:30:00Z,"SPY",2023-11-07T17:05:00Z,Buy,423.61806456,423.04618405,1292,-738.87,12.92,-738.87,551.02,1289.89,0,"	2737,2738" 
2023-11-09T19:30:00Z,"SPY",2023-11-09T20:58:00Z,Sell,421.45655009,420.52603265,1380,1284.11,13.8,-167.2,1819.16,1029.97,1,"	2739,2740" 
2023-11-10T18:00:00Z,"SPY",2023-11-10T20:58:00Z,Buy,425.31432031,427.03965473,1373,2368.88,13.73,-725.3,2768.13,745.27,1,"	2741,2742" 
2023-11-14T15:00:00Z,"SPY",2023-11-14T17:25:00Z,Buy,434.18331466,434.21239333,1356,39.43,13.56,-341.73,2313.27,2339.55,1,"	2743,2744" 
2023-11-14T18:00:00Z,"SPY",2023-11-14T19:10:00Z,Buy,434.96843875,434.241472,1353,-983.59,13.53,-1272.1,459.01,1731.11,0,"	2745,2746" 
2023-11-14T20:00:00Z,"SPY",2023-11-14T20:58:00Z,Buy,435.63724816,434.65826627,1347,-1318.69,13.47,-1344.8,731.15,2075.96,0,"	2747,2748" 
2023-11-20T15:00:00Z,"SPY",2023-11-20T20:58:00Z,Buy,438.28340713,440.06689889,1333,2377.39,13.33,-865.68,3772.82,1472.95,1,"	2749,2750" 
2023-11-28T15:00:00Z,"SPY",2023-11-28T15:20:00Z,Sell,439.6694904,440.22198513,1339,-739.79,13.39,-739.79,0,739.79,0,"	2751,2752" 
2023-11-28T16:30:00Z,"SPY",2023-11-28T17:50:00Z,Buy,441.57898973,440.90048743,1330,-902.41,13.3,-915.3,876.62,1791.92,0,"	2753,2754" 
2023-11-29T15:00:00Z,"SPY",2023-11-29T15:20:00Z,Buy,444.05067668,442.42227116,1318,-2146.24,13.18,-2146.24,31.94,2178.18,0,"	2755,2756" 
2023-11-30T17:30:00Z,"SPY",2023-11-30T17:55:00Z,Sell,439.64041173,440.17352068,1322,-704.77,13.22,-896.98,64.07,961.05,0,"	2757,2758" 
2023-12-01T17:00:00Z,"SPY",2023-12-01T20:58:00Z,Buy,444.26392026,445.14597325,1305,1151.08,13.05,-177.09,1530.56,1707.64,1,"	2759,2760" 
2023-12-04T15:30:00Z,"SPY",2023-12-04T16:30:00Z,Sell,440.84233009,441.09434523,1320,-332.66,13.2,-351.85,511.78,863.64,0,"	2761,2762" 
2023-12-06T20:30:00Z,"SPY",2023-12-06T20:58:00Z,Sell,441.01680211,440.43522871,1318,766.51,13.18,-178.85,804.84,485.46,1,"	2763,2764" 
2023-12-07T15:30:00Z,"SPY",2023-12-07T16:30:00Z,Buy,443.90528333,443.03292323,1313,-1145.41,13.13,-1590.85,101.81,1692.66,0,"	2765,2766" 
2023-12-07T17:00:00Z,"SPY",2023-12-07T20:58:00Z,Buy,444.0312909,444.27361315,1307,316.72,13.07,-519.41,785.45,943.81,1,"	2767,2768" 
2023-12-08T15:30:00Z,"SPY",2023-12-08T16:30:00Z,Buy,445.73723954,444.60317141,1304,-1478.82,13.04,-2047.6,202.23,2249.84,0,"	2769,2770" 
2023-12-08T18:30:00Z,"SPY",2023-12-08T18:50:00Z,Buy,445.34952394,445.31075238,1298,-50.33,12.98,-465.51,0,465.51,0,"	2771,2772" 
2023-12-08T19:00:00Z,"SPY",2023-12-08T20:58:00Z,Buy,445.3882955,446.13464803,1298,968.77,12.98,0,1516.06,622.78,1,"	2773,2774" 
2023-12-11T19:00:00Z,"SPY",2023-12-11T20:30:00Z,Buy,447.46257396,447.30748772,1296,-200.99,12.96,-370.58,213.55,584.13,0,"	2775,2776" 
2023-12-12T20:00:00Z,"SPY",2023-12-12T20:58:00Z,Buy,449.33330173,449.68224577,1290,450.14,12.9,0,675.21,462.64,1,"	2777,2778" 
2023-12-13T19:30:00Z,"SPY",2023-12-13T20:58:00Z,Buy,453.10383594,455.69183757,1281,3315.23,12.81,-496.66,3973.31,3029.65,1,"	2779,2780" 
2023-12-14T15:00:00Z,"SPY",2023-12-14T15:20:00Z,Buy,458.61909035,457.57225823,1280,-1339.95,12.8,-1575.68,0,1575.68,0,"	2781,2782" 
2023-12-18T15:30:00Z,"SPY",2023-12-18T15:55:00Z,Buy,459.1647242,458.53213185,1272,-804.66,12.72,-804.66,12.38,817.04,0,"	2783,2784" 
2023-12-18T17:30:00Z,"SPY",2023-12-18T19:45:00Z,Buy,459.83624531,459.93356721,1267,123.31,12.67,-456.24,431.57,764.5,1,"	2785,2786" 
2023-12-19T15:00:00Z,"SPY",2023-12-19T20:00:00Z,Buy,460.80946431,461.47125323,1265,837.16,12.65,-467.83,1181.88,984.9,1,"	2787,2788" 
2023-12-20T20:00:00Z,"SPY",2023-12-20T20:58:00Z,Sell,457.88007512,455.55408171,1276,2967.97,12.76,-608.5,2980.39,2222.87,1,"	2789,2790" 
2023-12-22T15:00:00Z,"SPY",2023-12-22T16:05:00Z,Buy,462.20116748,461.23768067,1277,-1230.37,12.77,-1230.37,459.84,1690.21,0,"	2791,2792" 
2023-12-26T15:00:00Z,"SPY",2023-12-26T15:35:00Z,Buy,461.96759492,462.31795376,1273,446.01,12.73,-80.53,514.15,334.51,1,"	2793,2794" 
2023-12-26T17:00:00Z,"SPY",2023-12-26T17:35:00Z,Buy,462.35688252,462.279025,1273,-99.11,12.73,-235.39,154.86,253.98,0,"	2795,2796" 
2023-12-29T16:00:00Z,"SPY",2023-12-29T19:35:00Z,Sell,462.70724136,462.53206194,1272,222.83,12.72,-259.97,2612.04,2574.9,1,"	2797,2798" 
2024-01-03T15:00:00Z,"SPY",2024-01-03T17:45:00Z,Sell,457.36426905,457.26694715,1288,125.35,12.88,-1140.69,1460.33,1472.87,1,"	2799,2800" 
2024-01-04T15:30:00Z,"SPY",2024-01-04T17:20:00Z,Buy,457.18908963,457.0236424,1289,-213.26,12.89,-439.07,1423.83,1862.9,0,"	2801,2802" 
2024-01-05T15:30:00Z,"SPY",2024-01-05T16:45:00Z,Buy,456.90685612,456.32292472,1288,-752.1,12.88,-752.1,1103.09,1855.19,0,"	2803,2804" 
2024-01-05T19:00:00Z,"SPY",2024-01-05T19:35:00Z,Buy,455.82658303,455.70006456,1288,-162.96,12.88,-313.38,689.43,1002.8,0,"	2805,2806" 
2024-01-08T15:00:00Z,"SPY",2024-01-08T20:58:00Z,Buy,457.15016087,461.84107645,1284,6023.14,12.84,-449.86,6073.12,993.44,1,"	2807,2808" 
2024-01-10T16:00:00Z,"SPY",2024-01-10T16:20:00Z,Buy,462.49313318,462.06491682,1295,-554.54,12.95,-907.43,0,907.43,0,"	2809,2810" 
2024-01-10T18:00:00Z,"SPY",2024-01-10T20:58:00Z,Buy,462.65858041,463.58313846,1292,1194.53,12.92,-553.26,2464.5,2301.04,1,"	2811,2812" 
2024-01-11T15:30:00Z,"SPY",2024-01-11T18:20:00Z,Sell,462.25956062,462.06491682,1298,252.65,12.98,-524.24,3284.42,3284.42,1,"	2813,2814" 
2024-01-16T15:00:00Z,"SPY",2024-01-16T15:25:00Z,Sell,461.78268331,463.41769123,1300,-2125.51,13,-2125.51,284.67,2410.18,0,"	2815,2816" 
2024-01-16T18:00:00Z,"SPY",2024-01-16T18:20:00Z,Sell,461.24741286,462.1817031,1293,-1208.04,12.93,-1396.79,0,1396.79,0,"	2817,2818" 
2024-01-16T19:00:00Z,"SPY",2024-01-16T20:05:00Z,Sell,461.36419914,461.53937856,1287,-225.46,12.87,-450.91,1202.43,1653.34,0,"	2819,2820" 
2024-01-17T19:00:00Z,"SPY",2024-01-17T19:20:00Z,Sell,458.05525454,458.25963053,1295,-264.67,12.95,-340.29,126.03,390.7,0,"	2821,2822" 
2024-01-18T19:30:00Z,"SPY",2024-01-18T20:58:00Z,Buy,462.88242078,463.68046036,1281,1022.29,12.81,-710.62,1658.1,1053.46,1,"	2823,2824" 
2024-01-19T17:30:00Z,"SPY",2024-01-19T20:58:00Z,Buy,466.52225984,469.3835237,1275,3648.11,12.75,-31.02,3945.92,1377.35,1,"	2825,2826" 
2024-01-22T15:00:00Z,"SPY",2024-01-22T15:20:00Z,Buy,472.03067938,471.59273083,1275,-558.38,12.75,-794.15,136.49,930.64,0,"	2827,2828" 
2024-01-29T20:30:00Z,"SPY",2024-01-29T20:58:00Z,Buy,477.79213586,477.91865433,1258,159.16,12.58,-599.91,244.86,844.77,1,"	2829,2830" 
2024-01-31T15:00:00Z,"SPY",2024-01-31T18:20:00Z,Sell,474.68756725,474.58051316,1267,135.64,12.67,-49.32,1701.63,1566,1,"	2831,2832" 
2024-01-31T18:30:00Z,"SPY",2024-01-31T20:58:00Z,Sell,474.14256461,470.91147753,1268,4097.02,12.68,-2085.53,5010.21,3794.68,1,"	2833,2834" 
2024-02-01T15:30:00Z,"SPY",2024-02-01T16:05:00Z,Buy,473.15961342,471.18397885,1288,-2544.62,12.88,-2669.97,0,2669.97,0,"	2835,2836" 
2024-02-01T17:00:00Z,"SPY",2024-02-01T20:58:00Z,Buy,472.67300392,475.72891158,1279,3908.51,12.79,0,4145.01,2477.05,1,"	2837,2838" 
2024-02-02T15:00:00Z,"SPY",2024-02-02T20:58:00Z,Buy,477.42231264,481.5487612,1283,5294.23,12.83,-624.32,6742.66,2609.66,1,"	2839,2840" 
2024-02-05T15:30:00Z,"SPY",2024-02-05T17:05:00Z,Sell,478.23008441,479.0183918,1302,-1026.38,13.02,-1026.38,1254.46,2280.84,0,"	2841,2842" 
2024-02-07T15:30:00Z,"SPY",2024-02-07T16:40:00Z,Buy,484.63386543,483.83582585,1281,-1022.29,12.81,-1321.5,0,1321.5,0,"	2843,2844" 
2024-02-07T17:00:00Z,"SPY",2024-02-07T17:40:00Z,Buy,484.26404221,483.73850395,1277,-671.11,12.77,-795.39,211.28,1006.67,0,"	2845,2846" 
2024-02-07T18:00:00Z,"SPY",2024-02-07T20:30:00Z,Buy,484.24457783,484.80904485,1275,719.7,12.75,-470.28,1116.77,1041.08,1,"	2847,2848" 
2024-02-09T15:00:00Z,"SPY",2024-02-09T15:30:00Z,Buy,486.13262269,486.25914116,1273,161.06,12.73,-284.95,173.45,371.67,1,"	2849,2850" 
2024-02-09T16:00:00Z,"SPY",2024-02-09T16:45:00Z,Buy,486.58030343,486.32726649,1272,-321.86,12.72,-755.14,259.97,1015.11,0,"	2851,2852" 
2024-02-09T17:30:00Z,"SPY",2024-02-09T20:58:00Z,Buy,486.74575066,487.64111214,1270,1137.11,12.7,-234.84,1792.18,1044.41,1,"	2853,2854" 
2024-02-12T16:30:00Z,"SPY",2024-02-12T18:50:00Z,Buy,489.4318351,488.49754486,1268,-1184.68,12.68,-1369.79,666.38,2036.17,0,"	2855,2856" 
2024-02-13T15:00:00Z,"SPY",2024-02-13T15:40:00Z,Sell,480.59500658,481.89912004,1286,-1677.09,12.86,-1677.09,563.2,2240.29,0,"	2857,2858" 
2024-02-13T19:30:00Z,"SPY",2024-02-13T20:58:00Z,Sell,478.9210699,480.41982716,1284,-1924.4,12.84,-2261.8,1686.98,3948.78,0,"	2859,2860" 
2024-02-14T15:30:00Z,"SPY",2024-02-14T15:55:00Z,Buy,484.39056068,483.09617941,1261,-1632.21,12.61,-1632.21,122.72,1754.94,0,"	2861,2862" 
2024-02-15T18:30:00Z,"SPY",2024-02-15T20:58:00Z,Buy,488.04013193,488.40022296,1245,448.31,12.45,-545.25,823.93,1151.07,1,"	2863,2864" 
2024-02-16T15:00:00Z,"SPY",2024-02-16T15:55:00Z,Sell,486.26887335,487.6800409,1251,-1765.37,12.51,-1801.9,669.62,2471.52,0,"	2865,2866" 
2024-02-20T15:00:00Z,"SPY",2024-02-20T16:10:00Z,Sell,483.37841292,483.4951992,1252,-146.22,12.52,-706.71,974.78,1681.49,0,"	2867,2868" 
2024-02-20T17:00:00Z,"SPY",2024-02-20T20:05:00Z,Sell,482.46358706,483.1059116,1253,-804.83,12.53,-1176.76,1438.94,2615.71,0,"	2869,2870" 
2024-02-22T15:00:00Z,"SPY",2024-02-22T16:00:00Z,Buy,491.475595,491.23229025,1227,-298.53,12.27,-489.6,740.37,1229.96,0,"	2871,2872" 
2024-02-22T16:30:00Z,"SPY",2024-02-22T20:58:00Z,Buy,491.85515041,494.25900134,1225,2944.72,12.25,-357.66,3612.35,1764.45,1,"	2873,2874" 
2024-02-26T18:30:00Z,"SPY",2024-02-26T19:15:00Z,Sell,493.05220978,493.00354883,1234,60.05,12.34,-732.58,540.43,1273.01,1,"	2875,2876" 
2024-03-01T15:30:00Z,"SPY",2024-03-01T20:58:00Z,Buy,496.70178103,499.21268605,1225,3075.86,12.25,-679.55,3326.22,1120.66,1,"	2877,2878" 
2024-03-05T15:00:00Z,"SPY",2024-03-05T20:58:00Z,Sell,496.01079554,493.52908709,1239,3074.84,12.39,-1121.41,5691.46,2616.63,1,"	2879,2880" 
2024-03-07T15:30:00Z,"SPY",2024-03-07T20:20:00Z,Buy,500.40974542,500.9158193,1240,627.53,12.4,-313.77,2015.34,1882.59,1,"	2881,2882" 
2024-03-08T15:00:00Z,"SPY",2024-03-08T16:20:00Z,Buy,503.89386944,501.73332326,1234,-2666.11,12.34,-2762.19,384.3,3146.49,0,"	2883,2884" 
2024-03-08T18:00:00Z,"SPY",2024-03-08T19:40:00Z,Sell,498.80393407,500.07885096,1236,-1575.8,12.36,-1888.55,1539.71,3428.26,0,"	2885,2886" 
2024-03-08T20:30:00Z,"SPY",2024-03-08T20:58:00Z,Sell,498.22000267,498.26866362,1231,-59.9,12.31,-886.54,83.86,886.54,0,"	2887,2888" 
2024-03-11T14:00:00Z,"SPY",2024-03-11T15:00:00Z,Sell,495.77722298,496.9256214,1237,-1420.57,12.37,-1420.57,993.19,2413.76,0,"	2889,2890" 
2024-03-12T14:30:00Z,"SPY",2024-03-12T16:55:00Z,Buy,501.24671376,500.65305017,1218,-723.08,12.18,-1505.43,1659.53,3164.97,0,"	2891,2892" 
2024-03-12T18:00:00Z,"SPY",2024-03-12T19:58:00Z,Buy,501.80144859,503.30020585,1213,1817.99,12.13,-35.42,1983.26,1322.18,1,"	2893,2894" 
2024-03-13T14:00:00Z,"SPY",2024-03-13T14:25:00Z,Sell,502.24912933,502.60922036,1219,-438.95,12.19,-557.59,296.59,854.17,0,"	2895,2896" 
2024-03-14T14:00:00Z,"SPY",2024-03-14T18:15:00Z,Sell,500.21510162,501.29537471,1222,-1320.09,12.22,-1819.59,1272.52,2592.62,0,"	2897,2898" 
2024-03-14T19:00:00Z,"SPY",2024-03-14T19:58:00Z,Sell,500.12751191,500.57519265,1217,-544.83,12.17,-604.05,2368.82,2972.86,0,"	2899,2900" 
2024-03-15T17:00:00Z,"SPY",2024-03-15T17:25:00Z,Sell,496.380363242,497.571379336,1224,-1457.8,12.24,-1457.8,0,1457.8,0,"	2901,2902" 
2024-03-18T14:30:00Z,"SPY",2024-03-18T14:50:00Z,Buy,502.940714186,502.891902051,1203,-58.72,12.03,-399.3,35.23,434.54,0,"	2903,2904" 
2024-03-19T17:00:00Z,"SPY",2024-03-19T19:58:00Z,Buy,502.452592836,503.682658638,1203,1479.77,12.03,-411.05,1503.26,1162.68,1,"	2905,2906" 
2024-03-20T18:30:00Z,"SPY",2024-03-20T19:58:00Z,Buy,505.352033655,507.675491281,1202,2792.8,12.02,-1830.57,3297.38,1830.57,1,"	2907,2908" 
2024-03-22T15:00:00Z,"SPY",2024-03-22T15:20:00Z,Sell,508.681021262,509.061755915,1205,-458.79,12.05,-629.36,0,629.36,0,"	2909,2910" 
2024-04-01T15:30:00Z,"SPY",2024-04-01T18:55:00Z,Sell,509.667026389,509.618214254,1201,58.62,12.01,-152.42,1207.64,1360.06,1,"	2911,2912" 
2024-04-02T14:00:00Z,"SPY",2024-04-02T15:30:00Z,Sell,505.283696666,505.332508801,1212,-59.16,12.12,-485.11,1159.54,1413.93,0,"	2913,2914" 
2024-04-02T16:00:00Z,"SPY",2024-04-02T16:45:00Z,Sell,504.834625024,505.176309969,1213,-414.46,12.13,-590.91,213.15,804.06,0,"	2915,2916" 
2024-04-03T14:30:00Z,"SPY",2024-04-03T19:15:00Z,Buy,508.046463507,506.406375771,1203,-1973.03,12.03,-1973.03,610.7,2583.72,0,"	2917,2918" 
2024-04-04T18:30:00Z,"SPY",2024-04-04T19:58:00Z,Sell,505.683956173,500.939416651,1201,5698.19,12.01,0,6108.56,1664.9,1,"	2919,2920" 
2024-04-05T14:00:00Z,"SPY",2024-04-05T19:58:00Z,Buy,503.672896211,506.494237614,1228,3464.61,12.28,-1126.9,5280.83,3854.23,1,"	2921,2922" 
2024-04-09T14:30:00Z,"SPY",2024-04-09T16:30:00Z,Sell,505.283696666,504.981061429,1238,374.66,12.38,0,3758.71,3746.62,1,"	2923,2924" 
2024-04-09T17:00:00Z,"SPY",2024-04-09T17:20:00Z,Sell,504.502702506,504.951774148,1241,-557.3,12.41,-787.49,0,787.49,0,"	2925,2926" 
2024-04-09T18:00:00Z,"SPY",2024-04-09T19:35:00Z,Sell,504.395315809,506.152552669,1239,-2177.22,12.39,-2479.61,1016.03,3495.64,0,"	2927,2928" 
2024-04-11T14:30:00Z,"SPY",2024-04-11T14:55:00Z,Sell,500.382958312,501.368963439,1241,-1223.63,12.41,-1484.11,0,1484.11,0,"	2929,2930" 
2024-04-11T17:30:00Z,"SPY",2024-04-11T19:58:00Z,Buy,505.225122104,506.259939366,1224,1266.62,12.24,-537.71,2270.35,1111.28,1,"	2931,2932" 
2024-04-12T15:00:00Z,"SPY",2024-04-12T15:35:00Z,Sell,500.138897637,501.583736833,1241,-1793.05,12.41,-1799.1,0,1799.1,0,"	2933,2934" 
2024-04-12T16:30:00Z,"SPY",2024-04-12T19:58:00Z,Sell,499.64101386,498.391423204,1235,1543.24,12.35,-168.79,3243.22,2423.38,1,"	2935,2936" 
2024-04-15T17:30:00Z,"SPY",2024-04-15T19:58:00Z,Sell,494.535264539,492.963513792,1254,1970.98,12.54,-330.54,3562.45,1860.8,1,"	2937,2938" 
2024-04-17T16:00:00Z,"SPY",2024-04-17T17:45:00Z,Sell,489.790725017,489.751675309,1274,49.75,12.74,-254.97,3072.02,3326.99,1,"	2939,2940" 
2024-04-19T16:00:00Z,"SPY",2024-04-19T17:20:00Z,Sell,485.280483743,485.768605093,1286,-627.72,12.86,-703.05,2397.91,3100.96,0,"	2941,2942" 
2024-04-19T17:30:00Z,"SPY",2024-04-19T18:00:00Z,Sell,484.733787831,485.48549471,1285,-965.94,12.85,-2176.51,0,2176.51,0,"	2943,2944" 
2024-04-19T18:30:00Z,"SPY",2024-04-19T19:58:00Z,Sell,483.689208142,483.53300931,1284,200.56,12.84,-451.26,1817.57,1792.5,1,"	2945,2946" 
2024-04-22T18:00:00Z,"SPY",2024-04-22T19:20:00Z,Buy,489.517377061,488.873056879,1269,-817.64,12.69,-904.36,1127.36,2031.72,0,"	2947,2948" 
2024-04-23T14:00:00Z,"SPY",2024-04-23T19:20:00Z,Buy,491.128177516,493.354010872,1262,2809,12.62,-295.68,3585.17,1330.58,1,"	2949,2950" 
2024-04-24T16:00:00Z,"SPY",2024-04-24T17:10:00Z,Sell,491.762735271,492.397293026,1272,-807.16,12.72,-949.96,658.14,1608.11,0,"	2951,2952" 
2024-04-25T14:00:00Z,"SPY",2024-04-25T14:25:00Z,Sell,486.344588286,487.662515931,1282,-1689.58,12.82,-1702.1,638.29,2340.39,0,"	2953,2954" 
2024-04-26T14:00:00Z,"SPY",2024-04-26T15:30:00Z,Buy,495.775092768,496.136302567,1251,451.87,12.51,0,1929.62,1844.13,1,"	2955,2956" 
2024-04-26T16:00:00Z,"SPY",2024-04-26T18:20:00Z,Buy,496.536562074,496.888009446,1251,439.66,12.51,-451.87,1453.32,1013.66,1,"	2957,2958" 
2024-04-30T16:00:00Z,"SPY",2024-04-30T18:05:00Z,Sell,494.56455182,494.427877842,1258,171.94,12.58,-429.84,2204.46,2069.37,1,"	2959,2960" 
2024-04-30T18:30:00Z,"SPY",2024-04-30T19:58:00Z,Sell,493.178287186,490.679105874,1262,3153.97,12.62,-652.97,3166.29,973.29,1,"	2961,2962" 
2024-05-01T19:00:00Z,"SPY",2024-05-01T19:50:00Z,Buy,495.296733845,491.479624888,1269,-4843.91,12.69,-5822.6,668.98,6491.58,0,"	2963,2964" 
2024-05-09T15:00:00Z,"SPY",2024-05-09T16:10:00Z,Buy,506.835922559,506.386850917,1221,-548.32,12.21,-828.43,357.6,1186.03,0,"	2965,2966" 
2024-05-09T17:00:00Z,"SPY",2024-05-09T18:20:00Z,Buy,506.884734694,506.874972267,1219,-11.9,12.19,-357.01,464.12,821.13,0,"	2967,2968" 
2024-05-14T14:30:00Z,"SPY",2024-05-14T14:55:00Z,Buy,509.823225221,508.788407959,1212,-1254.2,12.12,-1668.32,0,1668.32,0,"	2969,2970" 
2024-05-14T19:00:00Z,"SPY",2024-05-14T19:58:00Z,Buy,510.828755202,511.316876552,1204,587.7,12.04,-293.85,622.96,587.7,1,"	2971,2972" 
2024-05-15T15:00:00Z,"SPY",2024-05-15T19:58:00Z,Buy,514.636101732,517.437918281,1198,3356.58,11.98,0,3356.58,853.76,1,"	2973,2974" 
2024-05-16T15:00:00Z,"SPY",2024-05-16T15:30:00Z,Buy,518.755845926,518.521547678,1201,-281.39,12.01,-937.97,117.25,1055.22,0,"	2975,2976" 
2024-05-20T14:00:00Z,"SPY",2024-05-20T16:35:00Z,Buy,518.550834959,518.170100306,1200,-456.88,12,-585.75,433.45,1019.2,0,"	2977,2978" 
2024-05-20T17:00:00Z,"SPY",2024-05-20T17:40:00Z,Buy,518.599647094,517.730791091,1198,-1040.89,11.98,-1146.15,46.78,1192.93,0,"	2979,2980" 
2024-05-22T18:30:00Z,"SPY",2024-05-22T19:58:00Z,Sell,515.26089706,516.686211402,1202,-1713.23,12.02,-2122.76,11.73,2134.49,0,"	2981,2982" 
2024-05-23T18:00:00Z,"SPY",2024-05-23T19:58:00Z,Sell,514.196792517,513.30841166,1198,1064.28,11.98,0,2140.26,1239.71,1,"	2983,2984" 
2024-05-24T15:30:00Z,"SPY",2024-05-24T18:40:00Z,Buy,517.125520617,516.979084212,1195,-174.99,11.95,-723.3,431.65,1084.95,0,"	2985,2986" 
2024-05-31T14:30:00Z,"SPY",2024-05-31T18:55:00Z,Sell,508.710308543,508.661496408,1214,59.26,12.14,-770.35,3057.71,3828.06,1,"	2987,2988" 
2024-06-03T16:00:00Z,"SPY",2024-06-03T18:50:00Z,Sell,513.581759616,513.425560784,1203,187.91,12.03,-328.84,3981.28,3969.54,1,"	2989,2990" 
2024-06-05T17:00:00Z,"SPY",2024-06-05T19:58:00Z,Buy,520.005436582,521.791960723,1189,2124.18,11.89,-499.12,2176.41,858.96,1,"	2991,2992" 
2024-06-07T17:00:00Z,"SPY",2024-06-07T18:00:00Z,Buy,523.607772145,523.139175649,1189,-557.16,11.89,-638.41,487.52,1056.28,0,"	2993,2994" 
2024-06-11T14:00:00Z,"SPY",2024-06-11T14:25:00Z,Sell,520.103060852,521.010966563,1194,-1084.04,11.94,-1084.04,128.22,1212.26,0,"	2995,2996" 
2024-06-12T14:00:00Z,"SPY",2024-06-12T16:30:00Z,Buy,529.797150863,529.61166475,1168,-216.65,11.68,-216.65,1448.12,1664.77,0,"	2997,2998" 
2024-06-17T16:30:00Z,"SPY",2024-06-17T19:58:00Z,Buy,532.462293434,533.975469619,1162,1758.31,11.62,-249.57,3335.12,1576.81,1,"	2999,3000" 
2024-06-20T17:30:00Z,"SPY",2024-06-20T18:15:00Z,Sell,533.0285142,534.570977666,1167,-1800.05,11.67,-2164.62,820.28,2984.9,0,"	3001,3002" 
2024-06-24T14:00:00Z,"SPY",2024-06-24T16:40:00Z,Buy,534.424941774,534.679583746,1157,294.62,11.57,-917.86,1393.78,2311.64,1,"	3003,3004" 
2024-06-27T14:30:00Z,"SPY",2024-06-27T15:05:00Z,Buy,535.277012988,534.483705306,1156,-917.06,11.56,-945.37,158.5,1103.87,0,"	3005,3006" 
2024-06-28T14:00:00Z,"SPY",2024-06-28T15:10:00Z,Buy,536.765689132,536.178053812,1150,-675.78,11.5,-675.78,2455.34,3131.12,0,"	3007,3008" 
2024-06-28T19:30:00Z,"SPY",2024-06-28T19:58:00Z,Sell,533.553282716,533.269258978,1154,327.76,11.54,-678.13,1819.65,2497.78,1,"	3009,3010" 
2024-07-01T15:00:00Z,"SPY",2024-07-01T15:30:00Z,Sell,532.142957948,533.014617006,1158,-1009.38,11.58,-1009.38,430.97,1440.35,0,"	3011,3012" 
2024-07-02T17:30:00Z,"SPY",2024-07-02T19:58:00Z,Buy,535.394540052,537.382706218,1148,2282.41,11.48,-146.16,2293.66,438.49,1,"	3013,3014" 
2024-07-03T15:30:00Z,"SPY",2024-07-05T13:50:00Z,Buy,538.695091766,540.350264584,1149,1901.79,11.49,-112.53,2543.23,900.26,1,"	3015,3016" 
2024-07-05T14:00:00Z,"SPY",2024-07-05T14:20:00Z,Buy,541.16316011,540.683257932,1151,-552.37,11.51,-1606.37,225.46,1831.83,0,"	3017,3018" 
2024-07-05T15:30:00Z,"SPY",2024-07-05T19:58:00Z,Buy,541.515741302,543.425556092,1148,2192.47,11.48,0,2349.88,702.71,1,"	3019,3020" 
2024-07-10T16:30:00Z,"SPY",2024-07-10T19:58:00Z,Buy,547.43127019,549.97768991,1143,2910.56,11.43,-223.89,2910.56,610.1,1,"	3021,3022" 
2024-07-11T14:30:00Z,"SPY",2024-07-11T19:58:00Z,Sell,548.224577872,545.403928336,1152,3249.39,11.52,-609.26,4411.5,1850.35,1,"	3023,3024" 
2024-07-12T14:00:00Z,"SPY",2024-07-12T19:58:00Z,Buy,547.362712736,547.950348056,1166,685.18,11.66,-171.3,5401.52,4956.16,1,"	3025,3026" 
2024-07-15T15:00:00Z,"SPY",2024-07-15T16:20:00Z,Buy,552.03441353,550.849348968,1158,-1372.3,11.58,-1372.3,1236.21,2608.51,0,"	3027,3028" 
2024-07-17T16:30:00Z,"SPY",2024-07-17T17:45:00Z,Sell,545.86424267,546.0111515,1166,-171.3,11.66,-730.86,605.24,1164.81,0,"	3029,3030" 
2024-07-18T15:30:00Z,"SPY",2024-07-18T19:58:00Z,Sell,542.38740036,540.91831206,1173,1723.24,11.73,-1286.69,3641.78,3687.73,1,"	3031,3032" 
2024-07-19T14:30:00Z,"SPY",2024-07-19T15:05:00Z,Sell,539.74304142,540.369852428,1185,-742.77,11.85,-858.83,510.66,1369.48,0,"	3033,3034" 
2024-07-19T15:30:00Z,"SPY",2024-07-19T16:15:00Z,Sell,538.313128808,539.88995025,1186,-1870.11,11.86,-2009.5,453.01,2462.51,0,"	3035,3036" 
2024-07-19T16:30:00Z,"SPY",2024-07-19T19:58:00Z,Sell,538.724473532,536.990949338,1178,2042.09,11.78,-230.74,2388.21,2618.95,1,"	3037,3038" 
2024-07-23T14:00:00Z,"SPY",2024-07-23T14:55:00Z,Buy,544.091542788,543.043593134,1174,-1230.29,11.74,-1379.77,965.84,2345.61,0,"	3039,3040" 
2024-07-24T14:00:00Z,"SPY",2024-07-24T19:58:00Z,Sell,535.48268535,529.841386278,1188,6701.86,11.88,0,7353.43,1518.39,1,"	3041,3042" 
2024-07-25T14:00:00Z,"SPY",2024-07-25T14:40:00Z,Sell,528.72487917,529.45942332,1228,-902.02,12.28,-1226.75,2706.06,3932.81,0,"	3043,3044" 
2024-07-25T15:00:00Z,"SPY",2024-07-25T18:25:00Z,Buy,531.61408616,531.398619876,1218,-262.44,12.18,-644.17,5463.48,5785.56,0,"	3045,3046" 
2024-07-26T14:30:00Z,"SPY",2024-07-26T14:50:00Z,Buy,532.436775608,531.359444188,1215,-1308.96,12.15,-2153.83,0,2153.83,0,"	3047,3048" 
2024-07-26T16:00:00Z,"SPY",2024-07-26T18:45:00Z,Buy,533.631634092,533.122350148,1208,-615.22,12.08,-1419.73,2721.14,4140.87,0,"	3049,3050" 
2024-07-30T15:30:00Z,"SPY",2024-07-30T19:58:00Z,Sell,530.948099464,531.506353018,1211,-676.05,12.11,-1636.74,4151.15,5787.89,0,"	3051,3052" 
2024-07-31T14:30:00Z,"SPY",2024-07-31T15:10:00Z,Buy,538.95952766,539.380666306,1191,501.58,11.91,-746.53,1038.15,1784.68,1,"	3053,3054" 
2024-07-31T19:00:00Z,"SPY",2024-07-31T19:35:00Z,Buy,541.65285621,538.920351972,1187,-3243.48,11.87,-4220.01,139.5,4359.52,0,"	3055,3056" 
2024-08-01T14:00:00Z,"SPY",2024-08-01T14:20:00Z,Buy,542.612660566,540.095622612,1156,-2909.7,11.56,-2988.95,260.4,3249.35,0,"	3057,3058" 
2024-08-01T15:00:00Z,"SPY",2024-08-01T19:58:00Z,Sell,536.158465968,531.56511655,1159,5323.69,11.59,0,8978.76,4233.98,1,"	3059,3060" 
2024-08-02T14:00:00Z,"SPY",2024-08-02T16:35:00Z,Sell,523.112961864,521.761400628,1167,1577.27,11.67,-788.64,6229.08,5017.55,1,"	3061,3062" 
2024-08-02T17:00:00Z,"SPY",2024-08-02T19:30:00Z,Sell,520.282518406,521.399025514,1179,-1316.36,11.79,-1524.21,1755.15,3279.36,0,"	3063,3064" 
2024-08-06T14:00:00Z,"SPY",2024-08-06T19:58:00Z,Buy,511.115407414,511.742218422,995,623.68,9.95,-302.09,7523.1,6899.43,1,"	3065,3066" 
2024-08-07T14:00:00Z,"SPY",2024-08-07T14:30:00Z,Buy,520.096433888,517.824243984,951,-2160.85,9.51,-2281.93,419.13,2701.07,0,"	3067,3068" 
2024-08-08T14:30:00Z,"SPY",2024-08-08T17:15:00Z,Buy,516.991760614,517.207226898,952,205.12,9.52,-1212.1,1006.97,2079.21,1,"	3069,3070" 
2024-08-08T17:30:00Z,"SPY",2024-08-08T19:58:00Z,Buy,519.038690312,518.83301795,948,-194.98,9.48,-1596.96,1142.01,2738.97,0,"	3071,3072" 
2024-08-12T14:00:00Z,"SPY",2024-08-12T14:20:00Z,Sell,520.439221158,522.828938126,847,-2024.09,8.47,-2065.57,0,2065.57,0,"	3073,3074" 
2024-08-13T19:00:00Z,"SPY",2024-08-13T19:58:00Z,Buy,530.262524924,530.477991208,825,177.76,8.25,-614.08,476.72,816.08,1,"	3075,3076" 
2024-08-22T16:00:00Z,"SPY",2024-08-22T16:20:00Z,Sell,546.25599955,547.176628218,872,-802.79,8.72,-802.79,17.08,819.87,0,"	3077,3078" 
2024-08-22T18:00:00Z,"SPY",2024-08-22T18:35:00Z,Sell,544.062161022,545.32557696,873,-1102.96,8.73,-1325.26,205.2,1530.47,0,"	3079,3080" 
2024-08-22T19:00:00Z,"SPY",2024-08-22T19:58:00Z,Sell,544.5420632,543.680198064,869,748.96,8.69,-919.18,757.47,919.18,1,"	3081,3082" 
2024-08-23T14:30:00Z,"SPY",2024-08-23T15:05:00Z,Buy,551.10399094,548.880770646,928,-2063.15,9.28,-3726.39,36.36,3762.75,0,"	3083,3084" 
2024-08-26T16:00:00Z,"SPY",2024-08-26T16:20:00Z,Sell,548.440044156,548.870976724,1145,-493.42,11.45,-538.27,157,695.27,0,"	3085,3086" 
2024-08-28T15:30:00Z,"SPY",2024-08-28T19:58:00Z,Sell,546.814253104,547.157040374,1147,-393.18,11.47,-943.62,3561.06,4504.69,0,"	3087,3088" 
2024-08-29T14:00:00Z,"SPY",2024-08-29T17:45:00Z,Buy,549.556551264,550.986463876,1140,1630.1,11.4,-837.38,2802.43,1551.94,1,"	3089,3090" 
2024-08-30T14:00:00Z,"SPY",2024-08-30T14:40:00Z,Buy,550.163774428,550.095216974,1144,-78.43,11.44,-1142.83,392.15,1534.98,0,"	3091,3092" 
2024-09-03T14:00:00Z,"SPY",2024-09-03T19:58:00Z,Sell,547.558591176,540.1347983,1149,8529.94,11.49,0,10184.16,1800.51,1,"	3093,3094" 
2024-09-04T15:00:00Z,"SPY",2024-09-04T15:25:00Z,Buy,542.553897034,541.486359536,1191,-1271.44,11.91,-1411.41,466.58,1877.99,0,"	3095,3096" 
2024-09-05T14:00:00Z,"SPY",2024-09-05T15:00:00Z,Buy,540.595112634,539.018291192,1191,-1877.99,11.91,-1877.99,1971.31,3849.31,0,"	3097,3098" 
2024-09-05T15:30:00Z,"SPY",2024-09-05T17:55:00Z,Sell,536.60898638,538.753855298,1193,-2558.83,11.93,-2979.46,771.15,3750.61,0,"	3099,3100" 
2024-09-06T14:00:00Z,"SPY",2024-09-06T19:58:00Z,Sell,536.599192458,529.06766644,1183,8909.8,11.83,-150.62,9604.97,4078.35,1,"	3101,3102" 
2024-09-09T17:00:00Z,"SPY",2024-09-09T17:40:00Z,Buy,536.207435578,535.864648308,1217,-417.17,12.17,-1072.73,238.38,1311.11,0,"	3103,3104" 
2024-09-11T14:00:00Z,"SPY",2024-09-11T15:55:00Z,Sell,533.455343496,533.08317446,1222,454.79,12.22,-538.57,5589.14,6127.7,1,"	3105,3106" 
2024-09-11T19:00:00Z,"SPY",2024-09-11T19:58:00Z,Buy,540.311088896,543.425556092,1208,3762.28,12.08,-224.79,3762.28,1242.26,1,"	3107,3108" 
2024-09-12T17:30:00Z,"SPY",2024-09-12T19:58:00Z,Buy,546.363732692,546.902398402,1208,650.71,12.08,-993.81,1703.67,2697.48,1,"	3109,3110" 
2024-09-13T14:00:00Z,"SPY",2024-09-13T14:45:00Z,Buy,549.419436356,550.81017328,1204,1674.45,12.04,-495.26,1674.45,2040,1,"	3111,3112" 
2024-09-13T16:00:00Z,"SPY",2024-09-13T16:25:00Z,Buy,551.074609174,550.065835208,1207,-1217.59,12.07,-1229.41,271.89,1501.3,0,"	3113,3114" 
2024-09-13T17:30:00Z,"SPY",2024-09-13T18:30:00Z,Buy,551.15296055,549.820987158,1202,-1601.03,12.02,-1718.75,247.22,1965.97,0,"	3115,3116" 
2024-10-01T14:00:00Z,"SPY",2024-10-01T15:55:00Z,Sell,559.503709115,558.84550413,1178,775.37,11.78,0,3992.55,3795.82,1,"	3117,3118" 
2024-10-01T17:30:00Z,"SPY",2024-10-01T18:10:00Z,Sell,556.458283065,559.82789963,1187,-3999.73,11.87,-4069.7,0,4069.7,0,"	3119,3120" 
2024-10-07T18:30:00Z,"SPY",2024-10-07T19:58:00Z,Sell,559.51353307,557.39155879,1166,2474.22,11.66,0,3207.32,1935.85,1,"	3121,3122" 
2024-10-08T15:00:00Z,"SPY",2024-10-08T15:30:00Z,Buy,561.75339481,561.77304272,1171,23.01,11.71,-460.15,276.09,736.25,1,"	3123,3124" 
2024-10-08T16:00:00Z,"SPY",2024-10-08T16:20:00Z,Buy,562.20529674,561.723922945,1170,-563.21,11.7,-931.02,0,931.02,0,"	3125,3126" 
2024-10-08T16:30:00Z,"SPY",2024-10-08T17:20:00Z,Buy,561.959697865,560.9478305,1168,-1181.86,11.68,-1480.19,218.01,1698.21,0,"	3127,3128" 
2024-10-08T18:00:00Z,"SPY",2024-10-08T19:58:00Z,Buy,561.684627125,563.42346716,1164,2024.01,11.64,0,2138.36,400.23,1,"	3129,3130" 
2024-10-09T15:00:00Z,"SPY",2024-10-09T19:58:00Z,Buy,564.77917295,567.264633565,1165,2895.56,11.65,0,3078.68,1716.74,1,"	3131,3132" 
2024-10-11T14:00:00Z,"SPY",2024-10-11T16:55:00Z,Buy,567.2351617,568.030902055,1170,931.02,11.7,-339.07,2976.95,2045.94,1,"	3133,3134" 
2024-10-11T17:00:00Z,"SPY",2024-10-11T17:20:00Z,Buy,568.679283085,568.29614884,1171,-448.65,11.71,-483.16,92.03,575.19,0,"	3135,3136" 
2024-10-11T17:30:00Z,"SPY",2024-10-11T19:58:00Z,Buy,568.679283085,569.51431926,1169,976.16,11.69,-218.2,1584.82,1108.23,1,"	3137,3138" 
2024-10-14T14:00:00Z,"SPY",2024-10-14T19:58:00Z,Buy,573.03129515,574.219993705,1164,1383.65,11.64,-834.76,2104.06,1383.65,1,"	3139,3140" 
2024-10-15T15:00:00Z,"SPY",2024-10-15T19:58:00Z,Sell,571.705061225,569.14100897,1171,3002.51,11.71,-873.14,3652.47,1432.23,1,"	3141,3142" 
2024-10-16T18:30:00Z,"SPY",2024-10-16T19:58:00Z,Buy,572.36326621,572.019427785,1180,-405.73,11.8,-510.06,208.66,718.72,0,"	3143,3144" 
2024-10-21T15:30:00Z,"SPY",2024-10-21T16:15:00Z,Sell,570.61460222,571.803300775,1182,-1405.04,11.82,-2032.09,220.63,2252.71,0,"	3145,3146" 
2024-10-23T15:30:00Z,"SPY",2024-10-23T19:58:00Z,Sell,568.68910704,567.716535495,1181,1148.61,11.81,-1137,5023.71,4095.54,1,"	3147,3148" 
2024-10-25T14:00:00Z,"SPY",2024-10-25T15:30:00Z,Buy,573.041119105,572.235554795,1176,-947.34,11.76,-982,1224.61,2206.62,0,"	3149,3150" 
2024-10-31T14:00:00Z,"SPY",2024-10-31T19:58:00Z,Sell,563.63959417,560.22085783,1192,4075.13,11.92,0,4584.53,2306.9,1,"	3151,3152" 
2024-11-01T14:00:00Z,"SPY",2024-11-01T17:00:00Z,Buy,563.040332915,562.883149635,1208,-189.88,12.08,-397.56,2765.09,3144.84,0,"	3153,3154" 
2024-11-01T17:30:00Z,"SPY",2024-11-01T17:50:00Z,Buy,563.60029835,561.77304272,1206,-2203.67,12.06,-2274.76,0,2274.76,0,"	3155,3156" 
2024-11-04T17:00:00Z,"SPY",2024-11-04T17:40:00Z,Sell,558.82585622,560.112794325,1209,-1555.91,12.09,-1722.19,1045.19,2767.38,0,"	3157,3158" 
2024-11-05T15:00:00Z,"SPY",2024-11-05T20:58:00Z,Buy,563.91466491,565.987519415,1192,2470.84,11.92,-491.83,2751.89,1949.74,1,"	3159,3160" 
2024-11-07T17:00:00Z,"SPY",2024-11-07T18:30:00Z,Buy,584.66285787,584.377963175,1158,-329.91,11.58,-511.93,386.79,898.72,0,"	3161,3162" 
2024-11-07T20:00:00Z,"SPY",2024-11-07T20:58:00Z,Buy,585.537189865,584.76109742,1155,-896.39,11.55,-907.73,612.72,1520.45,0,"	3163,3164" 
2024-11-08T18:00:00Z,"SPY",2024-11-08T20:45:00Z,Buy,587.560924595,587.21708617,1148,-394.73,11.48,-394.73,1691.69,2086.41,0,"	3165,3166" 
2024-11-12T17:00:00Z,"SPY",2024-11-12T19:00:00Z,Sell,585.930148065,586.912543565,1150,-1129.75,11.5,-1434.79,2169.13,3603.92,0,"	3167,3168" 
2024-11-14T17:30:00Z,"SPY",2024-11-14T18:20:00Z,Sell,584.3288434,584.9182807,1149,-677.26,11.49,-914.31,1021.54,1935.84,0,"	3169,3170" 
2024-11-14T18:30:00Z,"SPY",2024-11-14T20:58:00Z,Sell,584.633386005,582.81595433,1146,2082.78,11.46,-630.46,2555.62,2049,1,"	3171,3172" 
2024-11-15T15:30:00Z,"SPY",2024-11-15T20:58:00Z,Sell,576.479503355,575.42834017,1170,1229.86,11.7,-586.2,3229.82,2494.2,1,"	3173,3174" 
2024-11-18T16:00:00Z,"SPY",2024-11-18T17:10:00Z,Buy,577.874504965,577.58961027,1142,-325.35,11.42,-347.79,1368.71,1716.5,0,"	3175,3176" 
2024-11-18T18:00:00Z,"SPY",2024-11-18T18:40:00Z,Buy,578.287111075,577.66820191,1140,-705.56,11.4,-705.56,0,705.56,0,"	3177,3178" 
2024-11-19T19:00:00Z,"SPY",2024-11-19T19:45:00Z,Buy,580.49750095,579.06320352,1130,-1620.76,11.3,-1931.59,0,1931.59,0,"	3179,3180" 
2024-11-20T15:00:00Z,"SPY",2024-11-20T17:00:00Z,Sell,577.07876461,577.992392425,1135,-1036.97,11.35,-1403.81,3010.55,4414.36,0,"	3181,3182" 
2024-11-20T17:30:00Z,"SPY",2024-11-20T17:50:00Z,Sell,576.8626376,577.815561235,1131,-1077.76,11.31,-1077.76,22.22,1099.98,0,"	3183,3184" 
2024-11-20T18:00:00Z,"SPY",2024-11-20T20:00:00Z,Sell,576.72510223,577.17700416,1128,-509.75,11.28,-853.27,930.84,1784.11,0,"	3185,3186" 
2024-11-21T15:30:00Z,"SPY",2024-11-21T16:00:00Z,Sell,577.344011395,581.273593395,1153,-4530.81,11.53,-4553.46,101.94,4655.41,0,"	3187,3188" 
2024-11-22T15:00:00Z,"SPY",2024-11-22T15:20:00Z,Buy,585.497894045,583.9358852,1122,-1752.57,11.22,-1995.07,0,1995.07,0,"	3189,3190" 
2024-11-22T16:00:00Z,"SPY",2024-11-22T16:20:00Z,Buy,585.3112389,583.650990505,1117,-1854.5,11.17,-1854.5,21.95,1876.44,0,"	3191,3192" 
2024-11-27T16:30:00Z,"SPY",2024-11-27T18:10:00Z,Sell,587.894939065,587.934234885,1105,-43.42,11.05,-651.33,1161.54,1204.96,0,"	3193,3194" 
2024-11-29T15:00:00Z,"SPY",2024-12-02T14:50:00Z,Buy,590.14462476,592.54166978,1101,2639.15,11.01,0,2996.08,930.19,1,"	3195,3196" 
2024-12-06T15:00:00Z,"SPY",2024-12-06T15:40:00Z,Buy,598.288683455,598.10202831,1095,-204.39,10.95,-613.16,0,613.16,0,"	3197,3198" 
2024-12-09T16:00:00Z,"SPY",2024-12-09T18:55:00Z,Sell,594.70293988,595.479032325,1100,-853.7,11,-1129.26,745.64,1874.9,0,"	3199,3200" 
2024-12-09T19:30:00Z,"SPY",2024-12-09T20:58:00Z,Sell,594.70293988,593.691072515,1098,1111.03,10.98,0,1294.4,501.58,1,"	3201,3202" 
2024-12-10T20:30:00Z,"SPY",2024-12-10T20:58:00Z,Sell,592.099591805,591.7950492,1106,336.82,11.06,-206.44,510.67,717.11,1,"	3203,3204" 
2024-12-11T16:30:00Z,"SPY",2024-12-11T20:58:00Z,Buy,596.795442295,596.84456207,1099,53.98,10.99,-75.58,971.69,939.3,1,"	3205,3206" 
2024-12-12T19:30:00Z,"SPY",2024-12-12T20:58:00Z,Sell,594.280509815,593.867903705,1103,455.1,11.03,-520.12,487.61,530.96,1,"	3207,3208" 
2024-12-13T18:00:00Z,"SPY",2024-12-13T18:20:00Z,Sell,592.28624695,592.95427589,1109,-740.84,11.09,-795.32,49.03,844.34,0,"	3209,3210" 
2024-12-16T18:30:00Z,"SPY",2024-12-16T20:35:00Z,Buy,597.02139326,596.64808297,1097,-409.52,10.97,-431.08,32.33,458.02,0,"	3211,3212" 
2024-12-17T15:30:00Z,"SPY",2024-12-17T15:55:00Z,Sell,592.571141645,593.15075499,1104,-639.89,11.04,-694.12,0,694.12,0,"	3213,3214" 
2024-12-18T15:30:00Z,"SPY",2024-12-18T17:55:00Z,Buy,594.752059655,594.889595025,1098,151.01,10.98,-765.86,1003.16,1769.02,1,"	3215,3216" 
2024-12-18T19:00:00Z,"SPY",2024-12-18T19:20:00Z,Buy,594.87977107,589.86955402,1098,-5501.22,10.98,-5814.03,0,5814.03,0,"	3217,3218" 
2024-12-18T19:30:00Z,"SPY",2024-12-18T20:58:00Z,Sell,589.51589164,577.776265415,1089,12784.45,10.89,-930.75,14153.83,3776.5,1,"	3219,3220" 
2024-12-20T15:30:00Z,"SPY",2024-12-20T20:58:00Z,Buy,578.6065457,581.317223725,1154,3128.12,11.54,0,9816.62,6688.49,1,"	3221,3222" 
2024-12-23T15:00:00Z,"SPY",2024-12-23T16:20:00Z,Sell,581.967786451,582.095927594,1158,-148.39,11.58,-148.39,2990.58,3138.97,0,"	3223,3224" 
2024-12-23T18:30:00Z,"SPY",2024-12-23T20:05:00Z,Buy,584.806605619,584.609465399,1152,-227.11,11.52,-510.99,1135.53,1646.52,0,"	3225,3226" 
2024-12-24T15:00:00Z,"SPY",2024-12-26T14:50:00Z,Buy,588.690267953,591.184091736,1143,2850.44,11.43,-11.27,4585.49,1870.25,1,"	3227,3228" 
2024-12-27T15:00:00Z,"SPY",2024-12-27T19:10:00Z,Sell,588.286130502,585.60502351,1154,3094,11.54,0,6790.87,3867.5,1,"	3229,3230" 
2024-12-27T20:30:00Z,"SPY",2024-12-27T20:58:00Z,Sell,585.171315026,586.255586236,1170,-1268.6,11.7,-1868.3,1084.07,2952.37,0,"	3231,3232" 
2024-12-30T15:00:00Z,"SPY",2024-12-30T16:10:00Z,Sell,576.842140731,579.237394404,1167,-2795.26,11.67,-2795.26,862.73,3658,0,"	3233,3234" 
2024-12-31T18:30:00Z,"SPY",2024-12-31T20:10:00Z,Sell,576.645000511,578.153123194,1125,-1696.64,11.25,-1829.71,576.64,2406.34,0,"	3235,3236" 
2025-01-02T15:00:00Z,"SPY",2025-01-02T15:25:00Z,Buy,581.721361176,579.316250492,1108,-2664.86,11.08,-2664.86,753.59,3418.45,0,"	3237,3238" 
2025-01-02T18:00:00Z,"SPY",2025-01-02T20:20:00Z,Sell,574.525743146,576.112721917,1113,-1766.31,11.13,-1854.07,2380.68,4234.75,0,"	3239,3240" 
2025-01-03T16:30:00Z,"SPY",2025-01-03T17:30:00Z,Buy,581.208796604,581.701647154,1131,557.41,11.31,0,1460.42,914.16,1,"	3241,3242" 
2025-01-03T18:30:00Z,"SPY",2025-01-03T20:58:00Z,Buy,583.04220065,583.259054892,1129,244.83,11.29,-372.81,1190.76,1563.56,1,"	3243,3244" 
2025-01-06T15:00:00Z,"SPY",2025-01-06T17:30:00Z,Buy,589.35068769,590.001250416,1049,682.44,10.49,-62.04,1840.52,1189.1,1,"	3245,3246" 
2025-01-07T17:00:00Z,"SPY",2025-01-07T20:58:00Z,Sell,582.243782759,580.321665614,1050,2018.22,10.5,-1728.43,3995.05,2696.14,1,"	3247,3248" 
2025-01-08T15:00:00Z,"SPY",2025-01-08T15:40:00Z,Sell,578.912113041,578.971255107,1041,-61.57,10.41,-1262.12,1210.82,2000.92,0,"	3249,3250" 
2025-01-10T15:00:00Z,"SPY",2025-01-10T15:50:00Z,Sell,574.614456245,574.515886135,1047,103.2,10.47,-103.2,3797.87,3901.07,1,"	3251,3252" 
2025-01-10T16:00:00Z,"SPY",2025-01-10T18:25:00Z,Sell,572.751481166,574.900309564,1051,-2258.42,10.51,-2258.42,2465.61,4724.03,0,"	3253,3254" 
2025-01-10T20:30:00Z,"SPY",2025-01-10T20:58:00Z,Sell,572.031919363,572.672625078,1045,-669.54,10.45,-767.39,566.53,1333.92,0,"	3255,3256" 
2025-01-15T15:00:00Z,"SPY",2025-01-15T15:45:00Z,Buy,583.495623156,583.229483859,1141,-303.66,11.41,-629.82,1034.71,1664.53,0,"	3257,3258" 
2025-01-28T15:30:00Z,"SPY",2025-01-28T16:40:00Z,Buy,593.865198728,593.283635079,1120,-651.35,11.2,-1468.3,1037.75,2506.05,0,"	3259,3260" 
2025-01-28T17:30:00Z,"SPY",2025-01-28T20:58:00Z,Buy,595.097325103,595.885885983,1115,879.25,11.15,-505.57,1780.47,1654.08,1,"	3261,3262" 
2025-01-29T19:30:00Z,"SPY",2025-01-29T19:55:00Z,Sell,590.819382329,594.298907212,1126,-3917.95,11.26,-4151.02,0,4151.02,0,"	3263,3264" 
2025-01-31T15:30:00Z,"SPY",2025-01-31T16:55:00Z,Buy,600.252541856,600.222970823,1095,-32.38,10.95,-291.42,1046.96,1338.38,0,"	3265,3266" 
2025-01-31T20:30:00Z,"SPY",2025-01-31T20:58:00Z,Sell,593.056923826,593.668058508,1109,-677.75,11.09,-1519.47,590.3,2109.77,0,"	3267,3268" 
2025-02-04T15:00:00Z,"SPY",2025-02-04T20:58:00Z,Buy,590.444815911,593.313206112,1111,3186.78,11.11,0,3504.36,2858.25,1,"	3269,3270" 
2025-02-07T15:00:00Z,"SPY",2025-02-07T15:20:00Z,Buy,599.148556624,596.05345517,1106,-3423.18,11.06,-4240.82,0,4240.82,0,"	3271,3272" 
2025-02-07T15:30:00Z,"SPY",2025-02-07T20:58:00Z,Sell,595.925314027,592.297933979,1100,3990.12,11,-878.26,4694.89,2591.41,1,"	3273,3274" 
2025-02-13T16:00:00Z,"SPY",2025-02-13T17:10:00Z,Buy,598.41913781,597.778432095,1109,-710.54,11.09,-1421.09,404.46,1825.55,0,"	3275,3276" 
2025-02-13T19:00:00Z,"SPY",2025-02-13T20:58:00Z,Buy,598.527564931,601.070673769,1106,2812.68,11.06,-98.12,2823.58,577.8,1,"	3277,3278" 
2025-02-20T15:00:00Z,"SPY",2025-02-20T17:35:00Z,Sell,599.690692229,600.153971746,1113,-515.63,11.13,-1108.06,1371.36,2029.61,0,"	3279,3280" 
2025-02-20T18:00:00Z,"SPY",2025-02-20T19:15:00Z,Sell,599.335839833,600.538395175,1112,-1337.24,11.12,-1403.01,317.87,1720.88,0,"	3281,3282" 
2025-02-21T15:00:00Z,"SPY",2025-02-21T20:58:00Z,Sell,599.739977284,591.262947824,1107,9384.07,11.07,-21.82,9656.86,1800.43,1,"	3283,3284" 
2025-02-24T15:00:00Z,"SPY",2025-02-24T16:20:00Z,Sell,590.178676614,590.375816834,1157,-228.09,11.57,-661.46,2394.96,3056.42,0,"	3285,3286" 
2025-02-25T15:00:00Z,"SPY",2025-02-25T17:45:00Z,Sell,586.738579775,585.644451554,1163,1272.47,11.63,0,6373.82,5422.33,1,"	3287,3288" 
2025-02-25T18:30:00Z,"SPY",2025-02-25T18:50:00Z,Sell,585.200886059,587.08357516,1170,-2202.75,11.7,-2421.87,0,2421.87,0,"	3289,3290" 
2025-02-25T19:30:00Z,"SPY",2025-02-25T19:50:00Z,Sell,584.579894366,586.718865753,1164,-2489.76,11.64,-2696.29,0,2696.29,0,"	3291,3292" 
2025-02-26T15:00:00Z,"SPY",2025-02-26T17:50:00Z,Buy,589.163404481,588.394557623,1146,-881.1,11.46,-881.1,2044.6,2925.7,0,"	3293,3294" 
2025-02-27T15:00:00Z,"SPY",2025-02-27T15:30:00Z,Sell,583.958902673,586.965291028,1153,-3466.37,11.53,-4477.86,1727.5,6205.36,0,"	3295,3296" 
2025-02-27T19:30:00Z,"SPY",2025-02-27T20:58:00Z,Sell,582.302924825,576.704142577,1145,6410.61,11.45,0,6416.25,1444.64,1,"	3297,3298" 
2025-02-28T15:30:00Z,"SPY",2025-02-28T16:30:00Z,Buy,579.956956207,577.689843677,1171,-2654.79,11.71,-2654.79,715.64,3370.43,0,"	3299,3300" 
2025-02-28T20:30:00Z,"SPY",2025-02-28T20:58:00Z,Buy,581.198939593,585.358598235,1160,4825.2,11.6,-1806.59,4825.2,1806.59,1,"	3301,3302" 
2025-03-03T18:00:00Z,"SPY",2025-03-03T20:58:00Z,Sell,583.5350512,574.979165652,1171,10018.94,11.71,0,13574.05,3555.11,1,"	3303,3304" 
2025-03-04T15:00:00Z,"SPY",2025-03-04T17:05:00Z,Sell,567.458266259,568.039829908,1240,-721.14,12.4,-928.92,3727.92,4656.85,0,"	3305,3306" 
2025-03-04T18:00:00Z,"SPY",2025-03-04T18:20:00Z,Sell,568.236970128,570.444940592,1236,-2729.05,12.36,-4020.48,140.11,4160.59,0,"	3307,3308" 
2025-03-05T18:00:00Z,"SPY",2025-03-05T18:45:00Z,Buy,572.445913825,570.237943361,1217,-2687.1,12.17,-3250.91,371.88,3622.79,0,"	3309,3310" 
2025-03-05T19:00:00Z,"SPY",2025-03-05T20:58:00Z,Buy,573.155618617,574.752454399,1206,1925.78,12.06,-416.06,3958.56,3435.5,1,"	3311,3312" 
2025-03-06T17:30:00Z,"SPY",2025-03-06T20:20:00Z,Sell,564.343450783,565.092583619,1205,-902.71,12.05,-2719.99,2660.6,5380.6,0,"	3313,3314" 
2025-03-07T16:30:00Z,"SPY",2025-03-07T17:50:00Z,Sell,559.523372404,563.219751529,1208,-4465.23,12.08,-5251.11,2310.01,7561.12,0,"	3315,3316" 
2025-03-07T19:30:00Z,"SPY",2025-03-07T20:00:00Z,Buy,568.365111271,566.945701687,1174,-1666.39,11.74,-1932.55,509.17,2441.72,0,"	3317,3318" 
2025-03-10T15:00:00Z,"SPY",2025-03-10T19:58:00Z,Sell,555.83685029,552.367182418,1163,4035.22,11.63,-2716.9,9113.64,6901.15,1,"	3319,3320" 
2025-03-11T14:30:00Z,"SPY",2025-03-11T15:25:00Z,Sell,548.000526545,549.301651997,1064,-1384.4,10.64,-2747.82,1793.42,4541.24,0,"	3321,3322" 
2025-03-11T16:30:00Z,"SPY",2025-03-11T18:20:00Z,Sell,547.911813446,549.705789448,1060,-1901.61,10.6,-1995.65,3834.57,5830.22,0,"	3323,3324" 
2025-03-13T14:00:00Z,"SPY",2025-03-13T14:25:00Z,Sell,547.0641105,550.41549424,1040,-3485.44,10.4,-3541.82,0,3541.82,0,"	3325,3326" 
2025-03-13T15:30:00Z,"SPY",2025-03-13T19:58:00Z,Sell,546.354405708,543.1213061,1031,3333.33,10.31,-304.88,4512.18,4725.6,1,"	3327,3328" 
2025-03-14T14:00:00Z,"SPY",2025-03-14T14:20:00Z,Buy,550.445065273,548.93694259,1051,-1585.04,10.51,-1937.27,0,1937.27,0,"	3329,3330" 
2025-03-14T15:00:00Z,"SPY",2025-03-14T19:58:00Z,Buy,552.268612308,555.501711916,1043,3372.12,10.43,-236.46,3474.93,2436.56,1,"	3331,3332" 
2025-03-17T14:00:00Z,"SPY",2025-03-17T14:45:00Z,Buy,557.601255259,557.433686072,901,-150.98,9.01,-1305.53,435.18,1740.71,0,"	3333,3334" 
2025-03-17T18:00:00Z,"SPY",2025-03-17T19:58:00Z,Buy,559.020664843,559.434659305,899,372.18,8.99,0,2241.95,2055.86,1,"	3335,3336" 
2025-03-18T14:00:00Z,"SPY",2025-03-18T18:35:00Z,Sell,552.741748836,552.68260677,888,52.52,8.88,-1111.63,1453,2258.28,1,"	3337,3338" 
2025-03-19T19:00:00Z,"SPY",2025-03-19T19:58:00Z,Buy,560.134507086,558.823524623,871,-1141.87,8.71,-1159.04,1927.44,3086.47,0,"	3339,3340" 
2025-03-26T16:00:00Z,"SPY",2025-03-26T19:58:00Z,Sell,564.19185423,562.53089619,929,1543.03,9.29,-624.56,3131.98,2020.63,1,"	3341,3342" 
2025-03-28T14:30:00Z,"SPY",2025-03-28T19:58:00Z,Sell,553.21766718,549.786997895,994,3410.09,9.94,-393.09,4333.85,1896.68,1,"	3343,3344" 
2025-04-01T14:30:00Z,"SPY",2025-04-01T14:50:00Z,Sell,548.837879015,551.685235655,1098,-3126.4,10.98,-3604.04,0,3604.04,0,"	3345,3346" 
2025-04-02T17:00:00Z,"SPY",2025-04-02T18:00:00Z,Buy,559.26830004,557.68643524,1072,-1695.76,10.72,-2458.85,1701.06,4159.91,0,"	3347,3348" 
2025-04-03T15:00:00Z,"SPY",2025-04-03T15:35:00Z,Sell,534.05732979,536.62786009,1179,-3030.66,11.79,-3030.66,582.82,3613.47,0,"	3349,3350" 
2025-04-03T18:30:00Z,"SPY",2025-04-03T18:55:00Z,Sell,534.65052909,535.59964797,1167,-1107.62,11.67,-1638.36,807.64,2446,0,"	3351,3352" 
2025-04-03T19:30:00Z,"SPY",2025-04-03T19:58:00Z,Sell,532.900591155,531.62521266,1167,1488.37,11.67,-507.66,1499.9,1569.13,1,"	3353,3354" 
2025-04-04T14:30:00Z,"SPY",2025-04-04T19:58:00Z,Sell,510.40845103,499.483697255,831,9078.47,8.31,-4526.91,9094.9,9439.97,1,"	3355,3356" 
2025-04-07T18:00:00Z,"SPY",2025-04-07T18:40:00Z,Buy,503.34937936,501.599441425,656,-1147.96,6.56,-2633.17,531.82,3165,0,"	3357,3358" 
2025-04-08T19:30:00Z,"SPY",2025-04-08T19:58:00Z,Sell,491.86108625,490.06171504,668,1201.98,6.68,0,5395.7,4358.83,1,"	3359,3360" 
2025-04-09T14:00:00Z,"SPY",2025-04-09T14:25:00Z,Buy,494.19433683,493.255104605,683,-641.5,6.83,-1742.17,1802.94,3545.11,0,"	3361,3362" 
2025-04-09T17:30:00Z,"SPY",2025-04-09T19:58:00Z,Buy,518.070608655,537.47811242,651,12634.28,6.51,0,13992.33,5966.37,1,"	3363,3364" 
2025-04-10T14:00:00Z,"SPY",2025-04-10T14:50:00Z,Sell,522.974389535,522.37130358,383,230.98,3.83,-886.06,795.18,1681.25,1,"	3365,3366" 
2025-04-10T15:00:00Z,"SPY",2025-04-10T18:00:00Z,Sell,520.324765995,518.29800172,385,780.3,3.85,-845.01,6014.05,5523.03,1,"	3367,3368" 
2025-04-11T17:00:00Z,"SPY",2025-04-11T17:30:00Z,Buy,525.742652935,523.804868555,366,-709.23,3.66,-709.23,401.66,1110.88,0,"	3369,3370" 
2025-04-11T18:00:00Z,"SPY",2025-04-11T18:25:00Z,Buy,528.61966954,526.82029833,363,-653.17,3.63,-911.57,3.59,915.16,0,"	3371,3372" 
2025-04-21T14:00:00Z,"SPY",2025-04-21T19:35:00Z,Sell,511.644282905,505.12897726,373,2430.21,3.73,0,3289.45,914.56,1,"	3373,3374" 
2025-04-22T15:00:00Z,"SPY",2025-04-22T15:55:00Z,Buy,518.723127885,518.71324123,368,-3.64,3.68,-305.62,374.74,680.36,0,"	3375,3376" 
2025-04-22T16:00:00Z,"SPY",2025-04-22T17:30:00Z,Buy,520.2357861,516.646930335,367,-1317.11,3.67,-1317.11,1008.7,2325.81,0,"	3377,3378" 
2025-04-23T14:00:00Z,"SPY",2025-04-23T14:30:00Z,Buy,537.4385658,537.685732175,346,85.52,3.46,-872.3,222.35,1094.65,1,"	3379,3380" 
2025-04-24T14:30:00Z,"SPY",2025-04-24T17:35:00Z,Buy,536.11375403,538.555757815,345,842.49,3.45,-317.21,1190.4,586.67,1,"	3381,3382" 
2025-04-30T14:00:00Z,"SPY",2025-04-30T14:25:00Z,Sell,535.71828783,539.742156415,414,-1665.88,4.14,-1665.88,0,1665.88,0,"	3383,3384" 
2025-05-01T15:00:00Z,"SPY",2025-05-01T15:40:00Z,Buy,556.97459608,556.34185016,695,-439.76,6.95,-597.8,412.27,1010.07,0,"	3385,3386" 
2025-05-08T17:00:00Z,"SPY",2025-05-08T17:50:00Z,Buy,563.667861515,562.09588337,1043,-1639.57,10.43,-1856.12,0,1856.12,0,"	3387,3388" 
