Entry Time,Symbols,Exit Time,Direction,Entry Price,Exit Price,Quantity,P&L,Fees,MAE,MFE,Drawdown,IsWin,Order Ids
2017-05-12T18:00:00Z,"SPY",2017-05-12T18:50:00Z,Sell,207.217478874,207.226149787,962,-8.34,9.62,-75.07,108.44,183.51,0,"	1,2" 
2017-05-12T19:00:00Z,"SPY",2017-05-12T19:58:00Z,Sell,207.208807961,207.226149787,962,-16.68,9.62,-33.37,175.17,191.85,0,"	3,4" 
2017-05-15T14:00:00Z,"SPY",2017-05-15T18:40:00Z,Buy,208.127924739,208.093241087,958,-33.23,9.58,-74.76,323.96,398.72,0,"	5,6" 
2017-05-15T19:00:00Z,"SPY",2017-05-15T19:20:00Z,Buy,208.101912,208.119253826,957,16.6,9.57,0,58.09,58.09,1,"	7,8" 
2017-05-15T19:30:00Z,"SPY",2017-05-15T19:58:00Z,Buy,208.162608391,208.301342999,957,132.77,9.57,-49.79,207.45,116.17,1,"	9,10" 
2017-05-16T18:00:00Z,"SPY",2017-05-16T19:45:00Z,Sell,208.084570174,208.223304782,959,-133.05,9.59,-166.31,99.78,266.09,0,"	11,12" 
2017-05-17T15:00:00Z,"SPY",2017-05-17T19:58:00Z,Sell,205.535321752,204.512154018,969,991.45,9.69,-579.75,991.45,680.57,1,"	13,14" 
2017-05-18T14:30:00Z,"SPY",2017-05-18T16:10:00Z,Buy,205.292536188,204.676901365,980,-603.32,9.8,-645.81,178.45,824.26,0,"	15,16" 
2017-05-18T16:30:00Z,"SPY",2017-05-18T17:25:00Z,Buy,204.928357842,204.867661451,976,-59.24,9.76,-194.64,220.03,414.68,0,"	17,18" 
2017-05-18T18:00:00Z,"SPY",2017-05-18T19:58:00Z,Buy,205.266523449,205.361903492,973,92.8,9.73,0,835.24,742.44,1,"	19,20" 
2017-05-19T14:00:00Z,"SPY",2017-05-19T19:25:00Z,Buy,206.3677294,206.610514964,969,235.26,9.69,0,882.22,705.78,1,"	21,22" 
2017-05-19T19:30:00Z,"SPY",2017-05-19T19:50:00Z,Buy,206.584502225,206.523805834,970,-58.88,9.7,-117.75,75.7,185.04,0,"	23,24" 
2017-05-22T14:00:00Z,"SPY",2017-05-22T14:20:00Z,Buy,207.442922612,207.364884395,965,-75.31,9.65,-108.78,100.41,209.19,0,"	25,26" 
2017-05-22T16:30:00Z,"SPY",2017-05-22T17:35:00Z,Buy,207.659695437,207.598999046,964,-58.51,9.64,-83.59,41.79,108.66,0,"	27,28" 
2017-05-25T15:30:00Z,"SPY",2017-05-25T15:50:00Z,Buy,209.697359992,209.411219863,954,-272.98,9.54,-322.61,33.09,355.7,0,"	29,30" 
2017-05-25T17:00:00Z,"SPY",2017-05-25T17:40:00Z,Buy,209.723372731,209.515270819,951,-197.9,9.51,-247.38,0,247.38,0,"	31,32" 
2017-05-25T18:00:00Z,"SPY",2017-05-25T18:20:00Z,Buy,209.680018166,209.627992688,949,-49.37,9.49,-90.52,0,90.52,0,"	33,34" 
2017-05-31T14:00:00Z,"SPY",2017-05-31T14:50:00Z,Sell,208.942990561,209.14242156,952,-189.86,9.52,-222.88,239.39,462.26,0,"	35,36" 
2017-05-31T16:00:00Z,"SPY",2017-05-31T16:20:00Z,Sell,209.038370604,209.133750647,949,-90.52,9.49,-139.89,0,139.89,0,"	37,38" 
2017-05-31T17:00:00Z,"SPY",2017-05-31T17:20:00Z,Sell,208.9690033,209.029699691,949,-57.6,9.49,-246.86,0,246.86,0,"	39,40" 
2017-06-01T17:00:00Z,"SPY",2017-06-01T19:58:00Z,Buy,210.417045771,210.815907769,942,375.73,9.42,0,383.9,212.37,1,"	41,42" 
2017-06-02T16:00:00Z,"SPY",2017-06-02T18:45:00Z,Buy,211.604960852,211.561606287,940,-40.75,9.4,-122.26,187.47,244.52,0,"	43,44" 
2017-06-02T19:30:00Z,"SPY",2017-06-02T19:58:00Z,Buy,211.709011808,211.604960852,939,-97.7,9.39,-130.27,130.27,260.54,0,"	45,46" 
2017-06-08T14:30:00Z,"SPY",2017-06-08T14:50:00Z,Sell,210.96331329,211.249453419,941,-269.26,9.41,-269.26,0,269.26,0,"	47,48" 
2017-06-09T14:00:00Z,"SPY",2017-06-09T16:30:00Z,Buy,211.986481024,211.839075503,934,-137.68,9.34,-234.86,404.93,639.79,0,"	49,50" 
2017-06-09T18:00:00Z,"SPY",2017-06-09T18:20:00Z,Sell,210.945971464,211.232111593,937,-268.11,9.37,-292.49,0,292.49,0,"	51,52" 
2017-06-09T19:00:00Z,"SPY",2017-06-09T19:58:00Z,Sell,210.234956598,211.128060637,938,-837.73,9.38,-837.73,0,837.73,0,"	53,54" 
2017-06-12T14:00:00Z,"SPY",2017-06-12T15:00:00Z,Sell,210.365020293,210.772553204,929,-378.6,9.29,-402.76,120.83,523.59,0,"	55,56" 
2017-06-12T16:30:00Z,"SPY",2017-06-12T17:30:00Z,Sell,210.425716684,210.581793118,925,-144.37,9.25,-144.37,160.41,304.78,0,"	57,58" 
2017-06-12T18:00:00Z,"SPY",2017-06-12T18:50:00Z,Sell,210.278311163,210.668502248,924,-360.54,9.24,-432.64,0,432.64,0,"	59,60" 
2017-06-13T17:30:00Z,"SPY",2017-06-13T18:00:00Z,Buy,211.934455546,211.839075503,914,-87.18,9.14,-190.21,0,190.21,0,"	61,62" 
2017-06-13T18:30:00Z,"SPY",2017-06-13T19:05:00Z,Buy,211.891100981,211.821733677,913,-63.33,9.13,-95,55.42,150.41,0,"	63,64" 
2017-06-13T19:30:00Z,"SPY",2017-06-13T19:58:00Z,Buy,212.073190154,211.813062764,911,-236.98,9.11,-236.98,7.9,244.88,0,"	65,66" 
2017-06-14T15:00:00Z,"SPY",2017-06-14T16:45:00Z,Sell,211.682999069,211.951797372,911,-244.88,9.11,-252.77,31.6,284.37,0,"	67,68" 
2017-06-14T19:00:00Z,"SPY",2017-06-14T19:58:00Z,Sell,211.318820723,211.74369546,910,-386.64,9.1,-504.99,236.72,741.71,0,"	69,70" 
2017-06-16T14:00:00Z,"SPY",2017-06-16T15:50:00Z,Sell,211.01361362,210.95262199,908,55.38,9.08,-23.73,411.4,435.13,1,"	71,72" 
2017-06-19T14:30:00Z,"SPY",2017-06-19T19:58:00Z,Buy,212.92178033,213.05247668,900,117.63,9,-219.57,243.1,376.41,1,"	73,74" 
2017-06-20T14:00:00Z,"SPY",2017-06-20T14:25:00Z,Sell,212.45998656,212.599396,903,-125.89,9.03,-188.83,47.21,236.04,0,"	75,76" 
2017-06-20T15:30:00Z,"SPY",2017-06-20T17:15:00Z,Sell,212.40770802,212.38156875,902,23.58,9.02,-94.31,275.07,314.37,1,"	77,78" 
2017-06-20T17:30:00Z,"SPY",2017-06-20T19:58:00Z,Sell,212.31186403,211.79779172,902,463.69,9.02,-102.17,526.57,243.64,1,"	79,80" 
2017-06-22T15:30:00Z,"SPY",2017-06-22T15:50:00Z,Buy,212.10274987,211.98076661,908,-110.76,9.08,-174.05,0,174.05,0,"	81,82" 
2017-06-22T16:00:00Z,"SPY",2017-06-22T16:20:00Z,Buy,212.05918442,211.9023488,907,-142.25,9.07,-173.86,15.81,189.67,0,"	83,84" 
2017-06-22T17:30:00Z,"SPY",2017-06-22T18:35:00Z,Buy,212.10274987,211.97205352,905,-118.28,9.05,-118.28,15.77,134.05,0,"	85,86" 
2017-06-23T15:00:00Z,"SPY",2017-06-23T15:45:00Z,Buy,211.93720116,211.9023488,904,-31.51,9.04,-47.26,78.77,126.03,0,"	87,88" 
2017-06-23T16:00:00Z,"SPY",2017-06-23T17:15:00Z,Buy,211.99819279,211.95462734,904,-39.38,9.04,-55.14,126.03,181.16,0,"	89,90" 
2017-06-23T17:30:00Z,"SPY",2017-06-23T18:35:00Z,Buy,212.02433206,211.99819279,903,-23.6,9.03,-125.89,133.75,259.64,0,"	91,92" 
2017-06-26T14:00:00Z,"SPY",2017-06-26T14:20:00Z,Buy,212.91306724,212.64296145,899,-242.83,8.99,-266.32,0,266.32,0,"	93,94" 
2017-06-27T18:00:00Z,"SPY",2017-06-27T19:58:00Z,Sell,210.96133508,210.42983659,905,481.01,9.05,-197.13,512.55,473.12,1,"	95,96" 
2017-06-28T15:00:00Z,"SPY",2017-06-28T19:58:00Z,Buy,211.84135717,212.12888914,906,260.5,9.06,-39.47,449.96,260.5,1,"	97,98" 
2017-06-29T14:00:00Z,"SPY",2017-06-29T19:58:00Z,Sell,211.65838228,210.46468895,909,1085.07,9.09,-47.52,2304.78,1528.6,1,"	99,100" 
2017-07-06T14:00:00Z,"SPY",2017-07-06T15:45:00Z,Sell,210.23814861,210.57795912,925,-314.32,9.25,-354.62,282.09,636.71,0,"	101,102" 
2017-07-06T18:30:00Z,"SPY",2017-07-06T19:58:00Z,Sell,210.10745226,209.66308467,923,410.15,9.23,0,603.16,233.22,1,"	103,104" 
2017-07-07T15:30:00Z,"SPY",2017-07-07T19:58:00Z,Buy,210.61281148,211.02232671,924,378.39,9.24,-8.05,442.8,257.63,1,"	105,106" 
2017-07-11T15:30:00Z,"SPY",2017-07-11T16:05:00Z,Sell,210.22072243,210.71736856,930,-461.88,9.3,-510.5,0,510.5,0,"	107,108" 
2017-07-12T14:00:00Z,"SPY",2017-07-12T15:10:00Z,Buy,212.49483892,212.24215931,915,-231.2,9.15,-231.2,143.5,374.71,0,"	109,110" 
2017-07-12T18:00:00Z,"SPY",2017-07-12T19:58:00Z,Buy,212.66038763,212.59068291,912,-63.57,9.12,-95.36,87.41,182.77,0,"	111,112" 
2017-07-14T14:00:00Z,"SPY",2017-07-14T14:20:00Z,Buy,213.23545157,213.25287775,909,15.84,9.09,-110.88,47.52,110.88,1,"	113,114" 
2017-07-14T15:00:00Z,"SPY",2017-07-14T15:20:00Z,Buy,213.34000865,213.23545157,909,-95.04,9.09,-118.8,23.76,118.8,0,"	115,116" 
2017-07-14T17:00:00Z,"SPY",2017-07-14T19:58:00Z,Buy,213.6449668,214.00220349,907,324.01,9.07,-15.81,584.81,292.4,1,"	117,118" 
2017-07-19T14:00:00Z,"SPY",2017-07-19T14:30:00Z,Buy,214.68182451,214.6034067,905,-70.97,9.05,-126.17,86.74,212.9,0,"	119,120" 
2017-07-19T18:30:00Z,"SPY",2017-07-19T19:58:00Z,Buy,215.06520047,215.10005283,903,31.47,9.03,-55.08,102.28,94.42,1,"	121,122" 
2017-07-24T14:30:00Z,"SPY",2017-07-24T15:50:00Z,Sell,214.73410305,214.80380777,904,-63.01,9.04,-78.77,86.64,165.41,0,"	123,124" 
2017-07-27T17:30:00Z,"SPY",2017-07-27T19:58:00Z,Sell,214.62954597,215.10876592,904,-433.21,9.04,-527.73,425.34,953.07,0,"	125,126" 
2017-07-28T14:30:00Z,"SPY",2017-07-28T15:25:00Z,Sell,214.64697215,214.79509468,900,-133.31,9,-188.2,86.26,274.46,0,"	127,128" 
2017-08-02T14:30:00Z,"SPY",2017-08-02T17:45:00Z,Sell,214.93450412,215.34401935,897,-367.34,8.97,-367.34,218.84,586.17,0,"	129,130" 
2017-08-03T14:00:00Z,"SPY",2017-08-03T14:40:00Z,Sell,215.19589682,215.33530626,893,-124.49,8.93,-241.2,46.68,287.89,0,"	131,132" 
2017-08-03T16:00:00Z,"SPY",2017-08-03T16:40:00Z,Sell,215.16104446,215.3004539,892,-124.35,8.92,-124.35,23.32,147.67,0,"	133,134" 
2017-08-07T19:30:00Z,"SPY",2017-08-07T19:50:00Z,Buy,215.97136183,215.90165711,887,-61.83,8.87,-108.2,0,108.2,0,"	135,136" 
2017-08-08T15:00:00Z,"SPY",2017-08-08T17:45:00Z,Buy,216.35473779,216.1717629,885,-161.93,8.85,-293.02,424.11,717.13,0,"	137,138" 
2017-08-10T14:00:00Z,"SPY",2017-08-10T19:58:00Z,Sell,214.22874383,212.4251342,892,1608.82,8.92,0,1639.91,722.8,1,"	139,140" 
2017-08-11T14:30:00Z,"SPY",2017-08-11T15:40:00Z,Buy,212.98277196,212.88692797,912,-87.41,9.12,-286.07,270.18,556.24,0,"	141,142" 
2017-08-11T18:30:00Z,"SPY",2017-08-11T18:50:00Z,Buy,213.00019814,212.75623162,911,-222.25,9.11,-325.44,0,325.44,0,"	143,144" 
2017-08-14T14:00:00Z,"SPY",2017-08-14T19:58:00Z,Buy,214.50756271,214.89093867,903,346.19,9.03,-15.74,456.34,369.79,1,"	145,146" 
2017-08-17T14:30:00Z,"SPY",2017-08-17T15:20:00Z,Sell,213.85408096,214.21131765,909,-324.73,9.09,-427.69,134.64,562.33,0,"	147,148" 
2017-08-17T15:30:00Z,"SPY",2017-08-17T19:58:00Z,Sell,213.97606422,211.94591425,905,1837.29,9.05,-70.97,1868.83,339.07,1,"	149,150" 
2017-08-18T14:00:00Z,"SPY",2017-08-18T14:20:00Z,Sell,211.03975289,211.47540739,935,-407.34,9.35,-627.3,0,627.3,0,"	151,152" 
2017-08-18T17:00:00Z,"SPY",2017-08-18T17:20:00Z,Buy,212.43384729,212.23344622,925,-185.37,9.25,-193.43,40.3,233.73,0,"	153,154" 
2017-08-21T14:00:00Z,"SPY",2017-08-21T15:00:00Z,Sell,211.13559688,211.30114559,929,-153.79,9.29,-186.17,364.25,550.42,0,"	155,156" 
2017-08-22T14:00:00Z,"SPY",2017-08-22T19:58:00Z,Buy,212.83464943,213.8192286,920,905.81,9.2,0,1074.15,192.39,1,"	157,158" 
2017-08-24T14:00:00Z,"SPY",2017-08-24T14:30:00Z,Sell,212.76494471,213.07861595,928,-291.09,9.28,-323.43,97.03,420.46,0,"	159,160" 
2017-08-24T15:30:00Z,"SPY",2017-08-24T16:00:00Z,Sell,212.66910072,212.79979707,926,-121.02,9.26,-121.02,209.78,330.8,0,"	161,162" 
2017-08-25T14:00:00Z,"SPY",2017-08-25T14:50:00Z,Buy,213.71467152,213.34000865,920,-344.69,9.2,-344.69,208.42,553.11,0,"	163,164" 
2017-08-30T15:00:00Z,"SPY",2017-08-30T15:50:00Z,Buy,213.88893332,213.85408096,916,-31.92,9.16,-111.74,71.83,111.74,0,"	165,166" 
2017-08-30T17:00:00Z,"SPY",2017-08-30T19:58:00Z,Buy,214.17646529,214.27230928,915,87.7,9.15,-55.81,406.6,462.4,1,"	167,168" 
2017-08-31T19:00:00Z,"SPY",2017-08-31T19:20:00Z,Buy,215.68382986,215.66640368,909,-15.84,9.09,-142.56,0,142.56,0,"	169,170" 
2017-09-05T15:30:00Z,"SPY",2017-09-05T15:55:00Z,Sell,214.87351249,214.96064339,912,-79.46,9.12,-166.87,0,166.87,0,"	171,172" 
2017-09-05T16:30:00Z,"SPY",2017-09-05T19:58:00Z,Sell,214.10676057,214.41171872,915,-279.04,9.15,-390.65,589.96,980.61,0,"	173,174" 
2017-09-11T14:00:00Z,"SPY",2017-09-11T19:58:00Z,Buy,216.54642577,217.03435881,902,440.12,9.02,-15.72,573.72,212.2,1,"	175,176" 
2017-09-18T14:00:00Z,"SPY",2017-09-18T14:55:00Z,Buy,218.903875,218.842581915,896,-54.92,8.96,-125.53,39.23,164.76,0,"	177,178" 
2017-09-20T18:30:00Z,"SPY",2017-09-20T19:05:00Z,Sell,218.212138755,218.562384955,898,-314.52,8.98,-385.29,94.36,479.64,0,"	179,180" 
2017-09-21T14:00:00Z,"SPY",2017-09-21T15:05:00Z,Sell,218.369749545,218.562384955,895,-172.41,8.95,-235.1,148.9,384,0,"	181,182" 
2017-09-25T15:00:00Z,"SPY",2017-09-25T19:40:00Z,Sell,217.6780133,217.844380245,896,-149.06,8.96,-219.67,337.36,557.03,0,"	183,184" 
2017-09-27T19:00:00Z,"SPY",2017-09-27T19:58:00Z,Buy,219.105266565,218.965168085,888,-124.41,8.88,-124.41,194.39,318.79,0,"	185,186" 
2017-09-28T18:00:00Z,"SPY",2017-09-28T18:35:00Z,Buy,219.262877355,219.13153503,887,-116.5,8.87,-132.03,15.53,147.57,0,"	187,188" 
2017-09-29T15:00:00Z,"SPY",2017-09-29T19:58:00Z,Buy,219.560586625,219.928345135,884,325.1,8.84,-54.18,356.06,201.25,1,"	189,190" 
2017-10-02T14:00:00Z,"SPY",2017-10-02T16:00:00Z,Buy,220.541275985,220.313615955,883,-201.02,8.83,-201.02,185.56,386.58,0,"	191,192" 
2017-10-02T16:30:00Z,"SPY",2017-10-02T19:58:00Z,Buy,220.49749521,220.81271679,881,277.71,8.81,0,285.42,115.71,1,"	193,194" 
2017-10-04T16:00:00Z,"SPY",2017-10-04T17:50:00Z,Buy,221.77589384,221.46067226,879,-277.08,8.79,-277.08,107.75,384.83,0,"	195,196" 
2017-10-04T19:30:00Z,"SPY",2017-10-04T19:50:00Z,Buy,221.68833229,221.56574612,877,-107.51,8.77,-107.51,15.36,122.87,0,"	197,198" 
2017-10-05T15:30:00Z,"SPY",2017-10-05T19:58:00Z,Buy,222.33628776,222.91419399,873,504.51,8.73,0,565.67,160.53,1,"	199,200" 
2017-10-09T19:30:00Z,"SPY",2017-10-09T19:58:00Z,Sell,222.31877545,222.31877545,877,0,8.77,-30.72,184.3,215.02,0,"	201,202" 
2017-10-16T14:00:00Z,"SPY",2017-10-16T14:25:00Z,Buy,223.605930235,223.360757895,872,-213.79,8.72,-313.05,22.91,335.96,0,"	203,204" 
2017-10-19T14:00:00Z,"SPY",2017-10-19T14:35:00Z,Sell,222.905437835,223.15936633,873,-221.68,8.73,-236.97,160.53,397.49,0,"	205,206" 
2017-10-20T18:30:00Z,"SPY",2017-10-20T19:00:00Z,Buy,225.111988895,224.971890415,862,-120.76,8.62,-120.76,30.19,150.96,0,"	207,208" 
2017-10-23T18:00:00Z,"SPY",2017-10-23T19:58:00Z,Sell,224.8580604,224.236373395,862,535.89,8.62,-30.19,581.18,218.89,1,"	209,210" 
2017-10-25T14:00:00Z,"SPY",2017-10-25T18:00:00Z,Sell,223.9824449,223.360757895,870,540.87,8.7,-152.36,1371.21,853.2,1,"	211,212" 
2017-10-25T18:30:00Z,"SPY",2017-10-25T18:50:00Z,Sell,223.57966177,223.343245585,877,207.34,8.77,-7.68,291.81,84.47,1,"	213,214" 
2017-10-25T19:00:00Z,"SPY",2017-10-25T19:20:00Z,Sell,223.413294825,223.56214946,879,-130.84,8.79,-138.54,46.18,184.72,0,"	215,216" 
2017-10-25T19:30:00Z,"SPY",2017-10-25T19:58:00Z,Sell,223.728516405,223.588417925,877,122.87,8.77,0,430.03,307.17,1,"	217,218" 
2017-10-27T14:30:00Z,"SPY",2017-10-27T19:58:00Z,Buy,224.849304245,225.479747405,873,550.38,8.73,-22.93,840.85,328.7,1,"	219,220" 
2017-10-30T16:30:00Z,"SPY",2017-10-30T16:50:00Z,Sell,224.71796192,224.831791935,879,-100.06,8.79,-153.93,0,153.93,0,"	221,222" 
2017-10-30T18:00:00Z,"SPY",2017-10-30T18:25:00Z,Sell,224.77049885,224.98064657,877,-184.3,8.77,-191.98,23.04,215.02,0,"	223,224" 
2017-11-02T14:30:00Z,"SPY",2017-11-02T15:00:00Z,Sell,224.709205765,224.98064657,876,-237.78,8.76,-345.17,0,345.17,0,"	225,226" 
2017-11-02T15:30:00Z,"SPY",2017-11-02T16:05:00Z,Sell,224.87557271,225.13825736,873,-229.32,8.73,-229.32,107.02,336.34,0,"	227,228" 
2017-11-03T17:30:00Z,"SPY",2017-11-03T19:58:00Z,Buy,226.127702875,226.13645903,866,7.58,8.66,-7.58,174.41,181.99,1,"	229,230" 
2017-11-06T20:00:00Z,"SPY",2017-11-06T20:58:00Z,Buy,226.73187757,226.66182833,864,-60.52,8.64,-60.52,37.83,98.35,0,"	231,232" 
2017-11-07T17:00:00Z,"SPY",2017-11-07T17:55:00Z,Sell,226.13645903,226.320338285,865,-159.06,8.65,-181.78,75.74,257.52,0,"	233,234" 
2017-11-07T18:00:00Z,"SPY",2017-11-07T18:20:00Z,Sell,226.27655751,226.390387525,863,-98.24,8.63,-98.24,0,98.24,0,"	235,236" 
2017-11-07T20:00:00Z,"SPY",2017-11-07T20:55:00Z,Sell,226.197752115,226.390387525,863,-166.24,8.63,-166.24,68.01,234.25,0,"	237,238" 
2017-11-09T17:30:00Z,"SPY",2017-11-09T18:35:00Z,Sell,224.71796192,225.50601587,867,-683.24,8.67,-698.43,167.01,865.44,0,"	239,240" 
2017-11-14T15:00:00Z,"SPY",2017-11-14T15:55:00Z,Sell,225.234575065,225.707407435,859,-406.16,8.59,-436.25,458.81,895.06,0,"	241,242" 
2017-11-15T15:00:00Z,"SPY",2017-11-15T15:20:00Z,Sell,224.078762605,224.534082665,860,-391.58,8.6,-391.58,30.12,421.7,0,"	243,244" 
2017-11-16T15:30:00Z,"SPY",2017-11-16T20:58:00Z,Buy,225.935067465,226.4341683,849,423.74,8.49,0,743.4,341.96,1,"	245,246" 
2017-11-21T15:00:00Z,"SPY",2017-11-21T20:58:00Z,Buy,227.371076885,227.581224605,847,178,8.47,-22.25,341.16,229.91,1,"	247,248" 
2017-11-28T16:30:00Z,"SPY",2017-11-28T20:58:00Z,Buy,228.702012445,229.97165492,844,1071.58,8.44,-22.17,1256.33,761.19,1,"	249,250" 
2017-11-29T15:00:00Z,"SPY",2017-11-29T15:30:00Z,Buy,230.74219656,230.190558795,846,-466.69,8.46,-518.54,0,518.54,0,"	251,252" 
2017-11-29T17:00:00Z,"SPY",2017-11-29T17:30:00Z,Sell,229.67394565,229.90160568,845,-192.37,8.45,-266.36,51.79,318.15,0,"	253,254" 
2017-11-30T16:00:00Z,"SPY",2017-11-30T20:20:00Z,Buy,231.49522589,231.67034899,837,146.58,8.37,-14.66,1172.62,1187.28,1,"	255,256" 
2017-11-30T20:30:00Z,"SPY",2017-11-30T20:58:00Z,Buy,231.889252865,232.064375965,837,146.58,8.37,-227.2,315.14,227.2,1,"	257,258" 
2017-12-01T16:30:00Z,"SPY",2017-12-01T18:00:00Z,Sell,229.139820195,230.91731966,848,-1507.32,8.48,-1514.74,475.21,1989.96,0,"	259,260" 
2017-12-01T18:30:00Z,"SPY",2017-12-01T18:50:00Z,Sell,231.083686605,231.101198915,828,-14.5,8.28,-217.5,94.25,232,0,"	261,262" 
2017-12-01T19:00:00Z,"SPY",2017-12-01T19:20:00Z,Sell,231.14497969,231.206272775,827,-50.69,8.27,-137.59,50.69,188.27,0,"	263,264" 
2017-12-01T19:30:00Z,"SPY",2017-12-01T19:50:00Z,Sell,231.258809705,230.95234428,826,253.14,8.26,-43.4,289.3,72.33,1,"	265,266" 
2017-12-01T20:00:00Z,"SPY",2017-12-01T20:20:00Z,Sell,231.03990583,231.162492,829,-101.62,8.29,-145.18,159.69,304.87,0,"	267,268" 
2017-12-01T20:30:00Z,"SPY",2017-12-01T20:50:00Z,Sell,231.21502893,231.40766434,828,-159.5,8.28,-319,0,319,0,"	269,270" 
2017-12-05T16:00:00Z,"SPY",2017-12-05T17:05:00Z,Buy,231.871740555,231.40766434,824,-382.4,8.24,-382.4,223.67,606.07,0,"	271,272" 
2017-12-06T16:00:00Z,"SPY",2017-12-06T16:20:00Z,Buy,230.785977335,230.61961039,824,-137.09,8.24,-158.73,0,158.73,0,"	273,274" 
2017-12-07T15:00:00Z,"SPY",2017-12-07T15:20:00Z,Buy,230.77722118,230.645878855,823,-108.09,8.23,-172.95,0,172.95,0,"	275,276" 
2017-12-07T15:30:00Z,"SPY",2017-12-07T16:25:00Z,Buy,230.821001955,230.908563505,822,71.98,8.22,0,287.9,273.51,1,"	277,278" 
2017-12-07T16:30:00Z,"SPY",2017-12-07T19:50:00Z,Buy,231.118711225,230.996125055,822,-100.77,8.22,-201.53,302.3,503.83,0,"	279,280" 
2017-12-07T20:30:00Z,"SPY",2017-12-07T20:58:00Z,Buy,231.18000431,231.188760465,820,7.18,8.2,-157.96,43.08,201.04,1,"	281,282" 
2017-12-11T15:00:00Z,"SPY",2017-12-11T16:10:00Z,Buy,232.887454535,232.572232955,814,-256.59,8.14,-256.59,78.4,334.99,0,"	283,284" 
2017-12-11T19:00:00Z,"SPY",2017-12-11T19:45:00Z,Buy,233.05382148,233.027553015,812,-21.33,8.12,-49.77,21.33,71.1,0,"	285,286" 
2017-12-12T19:30:00Z,"SPY",2017-12-12T19:50:00Z,Buy,234.008242375,233.938193135,808,-56.6,8.08,-113.2,7.07,120.27,0,"	287,288" 
2017-12-13T15:00:00Z,"SPY",2017-12-13T16:20:00Z,Buy,234.1395847,234.148340855,807,7.07,8.07,-134.26,63.6,162.52,1,"	289,290" 
2017-12-14T19:00:00Z,"SPY",2017-12-14T20:58:00Z,Sell,233.062577635,232.72108759,811,276.95,8.11,-92.32,383.47,461.58,1,"	291,292" 
2017-12-15T15:30:00Z,"SPY",2017-12-15T20:58:00Z,Buy,234.235429554,234.358646508,809,99.68,8.09,-178,619.46,519.77,1,"	293,294" 
2017-12-18T15:00:00Z,"SPY",2017-12-18T15:40:00Z,Buy,236.268509295,236.066081442,803,-162.55,8.03,-183.75,35.34,219.09,0,"	295,296" 
2017-12-19T15:00:00Z,"SPY",2017-12-19T16:30:00Z,Sell,235.758039057,235.69643058,803,49.47,8.03,-120.15,212.02,204.95,1,"	297,298" 
2017-12-19T17:00:00Z,"SPY",2017-12-19T18:10:00Z,Sell,235.379586984,235.546809993,805,-134.61,8.05,-219.63,70.85,290.48,0,"	299,300" 
2017-12-19T20:00:00Z,"SPY",2017-12-19T20:58:00Z,Sell,235.326779718,235.273972452,804,42.46,8.04,-113.22,176.9,290.12,1,"	301,302" 
2017-12-21T18:30:00Z,"SPY",2017-12-21T18:50:00Z,Buy,236.189298396,236.083683864,801,-84.6,8.01,-119.85,0,119.85,0,"	303,304" 
2018-01-02T15:30:00Z,"SPY",2018-01-02T16:40:00Z,Buy,236.242105662,235.925262066,800,-253.47,8,-260.52,14.08,274.6,0,"	305,306" 
2018-01-02T20:30:00Z,"SPY",2018-01-02T20:58:00Z,Buy,236.31251535,236.418129882,798,84.28,7.98,-98.33,147.49,98.33,1,"	307,308" 
2018-01-03T15:00:00Z,"SPY",2018-01-03T20:58:00Z,Buy,237.254244927,238.107962394,795,678.71,7.95,0,741.68,314.86,1,"	309,310" 
2018-01-04T15:00:00Z,"SPY",2018-01-04T16:35:00Z,Buy,239.234517402,239.067294393,794,-132.78,7.94,-181.69,216.63,398.33,0,"	311,312" 
2018-01-04T18:00:00Z,"SPY",2018-01-04T20:20:00Z,Buy,239.278523457,239.208113769,793,-55.83,7.93,-125.63,90.73,216.36,0,"	313,314" 
2018-01-04T20:30:00Z,"SPY",2018-01-04T20:50:00Z,Buy,239.30492709,239.102499237,792,-160.32,7.92,-174.26,0,174.26,0,"	315,316" 
2018-01-09T16:30:00Z,"SPY",2018-01-09T17:35:00Z,Buy,242.050904922,241.883681913,782,-130.77,7.82,-158.3,0,158.3,0,"	317,318" 
2018-01-09T18:00:00Z,"SPY",2018-01-09T19:35:00Z,Buy,242.006898867,241.910085546,781,-75.61,7.81,-109.98,178.72,288.7,0,"	319,320" 
2018-01-10T15:00:00Z,"SPY",2018-01-10T15:30:00Z,Sell,240.598705107,240.845139015,785,-193.45,7.85,-290.18,145.09,435.26,0,"	321,322" 
2018-01-11T15:00:00Z,"SPY",2018-01-11T15:30:00Z,Buy,242.094910977,241.910085546,778,-143.79,7.78,-191.73,95.86,287.59,0,"	323,324" 
2018-01-11T17:00:00Z,"SPY",2018-01-11T20:58:00Z,Buy,242.20932672,242.869417545,777,512.89,7.77,-41.03,553.92,211.99,1,"	325,326" 
2018-01-12T15:00:00Z,"SPY",2018-01-12T20:58:00Z,Buy,243.819948333,244.444834314,776,484.91,7.76,-102.45,703.46,437.1,1,"	327,328" 
2018-01-16T15:00:00Z,"SPY",2018-01-16T15:40:00Z,Buy,246.433908,245.677003854,771,-583.57,7.71,-821.07,0,821.07,0,"	329,330" 
2018-01-16T19:30:00Z,"SPY",2018-01-16T20:45:00Z,Sell,243.758339856,244.163195562,775,-313.76,7.75,-395.61,497.93,893.54,0,"	331,332" 
2018-01-17T17:30:00Z,"SPY",2018-01-17T20:58:00Z,Buy,245.245744515,245.923437762,768,520.47,7.68,0,919.27,419.08,1,"	333,334" 
2018-01-18T15:30:00Z,"SPY",2018-01-18T15:50:00Z,Sell,245.632997799,245.694606276,770,-47.44,7.7,-182.98,0,182.98,0,"	335,336" 
2018-01-18T16:00:00Z,"SPY",2018-01-18T16:20:00Z,Sell,245.588991744,245.967443817,770,-291.41,7.7,-291.41,0,291.41,0,"	337,338" 
2018-01-18T16:30:00Z,"SPY",2018-01-18T17:20:00Z,Sell,245.562588111,245.703407487,768,-108.15,7.68,-148.71,283.89,432.6,0,"	339,340" 
2018-01-22T15:30:00Z,"SPY",2018-01-22T20:58:00Z,Buy,247.57806543,248.537397429,761,730.05,7.61,-261.21,756.84,301.4,1,"	341,342" 
2018-01-23T16:00:00Z,"SPY",2018-01-23T17:00:00Z,Buy,249.470325795,249.118277355,761,-267.91,7.61,-328.19,100.47,428.65,0,"	343,344" 
2018-01-24T18:30:00Z,"SPY",2018-01-24T18:50:00Z,Sell,248.643011961,249.232693098,761,-448.75,7.61,-448.75,0,448.75,0,"	345,346" 
2018-01-26T18:00:00Z,"SPY",2018-01-26T20:58:00Z,Buy,250.931326821,251.908261242,750,732.7,7.5,0,844.92,198.03,1,"	347,348" 
2018-01-29T16:00:00Z,"SPY",2018-01-29T16:50:00Z,Sell,251.054543775,251.371387371,756,-239.53,7.56,-399.22,239.53,638.76,0,"	349,350" 
2018-01-30T15:00:00Z,"SPY",2018-01-30T15:45:00Z,Sell,248.176547778,248.519795007,762,-261.55,7.62,-469.46,469.46,938.91,0,"	351,352" 
2018-01-30T16:30:00Z,"SPY",2018-01-30T20:58:00Z,Sell,248.422981686,248.211752622,760,160.53,7.6,-267.56,568.56,695.65,1,"	353,354" 
2018-02-01T17:00:00Z,"SPY",2018-02-01T18:55:00Z,Buy,248.951054346,248.273361099,759,-514.37,7.59,-514.37,120.24,634.61,0,"	355,356" 
2018-02-02T15:00:00Z,"SPY",2018-02-02T15:55:00Z,Sell,245.897034129,246.046654716,764,-114.31,7.64,-134.48,564.83,699.31,0,"	357,358" 
2018-02-02T16:00:00Z,"SPY",2018-02-02T20:58:00Z,Sell,245.81782323,242.543772738,764,2501.37,7.64,-121.03,2508.1,766.55,1,"	359,360" 
2018-02-05T18:30:00Z,"SPY",2018-02-05T20:58:00Z,Sell,238.961679861,234.191423499,806,3844.83,8.06,-801.6,5455.11,3908.67,1,"	361,362" 
2018-02-06T15:00:00Z,"SPY",2018-02-06T15:35:00Z,Buy,233.980194435,231.146204493,636,-1802.42,6.36,-1802.42,856.43,2658.85,0,"	363,364" 
2018-02-06T17:30:00Z,"SPY",2018-02-06T18:40:00Z,Buy,233.557736307,232.483988565,626,-672.17,6.26,-1002.74,561.97,1564.71,0,"	365,366" 
2018-02-06T20:00:00Z,"SPY",2018-02-06T20:58:00Z,Buy,234.781104636,236.620557735,618,1136.78,6.18,0,1571.91,1174.86,1,"	367,368" 
2018-02-07T15:00:00Z,"SPY",2018-02-07T17:55:00Z,Buy,237.685504266,237.852727275,578,96.65,5.78,-101.74,1078.47,1012.33,1,"	369,370" 
2018-02-08T15:30:00Z,"SPY",2018-02-08T20:58:00Z,Sell,234.165019866,227.9513649,587,3647.42,5.87,-201.49,3657.75,1782.38,1,"	371,372" 
2018-02-09T17:30:00Z,"SPY",2018-02-09T19:20:00Z,Sell,224.281259913,228.356220606,547,-2229,5.47,-2286.77,808.8,3095.57,0,"	373,374" 
2018-02-12T19:00:00Z,"SPY",2018-02-12T20:05:00Z,Buy,234.385050141,234.129815022,497,-126.85,4.97,-310.57,139.97,450.54,0,"	375,376" 
2018-02-12T20:30:00Z,"SPY",2018-02-12T20:50:00Z,Buy,234.499465884,233.276097555,496,-606.79,4.96,-724.66,69.85,794.5,0,"	377,378" 
2018-02-14T18:00:00Z,"SPY",2018-02-14T20:58:00Z,Buy,235.978069332,237.412666725,469,672.83,4.69,-24.77,759.51,346.73,1,"	379,380" 
2018-02-21T19:30:00Z,"SPY",2018-02-21T19:50:00Z,Buy,241.179585033,240.528295419,449,-292.43,4.49,-292.43,67.18,359.61,0,"	381,382" 
2018-02-28T15:00:00Z,"SPY",2018-02-28T15:20:00Z,Buy,243.063044187,242.948628444,581,-66.48,5.81,-301.7,0,301.7,0,"	383,384" 
2018-03-01T15:00:00Z,"SPY",2018-03-01T15:20:00Z,Sell,237.826323642,238.891270173,584,-621.93,5.84,-714.45,0,714.45,0,"	385,386" 
2018-03-01T18:30:00Z,"SPY",2018-03-01T20:58:00Z,Sell,236.814184377,235.8724548,583,549.03,5.83,-82.1,1554.73,1405.92,1,"	387,388" 
2018-03-05T16:30:00Z,"SPY",2018-03-05T20:58:00Z,Buy,238.327992669,239.771391273,821,1185.03,8.21,-65.03,1502.97,830.97,1,"	389,390" 
2018-03-09T15:30:00Z,"SPY",2018-03-09T20:58:00Z,Buy,243.291875673,245.210539671,830,1592.49,8.3,-51.14,1592.49,328.73,1,"	391,392" 
2018-03-13T19:30:00Z,"SPY",2018-03-13T19:58:00Z,Sell,243.344682939,243.485502315,843,-118.71,8.43,-237.42,311.62,549.04,0,"	393,394" 
2018-03-14T16:00:00Z,"SPY",2018-03-14T16:35:00Z,Sell,242.314941252,242.534971527,845,-185.93,8.45,-223.11,297.48,520.59,0,"	395,396" 
2018-03-14T17:30:00Z,"SPY",2018-03-14T17:50:00Z,Sell,242.226929142,242.957429655,844,-616.54,8.44,-616.54,0,616.54,0,"	397,398" 
2018-03-16T14:30:00Z,"SPY",2018-03-16T15:00:00Z,Buy,243.09368307,243.120192741,836,22.16,8.36,-118.2,96.04,214.23,1,"	399,400" 
2018-03-19T14:00:00Z,"SPY",2018-03-19T19:58:00Z,Sell,240.97290939,239.249780775,843,1452.6,8.43,-22.35,2942.44,1489.84,1,"	401,402" 
2018-03-22T15:00:00Z,"SPY",2018-03-22T16:35:00Z,Sell,235.688648304,236.316043851,875,-548.97,8.75,-564.44,943.3,1507.74,0,"	403,404" 
2018-03-22T19:00:00Z,"SPY",2018-03-22T19:58:00Z,Sell,234.928704402,233.258595129,873,1458.01,8.73,-362.57,1874.58,702,1,"	405,406" 
2018-03-23T16:00:00Z,"SPY",2018-03-23T17:20:00Z,Sell,231.367571931,232.304246973,899,-842.07,8.99,-969.18,0,969.18,0,"	407,408" 
2018-03-23T19:00:00Z,"SPY",2018-03-23T19:58:00Z,Sell,229.909540026,228.433835007,897,1323.71,8.97,-356.69,1791.36,935.31,1,"	409,410" 
2018-03-26T14:00:00Z,"SPY",2018-03-26T14:25:00Z,Buy,232.074496491,231.561976185,868,-444.87,8.68,-444.87,168.74,613.61,0,"	411,412" 
2018-03-26T19:30:00Z,"SPY",2018-03-26T19:58:00Z,Buy,233.771115435,234.539895894,858,659.61,8.58,-68.24,659.61,288.11,1,"	413,414" 
2018-03-27T19:00:00Z,"SPY",2018-03-27T19:58:00Z,Sell,232.436795328,230.404387218,691,1404.39,6.91,0,2521.8,1117.41,1,"	415,416" 
2018-03-28T14:00:00Z,"SPY",2018-03-28T14:30:00Z,Buy,230.837378511,230.183473293,675,-441.39,6.75,-733.66,363.85,1097.5,0,"	417,418" 
2018-03-28T15:00:00Z,"SPY",2018-03-28T15:50:00Z,Sell,229.538404632,230.236492635,676,-471.91,6.76,-597.35,346.46,943.81,0,"	419,420" 
2018-03-29T15:00:00Z,"SPY",2018-03-29T19:58:00Z,Buy,232.162862061,233.090700546,674,625.36,6.74,-357.35,1417.49,964.85,1,"	421,422" 
2018-04-02T14:00:00Z,"SPY",2018-04-02T19:58:00Z,Sell,231.288042918,227.488323408,705,2678.8,7.05,0,4329.69,1893.85,1,"	423,424" 
2018-04-04T19:30:00Z,"SPY",2018-04-04T19:58:00Z,Buy,232.852113507,233.585547738,643,471.6,6.43,-22.73,477.28,153.41,1,"	425,426" 
2018-04-06T16:30:00Z,"SPY",2018-04-06T16:50:00Z,Sell,231.349898817,232.215881403,619,-536.04,6.19,-656.38,0,656.38,0,"	427,428" 
2018-04-06T18:00:00Z,"SPY",2018-04-06T19:58:00Z,Sell,230.086271166,229.909540026,620,109.57,6.2,-142.45,1254.61,1397.06,1,"	429,430" 
2018-04-09T14:00:00Z,"SPY",2018-04-09T19:00:00Z,Buy,231.60615897,233.152556445,585,904.64,5.85,-253.3,1406.07,816.76,1,"	431,432" 
2018-04-12T14:00:00Z,"SPY",2018-04-12T15:05:00Z,Buy,235.49424405,235.061252757,559,-242.04,5.59,-335.9,49.4,385.29,0,"	433,434" 
2018-04-19T17:30:00Z,"SPY",2018-04-19T17:55:00Z,Sell,236.607650232,237.243882336,789,-501.99,7.89,-501.99,0,501.99,0,"	435,436" 
2018-04-20T15:00:00Z,"SPY",2018-04-20T19:58:00Z,Sell,236.351390079,235.476570936,796,696.36,7.96,0,1301.27,759.66,1,"	437,438" 
2018-04-24T16:30:00Z,"SPY",2018-04-24T19:58:00Z,Sell,234.08039493,232.180535175,933,1772.57,9.33,0,2943.29,1533.48,1,"	439,440" 
2018-04-25T14:00:00Z,"SPY",2018-04-25T14:40:00Z,Sell,230.660647371,231.906601908,960,-1196.12,9.6,-1399.71,42.42,1442.13,0,"	441,442" 
2018-04-25T16:00:00Z,"SPY",2018-04-25T16:20:00Z,Sell,231.394081602,231.78289011,947,-368.2,9.47,-368.2,100.42,468.62,0,"	443,444" 
2018-04-26T15:00:00Z,"SPY",2018-04-26T15:25:00Z,Buy,235.043579643,234.495713109,931,-510.06,9.31,-542.97,0,542.97,0,"	445,446" 
2018-04-26T17:30:00Z,"SPY",2018-04-26T19:58:00Z,Buy,235.423551594,235.370532252,925,-49.04,9.25,-245.21,629.38,874.6,0,"	447,448" 
2018-04-30T19:30:00Z,"SPY",2018-04-30T19:50:00Z,Sell,234.106904601,234.584078679,930,-443.77,9.3,-443.77,0,443.77,0,"	449,450" 
2018-05-01T15:00:00Z,"SPY",2018-05-01T16:25:00Z,Sell,232.366102872,232.286573859,933,74.2,9.33,-189.62,387.49,577.12,1,"	451,452" 
2018-05-01T17:30:00Z,"SPY",2018-05-01T18:00:00Z,Sell,231.800563224,232.993498419,935,-1115.39,9.35,-1115.39,0,1115.39,0,"	453,454" 
2018-05-02T14:00:00Z,"SPY",2018-05-02T14:20:00Z,Sell,233.399980041,233.81529822,919,-381.68,9.19,-479.13,0,479.13,0,"	455,456" 
2018-05-03T14:30:00Z,"SPY",2018-05-03T16:05:00Z,Sell,230.165800179,230.254165749,929,-82.09,9.29,-254.48,1100.03,1354.51,0,"	457,458" 
2018-05-03T16:30:00Z,"SPY",2018-05-03T16:50:00Z,Sell,229.776991671,231.270369804,930,-1388.84,9.3,-1454.59,0,1454.59,0,"	459,460" 
2018-05-04T14:30:00Z,"SPY",2018-05-04T19:58:00Z,Buy,233.064190875,234.937540959,905,1695.38,9.05,-8,2399.13,911.67,1,"	461,462" 
2018-05-07T14:00:00Z,"SPY",2018-05-07T14:30:00Z,Buy,236.598813675,236.298370737,905,-271.9,9.05,-407.85,0,407.85,0,"	463,464" 
2018-05-09T17:00:00Z,"SPY",2018-05-09T19:58:00Z,Buy,237.747566085,237.986153124,899,214.49,8.99,-15.89,611.69,611.69,1,"	465,466" 
2018-05-10T15:30:00Z,"SPY",2018-05-10T18:05:00Z,Buy,239.82415698,240.027397791,893,181.49,8.93,-47.35,741.76,694.41,1,"	467,468" 
2018-05-11T14:00:00Z,"SPY",2018-05-11T14:30:00Z,Buy,241.017092175,241.008255618,890,-7.86,8.9,-70.78,196.61,267.39,0,"	469,470" 
2018-05-15T14:00:00Z,"SPY",2018-05-15T14:50:00Z,Sell,238.896318495,239.541387156,897,-578.63,8.97,-895.68,0,895.68,0,"	471,472" 
2018-05-15T18:00:00Z,"SPY",2018-05-15T18:45:00Z,Sell,238.684241127,239.329309788,893,-576.05,8.93,-749.65,0,749.65,0,"	473,474" 
2018-05-15T19:30:00Z,"SPY",2018-05-15T19:58:00Z,Sell,238.781443254,239.232107661,888,-400.19,8.88,-447.27,0,447.27,0,"	475,476" 
2018-05-16T14:00:00Z,"SPY",2018-05-16T14:45:00Z,Buy,240.204128931,240.186455817,879,-15.53,8.79,-380.6,77.67,388.37,0,"	477,478" 
2018-05-16T16:30:00Z,"SPY",2018-05-16T19:30:00Z,Buy,240.690139566,240.504571869,877,-162.74,8.77,-240.24,232.49,472.73,0,"	479,480" 
2018-05-17T15:00:00Z,"SPY",2018-05-17T15:20:00Z,Buy,241.361717898,241.123130859,874,-208.53,8.74,-262.59,30.89,293.48,0,"	481,482" 
2018-05-24T14:00:00Z,"SPY",2018-05-24T16:15:00Z,Sell,240.239475159,240.672466452,876,-379.3,8.76,-433.49,820.53,1254.01,0,"	483,484" 
2018-05-29T16:00:00Z,"SPY",2018-05-29T19:58:00Z,Sell,237.623854287,237.844768212,882,-194.85,8.82,-374.1,849.53,1130.11,0,"	485,486" 
2018-05-30T15:00:00Z,"SPY",2018-05-30T19:58:00Z,Buy,240.142273032,240.946399719,871,700.39,8.71,-169.33,1023.65,600.34,1,"	487,488" 
2018-05-31T14:00:00Z,"SPY",2018-05-31T15:55:00Z,Sell,240.151109589,240.433879413,877,-247.99,8.77,-511.48,635.47,1146.95,0,"	489,490" 
2018-05-31T16:30:00Z,"SPY",2018-05-31T19:58:00Z,Sell,239.832993537,239.400002244,876,379.3,8.76,-185.78,843.75,797.3,1,"	491,492" 
2018-06-01T14:00:00Z,"SPY",2018-06-01T19:25:00Z,Buy,241.193823315,241.379391012,874,162.19,8.74,-378.43,725.98,610.13,1,"	493,494" 
2018-06-01T19:30:00Z,"SPY",2018-06-01T19:58:00Z,Buy,241.494266253,241.67983395,874,162.19,8.74,-7.72,169.91,77.23,1,"	495,496" 
2018-06-04T14:00:00Z,"SPY",2018-06-04T14:20:00Z,Buy,243.040663728,242.757893904,870,-246.01,8.7,-353.64,15.38,369.01,0,"	497,498" 
2018-06-06T19:00:00Z,"SPY",2018-06-06T19:58:00Z,Buy,244.7726289,245.028889053,862,220.9,8.62,-83.79,228.51,159.96,1,"	499,500" 
2018-06-07T18:00:00Z,"SPY",2018-06-07T18:20:00Z,Sell,244.33080105,244.790302014,865,-397.47,8.65,-428.04,99.37,527.41,0,"	501,502" 
2018-06-11T16:00:00Z,"SPY",2018-06-11T17:50:00Z,Buy,246.610632756,246.672488655,854,52.82,8.54,-45.28,218.85,173.57,1,"	503,504" 
2018-06-15T14:30:00Z,"SPY",2018-06-15T15:15:00Z,Sell,245.085286404,245.324948232,859,-205.87,8.59,-259.24,533.74,792.98,0,"	505,506" 
2018-06-15T15:30:00Z,"SPY",2018-06-15T16:10:00Z,Sell,244.996522764,245.12079186,858,-106.62,8.58,-281.79,99.01,380.8,0,"	507,508" 
2018-06-21T14:00:00Z,"SPY",2018-06-21T15:50:00Z,Sell,244.552704564,244.250908188,859,259.24,8.59,0,1120.85,884.48,1,"	509,510" 
2018-06-21T16:00:00Z,"SPY",2018-06-21T18:00:00Z,Sell,244.135515456,244.01124636,862,107.12,8.62,-7.65,642.72,535.6,1,"	511,512" 
2018-06-21T18:30:00Z,"SPY",2018-06-21T19:58:00Z,Sell,243.851471808,243.4342827,864,360.45,8.64,-99.7,751.58,475.49,1,"	513,514" 
2018-06-25T14:00:00Z,"SPY",2018-06-25T19:55:00Z,Sell,241.454853528,240.762497136,875,605.81,8.75,-85.44,2236.84,1809.67,1,"	515,516" 
2018-06-26T17:30:00Z,"SPY",2018-06-26T18:20:00Z,Buy,241.818784452,241.57024626,879,-218.47,8.79,-241.87,78.02,319.9,0,"	517,518" 
2018-06-27T14:00:00Z,"SPY",2018-06-27T15:25:00Z,Buy,242.582151756,241.943053548,874,-558.57,8.74,-558.57,403.41,961.98,0,"	519,520" 
2018-06-27T18:30:00Z,"SPY",2018-06-27T19:58:00Z,Sell,240.087893472,239.404413444,879,600.78,8.79,-382.31,803.64,881.66,1,"	521,522" 
2018-06-28T15:30:00Z,"SPY",2018-06-28T16:25:00Z,Buy,239.8837371,239.08486434,884,-706.2,8.84,-737.59,156.93,894.52,0,"	523,524" 
2018-06-28T17:30:00Z,"SPY",2018-06-28T19:58:00Z,Buy,239.83935528,240.442948032,879,530.56,8.79,-70.22,1178.15,671,1,"	525,526" 
2018-06-29T14:00:00Z,"SPY",2018-06-29T18:15:00Z,Buy,242.111704464,242.209344468,875,85.44,8.75,-139.8,605.81,644.65,1,"	527,528" 
2018-07-06T14:00:00Z,"SPY",2018-07-06T19:58:00Z,Buy,242.963835408,244.392930012,872,1246.17,8.72,-85.14,1633.18,650.18,1,"	529,530" 
2018-07-09T16:00:00Z,"SPY",2018-07-09T17:25:00Z,Buy,246.327977364,246.256966452,870,-61.78,8.7,-231.67,193.06,424.73,0,"	531,532" 
2018-07-12T17:00:00Z,"SPY",2018-07-12T17:25:00Z,Buy,247.819206516,247.703813784,865,-99.81,8.65,-130.53,76.78,207.31,0,"	533,534" 
2018-07-12T17:30:00Z,"SPY",2018-07-12T18:05:00Z,Buy,247.907970156,247.579544688,863,-283.43,8.63,-283.43,0,283.43,0,"	535,536" 
2018-07-17T16:00:00Z,"SPY",2018-07-17T19:10:00Z,Buy,248.706842916,248.999762928,858,251.33,8.58,-114.24,418.88,312.25,1,"	537,538" 
2018-07-17T19:30:00Z,"SPY",2018-07-17T19:58:00Z,Buy,249.2039193,248.9820102,858,-190.4,8.58,-213.25,114.24,327.48,0,"	539,540" 
2018-07-19T14:00:00Z,"SPY",2018-07-19T14:55:00Z,Sell,248.342911992,248.58257382,860,-206.11,8.6,-297.71,61.07,320.61,0,"	541,542" 
2018-07-24T14:30:00Z,"SPY",2018-07-24T15:10:00Z,Buy,250.686272088,250.038297516,850,-550.78,8.5,-656.41,90.54,746.95,0,"	543,544" 
2018-07-25T17:00:00Z,"SPY",2018-07-25T17:30:00Z,Buy,250.704024816,250.419981168,846,-240.3,8.46,-240.3,15.02,255.32,0,"	545,546" 
2018-07-25T18:00:00Z,"SPY",2018-07-25T19:58:00Z,Buy,250.783912092,252.04435578,843,1062.55,8.43,-37.41,1279.55,276.86,1,"	547,548" 
2018-07-27T14:00:00Z,"SPY",2018-07-27T14:35:00Z,Sell,251.254359384,251.37862848,850,-105.63,8.5,-158.44,90.54,196.17,0,"	549,550" 
2018-07-27T15:00:00Z,"SPY",2018-07-27T19:58:00Z,Sell,251.032450284,249.843017508,850,1011.02,8.5,-22.63,1773.05,814.85,1,"	551,552" 
2018-07-30T14:00:00Z,"SPY",2018-07-30T19:58:00Z,Sell,249.354817488,248.254148352,864,950.98,8.64,-184.06,1165.72,912.63,1,"	553,554" 
2018-07-31T16:00:00Z,"SPY",2018-07-31T18:20:00Z,Buy,249.95841024,249.878522964,869,-69.42,8.69,-154.27,316.26,470.53,0,"	555,556" 
2018-07-31T18:30:00Z,"SPY",2018-07-31T19:20:00Z,Buy,249.922904784,249.656613864,869,-231.41,8.69,-269.97,154.27,424.25,0,"	557,558" 
2018-08-01T14:30:00Z,"SPY",2018-08-01T15:15:00Z,Buy,250.26908298,249.95841024,866,-269.04,8.66,-307.48,99.93,407.41,0,"	559,560" 
2018-08-01T16:30:00Z,"SPY",2018-08-01T16:50:00Z,Sell,248.999762928,249.168413844,868,-146.39,8.68,-146.39,100.16,246.55,0,"	561,562" 
2018-08-02T16:30:00Z,"SPY",2018-08-02T19:58:00Z,Buy,250.0915557,250.650766632,863,482.6,8.63,-107.24,597.5,329.39,1,"	563,564" 
2018-08-03T14:30:00Z,"SPY",2018-08-03T14:50:00Z,Buy,251.263235748,251.2011012,862,-53.56,8.62,-114.77,61.21,175.98,0,"	565,566" 
2018-08-06T16:30:00Z,"SPY",2018-08-06T17:50:00Z,Buy,252.701206716,252.585813984,857,-98.89,8.57,-136.93,182.57,319.5,0,"	567,568" 
2018-08-13T14:00:00Z,"SPY",2018-08-13T15:10:00Z,Buy,251.99997396,251.662672128,859,-289.74,8.59,-320.24,190.62,510.86,0,"	569,570" 
2018-08-13T16:00:00Z,"SPY",2018-08-13T16:20:00Z,Sell,250.686272088,250.783912092,861,-84.07,8.61,-236.92,38.21,275.13,0,"	571,572" 
2018-08-13T16:30:00Z,"SPY",2018-08-13T17:35:00Z,Sell,250.553126628,250.89042846,860,-290.08,8.6,-358.78,343.52,702.3,0,"	573,574" 
2018-08-14T15:00:00Z,"SPY",2018-08-14T17:05:00Z,Buy,251.857952136,251.982221232,854,106.13,8.54,-197.09,242.57,310.8,1,"	575,576" 
2018-08-14T18:00:00Z,"SPY",2018-08-14T19:58:00Z,Buy,252.13311942,251.902333956,853,-196.86,8.53,-212,75.72,280.15,0,"	577,578" 
2018-08-15T14:00:00Z,"SPY",2018-08-15T16:35:00Z,Sell,249.727624776,249.905152056,860,-152.67,8.6,-175.57,870.24,1045.81,0,"	579,580" 
2018-08-15T17:30:00Z,"SPY",2018-08-15T19:15:00Z,Sell,249.612232044,249.709872048,859,-83.87,8.59,-343.12,556.61,899.73,0,"	581,582" 
2018-08-16T15:00:00Z,"SPY",2018-08-16T18:45:00Z,Buy,252.04435578,252.381657612,850,286.71,8.5,0,814.85,762.04,1,"	583,584" 
2018-08-16T19:30:00Z,"SPY",2018-08-16T19:55:00Z,Buy,252.48817398,251.91121032,851,-491,8.51,-521.21,0,521.21,0,"	585,586" 
2018-08-17T18:30:00Z,"SPY",2018-08-17T19:58:00Z,Buy,253.15390128,253.100643096,845,-45,8.45,-172.51,247.52,420.03,0,"	587,588" 
2018-08-21T14:00:00Z,"SPY",2018-08-21T14:45:00Z,Buy,254.600748612,254.538614064,839,-52.13,8.39,-171.29,0,171.29,0,"	589,590" 
2018-08-21T16:00:00Z,"SPY",2018-08-21T18:15:00Z,Buy,254.733894072,254.742770436,839,7.45,8.39,-14.89,238.31,253.21,1,"	591,592" 
2018-08-23T14:00:00Z,"SPY",2018-08-23T15:05:00Z,Buy,254.281199508,254.236817688,840,-37.28,8.4,-119.3,320.61,439.91,0,"	593,594" 
2018-08-24T15:00:00Z,"SPY",2018-08-24T19:58:00Z,Buy,254.92917408,255.213217728,837,237.74,8.37,-89.15,341.76,430.91,1,"	595,596" 
2018-08-27T14:00:00Z,"SPY",2018-08-27T14:55:00Z,Buy,256.802086884,256.88197416,833,66.55,8.33,-59.15,266.18,325.34,1,"	597,598" 
2018-08-27T15:00:00Z,"SPY",2018-08-27T19:58:00Z,Buy,256.952985072,257.01511962,833,51.76,8.33,-155.27,295.76,303.15,1,"	599,600" 
2018-08-29T15:00:00Z,"SPY",2018-08-29T19:58:00Z,Buy,258.204552396,258.65724696,829,375.28,8.29,-80.94,625.47,345.85,1,"	601,602" 
2018-08-30T19:00:00Z,"SPY",2018-08-30T19:58:00Z,Sell,257.485566912,257.627588736,835,-118.59,8.35,-118.59,326.12,444.71,0,"	603,604" 
2018-09-04T14:00:00Z,"SPY",2018-09-04T14:20:00Z,Sell,256.668941424,257.272534176,836,-504.6,8.36,-549.13,0,549.13,0,"	605,606" 
2018-09-04T16:30:00Z,"SPY",2018-09-04T17:10:00Z,Sell,256.491414144,256.890850524,833,-332.73,8.33,-362.31,51.76,414.06,0,"	607,608" 
2018-09-05T14:00:00Z,"SPY",2018-09-05T16:10:00Z,Sell,256.402650504,256.500290508,831,-81.14,8.31,-110.64,700.74,811.39,0,"	609,610" 
2018-09-06T15:00:00Z,"SPY",2018-09-06T18:50:00Z,Sell,255.399621372,255.719170476,833,-266.18,8.33,-332.73,524.97,857.71,0,"	611,612" 
2018-09-06T19:00:00Z,"SPY",2018-09-06T19:20:00Z,Sell,255.586025016,255.941079576,830,-294.7,8.3,-486.25,0,486.25,0,"	613,614" 
2018-09-11T16:00:00Z,"SPY",2018-09-11T19:58:00Z,Buy,256.88197416,256.668941424,824,-175.54,8.24,-299.88,109.71,409.59,0,"	615,616" 
2018-09-13T14:00:00Z,"SPY",2018-09-13T14:35:00Z,Buy,258.018148752,257.90275602,819,-94.51,8.19,-196.28,254.44,450.72,0,"	617,618" 
2018-09-17T14:00:00Z,"SPY",2018-09-17T14:30:00Z,Sell,257.840621472,257.716352376,818,101.65,8.18,0,188.78,181.52,1,"	619,620" 
2018-09-17T15:00:00Z,"SPY",2018-09-17T16:10:00Z,Sell,257.254781448,257.565454188,821,-255.06,8.21,-306.07,0,306.07,0,"	621,622" 
2018-09-17T17:30:00Z,"SPY",2018-09-17T19:58:00Z,Sell,257.263657812,256.642312332,819,508.88,8.19,-167.2,567.04,312.6,1,"	623,624" 
2018-09-18T14:00:00Z,"SPY",2018-09-18T19:58:00Z,Buy,257.671970556,258.319945128,822,532.64,8.22,-182.41,926.64,503.45,1,"	625,626" 
2018-09-20T16:00:00Z,"SPY",2018-09-20T19:58:00Z,Buy,260.494654308,260.512407036,817,14.5,8.17,-116.03,326.34,326.34,1,"	627,628" 
2018-09-24T14:30:00Z,"SPY",2018-09-24T15:35:00Z,Sell,259.32613108,259.477716,820,-124.3,8.2,-248.6,292.47,541.07,0,"	629,630" 
2018-09-24T17:30:00Z,"SPY",2018-09-24T17:50:00Z,Sell,259.17454616,259.46879924,820,-241.29,8.2,-277.85,0,277.85,0,"	631,632" 
2018-09-26T18:30:00Z,"SPY",2018-09-26T19:00:00Z,Buy,260.31589144,259.81655288,814,-406.46,8.14,-464.53,50.81,515.34,0,"	633,634" 
2018-09-27T14:30:00Z,"SPY",2018-09-27T18:45:00Z,Buy,259.6560512,259.48663276,813,-137.74,8.13,-137.74,500.2,637.94,0,"	635,636" 
2018-10-01T14:00:00Z,"SPY",2018-10-01T15:00:00Z,Buy,260.89548084,260.97573168,808,64.84,8.08,-36.02,223.35,259.37,1,"	637,638" 
2018-10-04T14:00:00Z,"SPY",2018-10-04T19:58:00Z,Sell,259.23696348,258.06886792,814,950.83,8.14,0,2199.25,1386.32,1,"	639,640" 
2018-10-05T15:30:00Z,"SPY",2018-10-05T19:58:00Z,Sell,256.94535616,256.7581042,828,155.04,8.28,-95.98,1410.17,1506.15,1,"	641,642" 
2018-10-08T16:00:00Z,"SPY",2018-10-08T16:40:00Z,Sell,255.13525388,255.2868388,835,-126.57,8.35,-275.48,201.03,476.51,0,"	643,644" 
2018-10-08T17:00:00Z,"SPY",2018-10-08T17:50:00Z,Sell,254.65374884,255.48300752,836,-693.26,8.36,-730.53,0,730.53,0,"	645,646" 
2018-10-09T14:30:00Z,"SPY",2018-10-09T15:10:00Z,Buy,257.248526,256.43710084,822,-666.99,8.22,-666.99,212.56,879.55,0,"	647,648" 
2018-10-10T14:00:00Z,"SPY",2018-10-10T19:58:00Z,Sell,253.88690748,248.26934868,828,4651.34,8.28,-177.19,4858.06,1041.01,1,"	649,650" 
2018-10-11T14:00:00Z,"SPY",2018-10-11T14:20:00Z,Buy,248.58143528,247.20825424,883,-1212.52,8.83,-1566.83,0,1566.83,0,"	651,652" 
2018-10-11T15:00:00Z,"SPY",2018-10-11T16:30:00Z,Sell,245.91532404,247.11016988,882,-1053.85,8.82,-1557.19,1462.81,3020,0,"	653,654" 
2018-10-11T18:00:00Z,"SPY",2018-10-11T19:58:00Z,Sell,246.07582572,243.13329492,873,2568.83,8.73,-46.71,4195.75,3822.11,1,"	655,656" 
2018-10-16T15:00:00Z,"SPY",2018-10-16T19:58:00Z,Buy,247.95726208,250.07945096,829,1759.29,8.29,-177.41,1929.31,465.7,1,"	657,658" 
2018-10-17T14:00:00Z,"SPY",2018-10-17T15:40:00Z,Sell,248.89352188,248.70626992,711,133.14,7.11,-202.87,919.27,1027.05,1,"	659,660" 
2018-10-18T14:00:00Z,"SPY",2018-10-18T14:35:00Z,Sell,248.53685148,249.2680258,716,-523.52,7.16,-555.44,217.07,772.51,0,"	661,662" 
2018-10-18T15:30:00Z,"SPY",2018-10-18T19:58:00Z,Sell,248.08209672,246.18282684,714,1356.08,7.14,0,2030.93,1292.41,1,"	663,664" 
2018-10-19T14:00:00Z,"SPY",2018-10-19T15:35:00Z,Buy,248.26934868,247.6184252,703,-457.6,7.03,-476.4,488.94,965.35,0,"	665,666" 
2018-10-22T14:00:00Z,"SPY",2018-10-22T15:00:00Z,Sell,245.53190336,246.45032964,714,-655.76,7.14,-821.29,598.46,1419.74,0,"	667,668" 
2018-10-22T16:30:00Z,"SPY",2018-10-22T16:50:00Z,Sell,245.17523296,245.23765028,711,-44.38,7.11,-196.53,126.8,323.33,0,"	669,670" 
2018-10-23T14:30:00Z,"SPY",2018-10-23T15:25:00Z,Sell,240.28884848,241.50152784,727,-881.62,7.27,-939.96,375.98,1315.94,0,"	671,672" 
2018-10-24T14:30:00Z,"SPY",2018-10-24T19:58:00Z,Sell,242.69637368,236.39222436,718,4526.38,7.18,-313.71,4532.78,1491.72,1,"	673,674" 
2018-10-25T14:30:00Z,"SPY",2018-10-25T19:58:00Z,Buy,239.61117472,241.08244012,670,985.75,6.7,-418.2,1834.09,1164.97,1,"	675,676" 
2018-10-26T14:30:00Z,"SPY",2018-10-26T15:40:00Z,Sell,235.7591344,236.53489252,630,-488.73,6.3,-848.25,1106.66,1954.91,0,"	677,678" 
2018-10-29T19:30:00Z,"SPY",2018-10-29T19:58:00Z,Sell,234.05603324,234.97445952,620,-569.42,6.2,-613.65,1249.42,1863.07,0,"	679,680" 
2018-10-30T14:00:00Z,"SPY",2018-10-30T14:55:00Z,Buy,237.82782272,235.64321652,609,-1330.43,6.09,-1368.44,32.58,1401.02,0,"	681,682" 
2018-10-30T15:30:00Z,"SPY",2018-10-30T17:15:00Z,Buy,237.06098136,235.37571372,604,-1017.9,6.04,-1017.9,484.72,1502.62,0,"	683,684" 
2018-10-30T19:30:00Z,"SPY",2018-10-30T19:58:00Z,Buy,238.17557636,238.89783392,596,430.47,5.96,-164.75,435.78,297.61,1,"	685,686" 
2018-10-31T14:30:00Z,"SPY",2018-10-31T15:05:00Z,Buy,242.535872,241.69769656,622,-521.35,6.22,-521.35,216.3,737.65,0,"	687,688" 
2018-10-31T18:30:00Z,"SPY",2018-10-31T18:50:00Z,Buy,243.34729716,242.99954352,617,-214.56,6.17,-214.56,49.51,264.08,0,"	689,690" 
2018-11-02T15:30:00Z,"SPY",2018-11-02T19:00:00Z,Sell,242.38428708,242.12570104,657,169.89,6.57,-187.47,1212.67,1400.14,1,"	691,692" 
2018-11-06T15:00:00Z,"SPY",2018-11-06T15:20:00Z,Buy,244.8542296,244.59564356,716,-185.15,7.16,-236.22,0,236.22,0,"	693,694" 
2018-11-07T17:00:00Z,"SPY",2018-11-07T19:00:00Z,Buy,249.12535764,248.98268948,694,-99.01,6.94,-222.78,198.02,420.8,0,"	695,696" 
2018-11-07T19:30:00Z,"SPY",2018-11-07T20:58:00Z,Buy,249.65144648,250.560956,692,629.38,6.92,-80.22,641.72,308.52,1,"	697,698" 
2018-11-09T17:00:00Z,"SPY",2018-11-09T17:55:00Z,Sell,247.11016988,247.5292576,667,-279.53,6.67,-303.32,160.58,463.9,0,"	699,700" 
2018-11-09T18:00:00Z,"SPY",2018-11-09T19:55:00Z,Sell,247.24392128,247.52034084,665,-183.82,6.65,-183.82,616.68,800.5,0,"	701,702" 
2018-11-12T15:00:00Z,"SPY",2018-11-12T20:58:00Z,Sell,245.75482236,242.76770776,657,1962.53,6.57,-146.46,2073.84,1066.21,1,"	703,704" 
2018-11-14T18:00:00Z,"SPY",2018-11-14T20:10:00Z,Sell,240.95760548,242.38428708,779,-1111.38,7.79,-1305.88,1139.17,2445.05,0,"	705,706" 
2018-11-15T19:00:00Z,"SPY",2018-11-15T20:35:00Z,Buy,242.94604296,242.67854016,811,-216.94,8.11,-744.84,744.84,1489.69,0,"	707,708" 
2018-11-19T15:30:00Z,"SPY",2018-11-19T20:58:00Z,Sell,241.90278204,239.66467528,895,2003.11,8.95,-454.89,2537.8,1620.04,1,"	709,710" 
2018-11-20T15:00:00Z,"SPY",2018-11-20T15:40:00Z,Sell,235.94638636,236.8737294,887,-822.55,8.87,-822.55,964.92,1787.47,0,"	711,712" 
2018-11-26T15:00:00Z,"SPY",2018-11-26T15:50:00Z,Buy,238.22907692,237.68515456,855,-465.05,8.55,-571.79,45.74,617.53,0,"	713,714" 
2018-11-26T16:00:00Z,"SPY",2018-11-26T16:20:00Z,Buy,238.13099256,237.9883244,852,-121.55,8.52,-341.87,0,341.87,0,"	715,716" 
2018-11-28T17:30:00Z,"SPY",2018-11-28T20:58:00Z,Buy,242.85687536,244.61347708,784,1377.18,7.84,-342.55,1440.09,643.15,1,"	717,718" 
2018-11-30T20:30:00Z,"SPY",2018-11-30T20:50:00Z,Buy,246.00449164,245.84398996,769,-123.43,7.69,-157.71,102.85,260.57,0,"	719,720" 
2018-12-04T15:00:00Z,"SPY",2018-12-04T15:45:00Z,Sell,247.663009,247.5292576,812,108.61,8.12,-50.68,412.7,427.18,1,"	721,722" 
2018-12-04T16:00:00Z,"SPY",2018-12-04T16:20:00Z,Sell,247.19933748,247.04775256,814,123.39,8.14,-174.2,225.01,355.65,1,"	723,724" 
2018-12-04T16:30:00Z,"SPY",2018-12-04T20:58:00Z,Sell,247.02100228,240.72576972,815,5130.61,8.15,-29.07,5159.68,1925.8,1,"	725,726" 
2018-12-06T15:00:00Z,"SPY",2018-12-06T15:20:00Z,Sell,236.32980704,236.66864392,704,-238.54,7.04,-659.13,12.55,671.68,0,"	727,728" 
2018-12-06T16:00:00Z,"SPY",2018-12-06T17:10:00Z,Sell,235.63429976,235.85721876,705,-157.16,7.05,-427.47,1056.1,1483.57,0,"	729,730" 
2018-12-07T15:30:00Z,"SPY",2018-12-07T20:58:00Z,Sell,239.20100376,235.33112992,698,2701.17,6.98,-99.58,3454.26,1605.77,1,"	731,732" 
2018-12-10T15:00:00Z,"SPY",2018-12-10T17:55:00Z,Sell,233.31594216,234.29678576,691,-677.76,6.91,-868.77,1725.21,2402.98,0,"	733,734" 
2018-12-14T17:00:00Z,"SPY",2018-12-14T17:20:00Z,Sell,232.92360472,233.34269244,754,-315.99,7.54,-416.84,0,416.84,0,"	735,736" 
2018-12-14T20:00:00Z,"SPY",2018-12-14T20:58:00Z,Sell,232.48668348,232.4153494,754,53.79,7.54,-342.89,537.86,544.58,1,"	737,738" 
2018-12-17T15:00:00Z,"SPY",2018-12-17T15:20:00Z,Sell,230.4536622,230.73008176,723,-199.85,7.23,-367.47,219.19,586.66,0,"	739,740" 
2018-12-17T18:00:00Z,"SPY",2018-12-17T20:58:00Z,Sell,229.74923816,227.3327962,724,1749.5,7.24,-251.77,2530.65,781.14,1,"	741,742" 
2018-12-19T15:00:00Z,"SPY",2018-12-19T19:20:00Z,Buy,229.08048116,228.0907208,743,-735.39,7.43,-1934.54,1298.53,3233.07,0,"	743,744" 
2018-12-19T20:00:00Z,"SPY",2018-12-19T20:58:00Z,Sell,224.91635424,224.479433,752,328.56,7.52,0,1736.7,1703.17,1,"	745,746" 
2018-12-20T17:00:00Z,"SPY",2018-12-20T17:40:00Z,Sell,220.8235614,221.36748376,876,-476.48,8.76,-1116.98,468.66,1585.65,0,"	747,748" 
2018-12-20T18:30:00Z,"SPY",2018-12-20T20:00:00Z,Sell,220.84139492,221.06431392,873,-194.61,8.73,-1222.14,2296.38,3518.52,0,"	749,750" 
2018-12-21T15:30:00Z,"SPY",2018-12-21T16:00:00Z,Buy,222.866829405,221.7098484,850,-983.43,8.5,-1013.93,22.87,1036.8,0,"	751,752" 
2018-12-21T17:30:00Z,"SPY",2018-12-21T18:45:00Z,Sell,218.418282285,219.52145022,860,-948.72,8.6,-1110.7,593.92,1704.62,0,"	753,754" 
2018-12-21T19:30:00Z,"SPY",2018-12-21T20:58:00Z,Sell,218.24787423,216.29266602,854,1669.75,8.54,-260.42,2504.62,1125.93,1,"	755,756" 
2018-12-24T15:00:00Z,"SPY",2018-12-24T15:45:00Z,Sell,212.893473765,214.974245805,898,-1868.53,8.98,-2029.61,1103.4,3133.01,0,"	757,758" 
2018-12-24T16:30:00Z,"SPY",2018-12-26T14:50:00Z,Sell,212.52575112,212.52575112,886,0,8.86,-603.93,2081.96,2677.94,0,"	759,760" 
2018-12-26T17:00:00Z,"SPY",2018-12-26T20:58:00Z,Buy,213.754482885,220.25689551,949,6170.79,9.49,-59.58,6196.32,1685.26,1,"	761,762" 
2018-12-27T15:30:00Z,"SPY",2018-12-27T16:00:00Z,Sell,216.13122681,216.72317058,619,-366.41,6.19,-954.89,155.45,1110.34,0,"	763,764" 
2018-12-27T19:30:00Z,"SPY",2018-12-27T20:00:00Z,Sell,215.10877848,217.108830915,620,-1240.03,6.2,-1240.03,194.62,1434.66,0,"	765,766" 
2019-01-03T15:00:00Z,"SPY",2019-01-03T16:55:00Z,Sell,221.736754935,221.74572378,598,-5.36,5.98,-391.53,1609.01,2000.54,0,"	767,768" 
2019-01-03T17:30:00Z,"SPY",2019-01-03T17:50:00Z,Sell,221.180686545,221.26140615,600,-48.43,6,-220.63,274.45,371.31,0,"	769,770" 
2019-01-03T18:30:00Z,"SPY",2019-01-03T20:58:00Z,Sell,220.373490495,219.10888335,602,761.29,6.02,-431.94,858.48,842.28,1,"	771,772" 
2019-01-04T15:00:00Z,"SPY",2019-01-04T20:58:00Z,Buy,223.43186664,226.400554335,580,1721.84,5.8,-436.96,2054.76,738.67,1,"	773,774" 
2019-01-07T17:00:00Z,"SPY",2019-01-07T19:05:00Z,Buy,229.0643013,228.768329415,509,-150.65,5.09,-269.34,219.13,474.77,0,"	775,776" 
2019-01-15T15:00:00Z,"SPY",2019-01-15T15:35:00Z,Buy,232.41864933,232.355867415,578,-36.29,5.78,-228.1,399.17,627.26,0,"	777,778" 
2019-01-15T16:00:00Z,"SPY",2019-01-15T19:10:00Z,Buy,232.768434285,233.26172076,577,284.63,5.77,-155.25,579.6,382.95,1,"	779,780" 
2019-01-18T17:30:00Z,"SPY",2019-01-18T17:50:00Z,Buy,239.2887846,239.082501165,900,-185.66,9,-201.8,80.72,282.52,0,"	781,782" 
2019-01-22T17:00:00Z,"SPY",2019-01-22T17:55:00Z,Sell,235.77299736,235.979280795,904,-186.48,9.04,-267.56,89.19,316.21,0,"	783,784" 
2019-01-22T18:30:00Z,"SPY",2019-01-22T20:58:00Z,Sell,235.1631159,234.87611286,905,259.74,9.05,-365.26,852.26,1217.52,1,"	785,786" 
2019-01-28T15:00:00Z,"SPY",2019-01-28T15:35:00Z,Sell,235.620526995,236.068969245,1074,-481.63,10.74,-558.69,337.14,895.83,0,"	787,788" 
2019-01-29T16:00:00Z,"SPY",2019-01-29T16:25:00Z,Sell,235.62949584,235.835779275,1070,-220.72,10.7,-345.48,76.77,422.25,0,"	789,790" 
2019-01-30T19:30:00Z,"SPY",2019-01-30T20:58:00Z,Buy,239.889697215,239.75516454,1049,-141.12,10.49,-338.7,959.65,1298.35,0,"	791,792" 
2019-01-31T15:30:00Z,"SPY",2019-01-31T20:58:00Z,Buy,241.324712415,242.40994266,1041,1129.72,10.41,-196.07,1232.43,1316.46,1,"	793,794" 
2019-02-01T15:30:00Z,"SPY",2019-02-01T16:05:00Z,Buy,243.0556995,242.30231652,1043,-785.78,10.43,-991.58,93.55,1085.12,0,"	795,796" 
2019-02-04T19:00:00Z,"SPY",2019-02-04T20:00:00Z,Buy,243.405484455,243.423422145,1035,18.57,10.35,-148.52,148.52,297.05,1,"	797,798" 
2019-02-07T16:00:00Z,"SPY",2019-02-07T20:58:00Z,Sell,242.042220015,242.149846155,1041,-112.04,10.41,-168.06,1456.5,1624.56,0,"	799,800" 
2019-02-12T15:00:00Z,"SPY",2019-02-12T20:58:00Z,Buy,244.86740619,245.845010295,1028,1004.98,10.28,-230.5,1373.78,534.76,1,"	801,802" 
2019-02-13T15:00:00Z,"SPY",2019-02-13T15:20:00Z,Buy,247.118586285,246.939209385,1027,-184.22,10.27,-359.23,64.48,423.71,0,"	803,804" 
2019-02-21T15:00:00Z,"SPY",2019-02-21T16:20:00Z,Sell,248.697103005,248.894417595,1019,-201.06,10.19,-329.01,338.15,667.17,0,"	805,806" 
2019-02-21T20:00:00Z,"SPY",2019-02-21T20:25:00Z,Sell,248.087221545,248.2576296,1019,-173.65,10.19,-283.32,0,283.32,0,"	807,808" 
2019-02-21T20:30:00Z,"SPY",2019-02-21T20:58:00Z,Sell,248.176909995,248.7957603,1018,-629.99,10.18,-629.99,273.91,903.9,0,"	809,810" 
2019-02-22T16:00:00Z,"SPY",2019-02-22T19:35:00Z,Buy,249.99758553,249.952741305,1005,-45.07,10.05,-99.15,531.81,594.9,0,"	811,812" 
2019-02-27T15:30:00Z,"SPY",2019-02-27T16:15:00Z,Sell,249.17245179,249.60295635,1008,-433.95,10.08,-515.31,36.16,551.48,0,"	813,814" 
2019-03-01T15:00:00Z,"SPY",2019-03-01T15:20:00Z,Buy,251.8451676,251.208379605,994,-632.97,9.94,-695.37,0,695.37,0,"	815,816" 
2019-03-04T16:30:00Z,"SPY",2019-03-04T20:58:00Z,Sell,250.724061975,250.329432795,993,391.87,9.93,0,2386.82,2101.83,1,"	817,818" 
2019-03-05T15:00:00Z,"SPY",2019-03-05T16:20:00Z,Sell,249.970678995,250.53571623,999,-564.47,9.99,-609.27,125.44,734.71,0,"	819,820" 
2019-03-06T15:00:00Z,"SPY",2019-03-06T20:58:00Z,Sell,249.845115165,248.74194723,995,1097.65,9.95,-142.78,1347.52,740.69,1,"	821,822" 
2019-03-07T15:00:00Z,"SPY",2019-03-07T16:45:00Z,Sell,246.89436516,247.3607451,1016,-473.84,10.16,-473.84,738.1,1211.94,0,"	823,824" 
2019-03-07T17:00:00Z,"SPY",2019-03-07T17:20:00Z,Sell,247.082710905,247.010960145,1011,72.54,10.11,-126.95,190.42,317.36,1,"	825,826" 
2019-03-07T17:30:00Z,"SPY",2019-03-07T17:50:00Z,Sell,247.12755513,247.441464705,1011,-317.36,10.11,-371.77,308.3,680.06,0,"	827,828" 
2019-03-07T18:30:00Z,"SPY",2019-03-07T18:50:00Z,Sell,247.477340085,247.441464705,1007,36.13,10.07,0,379.33,343.2,1,"	829,830" 
2019-03-07T19:00:00Z,"SPY",2019-03-07T20:58:00Z,Sell,247.118586285,246.759832485,1009,361.98,10.09,-135.74,1239.79,877.81,1,"	831,832" 
2019-03-11T14:00:00Z,"SPY",2019-03-11T19:58:00Z,Buy,247.80918735,249.773364405,1009,1981.85,10.09,0,2063.3,325.78,1,"	833,834" 
2019-03-13T15:00:00Z,"SPY",2019-03-13T19:20:00Z,Buy,252.32948523,252.29360985,1006,-36.09,10.06,-90.23,893.24,983.47,0,"	835,836" 
2019-03-15T16:30:00Z,"SPY",2019-03-15T18:30:00Z,Buy,253.864424074,253.531114976,1000,-333.31,10,-405.38,207.19,612.57,0,"	837,838" 
2019-03-18T14:00:00Z,"SPY",2019-03-18T15:30:00Z,Buy,254.422942022,253.729298764,995,-690.18,9.95,-779.81,143.41,923.22,0,"	839,840" 
2019-03-20T14:00:00Z,"SPY",2019-03-20T15:00:00Z,Sell,253.40499802,253.702273702,994,-295.49,9.94,-411.9,143.27,483.53,0,"	841,842" 
2019-03-20T16:00:00Z,"SPY",2019-03-20T18:10:00Z,Sell,252.90953855,254.44095873,993,-1520.7,9.93,-1771.17,241.52,2012.69,0,"	843,844" 
2019-03-21T14:00:00Z,"SPY",2019-03-21T19:58:00Z,Buy,254.152691402,256.42279661,976,2215.62,9.76,0,2637.65,800.09,1,"	845,846" 
2019-03-22T14:00:00Z,"SPY",2019-03-22T19:58:00Z,Sell,253.963515968,251.684402406,994,2265.44,9.94,-931.25,2301.26,1916.22,1,"	847,848" 
2019-03-25T14:00:00Z,"SPY",2019-03-25T14:45:00Z,Sell,250.423232846,250.8826589,1026,-471.37,10.26,-702.44,175.61,878.04,0,"	849,850" 
2019-03-26T14:00:00Z,"SPY",2019-03-26T14:40:00Z,Buy,254.017566092,253.486073206,1008,-535.74,10.08,-662.87,0,662.87,0,"	851,852" 
2019-03-26T15:00:00Z,"SPY",2019-03-26T15:25:00Z,Buy,254.12566634,253.594173454,1003,-533.09,10.03,-632.48,63.25,695.72,0,"	853,854" 
2019-03-27T15:00:00Z,"SPY",2019-03-27T18:00:00Z,Sell,252.342012248,252.026719858,1006,317.18,10.06,-154.06,1903.1,1767.17,1,"	855,856" 
2019-03-27T19:00:00Z,"SPY",2019-03-27T19:35:00Z,Sell,251.954653026,252.41407908,1010,-464.02,10.1,-518.61,227.46,746.07,0,"	857,858" 
2019-04-01T19:30:00Z,"SPY",2019-04-01T19:58:00Z,Buy,257.431732258,257.665949462,985,230.7,9.85,-115.35,337.18,115.35,1,"	859,860" 
2019-04-11T18:30:00Z,"SPY",2019-04-11T18:50:00Z,Sell,259.089269394,259.269436474,980,-176.56,9.8,-247.19,0,247.19,0,"	861,862" 
2019-04-15T14:30:00Z,"SPY",2019-04-15T17:20:00Z,Sell,260.809865008,260.97201538,972,-157.61,9.72,-183.88,341.49,525.37,0,"	863,864" 
2019-04-15T17:30:00Z,"SPY",2019-04-15T17:50:00Z,Sell,261.01705715,261.125157398,970,-104.86,9.7,-113.6,0,113.6,0,"	865,866" 
2019-04-17T15:00:00Z,"SPY",2019-04-17T15:20:00Z,Sell,261.06209892,261.233257646,969,-165.85,9.69,-349.16,0,349.16,0,"	867,868" 
2019-04-17T15:30:00Z,"SPY",2019-04-17T19:58:00Z,Sell,260.953998672,260.818873362,968,130.8,9.68,-209.28,575.53,671.45,1,"	869,870" 
2019-04-18T14:30:00Z,"SPY",2019-04-18T15:05:00Z,Sell,260.314405538,260.620689574,972,-297.71,9.72,-315.22,236.42,551.64,0,"	871,872" 
2019-04-23T14:30:00Z,"SPY",2019-04-23T19:58:00Z,Buy,262.602527454,263.80964689,961,1160.04,9.61,-207.77,1402.44,458.82,1,"	873,874" 
2019-04-25T14:30:00Z,"SPY",2019-04-25T15:15:00Z,Sell,262.296243418,262.90881149,971,-594.8,9.71,-612.3,349.88,962.18,0,"	875,876" 
2019-04-26T14:00:00Z,"SPY",2019-04-26T14:20:00Z,Sell,262.5935191,262.791702888,965,-191.25,9.65,-226.02,104.32,330.34,0,"	877,878" 
2019-04-26T19:30:00Z,"SPY",2019-04-26T19:58:00Z,Buy,263.818655244,264.178989404,959,345.56,9.59,0,354.2,267.81,1,"	879,880" 
2019-04-29T16:30:00Z,"SPY",2019-04-29T19:35:00Z,Buy,265.016766326,264.899657724,957,-112.07,9.57,-112.07,206.9,318.98,0,"	881,882" 
2019-04-30T14:00:00Z,"SPY",2019-04-30T14:50:00Z,Sell,263.962788908,263.953780554,960,8.65,9.6,-172.96,164.31,328.62,1,"	883,884" 
2019-04-30T15:00:00Z,"SPY",2019-04-30T15:55:00Z,Sell,263.791630182,264.106922572,961,-303,9.61,-303,744.5,1047.5,0,"	885,886" 
2019-05-01T19:30:00Z,"SPY",2019-05-01T19:58:00Z,Sell,264.251056236,263.0439368,957,1155.21,9.57,0,1215.56,163.8,1,"	887,888" 
2019-05-02T15:30:00Z,"SPY",2019-05-02T18:30:00Z,Sell,261.674666992,262.269218356,975,-579.69,9.75,-834.4,755.35,1589.75,0,"	889,890" 
2019-05-02T19:00:00Z,"SPY",2019-05-02T19:40:00Z,Sell,261.926900904,262.179134816,969,-244.41,9.69,-480.1,69.83,549.93,0,"	891,892" 
2019-05-03T16:00:00Z,"SPY",2019-05-03T19:58:00Z,Buy,264.467256732,265.016766326,958,526.43,9.58,-25.89,621.36,448.76,1,"	893,894" 
2019-05-07T15:00:00Z,"SPY",2019-05-07T19:58:00Z,Sell,259.863987838,259.341503306,979,511.51,9.79,-529.15,2284.17,1772.65,1,"	895,896" 
2019-05-08T15:00:00Z,"SPY",2019-05-08T15:35:00Z,Buy,260.089196688,259.683820758,982,-398.08,9.82,-557.31,557.31,1114.62,0,"	897,898" 
2019-05-08T17:00:00Z,"SPY",2019-05-08T17:25:00Z,Buy,260.305397184,260.107213396,978,-193.82,9.78,-361.22,52.86,414.08,0,"	899,900" 
2019-05-08T19:30:00Z,"SPY",2019-05-08T19:50:00Z,Buy,260.530606034,259.701837466,976,-808.88,9.76,-808.88,0,808.88,0,"	901,902" 
2019-05-09T14:00:00Z,"SPY",2019-05-09T16:05:00Z,Sell,256.350729778,256.179571052,985,168.59,9.85,-124.23,1073.66,1197.89,1,"	903,904" 
2019-05-10T14:30:00Z,"SPY",2019-05-10T16:30:00Z,Sell,256.134529282,256.64800546,987,-506.8,9.87,-506.8,1733.79,2240.59,0,"	905,906" 
2019-05-10T19:30:00Z,"SPY",2019-05-10T19:50:00Z,Buy,260.062171626,258.692901818,969,-1326.82,9.69,-1326.82,0,1326.82,0,"	907,908" 
2019-05-13T14:30:00Z,"SPY",2019-05-13T14:50:00Z,Sell,253.774340534,253.864424074,982,-88.46,9.82,-601.54,283.08,884.62,0,"	909,910" 
2019-05-13T15:30:00Z,"SPY",2019-05-13T19:05:00Z,Sell,253.332931188,253.693265348,983,-354.21,9.83,-858.96,1124.61,1983.57,0,"	911,912" 
2019-05-13T19:30:00Z,"SPY",2019-05-13T19:58:00Z,Sell,252.963588674,253.22483094,982,-256.54,9.82,-256.54,433.46,690,0,"	913,914" 
2019-05-14T14:30:00Z,"SPY",2019-05-14T19:50:00Z,Buy,255.34179413,255.639069812,970,288.36,9.7,-253.4,1433.05,1406.83,1,"	915,916" 
2019-05-15T15:30:00Z,"SPY",2019-05-15T19:58:00Z,Buy,256.69304723,256.82817254,967,130.67,9.67,-209.07,696.89,670.75,1,"	917,918" 
2019-05-16T14:00:00Z,"SPY",2019-05-16T18:05:00Z,Buy,259.107286102,259.53067874,959,406.03,9.59,-25.92,1339.05,984.85,1,"	919,920" 
2019-05-16T18:30:00Z,"SPY",2019-05-16T19:20:00Z,Buy,259.98109644,259.12530281,959,-820.71,9.59,-820.71,60.47,881.18,0,"	921,922" 
2019-05-16T19:30:00Z,"SPY",2019-05-16T19:50:00Z,Buy,259.413570138,258.85505219,955,-533.38,9.55,-705.44,0,705.44,0,"	923,924" 
2019-05-23T14:00:00Z,"SPY",2019-05-23T14:45:00Z,Sell,254.044591154,254.386908606,966,-330.68,9.66,-496.02,365.49,861.5,0,"	925,926" 
2019-05-23T16:00:00Z,"SPY",2019-05-23T19:40:00Z,Sell,253.395989666,253.954507614,966,-539.53,9.66,-861.5,556.93,1418.44,0,"	927,928" 
2019-05-28T14:00:00Z,"SPY",2019-05-28T14:25:00Z,Buy,255.738161706,255.20666882,957,-508.64,9.57,-525.88,120.69,646.57,0,"	929,930" 
2019-05-29T16:00:00Z,"SPY",2019-05-29T16:45:00Z,Sell,249.5314058,250.34215766,977,-792.1,9.77,-800.91,0,800.91,0,"	931,932" 
2019-05-29T17:00:00Z,"SPY",2019-05-29T17:25:00Z,Sell,249.918765022,250.594391572,969,-654.68,9.69,-925.28,96.02,1021.3,0,"	933,934" 
2019-05-30T14:00:00Z,"SPY",2019-05-30T14:25:00Z,Buy,251.999694796,251.900602902,956,-94.73,9.56,-215.3,137.79,353.09,0,"	935,936" 
2019-06-03T14:00:00Z,"SPY",2019-06-03T14:25:00Z,Sell,247.351384132,248.36031978,973,-981.69,9.73,-981.69,473.32,1455.01,0,"	937,938" 
2019-06-03T16:30:00Z,"SPY",2019-06-03T16:55:00Z,Sell,246.747824414,247.09915022,967,-339.73,9.67,-513.95,139.38,653.33,0,"	939,940" 
2019-06-03T19:30:00Z,"SPY",2019-06-03T19:58:00Z,Sell,246.459557086,247.495517796,966,-1000.74,9.66,-1000.74,313.27,1314.01,0,"	941,942" 
2019-06-04T15:30:00Z,"SPY",2019-06-04T19:58:00Z,Buy,251.297043184,252.747388178,939,1361.87,9.39,-219.93,1370.33,499.07,1,"	943,944" 
2019-06-06T19:30:00Z,"SPY",2019-06-06T19:58:00Z,Buy,256.738089,256.440813318,930,-276.47,9.3,-309.98,402.13,712.11,0,"	945,946" 
2019-06-07T14:00:00Z,"SPY",2019-06-07T19:58:00Z,Buy,258.58480157,259.269436474,921,630.55,9.21,-33.19,1460.22,1020.49,1,"	947,948" 
2019-06-10T16:00:00Z,"SPY",2019-06-10T16:40:00Z,Buy,261.87285078,261.242266,914,-576.35,9.14,-691.63,0,691.63,0,"	949,950" 
2019-06-14T14:00:00Z,"SPY",2019-06-14T14:25:00Z,Sell,260.008121502,260.188288582,916,-165.03,9.16,-255.8,90.77,346.57,0,"	951,952" 
2019-06-18T14:00:00Z,"SPY",2019-06-18T16:05:00Z,Buy,263.728571704,263.458321084,902,-243.77,9.02,-349.4,560.66,910.06,0,"	953,954" 
2019-06-18T16:30:00Z,"SPY",2019-06-18T16:50:00Z,Buy,263.53939627,263.620471456,901,73.05,9.01,-40.58,121.75,137.98,1,"	955,956" 
2019-06-18T17:00:00Z,"SPY",2019-06-18T17:20:00Z,Buy,263.512371208,263.287162358,901,-202.91,9.01,-381.48,0,381.48,0,"	957,958" 
2019-06-18T18:00:00Z,"SPY",2019-06-18T19:05:00Z,Buy,263.440304376,263.53939627,900,89.18,9,-48.65,299.98,348.62,1,"	959,960" 
2019-06-18T19:30:00Z,"SPY",2019-06-18T19:50:00Z,Buy,263.485346146,263.341212482,900,-129.72,9,-291.87,0,291.87,0,"	961,962" 
2019-06-25T14:00:00Z,"SPY",2019-06-25T19:58:00Z,Sell,265.291565199,263.363455758,893,1721.8,8.93,-24.25,1915.81,792.19,1,"	963,964" 
2019-06-27T14:00:00Z,"SPY",2019-06-27T14:25:00Z,Buy,264.132889103,264.060471847,910,-65.9,9.1,-313.02,0,313.02,0,"	965,966" 
2019-07-02T16:30:00Z,"SPY",2019-07-02T17:05:00Z,Sell,267.020527186,267.120100913,900,-89.62,9,-97.76,162.94,260.7,0,"	967,968" 
2019-07-03T15:00:00Z,"SPY",2019-07-03T15:25:00Z,Buy,269.672809187,269.509870361,890,-145.02,8.9,-201.41,88.62,290.03,0,"	969,970" 
2019-07-03T15:30:00Z,"SPY",2019-07-05T13:50:00Z,Buy,269.600391931,269.039158197,889,-498.94,8.89,-716.22,780.59,1496.81,0,"	971,972" 
2019-07-05T14:00:00Z,"SPY",2019-07-05T15:30:00Z,Sell,268.568446033,268.867167214,889,-265.56,8.89,-305.8,515.03,788.64,0,"	973,974" 
2019-07-08T14:00:00Z,"SPY",2019-07-08T14:20:00Z,Sell,268.459820149,269.048210354,887,-521.9,8.87,-594.17,0,594.17,0,"	975,976" 
2019-07-10T14:00:00Z,"SPY",2019-07-10T14:40:00Z,Buy,271.012528423,270.460346846,875,-483.16,8.75,-617.81,23.76,641.57,0,"	977,978" 
2019-07-16T16:00:00Z,"SPY",2019-07-16T17:20:00Z,Sell,271.628075099,271.754805297,869,-110.13,8.69,-165.19,440.51,605.71,0,"	979,980" 
2019-07-16T18:00:00Z,"SPY",2019-07-16T19:20:00Z,Sell,271.193571563,271.600918628,870,-354.39,8.7,-370.14,78.75,448.9,0,"	981,982" 
2019-07-16T19:30:00Z,"SPY",2019-07-16T19:50:00Z,Sell,271.456084116,271.501344901,866,-39.2,8.66,-195.98,0,195.98,0,"	983,984" 
2019-07-17T14:30:00Z,"SPY",2019-07-17T16:00:00Z,Sell,270.695702928,270.740963713,868,-39.29,8.68,-149.29,526.44,675.73,0,"	985,986" 
2019-07-17T16:30:00Z,"SPY",2019-07-17T18:00:00Z,Sell,270.514659788,270.650442143,868,-117.86,8.68,-196.43,62.86,259.29,0,"	987,988" 
2019-07-17T18:30:00Z,"SPY",2019-07-17T19:58:00Z,Sell,270.351720962,269.709017815,868,557.87,8.68,-86.43,565.72,282.86,1,"	989,990" 
2019-07-18T18:30:00Z,"SPY",2019-07-18T19:58:00Z,Buy,270.20688645,270.514659788,873,268.69,8.73,-86.93,561.08,648.01,1,"	991,992" 
2019-07-19T19:30:00Z,"SPY",2019-07-19T19:58:00Z,Sell,269.564183303,269.066314668,877,436.63,8.77,-246.1,444.57,261.98,1,"	993,994" 
2019-07-22T14:00:00Z,"SPY",2019-07-22T14:25:00Z,Buy,269.826695856,269.238305651,879,-517.19,8.79,-517.19,0,517.19,0,"	995,996" 
2019-07-24T19:00:00Z,"SPY",2019-07-24T19:58:00Z,Buy,272.397508444,272.641916683,867,211.9,8.67,-70.63,298.23,109.88,1,"	997,998" 
2019-07-25T14:00:00Z,"SPY",2019-07-25T14:45:00Z,Sell,271.56471,272.297934717,871,-638.64,8.71,-638.64,31.54,670.18,0,"	999,1000" 
2019-07-25T15:30:00Z,"SPY",2019-07-25T19:58:00Z,Sell,271.935848437,271.220728034,865,618.58,8.65,-15.66,955.27,837.82,1,"	1001,1002" 
2019-07-26T14:00:00Z,"SPY",2019-07-26T14:40:00Z,Buy,272.696229625,272.551395113,867,-125.57,8.67,-235.45,47.09,282.54,0,"	1003,1004" 
2019-07-26T15:30:00Z,"SPY",2019-07-26T19:58:00Z,Buy,272.895377079,273.3751414,865,415,8.65,0,579.43,172.26,1,"	1005,1006" 
2019-07-29T14:00:00Z,"SPY",2019-07-29T15:25:00Z,Sell,272.578551584,272.913481393,869,-291.05,8.69,-306.79,196.66,503.44,0,"	1007,1008" 
2019-07-31T19:00:00Z,"SPY",2019-07-31T19:58:00Z,Sell,269.401244477,269.437453105,877,-31.75,8.77,-1294.01,238.16,1532.18,0,"	1009,1010" 
2019-08-01T14:00:00Z,"SPY",2019-08-01T17:45:00Z,Buy,270.369825276,268.152046811,874,-1938.34,8.74,-1938.34,1716.81,3655.15,0,"	1011,1012" 
2019-08-01T18:00:00Z,"SPY",2019-08-01T19:58:00Z,Sell,268.30593348,266.830431889,866,1277.78,8.66,-78.39,1904.92,1528.64,1,"	1013,1014" 
2019-08-02T14:00:00Z,"SPY",2019-08-02T16:25:00Z,Sell,265.164835001,265.04715696,886,104.26,8.86,-256.65,1604.04,1499.78,1,"	1015,1016" 
2019-08-02T16:30:00Z,"SPY",2019-08-02T19:40:00Z,Sell,265.074313431,265.599338537,887,-465.7,8.87,-497.81,1300.74,1798.55,0,"	1017,1018" 
2019-08-05T14:00:00Z,"SPY",2019-08-05T19:58:00Z,Sell,260.059418453,257.425240766,900,2370.76,9,0,4415.64,2305.58,1,"	1019,1020" 
2019-08-06T18:30:00Z,"SPY",2019-08-06T19:05:00Z,Buy,260.276670221,259.805958057,918,-432.11,9.18,-515.21,373.94,889.16,0,"	1021,1022" 
2019-08-07T14:00:00Z,"SPY",2019-08-07T14:20:00Z,Sell,256.556233694,257.778274889,904,-1104.73,9.04,-1562.98,392.79,1955.77,0,"	1023,1024" 
2019-08-08T14:30:00Z,"SPY",2019-08-08T19:58:00Z,Buy,263.064734577,265.373034612,882,2035.92,8.82,0,2267.46,550.9,1,"	1025,1026" 
2019-08-09T14:30:00Z,"SPY",2019-08-09T17:25:00Z,Sell,263.435873014,264.087628318,784,-510.98,7.84,-681.3,908.4,1589.7,0,"	1027,1028" 
2019-08-12T18:00:00Z,"SPY",2019-08-12T19:58:00Z,Sell,261.145677293,260.865060426,784,220,7.84,-163.23,950.98,730.98,1,"	1029,1030" 
2019-08-13T14:00:00Z,"SPY",2019-08-13T19:58:00Z,Buy,265.191991472,264.494975383,771,-537.4,7.71,-991.05,823.55,1814.6,0,"	1031,1032" 
2019-08-14T15:00:00Z,"SPY",2019-08-14T19:58:00Z,Sell,259.425767463,257.235145469,734,1607.92,7.34,-59.8,1853.76,1262.41,1,"	1033,1034" 
2019-08-16T15:00:00Z,"SPY",2019-08-16T18:55:00Z,Buy,261.580180829,261.24525102,650,-217.7,6.5,-423.64,58.84,476.6,0,"	1035,1036" 
2019-08-16T19:30:00Z,"SPY",2019-08-16T19:58:00Z,Buy,261.24525102,261.661650242,649,270.24,6.49,-82.25,428.86,158.62,1,"	1037,1038" 
2019-08-20T14:00:00Z,"SPY",2019-08-20T14:25:00Z,Sell,263.155256147,263.526394584,592,-219.71,5.92,-305.46,64.31,369.76,0,"	1039,1040" 
2019-08-22T15:00:00Z,"SPY",2019-08-22T15:25:00Z,Sell,263.037578106,263.96089812,593,-547.53,5.93,-579.74,0,579.74,0,"	1041,1042" 
2019-08-23T15:30:00Z,"SPY",2019-08-23T19:58:00Z,Sell,260.810747484,256.918319974,600,2335.46,6,0,2438.65,537.7,1,"	1043,1044" 
2019-08-27T17:00:00Z,"SPY",2019-08-27T17:20:00Z,Sell,259.117994125,259.262828637,648,-93.85,6.48,-211.17,46.93,211.17,0,"	1045,1046" 
2019-08-28T15:30:00Z,"SPY",2019-08-28T16:15:00Z,Buy,261.163781607,261.018947095,641,-92.84,6.41,-98.64,162.47,261.11,0,"	1047,1048" 
2019-08-28T17:00:00Z,"SPY",2019-08-28T17:20:00Z,Buy,261.344824747,260.928425525,640,-266.5,6.4,-382.36,0,382.36,0,"	1049,1050" 
2019-08-28T19:00:00Z,"SPY",2019-08-28T19:40:00Z,Buy,261.562076515,261.236198863,638,-207.91,6.38,-369.62,46.2,415.82,0,"	1051,1052" 
2019-09-05T14:00:00Z,"SPY",2019-09-05T16:10:00Z,Buy,269.346931535,269.645652716,851,254.21,8.51,0,970.63,793.45,1,"	1053,1054" 
2019-09-05T19:30:00Z,"SPY",2019-09-05T19:55:00Z,Buy,269.962478211,269.718069972,851,-207.99,8.51,-369.76,46.22,415.98,0,"	1055,1056" 
2019-09-10T14:00:00Z,"SPY",2019-09-10T14:40:00Z,Sell,268.233516224,268.360246422,896,-113.55,8.96,-373.09,210.88,583.97,0,"	1057,1058" 
2019-09-10T15:00:00Z,"SPY",2019-09-10T16:00:00Z,Sell,268.161098968,268.767593487,895,-542.81,8.95,-753.46,89.12,842.57,0,"	1059,1060" 
2019-09-12T14:30:00Z,"SPY",2019-09-12T14:50:00Z,Buy,273.393245714,273.266515516,885,-112.16,8.85,-304.42,24.03,328.46,0,"	1061,1062" 
2019-09-18T18:30:00Z,"SPY",2019-09-18T19:30:00Z,Sell,270.451294689,271.573762157,893,-1002.36,8.93,-1010.45,363.76,1374.21,0,"	1063,1064" 
2019-09-19T14:30:00Z,"SPY",2019-09-19T16:35:00Z,Buy,273.583341011,273.185046103,876,-348.91,8.76,-451.99,309.26,761.25,0,"	1065,1066" 
2019-09-20T17:30:00Z,"SPY",2019-09-20T18:50:00Z,Sell,271.618038864,272.036360472,879,-367.7,8.79,-407.67,439.65,847.32,0,"	1067,1068" 
2019-09-20T19:30:00Z,"SPY",2019-09-20T19:58:00Z,Sell,271.645320708,271.599850968,877,39.88,8.77,-111.66,287.11,398.77,1,"	1069,1070" 
2019-09-24T16:00:00Z,"SPY",2019-09-24T19:58:00Z,Sell,270.535859052,269.053545528,880,1304.44,8.8,-288.1,2104.7,1616.54,1,"	1071,1072" 
2019-09-25T14:00:00Z,"SPY",2019-09-25T14:45:00Z,Sell,268.435157064,268.826196828,897,-350.76,8.97,-628.11,456.81,1084.92,0,"	1073,1074" 
2019-09-25T16:30:00Z,"SPY",2019-09-25T16:55:00Z,Buy,269.762873472,269.6355582,890,-113.31,8.9,-161.87,89.03,250.9,0,"	1075,1076" 
2019-09-25T18:30:00Z,"SPY",2019-09-25T19:58:00Z,Buy,270.308510352,270.7723017,887,411.38,8.87,-104.86,564.64,209.72,1,"	1077,1078" 
2019-09-26T14:00:00Z,"SPY",2019-09-26T16:45:00Z,Sell,269.8629069,269.699215836,892,146.01,8.92,-332.58,1046.42,1095.09,1,"	1079,1080" 
2019-09-26T17:00:00Z,"SPY",2019-09-26T17:55:00Z,Sell,269.72649768,269.835625056,893,-97.45,8.93,-97.45,373.56,471.01,0,"	1081,1082" 
2019-09-27T16:30:00Z,"SPY",2019-09-27T19:58:00Z,Sell,269.289988176,268.444251012,894,756.09,8.94,-24.39,1951.2,1284.54,1,"	1083,1084" 
2019-09-30T14:00:00Z,"SPY",2019-09-30T14:35:00Z,Buy,269.617370304,269.517336876,898,-89.83,8.98,-155.16,171.49,326.65,0,"	1085,1086" 
2019-09-30T15:00:00Z,"SPY",2019-09-30T19:15:00Z,Buy,269.708309784,270.163007184,897,407.86,8.97,-138.67,783.1,546.54,1,"	1087,1088" 
2019-10-01T14:00:00Z,"SPY",2019-10-01T14:20:00Z,Buy,271.172435412,269.04445158,895,-1904.55,8.95,-1994.08,0,1994.08,0,"	1089,1090" 
2019-10-01T14:30:00Z,"SPY",2019-10-01T19:58:00Z,Sell,269.380927656,266.643649308,887,2427.97,8.87,-88.73,2565.09,879.23,1,"	1091,1092" 
2019-10-02T14:00:00Z,"SPY",2019-10-02T19:58:00Z,Sell,263.524425144,261.9057024,925,1497.32,9.25,-168.24,2548.81,1825.38,1,"	1093,1094" 
2019-10-03T14:30:00Z,"SPY",2019-10-03T14:50:00Z,Sell,261.059965236,260.778052848,945,266.41,9.45,-421.1,266.41,635.94,1,"	1095,1096" 
2019-10-03T18:00:00Z,"SPY",2019-10-03T19:35:00Z,Buy,263.715398052,263.142479328,938,-537.4,9.38,-537.4,196.19,733.59,0,"	1097,1098" 
2019-10-04T14:00:00Z,"SPY",2019-10-04T14:45:00Z,Buy,265.81610004,265.243181316,926,-530.52,9.26,-597.89,277.89,875.78,0,"	1099,1100" 
2019-10-04T15:30:00Z,"SPY",2019-10-04T19:58:00Z,Buy,266.007072948,267.798580704,921,1649.98,9.21,0,1708.61,301.52,1,"	1101,1102" 
2019-10-08T14:00:00Z,"SPY",2019-10-08T16:40:00Z,Sell,263.415297768,263.560800936,943,-137.21,9.43,-531.69,583.14,977.62,0,"	1103,1104" 
2019-10-10T14:00:00Z,"SPY",2019-10-10T17:35:00Z,Buy,266.625461412,266.243515596,930,-355.21,9.3,-524.36,845.74,1251.69,0,"	1105,1106" 
2019-10-10T18:00:00Z,"SPY",2019-10-10T18:25:00Z,Buy,266.825528268,266.334455076,927,-455.22,9.27,-918.88,84.3,1003.18,0,"	1107,1108" 
2019-10-10T19:30:00Z,"SPY",2019-10-10T19:58:00Z,Buy,266.734588788,266.6800251,924,-50.42,9.24,-310.9,100.83,386.53,0,"	1109,1110" 
2019-10-11T14:00:00Z,"SPY",2019-10-11T16:10:00Z,Buy,270.344886144,270.426731676,911,74.56,9.11,0,1126.7,1060.43,1,"	1111,1112" 
2019-10-11T18:30:00Z,"SPY",2019-10-11T19:58:00Z,Buy,271.18152936,269.790155316,909,-1264.76,9.09,-1363.96,297.59,1661.55,0,"	1113,1114" 
2019-10-15T14:30:00Z,"SPY",2019-10-15T19:58:00Z,Buy,271.381596216,271.881763356,899,449.65,8.99,-16.35,1021.93,596.81,1,"	1115,1116" 
2019-10-25T15:00:00Z,"SPY",2019-10-25T19:58:00Z,Buy,274.037029032,274.400786952,893,324.84,8.93,-89.33,649.67,682.16,1,"	1117,1118" 
2019-10-31T14:00:00Z,"SPY",2019-10-31T19:58:00Z,Sell,275.792160996,275.482966764,890,275.18,8.9,0,1133.11,946.95,1,"	1119,1120" 
2019-11-01T14:30:00Z,"SPY",2019-11-01T15:05:00Z,Buy,277.901956932,277.801923504,885,-88.53,8.85,-96.58,56.34,152.91,0,"	1121,1122" 
2019-11-01T18:00:00Z,"SPY",2019-11-01T19:58:00Z,Buy,278.13839958,278.156587476,883,16.06,8.83,-224.84,112.42,321.2,1,"	1123,1124" 
2019-11-07T17:00:00Z,"SPY",2019-11-07T17:20:00Z,Buy,281.357657172,280.948429512,873,-357.26,8.73,-389.01,0,389.01,0,"	1125,1126" 
2019-11-08T15:00:00Z,"SPY",2019-11-08T15:20:00Z,Sell,279.475209936,279.993564972,877,-454.6,8.77,-454.6,87.73,542.33,0,"	1127,1128" 
2019-11-12T15:00:00Z,"SPY",2019-11-12T17:05:00Z,Buy,281.421314808,281.203060056,867,-189.23,8.67,-197.11,402.11,599.22,0,"	1129,1130" 
2019-11-19T16:00:00Z,"SPY",2019-11-19T16:30:00Z,Sell,283.14007098,283.59476838,861,-391.49,8.61,-407.15,0,407.15,0,"	1131,1132" 
2019-11-20T18:00:00Z,"SPY",2019-11-20T20:58:00Z,Sell,282.057891168,282.521682516,861,-399.32,8.61,-516.77,845.63,1362.4,0,"	1133,1134" 
2019-11-21T15:00:00Z,"SPY",2019-11-21T17:25:00Z,Sell,282.176112492,282.121548804,858,46.82,8.58,-179.46,655.42,694.43,1,"	1135,1136" 
2019-11-25T15:00:00Z,"SPY",2019-11-25T20:58:00Z,Buy,284.385941856,284.858827152,851,402.43,8.51,-7.74,495.29,309.56,1,"	1137,1138" 
2019-11-26T17:30:00Z,"SPY",2019-11-26T18:15:00Z,Buy,285.659094576,285.449933772,850,-177.79,8.5,-193.25,23.19,216.44,0,"	1139,1140" 
2019-11-27T19:00:00Z,"SPY",2019-11-27T20:58:00Z,Buy,286.73218044,286.786744128,846,46.16,8.46,-53.85,107.71,153.87,1,"	1141,1142" 
2019-12-02T15:00:00Z,"SPY",2019-12-02T19:30:00Z,Sell,284.722417932,284.113123416,852,519.12,8.52,0,1441.14,953.01,1,"	1143,1144" 
2019-12-02T20:00:00Z,"SPY",2019-12-02T20:58:00Z,Sell,284.085841572,283.331043888,858,647.62,8.58,0,647.62,413.54,1,"	1145,1146" 
2019-12-03T15:00:00Z,"SPY",2019-12-03T16:25:00Z,Sell,280.211819724,280.257289464,874,-39.74,8.74,-278.18,540.47,818.66,0,"	1147,1148" 
2019-12-04T15:00:00Z,"SPY",2019-12-04T17:40:00Z,Buy,283.431077316,283.18554072,864,-212.14,8.64,-267.14,196.43,463.57,0,"	1149,1150" 
2019-12-04T18:00:00Z,"SPY",2019-12-04T20:58:00Z,Buy,283.440171264,283.349231784,862,-78.39,8.62,-172.46,329.24,470.34,0,"	1151,1152" 
2019-12-06T16:00:00Z,"SPY",2019-12-06T20:58:00Z,Buy,286.386610416,286.241107248,853,-124.11,8.53,-186.17,287.01,473.19,0,"	1153,1154" 
2019-12-12T15:00:00Z,"SPY",2019-12-12T16:35:00Z,Buy,288.14174238,287.677951032,847,-392.83,8.47,-392.83,808.77,1201.6,0,"	1155,1156" 
2019-12-12T17:00:00Z,"SPY",2019-12-12T17:20:00Z,Buy,287.523353916,287.086844412,846,-369.29,8.46,-415.45,0,415.45,0,"	1157,1158" 
2019-12-12T17:30:00Z,"SPY",2019-12-12T17:50:00Z,Buy,286.986810984,287.659763136,845,568.64,8.45,0,599.38,76.84,1,"	1159,1160" 
2019-12-12T18:00:00Z,"SPY",2019-12-12T18:20:00Z,Buy,287.377850748,287.832548148,847,385.13,8.47,-15.41,392.83,146.35,1,"	1161,1162" 
2019-12-12T18:30:00Z,"SPY",2019-12-12T18:50:00Z,Buy,287.659763136,287.41422654,849,-208.46,8.49,-208.46,0,208.46,0,"	1163,1164" 
2019-12-12T19:00:00Z,"SPY",2019-12-12T19:20:00Z,Buy,287.559729708,287.405132592,848,-131.1,8.48,-169.66,100.25,246.77,0,"	1165,1166" 
2019-12-12T19:30:00Z,"SPY",2019-12-12T20:58:00Z,Buy,287.377850748,288.523688196,848,971.67,8.48,0,1226.16,732.61,1,"	1167,1168" 
2019-12-16T17:00:00Z,"SPY",2019-12-16T18:05:00Z,Buy,291.015429948,291.006336,844,-7.68,8.44,-38.38,92.1,130.48,0,"	1169,1170" 
2019-12-16T18:30:00Z,"SPY",2019-12-16T19:25:00Z,Buy,290.988148104,290.797175196,844,-161.18,8.44,-161.18,92.1,253.28,0,"	1171,1172" 
2019-12-19T17:00:00Z,"SPY",2019-12-19T20:58:00Z,Buy,291.470127348,291.670194204,841,168.26,8.41,-30.59,351.81,321.22,1,"	1173,1174" 
2019-12-20T20:00:00Z,"SPY",2019-12-20T20:20:00Z,Buy,293.679945624,293.561143057,836,-99.32,8.36,-160.44,0,160.44,0,"	1175,1176" 
2019-12-26T16:00:00Z,"SPY",2019-12-26T17:30:00Z,Buy,294.529840911,294.310513095,833,-182.7,8.33,-213.15,91.35,304.5,0,"	1177,1178" 
2019-12-26T18:30:00Z,"SPY",2019-12-26T19:50:00Z,Buy,294.557256888,294.502424934,831,-45.57,8.31,-60.75,75.94,136.7,0,"	1179,1180" 
2019-12-30T15:00:00Z,"SPY",2019-12-30T17:00:00Z,Sell,293.771332214,293.780470873,833,-7.61,8.33,-91.35,616.61,707.96,0,"	1181,1182" 
2019-12-30T17:30:00Z,"SPY",2019-12-30T17:50:00Z,Sell,294.146017233,294.237403823,832,-76.03,8.32,-83.64,0,83.64,0,"	1183,1184" 
2019-12-30T18:00:00Z,"SPY",2019-12-30T18:20:00Z,Sell,294.109462597,293.999798689,831,91.13,8.31,-45.57,121.51,113.91,1,"	1185,1186" 
2019-12-30T18:30:00Z,"SPY",2019-12-30T18:50:00Z,Sell,293.890134781,293.844441486,833,38.06,8.33,-68.51,45.68,83.74,1,"	1187,1188" 
2019-12-30T19:00:00Z,"SPY",2019-12-30T20:58:00Z,Sell,294.018076007,293.277844628,832,615.87,8.32,0,623.48,250.91,1,"	1189,1190" 
2020-01-08T15:00:00Z,"SPY",2020-01-08T15:40:00Z,Buy,295.845807807,295.562509378,831,-235.42,8.31,-356.93,159.48,516.41,0,"	1191,1192" 
2020-01-08T16:30:00Z,"SPY",2020-01-08T20:58:00Z,Buy,296.129106236,296.36671137,829,196.97,8.29,-386.37,1318.22,1136.39,1,"	1193,1194" 
2020-01-13T17:00:00Z,"SPY",2020-01-13T18:50:00Z,Buy,299.080893093,299.080893093,822,0,8.22,-37.56,180.29,217.85,0,"	1195,1196" 
2020-01-13T19:30:00Z,"SPY",2020-01-13T20:58:00Z,Buy,299.281943591,299.610935315,821,270.1,8.21,-105.04,270.1,180.07,1,"	1197,1198" 
2020-01-15T15:00:00Z,"SPY",2020-01-15T18:05:00Z,Buy,300.305473399,299.866817767,820,-359.7,8.2,-404.66,299.75,704.41,0,"	1199,1200" 
2020-01-15T19:30:00Z,"SPY",2020-01-15T20:15:00Z,Buy,300.332889376,299.693183246,818,-523.28,8.18,-665.31,14.95,680.26,0,"	1201,1202" 
2020-01-23T16:30:00Z,"SPY",2020-01-23T16:50:00Z,Sell,301.274171253,301.48436041,812,-170.67,8.12,-385.87,0,385.87,0,"	1203,1204" 
2020-01-24T15:30:00Z,"SPY",2020-01-24T20:58:00Z,Sell,302.462196923,300.488246579,807,1592.98,8.07,-412.99,2647.59,1327.48,1,"	1205,1206" 
2020-01-28T15:30:00Z,"SPY",2020-01-28T20:58:00Z,Buy,298.249275124,298.971229185,829,598.5,8.29,-45.46,1106.09,583.35,1,"	1207,1208" 
2020-01-30T16:00:00Z,"SPY",2020-01-30T16:20:00Z,Sell,295.836669148,296.659148458,840,-690.88,8.4,-702.4,0,702.4,0,"	1209,1210" 
2020-01-31T15:00:00Z,"SPY",2020-01-31T20:58:00Z,Sell,297.956838036,294.310513095,829,3022.8,8.29,0,3924.34,1075.78,1,"	1211,1212" 
2020-02-03T15:00:00Z,"SPY",2020-02-03T16:30:00Z,Buy,297.161774703,296.723119071,852,-373.73,8.52,-373.73,731.9,1105.63,0,"	1213,1214" 
2020-02-03T17:30:00Z,"SPY",2020-02-03T17:50:00Z,Buy,296.613455163,296.750535048,851,116.65,8.51,-132.21,132.21,132.21,1,"	1215,1216" 
2020-02-03T18:00:00Z,"SPY",2020-02-03T18:20:00Z,Buy,296.869337615,296.384988688,851,-412.18,8.51,-606.61,31.11,637.71,0,"	1217,1218" 
2020-02-03T19:00:00Z,"SPY",2020-02-03T19:20:00Z,Buy,296.668287117,296.284463439,849,-325.87,8.49,-453.89,0,453.89,0,"	1219,1220" 
2020-02-03T20:30:00Z,"SPY",2020-02-03T20:55:00Z,Buy,296.969862864,296.18393819,846,-664.89,8.46,-804.06,3.87,807.92,0,"	1221,1222" 
2020-02-04T15:00:00Z,"SPY",2020-02-04T15:20:00Z,Buy,300.433414625,300.232364127,831,-167.07,8.31,-299.97,53.16,353.13,0,"	1223,1224" 
2020-02-04T15:30:00Z,"SPY",2020-02-04T20:55:00Z,Buy,300.771545008,300.789822326,829,15.15,8.29,-151.52,666.68,666.68,1,"	1225,1226" 
2020-02-10T16:00:00Z,"SPY",2020-02-10T17:20:00Z,Buy,304.618920447,304.481840562,819,-112.27,8.19,-179.63,269.44,449.07,0,"	1227,1228" 
2020-02-10T20:00:00Z,"SPY",2020-02-10T20:58:00Z,Buy,305.04843742,305.651588914,817,492.77,8.17,0,500.24,156.79,1,"	1229,1230" 
2020-02-18T17:00:00Z,"SPY",2020-02-18T17:25:00Z,Sell,306.373542975,306.812198607,816,-357.94,8.16,-417.6,0,417.6,0,"	1231,1232" 
2020-02-19T18:30:00Z,"SPY",2020-02-19T18:50:00Z,Buy,309.581212284,309.498964353,806,-66.29,8.06,-81.02,14.73,95.75,0,"	1233,1234" 
2020-02-20T16:30:00Z,"SPY",2020-02-20T18:25:00Z,Sell,307.031526423,307.232576921,812,-163.25,8.12,-400.71,1187.29,1588.01,0,"	1235,1236" 
2020-02-20T18:30:00Z,"SPY",2020-02-20T19:20:00Z,Sell,307.250854239,307.442766078,810,-155.45,8.1,-336.81,340.51,677.31,0,"	1237,1238" 
2020-02-20T19:30:00Z,"SPY",2020-02-20T19:50:00Z,Sell,307.433627419,307.817451097,809,-310.51,8.09,-495.34,0,495.34,0,"	1239,1240" 
2020-02-21T15:00:00Z,"SPY",2020-02-21T16:40:00Z,Sell,305.313458531,305.587618301,812,-222.62,8.12,-304.24,742.06,1020.33,0,"	1241,1242" 
2020-02-21T17:30:00Z,"SPY",2020-02-21T20:58:00Z,Sell,305.368290485,304.68289106,810,555.17,8.1,-88.83,1139.96,903.08,1,"	1243,1244" 
2020-02-25T15:30:00Z,"SPY",2020-02-25T20:58:00Z,Sell,292.665554475,285.884669497,757,5133.13,7.57,-581.11,5811.09,2338.27,1,"	1245,1246" 
2020-02-26T15:00:00Z,"SPY",2020-02-26T17:05:00Z,Buy,288.352107427,287.218913711,705,-798.9,7.05,-798.9,1649.35,2448.25,0,"	1247,1248" 
2020-02-26T19:00:00Z,"SPY",2020-02-26T19:20:00Z,Sell,284.294542831,285.007358233,710,-506.1,7.1,-1116.01,77.86,1193.87,0,"	1249,1250" 
2020-02-27T15:30:00Z,"SPY",2020-02-27T16:15:00Z,Sell,276.499266704,279.770906626,770,-2519.16,7.7,-2990.63,1224.4,4215.02,0,"	1251,1252" 
2020-02-27T20:00:00Z,"SPY",2020-02-27T20:58:00Z,Sell,277.065863562,272.990021648,754,3073.18,7.54,-764.85,3080.08,1426.34,1,"	1253,1254" 
2020-02-28T15:00:00Z,"SPY",2020-02-28T16:10:00Z,Sell,262.782139545,263.120269928,627,-212.01,6.27,-1644.49,1120.2,2764.7,0,"	1255,1256" 
2020-03-02T16:30:00Z,"SPY",2020-03-02T20:58:00Z,Buy,275.62195544,281.753995629,596,3654.7,5.96,-1328.98,3834.44,2625.28,1,"	1257,1258" 
2020-03-03T15:00:00Z,"SPY",2020-03-03T15:20:00Z,Sell,279.588133446,281.781411606,467,-1024.26,4.67,-3136.8,0,3136.8,0,"	1259,1260" 
2020-03-03T16:30:00Z,"SPY",2020-03-03T20:58:00Z,Sell,277.212082106,273.949580843,467,1523.59,4.67,-1988.77,2415.55,2765.5,1,"	1261,1262" 
2020-03-04T18:30:00Z,"SPY",2020-03-04T20:58:00Z,Buy,282.284037851,285.665341681,448,1514.82,4.48,-229.27,1580.33,535.51,1,"	1263,1264" 
2020-03-05T18:00:00Z,"SPY",2020-03-05T18:45:00Z,Sell,276.426157432,276.691178543,398,-105.48,3.98,-545.58,316.44,862.01,0,"	1265,1266" 
2020-03-05T19:30:00Z,"SPY",2020-03-05T20:58:00Z,Sell,275.457459578,276.407880114,399,-379.22,3.99,-554.24,455.79,907.93,0,"	1267,1268" 
2020-03-11T14:30:00Z,"SPY",2020-03-11T16:15:00Z,Sell,254.813228897,255.507766981,299,-207.67,2.99,-295.11,699.51,994.62,0,"	1269,1270" 
2020-03-11T17:00:00Z,"SPY",2020-03-11T19:58:00Z,Sell,252.693060009,251.514172998,301,354.84,3.01,-123.78,1526.66,1446.89,1,"	1271,1272" 
2020-03-12T16:00:00Z,"SPY",2020-03-12T17:10:00Z,Sell,231.016160861,240.785387332,318,-3106.61,3.18,-3984.25,688.74,4673,0,"	1273,1274" 
2020-03-12T19:00:00Z,"SPY",2020-03-12T19:58:00Z,Sell,230.349038754,228.630970862,312,536.04,3.12,-818.31,556,1023.6,1,"	1275,1276" 
2020-03-17T16:00:00Z,"SPY",2020-03-17T17:20:00Z,Buy,229.435172854,225.185696419,205,-871.14,2.05,-1043.5,906.74,1950.24,0,"	1277,1278" 
2020-03-17T18:00:00Z,"SPY",2020-03-17T19:58:00Z,Buy,228.110067299,231.134963428,205,620.1,2.05,-414.03,927.35,1341.37,1,"	1279,1280" 
2020-03-18T17:30:00Z,"SPY",2020-03-18T19:10:00Z,Sell,212.885061405,214.374662822,210,-312.82,2.1,-414.53,875.12,1289.65,0,"	1281,1282" 
2020-03-18T19:30:00Z,"SPY",2020-03-18T19:58:00Z,Sell,211.852392938,216.723298185,210,-1022.89,2.1,-1627.41,145.85,1773.27,0,"	1283,1284" 
2020-03-19T15:30:00Z,"SPY",2020-03-19T16:15:00Z,Buy,223.869729523,220.662060214,196,-628.7,2,-809.61,152.25,961.86,0,"	1285,1286" 
2020-03-19T18:00:00Z,"SPY",2020-03-19T19:20:00Z,Buy,223.421935232,222.206493585,196,-238.23,2,-617.06,465.71,1082.77,0,"	1287,1288" 
2020-03-19T19:30:00Z,"SPY",2020-03-19T19:58:00Z,Buy,223.07466619,220.643782896,196,-476.45,2,-624.23,202.4,826.63,0,"	1289,1290" 
2020-03-20T16:30:00Z,"SPY",2020-03-20T16:50:00Z,Sell,216.2967014,218.25467834,201,-393.55,2.01,-450.83,0,450.83,0,"	1291,1292" 
2020-03-20T19:00:00Z,"SPY",2020-03-20T19:58:00Z,Sell,213.5389874,210.42277058,203,632.59,2.03,-397.47,677.38,793.07,1,"	1293,1294" 
2020-03-23T15:00:00Z,"SPY",2020-03-23T17:00:00Z,Sell,205.45888538,209.0347212,218,-779.53,2.18,-899.77,1016,1915.77,0,"	1295,1296" 
2020-03-23T18:00:00Z,"SPY",2020-03-23T19:58:00Z,Sell,204.93491972,205.8173882,218,-192.38,2.18,-400.79,753.48,1134.23,0,"	1297,1298" 
2020-03-24T14:30:00Z,"SPY",2020-03-24T15:05:00Z,Buy,219.21068586,218.1811393,203,-209,2.03,-225.79,83.97,309.76,0,"	1299,1300" 
2020-03-24T16:00:00Z,"SPY",2020-03-24T18:10:00Z,Buy,221.02158472,216.67358898,201,-873.95,2.01,-873.95,417.57,1291.52,0,"	1301,1302" 
2020-03-24T19:00:00Z,"SPY",2020-03-24T19:58:00Z,Buy,221.15027804,224.32164914,200,634.27,2,-34.93,634.27,339.2,1,"	1303,1304" 
2020-03-25T17:00:00Z,"SPY",2020-03-25T19:58:00Z,Buy,230.57246754,227.4654431,177,-549.94,2,-629.67,890,1519.67,0,"	1305,1306" 
2020-03-26T14:00:00Z,"SPY",2020-03-26T19:58:00Z,Buy,233.21987298,241.0701655,174,1365.95,2,-95.97,1373.95,607.8,1,"	1307,1308" 
2020-04-02T14:30:00Z,"SPY",2020-04-02T15:40:00Z,Buy,228.91783914,229.2579572,200,68.02,2,-51.48,632.44,683.91,1,"	1309,1310" 
2020-04-02T17:00:00Z,"SPY",2020-04-02T17:30:00Z,Buy,230.728738,227.96183162,199,-550.61,2,-550.61,129.88,680.49,0,"	1311,1312" 
2020-04-03T17:30:00Z,"SPY",2020-04-03T18:40:00Z,Sell,226.76682222,226.42670416,220,74.83,2.2,-27.3,281.1,308.4,1,"	1313,1314" 
2020-04-06T17:00:00Z,"SPY",2020-04-06T18:25:00Z,Buy,241.19885882,240.6565084,252,-136.67,2.52,-231.65,120.46,352.1,0,"	1315,1316" 
2020-04-08T18:30:00Z,"SPY",2020-04-08T19:30:00Z,Buy,250.77731878,251.69655678,251,230.73,2.51,0,334.56,246.88,1,"	1317,1318" 
2020-04-09T14:00:00Z,"SPY",2020-04-09T14:25:00Z,Buy,257.86464376,255.43785544,242,-587.28,2.42,-754.12,0,754.12,0,"	1319,1320" 
2020-04-13T14:00:00Z,"SPY",2020-04-13T16:05:00Z,Sell,251.99990532,252.22971482,265,-60.9,2.65,-306.93,621.18,682.07,0,"	1321,1322" 
2020-04-13T17:30:00Z,"SPY",2020-04-13T17:50:00Z,Sell,250.85085782,251.6414025,266,-210.28,2.66,-298.31,0,298.31,0,"	1323,1324" 
2020-04-14T14:00:00Z,"SPY",2020-04-14T14:40:00Z,Buy,260.01566068,259.49169502,263,-137.8,2.63,-145.06,195.83,340.88,0,"	1325,1326" 
2020-04-21T15:00:00Z,"SPY",2020-04-21T17:40:00Z,Sell,252.02748246,252.7444881,360,-258.12,3.6,-258.12,668.47,926.59,0,"	1327,1328" 
2020-04-21T18:00:00Z,"SPY",2020-04-21T18:20:00Z,Sell,251.88959676,252.1929453,359,-108.9,3.59,-250.8,118.8,369.61,0,"	1329,1330" 
2020-04-21T19:00:00Z,"SPY",2020-04-21T19:30:00Z,Sell,251.37482348,252.1469834,360,-277.98,3.6,-403.73,281.29,685.02,0,"	1331,1332" 
2020-04-23T14:30:00Z,"SPY",2020-04-23T15:50:00Z,Buy,259.62958072,259.14238458,376,-183.19,3.76,-183.19,463.15,646.33,0,"	1333,1334" 
2020-04-27T19:30:00Z,"SPY",2020-04-27T19:58:00Z,Buy,264.29930976,264.31769452,383,7.04,3.83,-29.93,234.13,264.05,1,"	1335,1336" 
2020-04-29T17:00:00Z,"SPY",2020-04-29T18:20:00Z,Buy,270.2100101,269.22642544,481,-473.1,4.81,-605.75,260.87,866.62,0,"	1337,1338" 
2020-04-29T18:30:00Z,"SPY",2020-04-29T19:58:00Z,Buy,269.72281396,269.68604444,480,-17.65,4.8,-127.96,626.55,646.41,0,"	1339,1340" 
2020-04-30T16:00:00Z,"SPY",2020-04-30T19:35:00Z,Sell,266.19294004,266.98348472,504,-398.43,5.04,-597.65,458.66,1056.31,0,"	1341,1342" 
2020-05-01T16:00:00Z,"SPY",2020-05-01T19:58:00Z,Sell,259.87777498,259.16076934,511,366.39,5.11,-305.32,526.1,831.42,1,"	1343,1344" 
2020-05-05T14:00:00Z,"SPY",2020-05-05T15:00:00Z,Buy,264.88762208,264.70377448,508,-93.39,5.08,-322.21,56.04,378.25,0,"	1345,1346" 
2020-05-05T15:30:00Z,"SPY",2020-05-05T16:45:00Z,Buy,265.21854776,265.12662396,507,-46.61,5.07,-79.23,305.27,384.49,0,"	1347,1348" 
2020-05-05T17:00:00Z,"SPY",2020-05-05T17:20:00Z,Buy,265.11743158,264.98873826,507,-65.25,5.07,-144.48,53.6,198.07,0,"	1349,1350" 
2020-05-05T17:30:00Z,"SPY",2020-05-05T19:35:00Z,Buy,265.21854776,263.60068888,507,-820.25,5.07,-820.25,330.9,1151.15,0,"	1351,1352" 
2020-05-12T17:30:00Z,"SPY",2020-05-12T17:50:00Z,Sell,267.29602564,267.65452846,682,-244.5,6.82,-285.25,0,285.25,0,"	1353,1354" 
2020-05-12T18:30:00Z,"SPY",2020-05-12T19:05:00Z,Sell,267.35117992,267.37875706,680,-18.75,6.8,-193.78,325.04,518.82,0,"	1355,1356" 
2020-05-12T19:30:00Z,"SPY",2020-05-12T19:58:00Z,Sell,266.23890194,263.92242218,683,1582.16,6.83,-31.39,1588.43,238.58,1,"	1357,1358" 
2020-05-13T14:00:00Z,"SPY",2020-05-13T14:20:00Z,Sell,261.82655954,262.51598804,678,-467.43,6.78,-691.8,0,691.8,0,"	1359,1360" 
2020-05-13T15:00:00Z,"SPY",2020-05-13T19:58:00Z,Sell,261.76221288,258.91257508,675,1923.51,6.75,-335.06,3518.15,1724.95,1,"	1361,1362" 
2020-05-14T14:00:00Z,"SPY",2020-05-14T14:50:00Z,Sell,254.51861744,257.4785638,663,-1962.44,6.63,-1962.44,219.4,2181.85,0,"	1363,1364" 
2020-05-18T15:00:00Z,"SPY",2020-05-18T16:20:00Z,Buy,270.74316814,270.86266908,638,76.24,6.38,0,557.15,480.91,1,"	1365,1366" 
2020-05-18T17:30:00Z,"SPY",2020-05-18T19:25:00Z,Buy,271.89221564,271.68998328,635,-128.42,6.35,-256.84,134.25,347.31,0,"	1367,1368" 
2020-05-20T14:30:00Z,"SPY",2020-05-20T16:20:00Z,Buy,273.30784216,272.81145364,599,-297.34,5.99,-363.41,269.81,633.22,0,"	1369,1370" 
2020-05-21T15:00:00Z,"SPY",2020-05-21T16:20:00Z,Sell,271.92898516,271.65321376,586,161.6,5.86,-16.16,1093.51,1109.67,1,"	1371,1372" 
2020-05-22T15:00:00Z,"SPY",2020-05-22T15:25:00Z,Sell,269.73200634,269.81473776,669,-55.35,6.69,-337,0,337,0,"	1373,1374" 
2020-05-27T15:00:00Z,"SPY",2020-05-27T15:20:00Z,Sell,273.96050114,274.68669916,653,-474.21,6.53,-480.21,294.13,774.34,0,"	1375,1376" 
2020-05-29T14:30:00Z,"SPY",2020-05-29T15:30:00Z,Sell,277.18702652,277.03075606,645,100.79,6.45,-272.74,533.62,581.05,1,"	1377,1378" 
2020-06-03T19:30:00Z,"SPY",2020-06-03T19:58:00Z,Buy,287.3537988,286.90337218,732,-329.71,7.32,-329.71,262.42,592.14,0,"	1379,1380" 
2020-06-05T15:00:00Z,"SPY",2020-06-05T19:58:00Z,Buy,293.39319246,293.27369152,819,-97.87,8.19,-549.58,1366.43,1916.02,0,"	1381,1382" 
2020-06-08T18:00:00Z,"SPY",2020-06-08T19:58:00Z,Buy,295.78321126,296.89548924,733,815.3,7.33,-80.86,859.1,309.95,1,"	1383,1384" 
2020-06-10T14:30:00Z,"SPY",2020-06-10T15:30:00Z,Sell,293.26449914,293.82523432,849,-476.06,8.49,-741.41,569.72,1233.08,0,"	1385,1386" 
2020-06-11T14:30:00Z,"SPY",2020-06-11T19:58:00Z,Sell,285.12005046,276.43325136,870,7557.52,8.7,-767.75,7853.42,1759.42,1,"	1387,1388" 
2020-06-12T18:00:00Z,"SPY",2020-06-12T18:20:00Z,Sell,274.72346868,275.91847808,515,-615.43,5.15,-979.95,0,979.95,0,"	1389,1390" 
2020-06-15T18:30:00Z,"SPY",2020-06-15T19:45:00Z,Buy,283.0333802,280.97428708,492,-1013.07,4.92,-1374.89,0,1374.89,0,"	1391,1392" 
2020-06-17T14:30:00Z,"SPY",2020-06-17T14:50:00Z,Sell,286.46213794,287.25268262,478,-377.88,4.78,-413.03,118.64,531.67,0,"	1393,1394" 
2020-06-19T18:30:00Z,"SPY",2020-06-19T18:50:00Z,Sell,284.00212764,285.20239671,480,-576.13,4.8,-740.1,74.9,815,0,"	1395,1396" 
2020-06-24T14:00:00Z,"SPY",2020-06-24T19:58:00Z,Sell,284.122154547,280.816798185,484,1599.79,4.84,-250.25,2413.09,1470.2,1,"	1397,1398" 
2020-06-26T14:30:00Z,"SPY",2020-06-26T19:58:00Z,Sell,279.607296276,276.98517,496,1300.57,4.96,-96.17,1534.13,920.48,1,"	1399,1400" 
2020-06-30T16:00:00Z,"SPY",2020-06-30T16:20:00Z,Buy,283.26350052,283.826703699,471,265.27,4.71,-47.84,280.49,69.58,1,"	1401,1402" 
2020-07-02T14:00:00Z,"SPY",2020-07-02T14:20:00Z,Buy,291.194509221,290.677470237,698,-360.89,6.98,-476.89,103.11,580.01,0,"	1403,1404" 
2020-07-08T14:00:00Z,"SPY",2020-07-08T14:35:00Z,Buy,291.85004079,291.240673416,714,-435.09,7.14,-563.64,79.11,642.74,0,"	1405,1406" 
2020-07-09T15:00:00Z,"SPY",2020-07-09T17:15:00Z,Sell,288.009179766,289.994240151,718,-1425.27,7.18,-1448.48,788.87,2237.35,0,"	1407,1408" 
2020-07-09T17:30:00Z,"SPY",2020-07-09T17:50:00Z,Sell,289.828049049,289.615693752,706,149.92,7.06,-234.66,195.55,234.66,1,"	1409,1410" 
2020-07-09T18:00:00Z,"SPY",2020-07-09T18:20:00Z,Sell,289.338708582,290.474347779,707,-802.9,7.07,-802.9,0,802.9,0,"	1411,1412" 
2020-07-10T19:00:00Z,"SPY",2020-07-10T19:58:00Z,Buy,292.607133588,293.23496664,688,431.95,6.88,-235.03,514.53,444.65,1,"	1413,1414" 
2020-07-13T15:30:00Z,"SPY",2020-07-13T16:00:00Z,Buy,297.528236775,297.029663469,676,-337.04,6.76,-424.42,0,424.42,0,"	1415,1416" 
2020-07-13T17:30:00Z,"SPY",2020-07-13T18:05:00Z,Buy,297.546702453,296.761911138,674,-528.95,6.74,-528.95,217.8,746.75,0,"	1417,1418" 
2020-07-14T18:30:00Z,"SPY",2020-07-14T19:20:00Z,Buy,292.902584436,291.951602019,670,-637.16,6.7,-754.69,154.65,909.34,0,"	1419,1420" 
2020-07-14T19:30:00Z,"SPY",2020-07-14T19:58:00Z,Buy,293.004145665,294.546029778,667,1028.44,6.67,-30.79,1120.81,252.49,1,"	1421,1422" 
2020-07-20T17:30:00Z,"SPY",2020-07-20T19:58:00Z,Buy,298.49768487,299.679488262,865,1022.26,8.65,-111.81,1337.72,319.46,1,"	1423,1424" 
2020-07-22T14:00:00Z,"SPY",2020-07-22T14:40:00Z,Buy,300.732031908,300.71356623,866,-15.99,8.66,-367.8,191.9,559.69,0,"	1425,1426" 
2020-07-23T17:00:00Z,"SPY",2020-07-23T19:58:00Z,Sell,300.298088475,297.925248852,867,2057.25,8.67,-440.27,2881.75,1208.74,1,"	1427,1428" 
2020-07-27T14:00:00Z,"SPY",2020-07-27T15:15:00Z,Buy,297.869851818,297.519003936,888,-311.55,8.88,-311.55,245.96,557.52,0,"	1429,1430" 
2020-07-29T14:00:00Z,"SPY",2020-07-29T19:58:00Z,Buy,298.054508598,299.928774915,885,1658.73,8.85,0,2304.24,1111.26,1,"	1431,1432" 
2020-07-30T14:00:00Z,"SPY",2020-07-30T15:15:00Z,Sell,295.561642068,297.131224698,903,-1417.33,9.03,-1625.76,225.11,1850.87,0,"	1433,1434" 
2020-07-31T14:30:00Z,"SPY",2020-07-31T15:30:00Z,Sell,297.962180208,299.245544829,887,-1138.34,8.87,-1334.89,131.03,1465.93,0,"	1435,1436" 
2020-07-31T16:30:00Z,"SPY",2020-07-31T18:50:00Z,Sell,298.109905632,298.396123641,878,-251.3,8.78,-429.64,1199.75,1629.39,0,"	1437,1438" 
2020-08-06T18:30:00Z,"SPY",2020-08-06T19:58:00Z,Buy,308.044440396,308.496849507,848,383.64,8.48,0,626.36,532.4,1,"	1439,1440" 
2020-08-10T15:00:00Z,"SPY",2020-08-10T15:25:00Z,Sell,307.628962641,308.56147938,852,-794.5,8.52,-794.5,55.06,849.57,0,"	1441,1442" 
2020-08-12T14:00:00Z,"SPY",2020-08-12T19:58:00Z,Buy,310.59270396,311.691411801,839,921.82,8.39,-108.45,1444.69,948.93,1,"	1443,1444" 
2020-08-18T14:30:00Z,"SPY",2020-08-18T14:50:00Z,Sell,310.96201752,311.543686377,844,-490.93,8.44,-490.93,0,490.93,0,"	1445,1446" 
2020-08-20T19:00:00Z,"SPY",2020-08-20T19:35:00Z,Buy,312.273080658,312.060725361,837,-177.74,8.37,-347.75,262.75,610.5,0,"	1447,1448" 
2020-08-21T19:00:00Z,"SPY",2020-08-21T19:50:00Z,Buy,313.316391465,313.205597397,833,-92.29,8.33,-107.67,230.73,338.4,0,"	1449,1450" 
2020-08-26T15:30:00Z,"SPY",2020-08-26T19:58:00Z,Buy,318.948423255,321.016579191,818,1691.75,8.18,-52.87,1767.28,1057.34,1,"	1451,1452" 
2020-08-27T14:00:00Z,"SPY",2020-08-27T14:20:00Z,Buy,322.475367753,321.819836184,819,-536.88,8.19,-1308.17,0,1308.17,0,"	1453,1454" 
2020-08-27T14:30:00Z,"SPY",2020-08-27T15:35:00Z,Buy,322.419970719,322.346108007,816,-60.27,8.16,-470.87,429.44,900.31,0,"	1455,1456" 
2020-08-27T16:00:00Z,"SPY",2020-08-27T16:20:00Z,Buy,322.724654406,321.76443915,815,-782.58,8.15,-782.58,0,782.58,0,"	1457,1458" 
2020-08-31T15:30:00Z,"SPY",2020-08-31T15:55:00Z,Sell,322.669257372,323.435583009,810,-620.72,8.1,-658.12,142.09,800.21,0,"	1459,1460" 
2020-09-01T14:30:00Z,"SPY",2020-09-01T15:10:00Z,Buy,324.432729621,323.952621993,802,-385.05,8.02,-547.95,0,547.95,0,"	1461,1462" 
2020-09-01T17:00:00Z,"SPY",2020-09-01T19:58:00Z,Buy,324.266538519,325.097494029,800,664.76,8,-240.05,668.46,358.23,1,"	1463,1464" 
2020-09-02T16:30:00Z,"SPY",2020-09-02T19:58:00Z,Buy,328.162796577,330.609498912,794,1942.68,7.94,-29.32,2386.2,608.46,1,"	1465,1466" 
2020-09-03T14:30:00Z,"SPY",2020-09-03T19:58:00Z,Sell,325.660697208,318.985354611,812,5420.38,8.12,-217.41,7542.05,2961.34,1,"	1467,1468" 
2020-09-04T14:00:00Z,"SPY",2020-09-04T16:45:00Z,Sell,317.194183845,314.812111383,773,1841.34,7.73,-635.19,6166.35,4524.85,1,"	1469,1470" 
2020-09-04T17:00:00Z,"SPY",2020-09-04T18:35:00Z,Sell,314.738248671,315.20912346,790,-371.99,7.9,-466.81,1670.31,2137.13,0,"	1471,1472" 
2020-09-08T19:00:00Z,"SPY",2020-09-08T19:58:00Z,Sell,308.819998872,307.739756709,783,845.83,7.83,-636.18,1120.54,1756.72,1,"	1473,1474" 
2020-09-09T14:00:00Z,"SPY",2020-09-09T19:58:00Z,Buy,312.217683624,314.313538077,658,1379.07,6.58,0,2563.74,1184.67,1,"	1475,1476" 
2020-09-10T18:30:00Z,"SPY",2020-09-10T19:58:00Z,Sell,308.616876414,308.727670482,628,-69.58,6.28,-1101.66,661,1443.76,0,"	1477,1478" 
2020-09-11T17:30:00Z,"SPY",2020-09-11T17:55:00Z,Sell,306.244036791,306.788774292,604,-329.02,6.04,-513.05,278.83,791.88,0,"	1479,1480" 
2020-09-11T18:00:00Z,"SPY",2020-09-11T18:20:00Z,Sell,306.040914333,307.148855013,603,-668.09,6.03,-896.35,50.11,946.46,0,"	1481,1482" 
2020-09-14T14:00:00Z,"SPY",2020-09-14T17:05:00Z,Buy,312.947077905,313.408719855,588,271.45,5.88,-76,692.19,518.46,1,"	1483,1484" 
2020-09-18T16:30:00Z,"SPY",2020-09-18T19:58:00Z,Sell,307.89653986,306.663655928,599,738.5,5.99,0,2107.22,1746.3,1,"	1485,1486" 
2020-09-21T14:30:00Z,"SPY",2020-09-21T16:10:00Z,Sell,299.13657508,300.638283328,622,-934.06,6.22,-1049.38,513.16,1562.54,0,"	1487,1488" 
2020-09-21T17:00:00Z,"SPY",2020-09-21T17:25:00Z,Sell,299.655684104,300.684632348,617,-634.86,6.17,-634.86,320.29,955.15,0,"	1489,1490" 
2020-09-23T16:00:00Z,"SPY",2020-09-23T16:55:00Z,Sell,303.595350804,304.392553948,599,-477.52,5.99,-599.68,197.12,796.8,0,"	1491,1492" 
2020-09-23T18:00:00Z,"SPY",2020-09-23T19:58:00Z,Sell,303.113320996,299.04387704,598,2433.53,5.98,0,2705.15,756.67,1,"	1493,1494" 
2020-09-24T17:30:00Z,"SPY",2020-09-24T18:30:00Z,Buy,302.492244128,300.832949212,618,-1025.44,6.18,-1071.27,217.69,1288.97,0,"	1495,1496" 
2020-09-25T17:30:00Z,"SPY",2020-09-25T19:58:00Z,Buy,302.390276284,304.818964932,703,1707.37,7.03,0,2143.99,840.65,1,"	1497,1498" 
2020-09-29T16:00:00Z,"SPY",2020-09-29T16:55:00Z,Sell,307.89653986,308.285871628,702,-273.31,7.02,-273.31,214.74,488.06,0,"	1499,1500" 
2020-09-30T14:00:00Z,"SPY",2020-09-30T18:50:00Z,Buy,310.603322628,309.972975956,756,-476.54,7.56,-476.54,2255.87,2732.41,0,"	1501,1502" 
2020-09-30T19:00:00Z,"SPY",2020-09-30T19:20:00Z,Buy,311.363446556,309.19431242,752,-1631.19,7.52,-1631.19,115.02,1746.21,0,"	1503,1504" 
2020-10-05T14:30:00Z,"SPY",2020-10-05T18:00:00Z,Buy,313.013471668,313.171058336,794,125.12,7.94,0,809.62,728.66,1,"	1505,1506" 
2020-10-05T19:00:00Z,"SPY",2020-10-05T19:58:00Z,Buy,314.403942268,314.9415909,791,425.28,7.91,-139.32,564.6,344.62,1,"	1507,1508" 
2020-10-06T19:00:00Z,"SPY",2020-10-06T19:58:00Z,Sell,312.410934408,311.09462224,739,972.75,7.39,0,1746.85,1541.34,1,"	1509,1510" 
2020-10-07T18:30:00Z,"SPY",2020-10-07T19:58:00Z,Buy,316.294982284,316.28571248,705,-6.54,7.05,-248.34,241.8,418.25,0,"	1511,1512" 
2020-10-12T15:30:00Z,"SPY",2020-10-12T19:58:00Z,Buy,326.056085896,326.862558844,704,567.76,7.04,-117.47,1481.39,1142.04,1,"	1513,1514" 
2020-10-14T14:00:00Z,"SPY",2020-10-14T14:20:00Z,Buy,326.046816092,325.240343144,826,-666.15,8.26,-666.15,0,666.15,0,"	1515,1516" 
2020-10-14T16:00:00Z,"SPY",2020-10-14T17:20:00Z,Sell,322.756035672,322.783845084,831,-23.11,8.31,-631.66,778.02,955.2,0,"	1517,1518" 
2020-10-14T17:30:00Z,"SPY",2020-10-14T18:00:00Z,Sell,322.31108508,322.709686652,832,-331.64,8.32,-393.34,335.49,728.83,0,"	1519,1520" 
2020-10-16T14:30:00Z,"SPY",2020-10-16T15:15:00Z,Buy,325.017867848,324.016729016,814,-814.93,8.14,-1018.66,0,1018.66,0,"	1521,1522" 
2020-10-19T18:00:00Z,"SPY",2020-10-19T19:58:00Z,Sell,319.650651332,316.684314052,867,2571.81,8.67,-265.22,2933.48,1076.95,1,"	1523,1524" 
2020-10-20T14:00:00Z,"SPY",2020-10-20T14:40:00Z,Buy,319.650651332,319.196430936,814,-369.74,8.14,-520.65,218.82,739.47,0,"	1525,1526" 
2020-10-20T17:30:00Z,"SPY",2020-10-20T18:45:00Z,Buy,321.115280364,320.438584672,809,-547.45,8.09,-749.93,314.97,1064.9,0,"	1527,1528" 
2020-10-21T14:00:00Z,"SPY",2020-10-21T15:05:00Z,Buy,320.17903016,318.658782304,815,-1239,8.15,-1246.56,67.99,1314.55,0,"	1529,1530" 
2020-10-26T15:00:00Z,"SPY",2020-10-26T19:58:00Z,Sell,314.839623056,314.29270462,892,487.85,8.92,0,3216.51,2728.66,1,"	1531,1532" 
2020-10-27T14:30:00Z,"SPY",2020-10-27T14:50:00Z,Sell,313.745786184,314.700575996,890,-849.76,8.9,-924.01,0,924.01,0,"	1533,1534" 
2020-10-28T14:00:00Z,"SPY",2020-10-28T16:20:00Z,Sell,307.080797108,305.931341412,912,1048.3,9.12,-101.45,3022.33,2117.74,1,"	1535,1536" 
2020-10-28T16:30:00Z,"SPY",2020-10-28T19:58:00Z,Sell,305.291724936,302.501513932,924,2578.15,9.24,-351.18,2582.44,2167.02,1,"	1537,1538" 
2020-10-29T14:00:00Z,"SPY",2020-10-29T19:58:00Z,Buy,303.919793944,307.145685736,779,2512.97,7.79,-389.94,3949.98,1581.44,1,"	1539,1540" 
2020-10-30T14:30:00Z,"SPY",2020-10-30T16:35:00Z,Sell,301.5003751,302.112182164,793,-485.16,7.93,-1036.48,1470.19,2506.68,0,"	1541,1542" 
2020-10-30T17:00:00Z,"SPY",2020-10-30T19:58:00Z,Sell,301.22228098,301.389137452,791,-131.98,7.91,-366.62,1517.81,1657.13,0,"	1543,1544" 
2020-11-02T15:30:00Z,"SPY",2020-11-02T15:50:00Z,Buy,307.368161032,306.394831612,857,-834.14,8.57,-1056.58,0,1056.58,0,"	1545,1546" 
2020-11-03T15:00:00Z,"SPY",2020-11-03T18:10:00Z,Buy,310.890686552,311.901095188,787,795.19,7.87,0,2082.82,1506.49,1,"	1547,1548" 
2020-11-03T18:30:00Z,"SPY",2020-11-03T18:50:00Z,Buy,311.687889696,311.039003416,789,-511.97,7.89,-519.29,153.59,672.88,0,"	1549,1550" 
2020-11-03T20:30:00Z,"SPY",2020-11-03T20:58:00Z,Buy,311.864015972,312.197728916,786,262.3,7.86,0,1100.2,837.9,1,"	1551,1552" 
2020-11-04T15:00:00Z,"SPY",2020-11-04T20:20:00Z,Buy,317.500056804,318.714401128,700,850.04,7,-97.33,3445.59,2595.55,1,"	1553,1554" 
2020-11-04T20:30:00Z,"SPY",2020-11-04T20:50:00Z,Buy,318.686591716,318.705131324,702,13.01,7.02,-104.12,396.95,494.56,1,"	1555,1556" 
2020-11-05T16:00:00Z,"SPY",2020-11-05T16:35:00Z,Buy,325.991197268,325.518437264,616,-291.22,6.16,-656.67,68.52,725.2,0,"	1557,1558" 
2020-11-06T15:00:00Z,"SPY",2020-11-06T15:25:00Z,Sell,322.839463908,324.276283528,585,-840.54,5.85,-840.54,32.54,873.08,0,"	1559,1560" 
2020-11-12T18:30:00Z,"SPY",2020-11-12T19:10:00Z,Sell,326.519576096,327.205541592,588,-403.35,5.88,-855.75,70.86,926.61,0,"	1561,1562" 
2020-11-12T19:30:00Z,"SPY",2020-11-12T20:58:00Z,Sell,326.936717276,327.066494532,586,-76.05,5.86,-222.72,662.72,738.77,0,"	1563,1564" 
2020-11-17T15:00:00Z,"SPY",2020-11-17T15:20:00Z,Sell,332.220505556,333.230914192,594,-600.18,5.94,-600.18,0,600.18,0,"	1565,1566" 
2020-11-24T16:30:00Z,"SPY",2020-11-24T20:58:00Z,Buy,335.956236568,336.827598144,819,713.65,8.19,-121.47,994.55,1055.28,1,"	1567,1568" 
2020-11-25T15:00:00Z,"SPY",2020-11-25T16:20:00Z,Sell,335.715221664,335.650333036,861,55.87,8.61,-207.51,470.9,678.41,1,"	1569,1570" 
2020-11-25T16:30:00Z,"SPY",2020-11-25T17:15:00Z,Sell,335.678142448,335.863538528,861,-159.63,8.61,-159.63,351.18,510.8,0,"	1571,1572" 
2020-11-25T17:30:00Z,"SPY",2020-11-25T17:50:00Z,Sell,335.650333036,336.141632648,860,-422.52,8.6,-422.52,0,422.52,0,"	1573,1574" 
2020-11-30T15:30:00Z,"SPY",2020-11-30T18:00:00Z,Sell,334.82532048,334.927288324,860,-87.69,8.6,-103.64,1430.98,1534.62,0,"	1575,1576" 
2020-11-30T18:30:00Z,"SPY",2020-11-30T18:50:00Z,Sell,334.806780872,335.019986364,859,-183.14,8.59,-183.14,103.52,286.66,0,"	1577,1578" 
2020-11-30T19:00:00Z,"SPY",2020-11-30T19:30:00Z,Sell,334.658464008,334.992176952,858,-286.33,8.58,-286.33,282.35,568.67,0,"	1579,1580" 
2020-12-01T15:30:00Z,"SPY",2020-12-01T15:55:00Z,Buy,340.183267192,339.469492284,843,-601.71,8.43,-875.22,7.81,883.03,0,"	1581,1582" 
2020-12-01T16:30:00Z,"SPY",2020-12-01T17:05:00Z,Buy,339.886633464,339.821744836,840,-54.51,8.4,-404.91,194.67,599.57,0,"	1583,1584" 
2020-12-01T17:30:00Z,"SPY",2020-12-01T18:10:00Z,Buy,339.886633464,339.9700617,839,70,8.39,-303.32,155.55,458.86,1,"	1585,1586" 
2020-12-01T18:30:00Z,"SPY",2020-12-01T20:10:00Z,Buy,340.183267192,339.052351104,839,-948.84,8.39,-1003.28,458.86,1462.14,0,"	1587,1588" 
2020-12-03T15:30:00Z,"SPY",2020-12-03T16:25:00Z,Buy,340.730185628,340.813613864,832,69.41,8.32,-470.46,284.59,755.05,1,"	1589,1590" 
2020-12-04T15:00:00Z,"SPY",2020-12-04T20:58:00Z,Buy,341.351262496,342.61195584,831,1047.64,8.31,-84.74,1055.34,519.2,1,"	1591,1592" 
2020-12-08T18:00:00Z,"SPY",2020-12-08T19:15:00Z,Buy,343.010557412,343.158874276,833,123.55,8.33,-50.19,216.21,262.54,1,"	1593,1594" 
2020-12-08T19:30:00Z,"SPY",2020-12-08T20:00:00Z,Buy,343.548206044,343.2144931,832,-277.65,8.32,-431.9,0,431.9,0,"	1595,1596" 
2020-12-09T18:00:00Z,"SPY",2020-12-09T20:58:00Z,Sell,341.610817008,341.026819356,835,487.64,8.35,-23.22,1919.59,1431.95,1,"	1597,1598" 
2020-12-14T15:00:00Z,"SPY",2020-12-14T15:50:00Z,Buy,342.537797408,341.610817008,836,-774.96,8.36,-774.96,185.99,960.94,0,"	1599,1600" 
2020-12-15T19:00:00Z,"SPY",2020-12-15T20:45:00Z,Buy,342.222624072,342.074307208,832,-123.4,8.32,-397.19,285.36,682.55,0,"	1601,1602" 
2020-12-18T15:00:00Z,"SPY",2020-12-18T20:58:00Z,Sell,344.091011916,344.295816912,827,-169.37,8.27,-442.68,1909.3,2351.99,0,"	1603,1604" 
2020-12-21T15:30:00Z,"SPY",2020-12-21T16:20:00Z,Sell,337.760675676,339.036052242,841,-1072.59,8.41,-1323.12,133.1,1456.22,0,"	1605,1606" 
2020-12-23T15:00:00Z,"SPY",2020-12-23T15:20:00Z,Buy,343.504524882,342.992512392,821,-420.36,8.21,-489.15,7.64,496.79,0,"	1607,1608" 
2021-01-04T15:30:00Z,"SPY",2021-01-04T20:58:00Z,Sell,346.753476864,343.309029204,811,2793.45,8.11,0,5496.3,3065.24,1,"	1609,1610" 
2021-01-05T15:00:00Z,"SPY",2021-01-05T15:35:00Z,Buy,344.58440577,343.83966033,832,-619.63,8.32,-720.32,549.92,1270.24,0,"	1611,1612" 
2021-01-05T18:00:00Z,"SPY",2021-01-05T20:58:00Z,Buy,344.919541218,345.729451884,828,670.61,8.28,-100.21,1449.13,1117.68,1,"	1613,1614" 
2021-01-06T15:00:00Z,"SPY",2021-01-06T20:40:00Z,Buy,346.530053232,347.526150258,828,824.77,8.28,-69.37,3591.98,2921.38,1,"	1615,1616" 
2021-01-07T15:00:00Z,"SPY",2021-01-07T20:58:00Z,Buy,351.780508584,353.121050376,820,1099.24,8.2,-38.17,1450.39,1099.24,1,"	1617,1618" 
2021-01-15T15:30:00Z,"SPY",2021-01-15T15:50:00Z,Sell,348.699124326,349.33215795,833,-527.32,8.33,-744.45,69.79,814.24,0,"	1619,1620" 
2021-01-20T16:00:00Z,"SPY",2021-01-20T16:20:00Z,Buy,356.342074404,356.304837132,812,-30.24,8.12,-445.99,0,445.99,0,"	1621,1622" 
2021-01-20T17:30:00Z,"SPY",2021-01-20T20:58:00Z,Buy,356.891324166,357.775709376,811,717.24,8.11,0,1045.66,536.04,1,"	1623,1624" 
2021-01-25T16:00:00Z,"SPY",2021-01-25T16:50:00Z,Sell,354.908439432,355.439070558,819,-434.59,8.19,-670.94,1784.09,2455.03,0,"	1625,1626" 
2021-01-27T15:00:00Z,"SPY",2021-01-27T15:20:00Z,Sell,351.482610408,352.40423289,825,-760.34,8.25,-929.3,0,929.3,0,"	1627,1628" 
2021-01-27T16:30:00Z,"SPY",2021-01-27T18:00:00Z,Sell,352.069097442,352.49732607,819,-350.72,8.19,-358.34,1715.47,2073.82,0,"	1629,1630" 
2021-01-27T18:30:00Z,"SPY",2021-01-27T20:58:00Z,Sell,352.339067664,348.149874564,817,3422.57,8.17,-7.61,4867.66,1764.53,1,"	1631,1632" 
2021-01-28T15:00:00Z,"SPY",2021-01-28T20:35:00Z,Buy,351.510538362,352.841770836,838,1115.57,8.38,-109.22,3346.72,2238.95,1,"	1633,1634" 
2021-01-29T16:30:00Z,"SPY",2021-01-29T20:20:00Z,Sell,346.967591178,346.734858228,855,198.99,8.55,-334.3,3422.57,3541.96,1,"	1635,1636" 
2021-01-29T20:30:00Z,"SPY",2021-01-29T20:58:00Z,Sell,346.427650734,345.924947562,858,431.32,8.58,-798.74,1206.1,1293.96,1,"	1637,1638" 
2021-02-01T17:30:00Z,"SPY",2021-02-01T20:58:00Z,Buy,350.160687252,350.840267466,847,575.6,8.47,-307.51,946.2,843.69,1,"	1639,1640" 
2021-02-02T15:00:00Z,"SPY",2021-02-02T20:58:00Z,Buy,354.582613302,355.532163738,764,725.46,7.64,0,1607.38,945.94,1,"	1641,1642" 
2021-02-04T15:00:00Z,"SPY",2021-02-04T15:45:00Z,Buy,357.394027338,357.356790066,722,-26.89,7.22,-181.48,309.18,443.61,0,"	1643,1644" 
2021-02-04T16:00:00Z,"SPY",2021-02-04T16:50:00Z,Buy,357.738472104,358.110844824,721,268.48,7.21,0,275.19,241.63,1,"	1645,1646" 
2021-02-04T18:30:00Z,"SPY",2021-02-04T20:58:00Z,Buy,358.529764134,358.930064808,721,288.62,7.21,-93.97,318.82,308.75,1,"	1647,1648" 
2021-02-18T15:30:00Z,"SPY",2021-02-18T15:55:00Z,Sell,361.657694982,362.476914966,834,-683.23,8.34,-683.23,541.93,1225.15,0,"	1649,1650" 
2021-02-23T15:00:00Z,"SPY",2021-02-23T15:20:00Z,Sell,355.820752596,356.82615894,844,-848.56,8.44,-1115.7,337.85,1453.56,0,"	1651,1652" 
2021-02-23T18:00:00Z,"SPY",2021-02-23T18:20:00Z,Sell,356.332765086,357.906039828,838,-1318.4,8.38,-1396.42,85.81,1482.23,0,"	1653,1654" 
2021-02-23T20:30:00Z,"SPY",2021-02-23T20:58:00Z,Buy,362.011449066,361.071207948,817,-768.18,8.17,-965.93,0,965.93,0,"	1655,1656" 
2021-02-24T16:00:00Z,"SPY",2021-02-24T20:58:00Z,Buy,361.536673848,365.074214688,814,2879.56,8.14,-22.73,2879.56,772.93,1,"	1657,1658" 
2021-02-25T15:30:00Z,"SPY",2021-02-25T20:58:00Z,Sell,362.793431778,356.342074404,827,5335.27,8.27,0,6728.76,3445.22,1,"	1659,1660" 
2021-02-26T15:30:00Z,"SPY",2021-02-26T16:00:00Z,Sell,352.3576863,355.960392366,881,-3173.98,8.81,-3534.85,0,3534.85,0,"	1661,1662" 
2021-03-01T15:00:00Z,"SPY",2021-03-01T20:58:00Z,Buy,360.214750692,362.374512468,845,1825,8.45,-291.06,3111.15,1388.41,1,"	1663,1664" 
2021-03-02T15:30:00Z,"SPY",2021-03-02T17:20:00Z,Sell,360.78261909,361.601839074,845,-692.24,8.45,-755.17,707.97,1463.15,0,"	1665,1666" 
2021-03-03T15:00:00Z,"SPY",2021-03-03T16:05:00Z,Sell,357.952586418,358.678713222,832,-604.14,8.32,-875.22,983.66,1858.88,0,"	1667,1668" 
2021-03-03T19:30:00Z,"SPY",2021-03-03T20:10:00Z,Sell,356.742375078,357.273006204,832,-441.49,8.32,-689.34,697.08,1386.42,0,"	1669,1670" 
2021-03-03T20:30:00Z,"SPY",2021-03-03T20:58:00Z,Sell,356.537570082,355.681112826,830,710.86,8.3,-401.79,780.4,734.04,1,"	1671,1672" 
2021-03-04T18:00:00Z,"SPY",2021-03-04T20:58:00Z,Sell,350.970597918,349.713839988,808,1015.46,8.08,-609.28,3813.62,4091.93,1,"	1673,1674" 
2021-03-05T16:00:00Z,"SPY",2021-03-05T17:15:00Z,Sell,349.462488402,349.834861122,794,-295.66,7.94,-620.89,1980.95,2601.84,0,"	1675,1676" 
2021-03-05T20:00:00Z,"SPY",2021-03-05T20:25:00Z,Buy,356.63997258,356.854086894,777,166.37,7.77,-426.77,405.07,672.7,1,"	1677,1678" 
2021-03-08T15:30:00Z,"SPY",2021-03-08T16:55:00Z,Buy,360.000636378,359.051085942,699,-663.74,6.99,-826.42,390.43,1216.85,0,"	1679,1680" 
2021-03-08T17:30:00Z,"SPY",2021-03-08T18:50:00Z,Buy,360.205441374,358.82766231,695,-957.56,6.95,-957.56,459.37,1416.92,0,"	1681,1682" 
2021-03-09T15:00:00Z,"SPY",2021-03-09T20:45:00Z,Buy,360.521958186,361.220157036,689,481.06,6.89,-28.86,1680.5,1199.44,1,"	1683,1684" 
2021-03-11T16:00:00Z,"SPY",2021-03-11T19:05:00Z,Buy,366.83367579,367.67151441,639,535.38,6.39,0,916.09,684.1,1,"	1685,1686" 
2021-03-19T14:00:00Z,"SPY",2021-03-19T14:55:00Z,Sell,362.879365959,363.97212291,727,-794.43,7.27,-957.4,794.43,1751.83,0,"	1687,1688" 
2021-03-22T14:00:00Z,"SPY",2021-03-22T19:58:00Z,Buy,365.475831193,366.736704598,833,1050.31,8.33,-202.28,2061.71,1159.23,1,"	1689,1690" 
2021-03-23T19:30:00Z,"SPY",2021-03-23T19:58:00Z,Sell,363.673249214,363.635890002,843,31.49,8.43,-267.7,496.03,763.73,1,"	1691,1692" 
2021-03-24T15:00:00Z,"SPY",2021-03-24T15:25:00Z,Buy,366.344432872,366.204335827,837,-117.26,8.37,-234.52,343.97,578.49,0,"	1693,1694" 
2021-03-25T19:30:00Z,"SPY",2021-03-25T19:58:00Z,Buy,363.757307441,363.990802516,843,196.84,8.43,-31.49,740.1,543.27,1,"	1695,1696" 
2021-03-26T14:30:00Z,"SPY",2021-03-26T15:05:00Z,Buy,366.185656221,365.849423313,838,-281.76,8.38,-516.57,117.4,633.97,0,"	1697,1698" 
2021-03-26T17:00:00Z,"SPY",2021-03-26T17:55:00Z,Buy,366.577927947,365.980180555,836,-499.72,8.36,-819.85,343.56,1163.4,0,"	1699,1700" 
2021-03-26T19:30:00Z,"SPY",2021-03-26T19:58:00Z,Buy,366.895481249,369.323830029,832,2020.39,8.32,0,2020.39,256.43,1,"	1701,1702" 
2021-03-29T14:30:00Z,"SPY",2021-03-29T15:40:00Z,Sell,367.14765593,368.128335245,842,-825.73,8.42,-898.08,165.15,1063.23,0,"	1703,1704" 
2021-03-31T14:00:00Z,"SPY",2021-03-31T19:55:00Z,Buy,369.996295845,370.50998501,831,426.88,8.31,-54.33,1416.45,1067.19,1,"	1705,1706" 
2021-04-01T14:30:00Z,"SPY",2021-04-01T19:15:00Z,Buy,372.863615366,373.31192591,827,370.75,8.27,-308.96,587.03,374.61,1,"	1707,1708" 
2021-04-05T14:00:00Z,"SPY",2021-04-05T19:58:00Z,Buy,377.841730365,379.75638998,818,1566.19,8.18,-229.2,1803.03,848.04,1,"	1709,1710" 
2021-04-09T18:00:00Z,"SPY",2021-04-09T18:55:00Z,Buy,382.754466743,382.791825955,816,30.49,8.16,-167.67,106.7,274.37,1,"	1711,1712" 
2021-04-09T19:30:00Z,"SPY",2021-04-09T19:58:00Z,Buy,383.454951968,384.202136208,814,608.21,8.14,0,688.04,220.48,1,"	1713,1714" 
2021-04-13T18:30:00Z,"SPY",2021-04-13T19:50:00Z,Buy,385.45366981,385.743203703,813,235.39,8.13,0,615.05,478.38,1,"	1715,1716" 
2021-04-14T14:00:00Z,"SPY",2021-04-14T15:10:00Z,Buy,386.509067549,386.051417202,812,-371.61,8.12,-508.12,21.23,529.36,0,"	1717,1718" 
2021-04-14T19:00:00Z,"SPY",2021-04-14T19:30:00Z,Sell,384.192796405,384.753184585,815,-456.72,8.15,-456.72,281.64,738.36,0,"	1719,1720" 
2021-04-15T14:30:00Z,"SPY",2021-04-15T19:58:00Z,Buy,387.190873168,388.190232089,807,806.48,8.07,0,1168.27,636.9,1,"	1721,1722" 
2021-04-19T15:00:00Z,"SPY",2021-04-19T19:58:00Z,Sell,387.919377802,387.489746864,809,347.57,8.09,-234.23,1129.61,933.15,1,"	1723,1724" 
2021-04-20T15:00:00Z,"SPY",2021-04-20T19:58:00Z,Sell,385.117436902,384.98667966,817,106.83,8.17,-160.24,1289.57,1449.82,1,"	1725,1726" 
2021-04-21T14:00:00Z,"SPY",2021-04-21T19:58:00Z,Buy,386.116795823,388.507785391,815,1948.66,8.15,-266.42,2093.28,372.99,1,"	1727,1728" 
2021-04-22T17:30:00Z,"SPY",2021-04-22T19:58:00Z,Sell,387.302950804,385.285553356,823,1660.32,8.23,-61.49,2698.02,1736.42,1,"	1729,1730" 
2021-04-23T14:00:00Z,"SPY",2021-04-23T19:58:00Z,Buy,386.85464026,389.460445297,832,2168.03,8.32,-15.54,3100.52,1076.24,1,"	1731,1732" 
2021-04-27T14:00:00Z,"SPY",2021-04-27T15:00:00Z,Sell,389.320348252,389.628561751,838,-258.28,8.38,-297.42,211.32,508.74,0,"	1733,1734" 
2021-05-04T14:00:00Z,"SPY",2021-05-04T18:20:00Z,Sell,386.537086958,386.649164594,843,-94.48,8.43,-511.77,1645.55,1968.36,0,"	1735,1736" 
2021-05-04T18:30:00Z,"SPY",2021-05-04T18:50:00Z,Sell,386.434349125,386.94803829,842,-432.53,8.42,-463.98,0,463.98,0,"	1737,1738" 
2021-05-04T19:00:00Z,"SPY",2021-05-04T19:20:00Z,Sell,386.733222821,386.48104814,839,211.57,8.39,-156.72,313.44,305.61,1,"	1739,1740" 
2021-05-04T19:30:00Z,"SPY",2021-05-04T19:50:00Z,Sell,386.555766564,386.733222821,841,-149.24,8.41,-534.12,125.68,659.8,0,"	1741,1742" 
2021-05-06T14:00:00Z,"SPY",2021-05-06T14:55:00Z,Sell,387.405688637,387.797960363,838,-328.72,8.38,-383.51,790.5,1174.01,0,"	1743,1744" 
2021-05-06T16:30:00Z,"SPY",2021-05-06T16:55:00Z,Buy,389.955454856,389.637901554,831,-263.89,8.31,-457.92,0,457.92,0,"	1745,1746" 
2021-05-07T14:00:00Z,"SPY",2021-05-07T19:58:00Z,Buy,393.159007285,394.578657341,823,1168.37,8.23,0,1429.72,1099.19,1,"	1747,1748" 
2021-05-10T18:30:00Z,"SPY",2021-05-10T19:58:00Z,Sell,392.056910531,390.441124612,831,1342.72,8.31,-54.33,1350.48,733.45,1,"	1749,1750" 
2021-05-11T14:30:00Z,"SPY",2021-05-11T15:30:00Z,Sell,384.659786555,386.555766564,854,-1619.17,8.54,-1619.17,1044.88,2664.05,0,"	1751,1752" 
2021-05-12T15:00:00Z,"SPY",2021-05-12T19:58:00Z,Sell,382.399554229,378.738351453,850,3112.02,8.5,-547.78,3604.23,1373.42,1,"	1753,1754" 
2021-05-13T14:00:00Z,"SPY",2021-05-13T16:00:00Z,Buy,382.978622015,382.614369698,865,-315.08,8.65,-593.8,1506.72,2100.52,0,"	1755,1756" 
2021-05-13T16:30:00Z,"SPY",2021-05-13T17:35:00Z,Buy,383.539010195,381.166700233,862,-2044.93,8.62,-2044.93,362.29,2407.22,0,"	1757,1758" 
2021-05-13T18:00:00Z,"SPY",2021-05-13T19:58:00Z,Buy,381.829826246,383.567029604,856,1487.05,8.56,0,2798.2,1311.16,1,"	1759,1760" 
2021-05-14T14:00:00Z,"SPY",2021-05-14T19:58:00Z,Buy,387.517766273,389.451105494,851,1645.27,8.51,-612.01,2034.73,802.77,1,"	1761,1762" 
2021-05-20T14:00:00Z,"SPY",2021-05-20T19:58:00Z,Buy,385.82726193,387.863338984,863,1757.13,8.63,-56.42,2821.09,1620.11,1,"	1763,1764" 
2021-05-21T14:00:00Z,"SPY",2021-05-21T14:20:00Z,Buy,390.581221657,389.525823918,861,-908.7,8.61,-940.86,0,940.86,0,"	1765,1766" 
2021-05-24T14:30:00Z,"SPY",2021-05-24T16:25:00Z,Buy,391.356425306,391.421803927,855,55.9,8.55,0,463.16,407.26,1,"	1767,1768" 
2021-05-24T17:30:00Z,"SPY",2021-05-24T19:55:00Z,Buy,391.926153289,391.823415456,854,-87.74,8.54,-111.67,526.43,638.1,0,"	1769,1770" 
2021-06-04T15:00:00Z,"SPY",2021-06-04T15:45:00Z,Buy,393.878172116,393.934210934,849,47.58,8.49,-39.65,222.03,261.67,1,"	1771,1772" 
2021-06-04T19:00:00Z,"SPY",2021-06-04T19:58:00Z,Buy,394.60667675,394.662715568,848,47.52,8.48,-110.88,261.37,229.68,1,"	1773,1774" 
2021-06-07T14:30:00Z,"SPY",2021-06-07T15:15:00Z,Sell,393.775434283,393.990249752,850,-182.59,8.5,-198.47,176.24,374.71,0,"	1775,1776" 
2021-06-08T15:30:00Z,"SPY",2021-06-08T15:50:00Z,Sell,393.140327679,394.074307979,850,-793.88,8.5,-841.52,0,841.52,0,"	1777,1778" 
2021-06-10T14:00:00Z,"SPY",2021-06-10T14:25:00Z,Buy,396.241142275,395.839530746,839,-336.95,8.39,-462.33,242.92,705.25,0,"	1779,1780" 
2021-06-14T16:30:00Z,"SPY",2021-06-14T17:40:00Z,Sell,395.437919217,395.465938626,839,-23.51,8.39,-70.52,203.74,274.26,0,"	1781,1782" 
2021-06-14T18:30:00Z,"SPY",2021-06-14T18:50:00Z,Sell,395.241783354,395.596695868,840,-298.13,8.4,-305.97,0,305.97,0,"	1783,1784" 
2021-06-15T14:30:00Z,"SPY",2021-06-15T17:50:00Z,Sell,396.343880108,396.455957744,836,-93.7,8.36,-93.7,566.09,659.78,0,"	1785,1786" 
2021-06-16T16:30:00Z,"SPY",2021-06-16T19:25:00Z,Sell,395.559336656,395.512637641,837,39.09,8.37,-78.17,2775.18,2736.1,1,"	1787,1788" 
2021-06-16T19:30:00Z,"SPY",2021-06-16T19:50:00Z,Sell,394.998948476,394.718754386,838,234.8,8.38,-500.91,266.11,767.02,1,"	1789,1790" 
2021-06-17T16:30:00Z,"SPY",2021-06-17T17:10:00Z,Sell,391.954172698,394.158366206,846,-1864.75,8.46,-1864.75,193.59,2058.33,0,"	1791,1792" 
2021-06-18T15:00:00Z,"SPY",2021-06-18T15:50:00Z,Sell,389.984846364,390.46273452,841,-401.9,8.41,-512.23,457.07,969.3,0,"	1793,1794" 
2021-06-18T19:00:00Z,"SPY",2021-06-18T19:30:00Z,Sell,389.675624616,390.331549536,839,-550.32,8.39,-817.62,196.54,1014.16,0,"	1795,1796" 
2021-06-21T14:00:00Z,"SPY",2021-06-21T19:58:00Z,Buy,391.568436528,394.454506176,832,2401.21,8.32,0,2409.01,459.19,1,"	1797,1798" 
2021-06-22T15:00:00Z,"SPY",2021-06-22T19:58:00Z,Buy,395.316578928,396.590947344,836,1065.37,8.36,-78.34,1629.39,697.19,1,"	1799,1800" 
2021-07-01T14:00:00Z,"SPY",2021-07-01T14:35:00Z,Buy,402.306864504,402.334975572,827,23.25,8.27,-139.49,201.48,278.97,1,"	1801,1802" 
2021-07-01T18:00:00Z,"SPY",2021-07-01T19:58:00Z,Buy,402.850345152,403.122085476,826,224.46,8.26,-69.66,445.05,321.21,1,"	1803,1804" 
2021-07-02T17:00:00Z,"SPY",2021-07-02T19:58:00Z,Buy,405.989414412,406.457932212,821,384.65,8.21,-169.25,600.06,309.26,1,"	1805,1806" 
2021-07-06T14:00:00Z,"SPY",2021-07-06T18:00:00Z,Sell,405.708303732,404.5651203,823,940.84,8.23,-46.27,2282.69,1372.7,1,"	1807,1808" 
2021-07-06T18:30:00Z,"SPY",2021-07-06T18:50:00Z,Sell,404.977415964,404.89308276,829,69.91,8.29,-178.66,77.68,178.66,1,"	1809,1810" 
2021-07-06T19:00:00Z,"SPY",2021-07-06T19:20:00Z,Sell,404.89308276,405.324119136,830,-357.76,8.3,-373.31,0,373.31,0,"	1811,1812" 
2021-07-09T14:00:00Z,"SPY",2021-07-09T19:58:00Z,Buy,406.289265804,408.163337004,825,1546.11,8.25,0,1623.41,448.37,1,"	1813,1814" 
2021-07-12T14:30:00Z,"SPY",2021-07-12T15:40:00Z,Buy,408.978557976,408.716188008,827,-216.98,8.27,-286.72,193.73,480.46,0,"	1815,1816" 
2021-07-12T18:30:00Z,"SPY",2021-07-12T19:58:00Z,Buy,409.456446132,409.512668268,825,46.38,8.25,-170.07,177.8,255.11,1,"	1817,1818" 
2021-07-15T18:00:00Z,"SPY",2021-07-15T19:05:00Z,Sell,405.530266968,406.917079656,833,-1155.21,8.33,-1233.27,0,1233.27,0,"	1819,1820" 
2021-07-16T14:30:00Z,"SPY",2021-07-16T16:10:00Z,Sell,405.951932988,406.748413248,827,-658.69,8.27,-658.69,178.23,836.92,0,"	1821,1822" 
2021-07-16T17:30:00Z,"SPY",2021-07-16T19:58:00Z,Sell,406.25178438,404.021639652,823,1835.41,8.23,-15.42,1981.93,566.82,1,"	1823,1824" 
2021-07-19T14:00:00Z,"SPY",2021-07-19T15:20:00Z,Sell,397.546723656,398.108945016,850,-477.89,8.5,-661.08,1202.69,1863.76,0,"	1825,1826" 
2021-07-19T15:30:00Z,"SPY",2021-07-19T15:50:00Z,Sell,397.612316148,398.352574272,847,-627,8.47,-761.92,31.75,793.67,0,"	1827,1828" 
2021-07-19T16:00:00Z,"SPY",2021-07-19T19:58:00Z,Sell,398.165167152,397.481131164,843,576.64,8.43,0,2259.17,1682.53,1,"	1829,1830" 
2021-07-20T14:00:00Z,"SPY",2021-07-20T19:58:00Z,Buy,401.2854957,404.293379976,839,2523.61,8.39,-224.06,3239.03,974.85,1,"	1831,1832" 
2021-07-21T14:00:00Z,"SPY",2021-07-21T14:35:00Z,Buy,406.364228652,405.7364148,841,-527.99,8.41,-598.92,0,598.92,0,"	1833,1834" 
2021-07-23T15:30:00Z,"SPY",2021-07-23T16:00:00Z,Buy,411.583516944,411.105628788,828,-395.69,8.28,-395.69,162.93,558.62,0,"	1835,1836" 
2021-07-23T17:30:00Z,"SPY",2021-07-23T19:20:00Z,Buy,412.126997592,411.817775844,825,-255.11,8.25,-475.43,100.5,575.93,0,"	1837,1838" 
2021-07-27T15:00:00Z,"SPY",2021-07-27T19:15:00Z,Sell,410.946332736,410.384111376,826,464.39,8.26,-317.34,1923.37,1776.31,1,"	1839,1840" 
2021-07-29T14:30:00Z,"SPY",2021-07-29T15:40:00Z,Buy,413.204588532,413.541921348,824,277.96,8.24,-84.93,528.9,366.76,1,"	1841,1842" 
2021-07-29T16:30:00Z,"SPY",2021-07-29T16:50:00Z,Buy,413.79492096,413.504439924,824,-239.36,8.24,-262.52,61.77,324.29,0,"	1843,1844" 
2021-08-03T14:00:00Z,"SPY",2021-08-03T14:35:00Z,Sell,408.92233584,409.606371828,832,-569.12,8.32,-1192.81,116.94,1309.75,0,"	1845,1846" 
2021-08-03T18:30:00Z,"SPY",2021-08-03T19:58:00Z,Buy,412.792292868,413.251440312,822,377.42,8.22,-277.29,385.12,308.1,1,"	1847,1848" 
2021-08-09T14:30:00Z,"SPY",2021-08-09T14:50:00Z,Sell,413.963587368,414.150994488,821,-153.86,8.21,-215.41,30.77,246.18,0,"	1849,1850" 
2021-08-10T14:30:00Z,"SPY",2021-08-10T14:50:00Z,Buy,415.209844716,414.563290152,818,-528.88,8.18,-789.49,0,789.49,0,"	1851,1852" 
2021-08-12T19:00:00Z,"SPY",2021-08-12T19:58:00Z,Buy,416.849657016,417.140138052,812,235.87,8.12,0,262.5,224.46,1,"	1853,1854" 
2021-08-16T14:00:00Z,"SPY",2021-08-16T15:35:00Z,Sell,415.462844328,416.156250672,816,-565.82,8.16,-565.82,336.43,902.25,0,"	1855,1856" 
2021-08-17T16:00:00Z,"SPY",2021-08-17T19:58:00Z,Sell,415.15362258,415.865769636,814,-579.69,8.14,-617.83,1556,2173.83,0,"	1857,1858" 
2021-08-18T19:30:00Z,"SPY",2021-08-18T19:58:00Z,Sell,413.738698824,411.667850148,814,1685.67,8.14,0,1685.67,503.41,1,"	1859,1860" 
2021-08-19T16:00:00Z,"SPY",2021-08-19T17:45:00Z,Buy,412.979699988,412.089516168,823,-732.62,8.23,-1164.48,231.35,1395.84,0,"	1861,1862" 
2021-08-19T19:30:00Z,"SPY",2021-08-19T19:58:00Z,Buy,413.13899604,411.705331572,820,-1175.6,8.2,-1221.71,23.05,1244.76,0,"	1863,1864" 
2021-08-20T14:00:00Z,"SPY",2021-08-20T19:58:00Z,Buy,414.02917986,415.706473584,812,1361.96,8.12,-30.43,1392.4,760.87,1,"	1865,1866" 
2021-08-23T14:00:00Z,"SPY",2021-08-23T19:58:00Z,Buy,418.24584006,419.0891721,810,683.1,8.1,-129.03,1404.15,766.59,1,"	1867,1868" 
2021-08-25T16:30:00Z,"SPY",2021-08-25T16:50:00Z,Buy,421.01009508,420.832058316,808,-143.85,8.08,-159,15.14,174.14,0,"	1869,1870" 
2021-08-26T14:30:00Z,"SPY",2021-08-26T16:20:00Z,Sell,419.37028278,419.773208088,811,-326.77,8.11,-387.57,904.32,1291.89,0,"	1871,1872" 
2021-08-26T17:30:00Z,"SPY",2021-08-26T17:50:00Z,Sell,419.22972744,419.314060644,809,-68.23,8.09,-280.48,7.58,288.06,0,"	1873,1874" 
2021-08-26T18:00:00Z,"SPY",2021-08-26T19:58:00Z,Sell,419.304690288,418.348913976,809,773.22,8.09,0,958.95,549.59,1,"	1875,1876" 
2021-08-27T14:30:00Z,"SPY",2021-08-27T19:58:00Z,Buy,421.028835792,421.834686408,809,651.93,8.09,-280.48,947.58,424.51,1,"	1877,1878" 
2021-08-30T14:30:00Z,"SPY",2021-08-30T19:50:00Z,Buy,423.708757608,424.05546078,807,279.79,8.07,-60.5,635.2,476.4,1,"	1879,1880" 
2021-08-31T14:00:00Z,"SPY",2021-08-31T14:20:00Z,Sell,422.706129516,423.418276572,810,-576.84,8.1,-622.38,0,622.38,0,"	1881,1882" 
2021-09-07T14:00:00Z,"SPY",2021-09-07T16:20:00Z,Sell,423.296461944,423.3058323,806,-7.55,8.06,-67.97,672.17,740.15,0,"	1883,1884" 
2021-09-08T15:00:00Z,"SPY",2021-09-08T15:20:00Z,Sell,421.122539352,421.694131068,810,-462.99,8.1,-637.56,0,637.56,0,"	1885,1886" 
2021-09-08T16:00:00Z,"SPY",2021-09-08T16:20:00Z,Sell,421.075687572,422.237611716,808,-938.83,8.08,-938.83,83.28,1022.12,0,"	1887,1888" 
2021-09-09T14:00:00Z,"SPY",2021-09-09T15:05:00Z,Buy,423.362054436,423.35268408,799,-7.49,7.99,-89.84,501.62,531.57,0,"	1889,1890" 
2021-09-09T18:00:00Z,"SPY",2021-09-09T18:25:00Z,Sell,421.019465436,421.122539352,804,-82.87,8.04,-192.11,429.42,621.54,0,"	1891,1892" 
2021-09-10T15:30:00Z,"SPY",2021-09-10T16:15:00Z,Sell,419.323431,420.372910872,807,-846.93,8.07,-914.99,37.81,952.8,0,"	1893,1894" 
2021-09-10T19:30:00Z,"SPY",2021-09-10T19:58:00Z,Sell,418.71435786,417.327545172,804,1115,8.04,-30.14,1145.13,180.81,1,"	1895,1896" 
2021-09-14T15:00:00Z,"SPY",2021-09-14T15:40:00Z,Sell,416.943360576,417.767951904,812,-669.57,8.12,-698.48,0,698.48,0,"	1897,1898" 
2021-09-14T17:00:00Z,"SPY",2021-09-14T19:58:00Z,Sell,416.868397728,415.987584264,809,712.58,8.09,-235,1182.58,742.9,1,"	1899,1900" 
2021-09-15T16:30:00Z,"SPY",2021-09-15T19:58:00Z,Buy,417.87102582,419.595171324,811,1398.28,8.11,0,1854.24,554.75,1,"	1901,1902" 
2021-09-16T14:00:00Z,"SPY",2021-09-16T16:35:00Z,Sell,418.049062584,417.814803684,817,191.39,8.17,0,1584.71,1393.32,1,"	1903,1904" 
2021-09-16T17:00:00Z,"SPY",2021-09-16T17:20:00Z,Sell,417.889766532,418.002210804,818,-91.98,8.18,-91.98,279.77,371.75,0,"	1905,1906" 
2021-09-17T14:00:00Z,"SPY",2021-09-17T19:58:00Z,Sell,416.897319573,415.327456614,820,1287.29,8.2,-115.62,1880.83,1123.87,1,"	1907,1908" 
2021-09-20T16:00:00Z,"SPY",2021-09-20T19:58:00Z,Sell,406.923519576,408.192570471,846,-1073.62,8.46,-1073.62,3133.37,4206.99,0,"	1909,1910" 
2021-09-22T14:30:00Z,"SPY",2021-09-22T19:05:00Z,Buy,411.17248998,411.304095258,832,109.5,8.32,-391.06,2025.67,2416.72,1,"	1911,1912" 
2021-09-22T19:30:00Z,"SPY",2021-09-22T19:58:00Z,Buy,412.6765503,411.567305814,830,-920.67,8.3,-920.67,163.85,1084.52,0,"	1913,1914" 
2021-09-23T14:00:00Z,"SPY",2021-09-23T19:58:00Z,Buy,415.694071317,416.793915426,819,900.77,8.19,0,2033.28,1247.99,1,"	1915,1916" 
2021-09-28T14:00:00Z,"SPY",2021-09-28T19:00:00Z,Sell,411.745912977,409.724831922,831,1679.52,8.31,0,3898.04,2435.69,1,"	1917,1918" 
2021-09-28T19:30:00Z,"SPY",2021-09-28T19:58:00Z,Sell,408.709591206,408.032764062,846,572.6,8.46,-429.45,1010,437.4,1,"	1919,1920" 
2021-09-30T16:00:00Z,"SPY",2021-09-30T18:20:00Z,Sell,406.331295825,406.237292055,853,80.19,8.53,-681.57,1776.1,2457.68,1,"	1921,1922" 
2021-10-01T18:30:00Z,"SPY",2021-10-01T19:58:00Z,Buy,408.013963308,408.455781027,850,375.55,8.5,-71.91,1557.31,1509.37,1,"	1923,1924" 
2021-10-04T14:30:00Z,"SPY",2021-10-04T19:58:00Z,Sell,404.178609492,402.80615445,860,1180.31,8.6,0,2829.51,2223.19,1,"	1925,1926" 
2021-10-05T14:30:00Z,"SPY",2021-10-05T19:58:00Z,Buy,407.731951998,407.572145589,831,-132.8,8.31,-421.83,1320.18,1702.95,0,"	1927,1928" 
2021-10-07T14:00:00Z,"SPY",2021-10-07T17:00:00Z,Buy,414.255813636,414.707031732,795,358.72,7.95,-93.42,665.12,758.54,1,"	1929,1930" 
2021-10-11T14:00:00Z,"SPY",2021-10-11T15:00:00Z,Buy,413.05256538,413.278174428,848,191.32,8.48,-15.94,597.86,470.32,1,"	1931,1932" 
2021-10-14T15:30:00Z,"SPY",2021-10-14T19:58:00Z,Buy,414.688230978,415.675270563,846,835.04,8.46,-55.67,1200.86,675.98,1,"	1933,1934" 
2021-10-28T14:00:00Z,"SPY",2021-10-28T19:58:00Z,Buy,429.381020229,430.744074894,821,1119.07,8.21,-416.76,1126.79,1080.48,1,"	1935,1936" 
2021-11-02T14:00:00Z,"SPY",2021-11-02T14:25:00Z,Buy,433.507785732,433.498385355,818,-7.69,8.18,-238.37,153.79,392.16,0,"	1937,1938" 
2021-11-02T15:00:00Z,"SPY",2021-11-02T16:15:00Z,Buy,433.92140232,433.723994403,817,-161.28,8.17,-357.13,468.49,825.61,0,"	1939,1940" 
2021-11-02T16:30:00Z,"SPY",2021-11-02T18:20:00Z,Buy,434.01540609,433.883800812,816,-107.39,8.16,-326.01,291.49,617.49,0,"	1941,1942" 
2021-11-02T19:00:00Z,"SPY",2021-11-02T19:58:00Z,Buy,434.222214384,433.893201189,815,-268.15,8.15,-383.07,61.29,444.36,0,"	1943,1944" 
2021-11-03T19:00:00Z,"SPY",2021-11-03T19:58:00Z,Buy,436.111690161,437.061128238,810,769.04,8.1,0,887.07,361.68,1,"	1945,1946" 
2021-11-04T14:00:00Z,"SPY",2021-11-04T15:20:00Z,Buy,438.395981772,438.085769331,810,-251.27,8.1,-392.14,479.7,871.84,0,"	1947,1948" 
2021-11-05T14:00:00Z,"SPY",2021-11-05T14:40:00Z,Buy,442.062128802,441.902322393,802,-128.16,8.02,-256.33,286.49,542.82,0,"	1949,1950" 
2021-11-09T15:00:00Z,"SPY",2021-11-09T20:58:00Z,Sell,438.960004392,439.317218718,807,-288.27,8.07,-762.4,682.75,1202.4,0,"	1951,1952" 
2021-11-10T19:00:00Z,"SPY",2021-11-10T20:58:00Z,Sell,436.384301094,436.224494685,810,129.44,8.1,-38.07,1591.39,1629.46,1,"	1953,1954" 
2021-11-12T16:30:00Z,"SPY",2021-11-12T20:58:00Z,Buy,438.837799491,439.18561344,806,280.34,8.06,-386.41,704.63,795.55,1,"	1955,1956" 
2021-11-16T15:00:00Z,"SPY",2021-11-16T15:40:00Z,Buy,440.417062827,440.266656795,805,-121.08,8.05,-317.83,378.37,696.19,0,"	1957,1958" 
2021-11-16T16:30:00Z,"SPY",2021-11-16T20:58:00Z,Buy,441.582709575,441.187893741,802,-316.64,8.02,-324.18,535.28,859.46,0,"	1959,1960" 
2021-11-17T15:00:00Z,"SPY",2021-11-17T15:45:00Z,Sell,439.533427389,440.492265843,804,-770.91,8.04,-929.62,0,929.62,0,"	1961,1962" 
2021-11-18T15:30:00Z,"SPY",2021-11-18T16:25:00Z,Sell,438.818998737,439.975245108,802,-927.31,8.02,-980.08,0,980.08,0,"	1963,1964" 
2021-11-22T15:00:00Z,"SPY",2021-11-22T16:20:00Z,Buy,444.35582079,443.97980571,788,-296.3,7.88,-370.37,555.56,925.94,0,"	1965,1966" 
2021-11-22T16:30:00Z,"SPY",2021-11-22T16:50:00Z,Buy,443.876401563,443.067969141,787,-636.24,7.87,-643.63,147.96,791.6,0,"	1967,1968" 
2021-11-23T15:00:00Z,"SPY",2021-11-23T15:20:00Z,Buy,440.482865466,439.054008162,790,-1128.8,7.9,-1373.87,0,1373.87,0,"	1969,1970" 
2021-11-23T16:00:00Z,"SPY",2021-11-23T17:40:00Z,Sell,437.173932762,438.330179133,791,-914.59,7.91,-1390.48,438.71,1829.18,0,"	1971,1972" 
2021-11-23T18:00:00Z,"SPY",2021-11-23T19:10:00Z,Sell,437.559348219,438.414782526,786,-672.37,7.86,-1049.19,317.71,1366.91,0,"	1973,1974" 
2021-11-24T20:30:00Z,"SPY",2021-11-24T20:58:00Z,Buy,441.216094872,441.150292233,777,-51.13,7.77,-292.16,94.95,343.29,0,"	1975,1976" 
2021-11-26T15:00:00Z,"SPY",2021-11-26T17:45:00Z,Sell,433.808597796,433.084768767,790,571.82,7.9,0,2450.68,2446.97,1,"	1977,1978" 
2021-11-29T17:30:00Z,"SPY",2021-11-29T20:58:00Z,Buy,437.747355759,437.437143318,785,-243.52,7.85,-494.41,619.86,1114.27,0,"	1979,1980" 
2021-11-30T16:00:00Z,"SPY",2021-11-30T20:58:00Z,Sell,430.546666977,428.732394216,797,1445.98,7.97,-1277.4,1880.52,2547.31,1,"	1981,1982" 
2021-12-01T16:00:00Z,"SPY",2021-12-01T17:10:00Z,Buy,435.669872442,435.209253969,794,-365.73,7.94,-738.93,880.74,1619.67,0,"	1983,1984" 
2021-12-01T20:30:00Z,"SPY",2021-12-01T20:58:00Z,Sell,426.617309391,424.549226451,809,1673.08,8.09,-1072.29,1673.08,1239.6,1,"	1985,1986" 
2021-12-02T15:00:00Z,"SPY",2021-12-02T15:50:00Z,Buy,428.553787053,426.429301851,813,-1727.21,8.13,-2950.01,320.99,3270.99,0,"	1987,1988" 
2021-12-02T16:00:00Z,"SPY",2021-12-02T20:58:00Z,Buy,427.641950484,429.428022114,807,1441.36,8.07,-462.75,3057.2,1972.39,1,"	1989,1990" 
2021-12-03T15:00:00Z,"SPY",2021-12-03T20:58:00Z,Sell,428.102568957,426.391700343,790,1351.59,7.9,-193.08,4782.54,3430.95,1,"	1991,1992" 
2021-12-06T15:30:00Z,"SPY",2021-12-06T16:20:00Z,Buy,430.640670747,430.104849258,800,-428.66,8,-962.6,154.17,1116.76,0,"	1993,1994" 
2021-12-06T17:30:00Z,"SPY",2021-12-06T20:58:00Z,Buy,431.19529299,431.326898268,797,104.89,7.97,-202.29,1475.94,1610.8,1,"	1995,1996" 
2021-12-07T15:00:00Z,"SPY",2021-12-07T20:40:00Z,Buy,439.232615325,438.884801376,738,-256.69,7.38,-256.69,1085.72,1342.4,0,"	1997,1998" 
2021-12-13T15:00:00Z,"SPY",2021-12-13T17:25:00Z,Sell,440.59566999,439.721434929,635,555.14,6.35,-346.22,1152.06,698.4,1,"	1999,2000" 
2021-12-13T18:00:00Z,"SPY",2021-12-13T19:10:00Z,Sell,439.486425504,439.815438699,639,-210.24,6.39,-210.24,294.34,504.57,0,"	2001,2002" 
2021-12-15T15:00:00Z,"SPY",2021-12-15T15:40:00Z,Sell,434.024806467,435.058847937,630,-651.45,6.3,-651.45,82.91,734.36,0,"	2003,2004" 
2021-12-15T20:30:00Z,"SPY",2021-12-15T20:58:00Z,Buy,441.375901281,442.118531064,617,458.2,6.17,-719.2,464,1061.41,1,"	2005,2006" 
2021-12-16T19:30:00Z,"SPY",2021-12-16T20:58:00Z,Sell,438.875400999,438.941203638,592,-38.96,5.92,-731.8,1149.18,1880.98,0,"	2007,2008" 
2021-12-17T15:30:00Z,"SPY",2021-12-17T15:50:00Z,Sell,433.389860046,436.795322139,659,-2244.2,6.59,-2244.2,276.64,2520.84,0,"	2009,2010" 
2021-12-20T15:30:00Z,"SPY",2021-12-20T17:10:00Z,Sell,426.720437055,426.937405554,663,-143.85,6.63,-525.37,750.52,1107.02,0,"	2011,2012" 
2021-12-21T18:00:00Z,"SPY",2021-12-21T20:58:00Z,Buy,435.691612818,436.700988009,695,701.52,6.95,-367.15,701.52,963.76,1,"	2013,2014" 
2021-12-22T16:00:00Z,"SPY",2021-12-22T19:15:00Z,Buy,439.719680169,439.427244366,670,-195.93,6.7,-341.3,467.71,809.01,0,"	2015,2016" 
2021-12-22T20:00:00Z,"SPY",2021-12-22T20:58:00Z,Buy,439.898915016,441.20072601,669,870.91,6.69,-126.22,896.16,371.72,1,"	2017,2018" 
2021-12-23T15:00:00Z,"SPY",2021-12-23T15:50:00Z,Buy,443.530779021,444.115650627,687,401.81,6.87,-58.33,405.05,239.79,1,"	2019,2020" 
2021-12-23T16:00:00Z,"SPY",2021-12-23T17:20:00Z,Buy,444.398653017,444.266585235,687,-90.73,6.87,-116.65,213.86,330.52,0,"	2021,2022" 
2021-12-23T19:30:00Z,"SPY",2021-12-23T20:20:00Z,Buy,444.842023428,444.87975708,686,25.89,6.86,-181.2,155.31,336.51,1,"	2023,2024" 
2021-12-27T15:30:00Z,"SPY",2021-12-27T20:58:00Z,Buy,447.766381458,450.124734708,703,1657.92,7.03,-126,1657.92,537.17,1,"	2025,2026" 
2022-01-04T19:00:00Z,"SPY",2022-01-04T19:20:00Z,Sell,448.766323236,449.558729928,783,-620.45,7.83,-642.61,0,642.61,0,"	2027,2028" 
2022-01-05T19:30:00Z,"SPY",2022-01-05T20:58:00Z,Sell,446.57777142,442.23840144,784,3402.07,7.84,-295.83,3416.86,673.02,1,"	2029,2030" 
2022-01-06T15:00:00Z,"SPY",2022-01-06T15:40:00Z,Sell,440.578120752,442.389336048,810,-1467.08,8.1,-1543.5,1115.6,2659.09,0,"	2031,2032" 
2022-01-07T16:00:00Z,"SPY",2022-01-07T17:05:00Z,Sell,438.889539825,440.813956077,807,-1553,8.07,-2108.74,281.67,2390.41,0,"	2033,2034" 
2022-01-10T15:00:00Z,"SPY",2022-01-10T16:35:00Z,Sell,433.314392742,433.257792264,810,45.85,8.1,-550.16,1971.39,2521.55,1,"	2035,2036" 
2022-01-10T17:00:00Z,"SPY",2022-01-10T18:10:00Z,Sell,433.437027111,433.682295849,810,-198.67,8.1,-374.41,1100.31,1474.73,0,"	2037,2038" 
2022-01-10T18:30:00Z,"SPY",2022-01-10T18:50:00Z,Sell,434.446402302,435.295409472,807,-685.15,8.07,-737.68,220.77,958.45,0,"	2039,2040" 
2022-01-11T15:00:00Z,"SPY",2022-01-11T15:20:00Z,Sell,436.625520705,437.974498764,800,-1079.18,8,-1260.3,0,1260.3,0,"	2041,2042" 
2022-01-11T16:00:00Z,"SPY",2022-01-11T16:20:00Z,Sell,437.172658659,439.97438232,794,-2224.57,7.94,-2306.96,0,2306.96,0,"	2043,2044" 
2022-01-11T17:00:00Z,"SPY",2022-01-11T20:58:00Z,Buy,441.059224815,442.794972807,777,1348.68,7.77,-579.05,1568.57,864.91,1,"	2045,2046" 
2022-01-13T17:30:00Z,"SPY",2022-01-13T20:58:00Z,Sell,441.219592836,438.031099242,783,2496.59,7.83,-1019.32,3124.43,1506.82,1,"	2047,2048" 
2022-01-18T15:00:00Z,"SPY",2022-01-18T19:50:00Z,Sell,432.14464953,432.371051442,810,-183.39,8.1,-1085.03,1963.75,2162.42,0,"	2049,2050" 
2022-01-18T20:30:00Z,"SPY",2022-01-18T20:58:00Z,Sell,431.144707752,430.314567408,812,674.07,8.12,-15.32,1210.27,1045.58,1,"	2051,2052" 
2022-01-19T15:00:00Z,"SPY",2022-01-19T15:20:00Z,Buy,433.46532735,431.720145945,810,-1413.6,8.1,-1451.8,0,1451.8,0,"	2053,2054" 
2022-01-19T19:30:00Z,"SPY",2022-01-19T20:00:00Z,Sell,428.720320611,429.569327781,812,-689.39,8.12,-1018.77,53.62,1072.39,0,"	2055,2056" 
2022-01-20T15:00:00Z,"SPY",2022-01-20T18:20:00Z,Buy,430.842838536,429.927797475,805,-736.61,8.05,-941.64,1518.78,2460.42,0,"	2057,2058" 
2022-01-20T18:30:00Z,"SPY",2022-01-20T18:50:00Z,Buy,429.88063041,429.890063823,804,7.58,8.04,-212.36,227.53,341.3,1,"	2059,2060" 
2022-01-21T15:00:00Z,"SPY",2022-01-21T15:50:00Z,Sell,418.485067506,420.343449867,826,-1535.02,8.26,-1588.79,2166.18,3754.96,0,"	2061,2062" 
2022-01-21T17:30:00Z,"SPY",2022-01-21T20:58:00Z,Sell,418.447333854,414.381532851,818,3325.83,8.18,-335.67,4251.81,2260.94,1,"	2063,2064" 
2022-01-24T15:00:00Z,"SPY",2022-01-24T18:50:00Z,Sell,404.759451591,405.495257805,862,-634.26,8.62,-1406.77,6533.74,7192.4,0,"	2065,2066" 
2022-01-24T19:30:00Z,"SPY",2022-01-24T20:05:00Z,Sell,404.212313637,406.381998627,860,-1865.93,8.6,-2531.17,1541.42,4072.59,0,"	2067,2068" 
2022-01-25T15:00:00Z,"SPY",2022-01-25T15:45:00Z,Sell,404.825485482,408.532816791,850,-3151.23,8.5,-3151.23,1395.2,4546.43,0,"	2069,2070" 
2022-01-25T16:00:00Z,"SPY",2022-01-25T16:35:00Z,Sell,406.693301256,406.67443443,830,15.66,8.3,-1346.71,829.95,2176.67,1,"	2071,2072" 
2022-01-25T17:00:00Z,"SPY",2022-01-25T17:25:00Z,Sell,405.44809074,407.90077812,833,-2043.09,8.33,-2043.09,47.15,2090.24,0,"	2073,2074" 
2022-01-27T15:00:00Z,"SPY",2022-01-27T15:35:00Z,Buy,415.362607803,412.438249773,803,-2348.26,8.03,-2719.44,810.53,3529.96,0,"	2075,2076" 
2022-01-27T18:30:00Z,"SPY",2022-01-27T19:15:00Z,Sell,405.929194803,408.410182422,810,-2009.6,8.1,-2544.47,0,2544.47,0,"	2077,2078" 
2022-01-27T19:30:00Z,"SPY",2022-01-27T20:35:00Z,Sell,406.448032518,407.05177095,799,-482.39,7.99,-1560.22,798.95,2253.65,0,"	2079,2080" 
2022-01-28T15:00:00Z,"SPY",2022-01-28T15:25:00Z,Sell,404.212313637,406.598967126,801,-1911.71,8.01,-2773.11,324.92,3098.03,0,"	2081,2082" 
2022-01-28T16:30:00Z,"SPY",2022-01-28T19:30:00Z,Buy,410.372332326,408.098879793,780,-1773.29,7.8,-1927.81,1824.8,3752.61,0,"	2083,2084" 
2022-01-28T20:00:00Z,"SPY",2022-01-28T20:58:00Z,Buy,411.362840691,416.305949103,769,3801.25,7.69,-290.17,3808.5,971.35,1,"	2085,2086" 
2022-01-31T15:30:00Z,"SPY",2022-01-31T20:58:00Z,Buy,419.202006894,424.69225326,676,3711.41,6.76,-299.72,3717.78,1504.97,1,"	2087,2088" 
2022-02-04T18:30:00Z,"SPY",2022-02-04T20:58:00Z,Buy,424.277183088,423.777212199,567,-283.48,5.67,-283.48,1513.69,1797.18,0,"	2089,2090" 
2022-02-08T17:00:00Z,"SPY",2022-02-08T19:40:00Z,Buy,424.579052304,423.003672333,589,-927.9,5.89,-939.01,630.64,1569.65,0,"	2091,2092" 
2022-02-11T18:00:00Z,"SPY",2022-02-11T18:20:00Z,Sell,421.371691884,421.682994513,594,-184.91,5.94,-515.52,106.47,621.98,0,"	2093,2094" 
2022-02-11T18:30:00Z,"SPY",2022-02-11T20:58:00Z,Sell,420.418917171,416.305949103,595,2447.22,5.95,0,3682.05,1835.41,1,"	2095,2096" 
2022-02-14T16:00:00Z,"SPY",2022-02-14T16:35:00Z,Sell,413.051421618,414.97583787,567,-1091.14,5.67,-1171.38,64.18,1235.56,0,"	2097,2098" 
2022-02-14T19:00:00Z,"SPY",2022-02-14T19:45:00Z,Sell,411.523208712,412.730685576,565,-682.22,5.65,-1076.64,351.77,1428.41,0,"	2099,2100" 
2022-02-15T16:00:00Z,"SPY",2022-02-15T17:00:00Z,Buy,420.267982563,420.343449867,566,42.71,5.66,-336.38,234.93,571.31,1,"	2101,2102" 
2022-02-17T15:00:00Z,"SPY",2022-02-17T17:40:00Z,Sell,415.805978214,416.419150059,557,-341.54,5.57,-646.29,472.9,1119.19,0,"	2103,2104" 
2022-02-17T18:00:00Z,"SPY",2022-02-17T20:58:00Z,Sell,416.145581082,412.2401481,556,2171.42,5.56,-52.45,2365.48,726.43,1,"	2105,2106" 
2022-02-18T16:00:00Z,"SPY",2022-02-18T19:35:00Z,Sell,410.787402498,411.702443559,578,-528.89,5.78,-757.9,1919.28,2677.18,0,"	2107,2108" 
2022-02-22T18:00:00Z,"SPY",2022-02-22T20:05:00Z,Sell,405.099054459,408.136613445,626,-1901.51,6.26,-1901.51,2001.9,3903.41,0,"	2109,2110" 
2022-02-23T16:00:00Z,"SPY",2022-02-23T17:05:00Z,Sell,403.872710769,404.382115071,626,-318.89,6.26,-490.14,814.93,1305.07,0,"	2111,2112" 
2022-02-23T18:30:00Z,"SPY",2022-02-23T20:58:00Z,Sell,401.599258236,397.514590407,628,2565.17,6.28,-805.69,2571.1,1131.52,1,"	2113,2114" 
2022-02-25T15:30:00Z,"SPY",2022-02-25T20:58:00Z,Buy,407.410240644,412.532583903,633,3242.44,6.33,-644.91,3457.41,1492.84,1,"	2115,2116" 
2022-03-01T17:00:00Z,"SPY",2022-03-01T20:58:00Z,Sell,405.391490262,405.287722719,584,60.6,5.84,-1206.5,1272.61,1994.3,1,"	2117,2118" 
2022-03-02T15:30:00Z,"SPY",2022-03-02T20:58:00Z,Buy,409.749727068,413.098588683,573,1918.9,5.73,-464.86,2708.08,1027.02,1,"	2119,2120" 
2022-03-03T16:00:00Z,"SPY",2022-03-03T16:35:00Z,Sell,410.249697957,411.249639735,565,-564.97,5.65,-623.6,511.67,1135.26,0,"	2121,2122" 
2022-03-04T16:00:00Z,"SPY",2022-03-04T16:35:00Z,Sell,404.212313637,404.419848723,595,-123.48,5.95,-415.35,297.48,712.84,0,"	2123,2124" 
2022-03-07T15:00:00Z,"SPY",2022-03-07T20:58:00Z,Sell,403.56140814,396.552382281,627,4394.66,6.27,-384.46,4850.09,1165.21,1,"	2125,2126" 
2022-03-08T15:30:00Z,"SPY",2022-03-08T16:00:00Z,Sell,392.769583668,395.590174155,582,-1641.58,5.82,-1663.54,395.3,2058.84,0,"	2127,2128" 
2022-03-08T17:30:00Z,"SPY",2022-03-08T18:45:00Z,Buy,399.825776592,398.0900286,566,-982.43,5.66,-1265.42,1681.88,2947.3,0,"	2129,2130" 
2022-03-14T15:00:00Z,"SPY",2022-03-14T15:25:00Z,Buy,400.278580416,398.580566076,541,-918.63,5.41,-918.63,0,918.63,0,"	2131,2132" 
2022-03-15T16:30:00Z,"SPY",2022-03-15T17:25:00Z,Buy,400.052178504,398.995636248,542,-572.65,5.42,-823.18,117.6,940.78,0,"	2133,2134" 
2022-03-15T19:30:00Z,"SPY",2022-03-15T19:58:00Z,Buy,401.655858714,401.740759431,538,45.68,5.38,-106.58,426.31,431.39,1,"	2135,2136" 
2022-03-16T14:00:00Z,"SPY",2022-03-16T15:25:00Z,Buy,407.457407709,408.325281705,515,446.96,5.15,-548.98,1170.83,1029.94,1,"	2137,2138" 
2022-03-17T18:00:00Z,"SPY",2022-03-17T18:30:00Z,Buy,414.551334285,413.457058377,491,-537.29,4.91,-537.29,85.69,622.98,0,"	2139,2140" 
2022-03-22T14:30:00Z,"SPY",2022-03-22T16:15:00Z,Buy,424.469186183,424.667903282,513,101.94,5.13,-101.94,543.69,548.54,1,"	2141,2142" 
2022-03-24T16:00:00Z,"SPY",2022-03-24T16:20:00Z,Buy,424.327245398,423.712168663,514,-316.15,5.14,-369.65,19.46,389.11,0,"	2143,2144" 
2022-04-04T14:00:00Z,"SPY",2022-04-04T14:20:00Z,Buy,430.099503988,429.683144352,711,-296.03,7.11,-599.46,84.1,683.56,0,"	2145,2146" 
2022-04-04T15:30:00Z,"SPY",2022-04-04T17:10:00Z,Buy,430.752431599,430.487475467,709,-187.85,7.09,-295.2,315.33,610.53,0,"	2147,2148" 
2022-04-04T18:00:00Z,"SPY",2022-04-04T19:45:00Z,Buy,431.235030268,431.386433772,707,107.04,7.07,-401.41,421.48,421.48,1,"	2149,2150" 
2022-04-05T16:30:00Z,"SPY",2022-04-05T17:10:00Z,Sell,428.443528163,429.919712327,771,-1138.14,7.71,-1138.14,3.65,1141.79,0,"	2151,2152" 
2022-04-05T18:30:00Z,"SPY",2022-04-05T19:58:00Z,Sell,428.594931667,426.456357173,765,1636.01,7.65,-155.64,2113.06,752.13,1,"	2153,2154" 
2022-04-06T14:00:00Z,"SPY",2022-04-06T16:00:00Z,Sell,421.639833202,421.952102929,800,-249.82,8,-545.05,666.18,1211.23,0,"	2155,2156" 
2022-04-06T16:30:00Z,"SPY",2022-04-06T16:50:00Z,Sell,420.977442872,421.223473566,800,-196.82,8,-249.82,7.57,249.82,0,"	2157,2158" 
2022-04-06T18:30:00Z,"SPY",2022-04-06T18:50:00Z,Sell,420.674635864,422.141357309,799,-1171.91,7.99,-1716.28,15.12,1731.4,0,"	2159,2160" 
2022-04-07T19:00:00Z,"SPY",2022-04-07T19:58:00Z,Buy,425.112651075,424.630052406,777,-374.98,7.77,-499.97,992.59,1492.56,0,"	2161,2162" 
2022-04-08T14:00:00Z,"SPY",2022-04-08T14:40:00Z,Sell,422.13189459,423.674317787,801,-1235.48,8.01,-1356.76,0,1356.76,0,"	2163,2164" 
2022-04-11T14:30:00Z,"SPY",2022-04-11T19:58:00Z,Sell,418.971346444,416.066291711,801,2326.95,8.01,-15.16,2433.06,1053.57,1,"	2165,2166" 
2022-04-12T14:00:00Z,"SPY",2022-04-12T14:45:00Z,Buy,421.157234533,419.170063543,773,-1536.08,7.73,-1594.6,0,1594.6,0,"	2167,2168" 
2022-04-12T19:30:00Z,"SPY",2022-04-12T19:55:00Z,Sell,413.568133895,414.883451836,780,-1025.95,7.8,-1048.09,84.88,1132.97,0,"	2169,2170" 
2022-04-13T15:00:00Z,"SPY",2022-04-13T19:58:00Z,Buy,416.198769777,419.529646865,806,2684.69,8.06,0,3218.57,938.12,1,"	2171,2172" 
2022-04-14T14:30:00Z,"SPY",2022-04-14T19:58:00Z,Sell,417.58978947,414.363002291,816,2633.06,8.16,-648.61,2640.78,1667.86,1,"	2173,2174" 
2022-04-19T14:00:00Z,"SPY",2022-04-19T19:58:00Z,Buy,417.703342098,420.750337616,828,2522.91,8.28,-125.36,3392.61,1245.79,1,"	2175,2176" 
2022-04-21T18:00:00Z,"SPY",2022-04-21T19:58:00Z,Sell,418.006149106,414.419778605,839,3008.96,8.39,0,3640.13,1385.39,1,"	2177,2178" 
2022-04-22T14:00:00Z,"SPY",2022-04-22T19:58:00Z,Sell,410.984811608,403.367322813,868,6611.98,8.68,-1248.47,6735.18,2726.93,1,"	2179,2180" 
2022-04-25T14:00:00Z,"SPY",2022-04-25T14:40:00Z,Sell,397.708616851,400.244625543,791,-2005.98,7.91,-2889.21,172.16,3061.37,0,"	2181,2182" 
2022-04-25T15:00:00Z,"SPY",2022-04-25T16:40:00Z,Sell,398.087125611,399.629548808,782,-1206.17,7.82,-1546.57,1294.97,2841.54,0,"	2183,2184" 
2022-04-26T14:00:00Z,"SPY",2022-04-26T19:58:00Z,Sell,401.077344815,394.548068705,784,5118.95,7.84,-519.31,5259.91,2084.67,1,"	2185,2186" 
2022-04-27T14:00:00Z,"SPY",2022-04-27T14:20:00Z,Buy,398.143901925,394.02761916,719,-2959.61,7.19,-3286.18,340.18,3626.37,0,"	2187,2188" 
2022-04-27T15:30:00Z,"SPY",2022-04-27T19:05:00Z,Buy,397.263869058,395.588967795,709,-1187.5,7.09,-1241.18,2046.27,3287.44,0,"	2189,2190" 
2022-04-28T17:00:00Z,"SPY",2022-04-28T19:58:00Z,Buy,402.73332064,404.200042085,689,1010.57,6.89,-32.6,2594.89,1897.27,1,"	2191,2192" 
2022-04-29T14:30:00Z,"SPY",2022-04-29T15:50:00Z,Sell,398.541336123,398.75897866,609,-132.54,6.09,-455.26,875.94,1331.21,0,"	2193,2194" 
2022-04-29T16:00:00Z,"SPY",2022-04-29T19:58:00Z,Sell,397.860020355,389.211095189,610,5275.84,6.1,0,5278.73,1425.75,1,"	2195,2196" 
2022-05-02T14:30:00Z,"SPY",2022-05-02T15:00:00Z,Buy,392.182388955,390.261456998,553,-1062.28,5.53,-1067.51,486.66,1554.17,0,"	2197,2198" 
2022-05-02T18:00:00Z,"SPY",2022-05-02T19:20:00Z,Sell,385.709889159,388.520316702,559,-1571.03,5.59,-1571.03,1280.1,2851.13,0,"	2199,2200" 
2022-05-03T15:30:00Z,"SPY",2022-05-03T16:25:00Z,Buy,395.503803324,394.841412994,542,-359.02,5.42,-933.44,446.21,1379.65,0,"	2201,2202" 
2022-05-04T19:00:00Z,"SPY",2022-05-04T19:58:00Z,Buy,400.944866749,405.439658274,529,2377.74,5.29,-140.16,2838.28,630.73,1,"	2203,2204" 
2022-05-05T14:00:00Z,"SPY",2022-05-05T19:58:00Z,Sell,398.919844883,390.914384609,490,3922.68,4.9,0,5522.35,2346.19,1,"	2205,2206" 
2022-05-06T14:00:00Z,"SPY",2022-05-06T14:30:00Z,Sell,384.508123846,387.469954893,476,-1409.83,4.76,-2144.03,189.18,2333.2,0,"	2207,2208" 
2022-05-09T14:30:00Z,"SPY",2022-05-09T16:25:00Z,Sell,380.827126155,382.019428749,478,-569.92,4.78,-719.19,1271.01,1990.2,0,"	2209,2210" 
2022-05-09T17:00:00Z,"SPY",2022-05-09T19:05:00Z,Sell,379.180613049,379.521270933,478,-162.83,4.78,-642.29,696.57,1338.86,0,"	2211,2212" 
2022-05-11T14:00:00Z,"SPY",2022-05-11T15:10:00Z,Buy,380.656797213,379.142762173,467,-707.05,4.67,-998.71,715.89,1537.84,0,"	2213,2214" 
2022-05-11T18:00:00Z,"SPY",2022-05-11T18:20:00Z,Sell,372.367455369,374.203222855,476,-873.83,4.76,-981.93,0,981.93,0,"	2215,2216" 
2022-05-13T14:00:00Z,"SPY",2022-05-13T18:00:00Z,Buy,377.231292935,377.884220546,482,314.71,4.82,0,2015.98,1756,1,"	2217,2218" 
2022-05-13T19:30:00Z,"SPY",2022-05-13T19:58:00Z,Buy,380.760887122,379.663211718,478,-524.69,4.78,-1049.38,49.75,1099.13,0,"	2219,2220" 
2022-05-18T14:00:00Z,"SPY",2022-05-18T19:58:00Z,Sell,379.587509966,370.437060693,458,4190.91,4.58,-390.05,4511.62,762.34,1,"	2221,2222" 
2022-05-20T16:30:00Z,"SPY",2022-05-20T19:45:00Z,Sell,363.765843798,367.295437985,509,-1796.56,5.09,-2186.7,1806.2,3992.9,0,"	2223,2224" 
2022-05-23T16:30:00Z,"SPY",2022-05-23T17:05:00Z,Buy,375.225196507,374.231611012,492,-488.84,4.92,-516.78,162.95,679.73,0,"	2225,2226" 
2022-05-24T14:00:00Z,"SPY",2022-05-24T16:00:00Z,Sell,369.774670363,369.310997132,481,223.03,4.81,0,1638.56,1579.39,1,"	2227,2228" 
2022-05-25T19:30:00Z,"SPY",2022-05-25T19:58:00Z,Buy,377.127203026,375.944363151,525,-620.99,5.25,-953.84,178.85,1132.69,0,"	2229,2230" 
2022-05-26T14:00:00Z,"SPY",2022-05-26T19:58:00Z,Buy,380.950141502,383.382060285,563,1369.17,5.63,-31.97,2264.19,1190.7,1,"	2231,2232" 
2022-05-27T14:00:00Z,"SPY",2022-05-27T15:15:00Z,Buy,388.955601776,389.551753073,529,315.36,5.29,-235.27,600.69,835.96,1,"	2233,2234" 
2022-05-27T16:00:00Z,"SPY",2022-05-27T19:58:00Z,Buy,390.356084188,392.60821131,527,1186.87,5.27,-349.08,1191.86,513.65,1,"	2235,2236" 
2022-05-31T14:00:00Z,"SPY",2022-05-31T14:30:00Z,Sell,389.078617123,389.608529387,566,-299.93,5.66,-947.99,589.15,1537.14,0,"	2237,2238" 
2022-06-01T15:30:00Z,"SPY",2022-06-01T17:50:00Z,Sell,386.817027282,387.905239967,563,-612.66,5.63,-788.47,964.28,1752.75,0,"	2239,2240" 
2022-06-02T16:30:00Z,"SPY",2022-06-02T19:58:00Z,Buy,391.728178443,394.926577465,570,1823.09,5.7,-86.3,1828.48,571.74,1,"	2241,2242" 
2022-06-09T19:30:00Z,"SPY",2022-06-09T19:58:00Z,Sell,382.757520831,380.240437577,788,1983.46,7.88,-29.83,1983.46,350.46,1,"	2243,2244" 
2022-06-10T14:00:00Z,"SPY",2022-06-10T17:55:00Z,Sell,372.244440022,370.806106734,726,1044.23,7.26,0,2356.39,1909.84,1,"	2245,2246" 
2022-06-13T14:30:00Z,"SPY",2022-06-13T15:35:00Z,Sell,356.914835242,357.170328655,664,-169.65,6.64,-647.17,1382.31,2029.49,0,"	2247,2248" 
2022-06-13T19:30:00Z,"SPY",2022-06-13T19:58:00Z,Sell,354.908738814,354.833037062,667,50.49,6.67,-201.97,1079.29,1091.91,1,"	2249,2250" 
2022-06-15T19:30:00Z,"SPY",2022-06-15T19:55:00Z,Buy,361.750284651,358.476183877,592,-1938.27,5.92,-2179.15,722.65,2901.8,0,"	2251,2252" 
2022-06-16T14:00:00Z,"SPY",2022-06-16T17:05:00Z,Sell,348.98507672,347.792774126,597,711.8,5.97,-129.93,1570.49,1525.3,1,"	2253,2254" 
2022-06-16T18:00:00Z,"SPY",2022-06-16T19:58:00Z,Sell,346.165186458,346.770800474,604,-365.79,6.04,-780.16,954.49,1734.65,0,"	2255,2256" 
2022-06-17T14:00:00Z,"SPY",2022-06-17T14:20:00Z,Buy,350.121832872,347.584373808,587,-1489.49,5.87,-1522.96,0,1522.96,0,"	2257,2258" 
2022-06-21T14:00:00Z,"SPY",2022-06-21T16:10:00Z,Buy,356.232642528,355.557887496,635,-428.47,6.35,-452.61,820.73,1273.34,0,"	2259,2260" 
2022-06-21T16:30:00Z,"SPY",2022-06-21T19:58:00Z,Buy,356.156613792,356.261153304,634,66.28,6.34,-108.45,1015.26,948.98,1,"	2261,2262" 
2022-06-24T14:00:00Z,"SPY",2022-06-24T19:58:00Z,Buy,364.74786096,369.670721616,572,2815.88,5.72,0,2968.09,739.3,1,"	2263,2264" 
2022-06-27T14:00:00Z,"SPY",2022-06-27T14:20:00Z,Sell,368.843909112,369.461642592,513,-316.9,5.13,-745.93,0,745.93,0,"	2265,2266" 
2022-06-28T15:30:00Z,"SPY",2022-06-28T19:58:00Z,Sell,366.610564992,361.763733072,517,2505.81,5.17,-206.36,2508.27,889.32,1,"	2267,2268" 
2022-06-30T14:00:00Z,"SPY",2022-06-30T15:05:00Z,Sell,354.807103728,356.441721552,539,-881.06,5.39,-1239.63,358.57,1598.2,0,"	2269,2270" 
2022-07-05T14:00:00Z,"SPY",2022-07-05T14:30:00Z,Sell,355.29178692,355.881009624,581,-342.34,5.81,-596.33,452.77,1049.1,0,"	2271,2272" 
2022-07-07T14:00:00Z,"SPY",2022-07-07T14:20:00Z,Buy,368.159650488,367.076241,665,-720.47,6.65,-726.79,0,726.79,0,"	2273,2274" 
2022-07-07T15:00:00Z,"SPY",2022-07-07T17:30:00Z,Buy,368.150146896,368.245182816,663,63.01,6.63,-233.13,617.49,567.08,1,"	2275,2276" 
2022-07-07T18:00:00Z,"SPY",2022-07-07T19:58:00Z,Buy,369.138520464,369.946325784,661,533.96,6.61,-15.7,835.49,637.61,1,"	2277,2278" 
2022-07-14T14:00:00Z,"SPY",2022-07-14T15:05:00Z,Sell,353.837737344,354.2463918,889,-363.29,8.89,-675.9,996.95,1672.84,0,"	2279,2280" 
2022-07-19T14:30:00Z,"SPY",2022-07-19T19:58:00Z,Buy,368.796391152,372.949460856,1030,4277.66,10.3,-234.93,4630.05,1066.97,1,"	2281,2282" 
2022-07-20T15:00:00Z,"SPY",2022-07-20T17:20:00Z,Buy,376.285221648,373.833294912,951,-2331.78,9.51,-3045.78,271.14,3316.92,0,"	2283,2284" 
2022-07-21T14:30:00Z,"SPY",2022-07-21T14:55:00Z,Sell,372.607331544,374.213438592,948,-1522.59,9.48,-1522.59,76.58,1599.17,0,"	2285,2286" 
2022-07-21T16:30:00Z,"SPY",2022-07-21T17:50:00Z,Buy,377.62522812,376.741394064,928,-820.2,9.28,-1331.72,238.12,1569.84,0,"	2287,2288" 
2022-07-22T15:30:00Z,"SPY",2022-07-22T19:58:00Z,Sell,377.00749464,375.002236728,949,1902.99,9.49,0,3508.36,1866.91,1,"	2289,2290" 
2022-07-26T15:30:00Z,"SPY",2022-07-26T19:30:00Z,Sell,371.92307292,371.381368176,941,509.74,9.41,-876.4,1207.29,1698.25,1,"	2291,2292" 
2022-07-27T15:00:00Z,"SPY",2022-07-27T17:00:00Z,Buy,376.465789896,376.361250384,886,-92.62,8.86,-193.66,707.3,808.34,0,"	2293,2294" 
2022-07-27T19:00:00Z,"SPY",2022-07-27T19:58:00Z,Buy,380.010629712,381.531204432,878,1335.06,8.78,-91.79,2444.84,1285,1,"	2295,2296" 
2022-07-28T14:00:00Z,"SPY",2022-07-28T15:00:00Z,Sell,379.554457296,381.635743944,805,-1675.44,8.05,-1675.44,887.45,2562.88,0,"	2297,2298" 
2022-07-28T15:30:00Z,"SPY",2022-07-28T16:15:00Z,Buy,383.812066512,383.907102432,789,74.98,7.89,-509.89,419.91,577.37,1,"	2299,2300" 
2022-07-28T16:30:00Z,"SPY",2022-07-28T19:58:00Z,Buy,384.1827066,385.70328132,789,1199.73,7.89,-442.4,1859.59,794.82,1,"	2301,2302" 
2022-07-29T14:00:00Z,"SPY",2022-07-29T15:20:00Z,Buy,388.896488232,389.039042112,771,109.91,7.71,-161.2,1274.94,1436.14,1,"	2303,2304" 
2022-07-29T17:00:00Z,"SPY",2022-07-29T19:58:00Z,Buy,390.112948008,391.481465256,769,1052.39,7.69,-306.95,1797.83,811.22,1,"	2305,2306" 
2022-08-03T14:00:00Z,"SPY",2022-08-03T14:35:00Z,Buy,391.110825168,390.559616832,810,-446.48,8.1,-561.95,600.44,1108.5,0,"	2307,2308" 
2022-08-03T15:30:00Z,"SPY",2022-08-03T19:58:00Z,Buy,391.985155632,394.075945872,807,1687.27,8.07,-53.69,2400.52,713.25,1,"	2309,2310" 
2022-08-08T14:00:00Z,"SPY",2022-08-08T15:25:00Z,Buy,396.48985824,395.235384096,852,-1068.81,8.52,-1076.91,263.15,1340.06,0,"	2311,2312" 
2022-08-12T16:30:00Z,"SPY",2022-08-12T19:58:00Z,Buy,403.180387008,405.641817336,909,2237.44,9.09,-190.05,2237.44,397.38,1,"	2313,2314" 
2022-08-19T14:00:00Z,"SPY",2022-08-19T16:55:00Z,Sell,402.14449548,402.391588872,1006,-248.58,10.06,-382.42,1376.73,1759.15,0,"	2315,2316" 
2022-08-19T17:30:00Z,"SPY",2022-08-19T19:58:00Z,Sell,401.792862576,401.222647056,1006,573.64,10.06,-152.97,1414.97,1352.83,1,"	2317,2318" 
2022-08-22T14:30:00Z,"SPY",2022-08-22T19:58:00Z,Sell,394.294528488,392.669414256,1028,1670.62,10.28,-791.35,2418,1289.6,1,"	2319,2320" 
2022-08-24T15:30:00Z,"SPY",2022-08-24T17:00:00Z,Buy,393.866866848,392.564874744,1020,-1328.03,10.2,-1560.68,610.7,2171.38,0,"	2321,2322" 
2022-08-25T14:00:00Z,"SPY",2022-08-25T15:30:00Z,Buy,395.72957088,395.045312256,1005,-687.68,10.05,-1251.2,1332.38,2583.58,0,"	2323,2324" 
2022-08-26T14:30:00Z,"SPY",2022-08-26T19:58:00Z,Sell,394.285024896,385.570231032,949,8270.34,9.49,0,8558.94,1542.23,1,"	2325,2326" 
2022-08-30T14:00:00Z,"SPY",2022-08-30T19:25:00Z,Sell,381.892340928,379.164810024,780,2127.47,7.8,-303.92,4292.01,2490.7,1,"	2327,2328" 
2022-08-30T19:30:00Z,"SPY",2022-08-30T19:58:00Z,Sell,378.680126832,378.233458008,794,354.66,7.94,-158.46,996.05,762.13,1,"	2329,2330" 
2022-09-01T15:00:00Z,"SPY",2022-09-01T15:25:00Z,Sell,370.953706536,371.78051904,894,-739.17,8.94,-1291.42,127.44,1418.87,0,"	2331,2332" 
2022-09-01T15:30:00Z,"SPY",2022-09-01T15:50:00Z,Sell,371.457396912,371.885058552,889,-380.19,8.89,-1360.24,0,1360.24,0,"	2333,2334" 
2022-09-02T17:30:00Z,"SPY",2022-09-02T19:58:00Z,Sell,373.947338016,372.236691456,972,1662.75,9.72,-794.42,2891.33,1570.37,1,"	2335,2336" 
2022-09-06T14:30:00Z,"SPY",2022-09-06T14:55:00Z,Sell,371.039238864,373.034993184,1007,-2009.72,10.07,-2416.45,497.65,2914.1,0,"	2337,2338" 
2022-09-06T17:30:00Z,"SPY",2022-09-06T17:50:00Z,Sell,370.193419176,370.136397624,1000,57.02,10,-760.29,66.53,760.29,1,"	2339,2340" 
2022-09-07T14:00:00Z,"SPY",2022-09-07T14:20:00Z,Buy,372.284209416,372.274705824,1012,-9.62,10.12,-596.29,365.47,961.76,0,"	2341,2342" 
2022-09-07T15:00:00Z,"SPY",2022-09-07T19:58:00Z,Buy,373.30109376,378.0053718,1010,4751.32,10.1,-191.97,5509.61,1391.8,1,"	2343,2344" 
2022-09-08T15:00:00Z,"SPY",2022-09-08T15:55:00Z,Buy,380.04864408,379.9060902,882,-125.73,8.82,-435.87,729.25,1165.12,0,"	2345,2346" 
2022-09-09T14:00:00Z,"SPY",2022-09-09T16:40:00Z,Buy,384.201713784,385.114058616,860,784.62,8.6,0,1536.54,1348.56,1,"	2347,2348" 
2022-09-09T17:00:00Z,"SPY",2022-09-09T19:00:00Z,Buy,385.817324424,386.530093824,859,612.27,8.59,-326.54,751.05,628.6,1,"	2349,2350" 
2022-09-09T19:30:00Z,"SPY",2022-09-09T19:58:00Z,Buy,386.900733912,386.549101008,859,-302.05,8.59,-379.61,269.4,649.01,0,"	2351,2352" 
2022-09-12T14:00:00Z,"SPY",2022-09-12T15:10:00Z,Buy,390.607134792,389.685286368,806,-743.01,8.06,-788.97,520.87,1309.84,0,"	2353,2354" 
2022-09-13T15:00:00Z,"SPY",2022-09-13T17:30:00Z,Sell,378.632608872,379.630486032,866,-864.16,8.66,-864.16,641.95,1506.11,0,"	2355,2356" 
2022-09-13T18:30:00Z,"SPY",2022-09-13T19:58:00Z,Sell,377.511185016,374.317978104,865,2762.12,8.65,-16.44,4340.48,1578.36,1,"	2357,2358" 
2022-09-16T14:00:00Z,"SPY",2022-09-16T14:20:00Z,Sell,365.034646173,366.618724579,716,-1134.2,7.16,-1790.12,0,1790.12,0,"	2359,2360" 
2022-09-20T18:00:00Z,"SPY",2022-09-20T18:20:00Z,Sell,363.95632774,364.996475609,798,-830.04,7.98,-830.04,0,830.04,0,"	2361,2362" 
2022-09-22T14:00:00Z,"SPY",2022-09-22T14:25:00Z,Sell,357.763153731,357.934921269,784,-134.67,7.84,-1159.62,433.92,1593.54,0,"	2363,2364" 
2022-09-22T15:00:00Z,"SPY",2022-09-22T16:55:00Z,Sell,356.971114528,358.268913704,785,-1018.77,7.85,-1352.12,397.02,1749.14,0,"	2365,2366" 
2022-09-23T14:00:00Z,"SPY",2022-09-23T19:55:00Z,Sell,350.987878621,350.825653724,796,129.13,7.96,-721.61,3387.79,3456.15,1,"	2367,2368" 
2022-09-26T14:30:00Z,"SPY",2022-09-26T14:50:00Z,Buy,352.915492103,351.436382748,778,-1150.75,7.78,-1395.74,0,1395.74,0,"	2369,2370" 
2022-09-26T17:30:00Z,"SPY",2022-09-26T18:20:00Z,Sell,347.018139965,348.172799526,787,-908.72,7.87,-1096.47,255.34,1351.81,0,"	2371,2372" 
2022-09-27T16:30:00Z,"SPY",2022-09-27T17:00:00Z,Sell,345.63445702,346.130674352,784,-389.03,7.84,-613.48,392.78,1006.25,0,"	2373,2374" 
2022-09-27T17:30:00Z,"SPY",2022-09-27T18:15:00Z,Sell,345.338635149,345.100069124,783,186.8,7.83,-478.2,597.75,1075.95,1,"	2375,2376" 
2022-09-28T14:30:00Z,"SPY",2022-09-28T19:58:00Z,Buy,349.670994163,354.165578074,842,3784.44,8.42,-353.54,4571.86,1365.93,1,"	2377,2378" 
2022-09-29T14:00:00Z,"SPY",2022-09-29T15:50:00Z,Sell,346.550550556,347.113566375,800,-450.41,8,-450.41,1778.75,2229.16,0,"	2379,2380" 
2022-09-29T16:00:00Z,"SPY",2022-09-29T19:50:00Z,Sell,347.3521324,345.949364173,796,1116.6,7.96,-174.71,3213.08,2468.68,1,"	2381,2382" 
2022-09-30T15:30:00Z,"SPY",2022-09-30T16:00:00Z,Buy,348.59267573,346.340612454,831,-1871.46,8.31,-1974.55,111.02,2085.57,0,"	2383,2384" 
2022-10-03T14:30:00Z,"SPY",2022-10-03T19:58:00Z,Buy,347.705210117,349.566025112,873,1624.49,8.73,-766.43,3432.26,1891.07,1,"	2385,2386" 
2022-10-04T14:00:00Z,"SPY",2022-10-04T17:20:00Z,Buy,358.822386882,357.209680553,885,-1427.25,8.85,-1444.14,1325.9,2770.04,0,"	2387,2388" 
2022-10-04T17:30:00Z,"SPY",2022-10-04T17:50:00Z,Buy,358.221200499,358.621991421,880,352.7,8.8,-193.14,361.09,319.11,1,"	2389,2390" 
2022-10-04T18:00:00Z,"SPY",2022-10-04T19:58:00Z,Buy,359.08958083,360.158356622,880,940.52,8.8,-596.22,1142.06,1310.01,1,"	2391,2392" 
2022-10-07T14:00:00Z,"SPY",2022-10-07T19:58:00Z,Sell,348.802613832,346.483752069,763,1769.29,7.63,-1106.72,3291.03,1594.55,1,"	2393,2394" 
2022-10-10T15:00:00Z,"SPY",2022-10-10T16:05:00Z,Sell,343.72592882,344.250774075,736,-386.29,7.36,-800.67,589.96,1390.63,0,"	2395,2396" 
2022-10-10T16:30:00Z,"SPY",2022-10-10T18:05:00Z,Sell,342.618982464,344.87104574,737,-1659.77,7.37,-2208.34,910.76,3119.1,0,"	2397,2398" 
2022-10-11T14:00:00Z,"SPY",2022-10-11T14:25:00Z,Sell,340.281035419,340.242864855,739,28.21,7.39,-535.95,507.74,1043.7,1,"	2399,2400" 
2022-10-13T15:30:00Z,"SPY",2022-10-13T19:58:00Z,Buy,343.802269948,349.508769266,750,4279.87,7.5,-93.04,5120.82,2912.89,1,"	2401,2402" 
2022-10-14T14:30:00Z,"SPY",2022-10-14T19:58:00Z,Sell,345.405433636,340.910849725,712,3200.14,7.12,-1042.93,3206.94,2102.85,1,"	2403,2404" 
2022-10-17T14:00:00Z,"SPY",2022-10-17T15:00:00Z,Buy,349.117520985,348.726272704,684,-267.61,6.84,-502.59,1269.53,1772.13,0,"	2405,2406" 
2022-10-20T14:30:00Z,"SPY",2022-10-20T15:35:00Z,Buy,355.148470097,353.717073947,671,-960.47,6.71,-1319.04,0,1319.04,0,"	2407,2408" 
2022-10-21T14:00:00Z,"SPY",2022-10-21T14:40:00Z,Buy,352.237964592,350.281723187,687,-1343.94,6.87,-1678.28,767.03,2445.31,0,"	2409,2410" 
2022-10-21T16:00:00Z,"SPY",2022-10-21T19:58:00Z,Buy,353.115887564,357.047455656,681,2677.4,6.81,-419.16,3034.82,1010.52,1,"	2411,2412" 
2022-10-25T14:00:00Z,"SPY",2022-10-25T17:05:00Z,Buy,364.901049199,365.120529942,739,162.2,7.39,-768.67,1269.36,1107.17,1,"	2413,2414" 
2022-10-25T18:30:00Z,"SPY",2022-10-25T19:58:00Z,Buy,366.456499682,367.10539927,736,477.59,7.36,-337.12,842.81,639.13,1,"	2415,2416" 
2022-10-28T14:00:00Z,"SPY",2022-10-28T19:58:00Z,Buy,365.072816737,370.951083593,820,4820.18,8.2,-1197.22,5238.81,1635.42,1,"	2417,2418" 
2022-11-02T19:30:00Z,"SPY",2022-11-02T19:58:00Z,Sell,359.824364187,358.278456345,816,1261.46,8.16,-311.47,1565.15,872.12,1,"	2419,2420" 
2022-11-03T14:00:00Z,"SPY",2022-11-03T14:20:00Z,Sell,352.257049874,354.375516176,802,-1699.01,8.02,-1913.3,0,1913.3,0,"	2421,2422" 
2022-11-08T16:30:00Z,"SPY",2022-11-08T18:40:00Z,Buy,366.4374144,364.681568456,880,-1545.14,8.8,-2452.08,864.94,3317.02,0,"	2423,2424" 
2022-11-09T19:00:00Z,"SPY",2022-11-09T20:58:00Z,Sell,358.927355933,357.037913015,905,1709.95,9.05,-595.89,2046.75,1187.46,1,"	2425,2426" 
2022-11-10T16:00:00Z,"SPY",2022-11-10T17:25:00Z,Buy,372.582875204,373.107720459,819,429.85,8.19,-664.31,1172.31,875.33,1,"	2427,2428" 
2022-11-10T19:00:00Z,"SPY",2022-11-10T19:35:00Z,Buy,373.393999689,373.718449483,819,265.72,8.19,-234.46,382.96,617.42,1,"	2429,2430" 
2022-11-10T20:00:00Z,"SPY",2022-11-10T20:58:00Z,Buy,374.329178507,376.304505194,818,1615.82,8.18,-101.48,2060.75,444.94,1,"	2431,2432" 
2022-11-11T20:00:00Z,"SPY",2022-11-11T20:20:00Z,Buy,380.961314002,379.720770672,618,-766.66,6.18,-1079.22,0,1079.22,0,"	2433,2434" 
2022-11-22T20:30:00Z,"SPY",2022-11-22T20:58:00Z,Buy,381.180794745,381.70564,654,343.25,6.54,-9.36,349.49,93.61,1,"	2435,2436" 
2022-11-23T15:00:00Z,"SPY",2022-11-23T17:05:00Z,Buy,383.051152381,382.096888281,707,-674.66,7.07,-1018.74,688.16,1706.9,0,"	2437,2438" 
2022-11-23T20:30:00Z,"SPY",2022-11-23T20:50:00Z,Buy,383.99587384,383.432858021,703,-395.8,7.03,-395.8,0,395.8,0,"	2439,2440" 
2022-11-28T19:30:00Z,"SPY",2022-11-28T20:58:00Z,Sell,377.8885836,377.735901344,740,112.98,7.4,-247.15,614.36,571.99,1,"	2441,2442" 
2022-11-29T16:30:00Z,"SPY",2022-11-29T17:55:00Z,Sell,375.722404093,376.867521013,711,-814.18,7.11,-970.23,0,970.23,0,"	2443,2444" 
2022-11-30T19:00:00Z,"SPY",2022-11-30T20:58:00Z,Buy,381.447988693,388.118294752,697,4649.2,6.97,0,4702.41,818.1,1,"	2445,2446" 
2022-12-01T15:30:00Z,"SPY",2022-12-01T16:05:00Z,Sell,386.725069166,388.681310571,692,-1353.72,6.92,-1538.62,336.78,1875.4,0,"	2447,2448" 
2022-12-01T16:30:00Z,"SPY",2022-12-01T17:40:00Z,Sell,387.803387599,388.585884161,686,-536.79,6.86,-798.64,484.42,1283.07,0,"	2449,2450" 
2022-12-05T16:30:00Z,"SPY",2022-12-05T20:58:00Z,Sell,384.09130025,381.581585667,1101,2763.2,11.01,0,4423.21,1660.02,1,"	2451,2452" 
2022-12-06T15:00:00Z,"SPY",2022-12-06T20:58:00Z,Sell,379.014615238,375.665148247,1047,3506.89,10.47,-109.9,5495.13,2457.82,1,"	2453,2454" 
2022-12-08T15:00:00Z,"SPY",2022-12-08T16:20:00Z,Buy,378.069893779,377.201513448,1042,-904.85,10.42,-904.85,954.57,1859.42,0,"	2455,2456" 
2022-12-12T20:30:00Z,"SPY",2022-12-12T20:58:00Z,Buy,379.873452928,380.531895157,1012,666.34,10.12,-115.89,676,676,1,"	2457,2458" 
2022-12-14T15:00:00Z,"SPY",2022-12-14T17:30:00Z,Buy,385.389099426,385.303215657,984,-84.51,9.84,-187.8,1014.12,1136.19,0,"	2459,2460" 
2022-12-15T15:00:00Z,"SPY",2022-12-15T20:58:00Z,Sell,373.651650996,371.790836001,1015,1888.73,10.15,-232.46,3380.34,2653.9,1,"	2461,2462" 
2022-12-16T15:30:00Z,"SPY",2022-12-16T19:25:00Z,Sell,366.797553402,366.155259845,935,600.54,9.35,-654.32,1380.36,1461.03,1,"	2463,2464" 
2022-12-19T19:00:00Z,"SPY",2022-12-19T20:58:00Z,Sell,364.19003329,364.506386833,961,-304.02,9.61,-304.02,1414.13,1718.15,0,"	2465,2466" 
2022-12-21T16:00:00Z,"SPY",2022-12-21T17:05:00Z,Buy,370.593795918,369.759772941,1259,-1050.03,12.59,-1128.49,754.34,1882.82,0,"	2467,2468" 
2022-12-21T18:00:00Z,"SPY",2022-12-21T18:35:00Z,Buy,370.411652969,369.922742948,1254,-613.09,12.54,-877.56,432.77,1310.34,0,"	2469,2470" 
2022-12-22T15:00:00Z,"SPY",2022-12-22T20:15:00Z,Sell,365.800560418,362.915032647,1140,3289.5,11.4,0,7420.5,4710.22,1,"	2471,2472" 
2022-12-23T15:00:00Z,"SPY",2022-12-23T15:20:00Z,Sell,362.819167937,365.666349824,1134,-3228.7,11.34,-3228.7,0,3228.7,0,"	2473,2474" 
2022-12-27T15:00:00Z,"SPY",2022-12-27T15:30:00Z,Sell,364.774808021,366.596237511,1151,-2096.47,11.51,-2593,904.79,3497.79,0,"	2475,2476" 
2022-12-28T16:30:00Z,"SPY",2022-12-28T18:05:00Z,Sell,363.471047965,364.142100935,1194,-801.24,11.94,-801.24,2083.22,2884.45,0,"	2477,2478" 
2022-12-28T19:30:00Z,"SPY",2022-12-28T19:50:00Z,Sell,362.723303227,363.298491487,1192,-685.62,11.92,-1005.58,157.69,1163.28,0,"	2479,2480" 
2022-12-28T20:00:00Z,"SPY",2022-12-28T20:58:00Z,Sell,362.771235582,361.256573164,1188,1799.42,11.88,0,2061.36,575.13,1,"	2481,2482" 
2022-12-29T15:00:00Z,"SPY",2022-12-29T20:58:00Z,Buy,365.81973336,367.602816966,1152,2054.11,11.52,-121.48,2976.25,1098.84,1,"	2483,2484" 
2023-01-03T16:30:00Z,"SPY",2023-01-03T18:45:00Z,Sell,364.305070942,363.691536798,1085,665.68,10.85,0,2069.86,1633.01,1,"	2485,2486" 
2023-01-05T15:00:00Z,"SPY",2023-01-05T15:20:00Z,Sell,364.391349181,364.688529782,1168,-347.11,11.68,-1422.02,414.29,1836.31,0,"	2487,2488" 
2023-01-05T16:00:00Z,"SPY",2023-01-05T16:55:00Z,Sell,363.691536798,363.758642095,1168,-78.38,11.68,-683.02,515.06,1198.08,0,"	2489,2490" 
2023-01-06T16:00:00Z,"SPY",2023-01-06T20:58:00Z,Buy,369.347554688,371.801691264,1131,2775.63,11.31,-173.48,4217.65,1713.08,1,"	2491,2492" 
2023-01-09T15:00:00Z,"SPY",2023-01-09T15:30:00Z,Buy,375.425377302,375.224061411,1103,-222.05,11.03,-264.35,422.96,687.3,0,"	2493,2494" 
2023-01-09T16:00:00Z,"SPY",2023-01-09T17:30:00Z,Buy,376.374437931,376.65244559,1099,305.53,10.99,-105.36,1043.02,1148.37,1,"	2495,2496" 
2023-01-12T15:00:00Z,"SPY",2023-01-12T15:20:00Z,Sell,377.428949741,380.141921034,1132,-3071.08,11.32,-3223.01,0,3223.01,0,"	2497,2498" 
2023-01-18T16:30:00Z,"SPY",2023-01-18T20:58:00Z,Sell,379.020303927,375.271993766,1259,4719.12,12.59,0,4731.19,1713.85,1,"	2499,2500" 
2023-01-20T16:30:00Z,"SPY",2023-01-20T16:55:00Z,Buy,376.125189685,375.550001425,1236,-710.93,12.36,-710.93,77.02,787.95,0,"	2501,2502" 
2023-01-20T19:00:00Z,"SPY",2023-01-20T20:58:00Z,Buy,377.150942082,379.43252218,1229,2804.06,12.29,-153.16,2998.46,1078.03,1,"	2503,2504" 
2023-01-23T15:00:00Z,"SPY",2023-01-23T19:55:00Z,Buy,381.416921677,382.548125255,1221,1381.2,12.21,-181.43,5583.32,4307.47,1,"	2505,2506" 
2023-01-23T20:00:00Z,"SPY",2023-01-23T20:20:00Z,Buy,383.008275863,383.410907645,1223,492.42,12.23,-410.35,738.63,410.35,1,"	2507,2508" 
2023-01-23T20:30:00Z,"SPY",2023-01-23T20:58:00Z,Buy,383.295869993,384.120306499,1224,1009.11,12.24,-316.81,1302.46,510.42,1,"	2509,2510" 
2023-01-25T15:00:00Z,"SPY",2023-01-25T16:15:00Z,Sell,378.080829769,379.068236282,1240,-1224.38,12.4,-1604.78,772.67,1997.05,0,"	2511,2512" 
2023-01-31T15:30:00Z,"SPY",2023-01-31T20:58:00Z,Buy,386.04718717,389.287414368,1280,4147.49,12.8,-220.87,4153.63,1311.74,1,"	2513,2514" 
2023-02-01T20:30:00Z,"SPY",2023-02-01T20:58:00Z,Buy,394.243619875,393.582153376,1274,-842.71,12.74,-1264.06,2631.94,3896,0,"	2515,2516" 
2023-02-02T16:00:00Z,"SPY",2023-02-02T16:55:00Z,Buy,399.410727744,399.046441846,1253,-456.45,12.53,-744.73,456.45,1201.18,0,"	2517,2518" 
2023-02-02T19:00:00Z,"SPY",2023-02-02T19:30:00Z,Buy,400.772006626,398.404148289,1247,-2952.72,12.47,-3108.13,167.36,3275.49,0,"	2519,2520" 
2023-02-07T18:00:00Z,"SPY",2023-02-07T18:40:00Z,Buy,397.196252943,391.722378002,1127,-6169.06,11.27,-7206.24,529.39,7735.63,0,"	2521,2522" 
2023-02-07T19:30:00Z,"SPY",2023-02-07T20:58:00Z,Buy,395.05846991,398.097381217,1105,3358,11.05,-21.19,4607.98,1557.18,1,"	2523,2524" 
2023-02-08T16:30:00Z,"SPY",2023-02-08T18:05:00Z,Sell,393.802642209,395.039296968,1223,-1512.43,12.23,-1571.05,656.56,2227.61,0,"	2525,2526" 
2023-02-09T19:30:00Z,"SPY",2023-02-09T20:00:00Z,Sell,391.425197401,391.568994466,1184,-170.26,11.84,-578.87,68.1,646.97,0,"	2527,2528" 
2023-02-09T20:30:00Z,"SPY",2023-02-09T20:58:00Z,Sell,389.958467338,390.198129113,1187,-284.48,11.87,-1422.39,955.85,2378.24,0,"	2529,2530" 
2023-02-13T15:00:00Z,"SPY",2023-02-13T20:58:00Z,Buy,393.352078072,395.422755808,1231,2549,12.31,-365.83,2950.24,1911.75,1,"	2531,2532" 
2023-02-14T17:00:00Z,"SPY",2023-02-14T17:20:00Z,Sell,392.613919805,393.562980434,1241,-1177.78,12.41,-1272.96,0,1272.96,0,"	2533,2534" 
2023-02-17T15:00:00Z,"SPY",2023-02-17T15:20:00Z,Sell,388.012413725,389.709219092,1190,-2019.2,11.9,-2019.2,0,2019.2,0,"	2535,2536" 
2023-02-21T15:30:00Z,"SPY",2023-02-21T20:58:00Z,Sell,385.107713012,382.557711726,1253,3195.15,12.53,-888.88,3429.38,1495.48,1,"	2537,2538" 
2023-02-23T17:00:00Z,"SPY",2023-02-23T17:50:00Z,Sell,380.065229266,380.812974004,1278,-955.62,12.78,-1188.4,159.27,1347.67,0,"	2539,2540" 
2023-02-24T15:00:00Z,"SPY",2023-02-24T16:20:00Z,Sell,378.167108008,378.531393906,1288,-469.2,12.88,-944.57,876.66,1629.85,0,"	2541,2542" 
2023-03-02T19:30:00Z,"SPY",2023-03-02T19:55:00Z,Buy,380.534966345,380.180266918,1278,-453.31,12.78,-698.34,196.02,894.36,0,"	2543,2544" 
2023-03-02T20:30:00Z,"SPY",2023-03-02T20:58:00Z,Buy,381.004703424,381.06222225,1274,73.28,12.74,0,1428.94,1428.94,1,"	2545,2546" 
2023-03-03T15:00:00Z,"SPY",2023-03-03T15:20:00Z,Buy,383.995682376,383.909404137,1264,-109.06,12.64,-1478.31,109.06,1478.31,0,"	2547,2548" 
2023-03-03T15:30:00Z,"SPY",2023-03-03T20:58:00Z,Buy,384.772186527,387.38929311,1261,3300.17,12.61,-834.11,3687,1027.53,1,"	2549,2550" 
2023-03-06T15:30:00Z,"SPY",2023-03-06T16:45:00Z,Buy,389.824256744,389.699632621,1261,-157.15,12.61,-253.86,936.86,1190.72,0,"	2551,2552" 
2023-03-06T17:30:00Z,"SPY",2023-03-06T17:50:00Z,Buy,389.996813222,388.990233767,1260,-1268.29,12.6,-1274.33,0,1274.33,0,"	2553,2554" 
2023-03-07T15:30:00Z,"SPY",2023-03-07T20:58:00Z,Sell,385.069367128,381.666169923,1269,4318.66,12.69,-1630.14,4902.59,2226.24,1,"	2555,2556" 
2023-03-09T15:00:00Z,"SPY",2023-03-09T15:30:00Z,Buy,384.206584738,383.55470471,1295,-844.18,12.95,-1663.54,397.26,2060.8,0,"	2557,2558" 
2023-03-09T18:30:00Z,"SPY",2023-03-09T20:58:00Z,Sell,380.065229266,375.367858476,1304,6125.37,13.04,0,7037.93,2350.14,1,"	2559,2560" 
2023-03-10T15:00:00Z,"SPY",2023-03-10T16:10:00Z,Sell,373.057518965,375.003572578,1361,-2648.58,13.61,-2752.96,861.11,3614.07,0,"	2561,2562" 
2023-03-10T17:30:00Z,"SPY",2023-03-10T20:58:00Z,Sell,372.884962487,369.999434716,1348,3889.69,13.48,-1408.56,5789.31,4781.35,1,"	2563,2564" 
2023-03-13T15:00:00Z,"SPY",2023-03-13T17:05:00Z,Buy,371.696240083,369.836464709,1331,-2475.36,13.31,-2845.39,2628.48,5473.87,0,"	2565,2566" 
2023-03-13T18:30:00Z,"SPY",2023-03-13T19:15:00Z,Buy,372.348120111,372.348120111,1315,0,13.15,-1033.71,945.47,1979.17,0,"	2567,2568" 
2023-03-14T14:30:00Z,"SPY",2023-03-14T17:00:00Z,Buy,376.010152033,375.233647882,1344,-1043.62,13.44,-1275.54,1468.8,2744.34,0,"	2569,2570" 
2023-03-16T15:00:00Z,"SPY",2023-03-16T19:58:00Z,Buy,375.396617889,379.739289252,1288,5593.36,12.88,-728.5,5902.05,2691.73,1,"	2571,2572" 
2023-03-17T14:30:00Z,"SPY",2023-03-17T17:25:00Z,Sell,376.463808502,376.290593386,1216,210.63,12.16,-432.96,2972.22,3405.18,1,"	2573,2574" 
2023-03-17T18:30:00Z,"SPY",2023-03-17T19:25:00Z,Sell,374.414096296,375.886424782,1224,-1802.13,12.24,-1802.13,494.7,2296.83,0,"	2575,2576" 
2023-03-20T14:30:00Z,"SPY",2023-03-20T16:10:00Z,Buy,377.589706756,376.829484858,1169,-888.7,11.69,-888.7,1901.14,2789.84,0,"	2577,2578" 
2023-03-23T14:30:00Z,"SPY",2023-03-23T17:00:00Z,Buy,381.74686954,381.804607912,1029,59.41,10.29,-237.65,2307.2,2386.41,1,"	2579,2580" 
2023-03-31T14:00:00Z,"SPY",2023-03-31T15:05:00Z,Buy,390.205541038,390.898401502,1286,891.02,12.86,-55.69,990.02,594.01,1,"	2581,2582" 
2023-03-31T16:00:00Z,"SPY",2023-03-31T19:58:00Z,Buy,391.783723206,393.958535218,1285,2794.63,12.85,-469.89,2794.63,1360.22,1,"	2583,2584" 
2023-04-03T14:00:00Z,"SPY",2023-04-03T14:55:00Z,Buy,394.680264868,393.881550722,1260,-1006.38,12.6,-1042.75,1333.76,2376.51,0,"	2585,2586" 
2023-04-04T15:30:00Z,"SPY",2023-04-04T19:58:00Z,Sell,393.448512932,393.15019801,1308,390.2,13.08,-516.07,1875.46,2391.52,1,"	2587,2588" 
2023-04-06T14:00:00Z,"SPY",2023-04-06T14:20:00Z,Sell,390.831040068,391.70673871,1319,-1155.05,13.19,-1332.75,0,1332.75,0,"	2589,2590" 
2023-04-06T17:30:00Z,"SPY",2023-04-06T18:00:00Z,Buy,393.573612738,393.448512932,1304,-163.13,13.04,-263.52,225.87,489.39,0,"	2591,2592" 
2023-04-12T19:30:00Z,"SPY",2023-04-12T19:58:00Z,Sell,392.207137934,392.226384058,1307,-25.15,13.07,-1056.5,88.04,1056.5,0,"	2593,2594" 
2023-04-13T14:30:00Z,"SPY",2023-04-13T19:58:00Z,Buy,395.257648588,397.778890832,1297,3270.05,12.97,-717.66,3713.13,742.63,1,"	2595,2596" 
2023-04-14T14:00:00Z,"SPY",2023-04-14T14:25:00Z,Buy,399.193480946,396.681861764,1301,-3267.62,13.01,-3267.62,125.2,3392.81,0,"	2597,2598" 
2023-04-14T15:30:00Z,"SPY",2023-04-14T18:25:00Z,Sell,396.056362734,396.258447036,1294,-261.5,12.94,-348.66,1780.67,2129.33,0,"	2599,2600" 
2023-04-21T14:00:00Z,"SPY",2023-04-21T14:30:00Z,Sell,395.450109828,396.537515834,1295,-1408.19,12.95,-1769.58,461.09,2230.67,0,"	2601,2602" 
2023-04-25T14:30:00Z,"SPY",2023-04-25T15:05:00Z,Sell,394.20873483,394.314588512,1292,-136.76,12.92,-354.34,472.45,826.79,0,"	2603,2604" 
2023-04-25T16:00:00Z,"SPY",2023-04-25T19:58:00Z,Sell,393.602481924,390.84066313,1293,3571.03,12.93,-311.07,3589.7,920.75,1,"	2605,2606" 
2023-04-26T14:30:00Z,"SPY",2023-04-26T14:50:00Z,Sell,390.099687356,390.6963172,1323,-789.34,13.23,-808.44,0,808.44,0,"	2607,2608" 
2023-04-26T19:00:00Z,"SPY",2023-04-26T19:58:00Z,Sell,389.118135032,389.512680574,1322,-521.59,13.22,-597.92,604.28,1202.2,0,"	2609,2610" 
2023-04-27T14:00:00Z,"SPY",2023-04-27T19:58:00Z,Buy,392.197514872,396.71073095,1309,5907.8,13.09,-113.37,6424.26,1341.54,1,"	2611,2612" 
2023-04-28T14:30:00Z,"SPY",2023-04-28T19:58:00Z,Buy,399.06838114,399.98257203,1316,1203.08,13.16,-2849.39,1209.41,2925.37,1,"	2613,2614" 
2023-05-02T14:00:00Z,"SPY",2023-05-02T17:40:00Z,Sell,398.25042087,395.007448976,1324,4293.69,13.24,-38.22,7338.78,3045.08,1,"	2615,2616" 
2023-05-02T18:00:00Z,"SPY",2023-05-02T18:55:00Z,Sell,395.334633084,395.488602076,1356,-208.78,13.56,-378.42,1278.79,1657.21,0,"	2617,2618" 
2023-05-02T19:00:00Z,"SPY",2023-05-02T19:20:00Z,Sell,395.575209634,395.661817192,1354,-117.27,13.54,-547.24,364.83,912.07,0,"	2619,2620" 
2023-05-02T19:30:00Z,"SPY",2023-05-02T19:50:00Z,Sell,395.825409246,395.103679596,1352,975.78,13.52,0,1014.81,299.24,1,"	2621,2622" 
2023-05-03T14:00:00Z,"SPY",2023-05-03T14:20:00Z,Buy,396.66261564,396.219954788,1354,-599.36,13.54,-807.84,286.65,1094.49,0,"	2623,2624" 
2023-05-04T14:00:00Z,"SPY",2023-05-04T15:25:00Z,Sell,390.31139472,390.090064294,1373,303.89,13.73,-891.84,2113.99,3005.84,1,"	2625,2626" 
2023-05-04T15:30:00Z,"SPY",2023-05-04T17:15:00Z,Sell,389.955341426,390.79254782,1376,-1152,13.76,-1337.37,1880.27,3217.64,0,"	2627,2628" 
2023-05-05T14:00:00Z,"SPY",2023-05-05T19:58:00Z,Buy,394.661018744,396.80696157,1354,2905.61,13.54,0,4534.31,1661.28,1,"	2629,2630" 
2023-05-11T14:00:00Z,"SPY",2023-05-11T15:00:00Z,Sell,394.843856922,395.84465537,1368,-1369.09,13.68,-1369.09,342.27,1711.37,0,"	2631,2632" 
2023-05-12T16:30:00Z,"SPY",2023-05-12T19:35:00Z,Sell,394.622526496,395.334633084,1361,-969.18,13.61,-969.18,1244.21,2213.39,0,"	2633,2634" 
2023-05-17T17:00:00Z,"SPY",2023-05-17T19:58:00Z,Buy,398.808558466,399.59764955,1342,1058.96,13.42,0,1743.41,1614.27,1,"	2635,2636" 
2023-05-18T14:30:00Z,"SPY",2023-05-18T16:25:00Z,Buy,401.175831718,400.723547804,1340,-606.06,13.4,-1096.07,1444.23,2540.3,0,"	2637,2638" 
2023-05-18T19:00:00Z,"SPY",2023-05-18T19:58:00Z,Buy,401.320177648,403.514235784,1336,2931.26,13.36,-192.85,3175.53,629.96,1,"	2639,2640" 
2023-05-23T18:30:00Z,"SPY",2023-05-23T19:58:00Z,Sell,398.721950908,398.481374358,1359,326.94,13.59,-863.13,470.8,1333.93,1,"	2641,2642" 
2023-05-24T14:00:00Z,"SPY",2023-05-24T17:55:00Z,Sell,395.632948006,395.70030944,1371,-92.35,13.71,-765.21,1517.22,1965.79,0,"	2643,2644" 
2023-05-24T18:30:00Z,"SPY",2023-05-24T19:30:00Z,Sell,394.824610798,396.460531338,1374,-2247.75,13.74,-2512.2,145.44,2657.64,0,"	2645,2646" 
2023-05-26T14:00:00Z,"SPY",2023-05-26T19:58:00Z,Buy,401.2816854,404.438049736,1340,4229.53,13.4,-32.24,4725.98,1747.26,1,"	2647,2648" 
2023-05-31T14:30:00Z,"SPY",2023-05-31T17:00:00Z,Sell,401.146962532,401.32980071,1362,-249.03,13.62,-616.01,773.29,1389.3,0,"	2649,2650" 
2023-06-01T15:00:00Z,"SPY",2023-06-01T19:58:00Z,Buy,403.571974156,405.554324928,1352,2680.14,13.52,-143.11,4540.62,2458.96,1,"	2651,2652" 
2023-06-02T15:00:00Z,"SPY",2023-06-02T19:58:00Z,Buy,410.750778408,411.895922786,1342,1536.78,13.42,-51.66,2389.12,1071.87,1,"	2653,2654" 
2023-06-07T14:00:00Z,"SPY",2023-06-07T14:20:00Z,Buy,413.127674722,412.405945072,1341,-967.84,13.41,-1238.83,103.24,1342.07,0,"	2655,2656" 
2023-06-08T15:30:00Z,"SPY",2023-06-08T15:50:00Z,Buy,412.117253212,411.905545848,1340,-283.69,13.4,-335.27,0,335.27,0,"	2657,2658" 
2023-06-08T16:30:00Z,"SPY",2023-06-08T17:50:00Z,Buy,412.92559042,411.77082298,1336,-1542.77,13.36,-1722.76,0,1722.76,0,"	2659,2660" 
2023-06-08T18:30:00Z,"SPY",2023-06-08T19:58:00Z,Buy,412.521421816,413.050690226,1330,703.93,13.3,0,895.91,473.55,1,"	2661,2662" 
2023-06-09T14:00:00Z,"SPY",2023-06-09T15:00:00Z,Buy,414.696233828,414.840579758,1326,191.4,13.26,-299.86,1224.98,1524.84,1,"	2663,2664" 
2023-06-12T19:30:00Z,"SPY",2023-06-12T19:58:00Z,Buy,416.91916115,417.044260956,1320,165.13,13.2,-190.54,584.31,546.2,1,"	2665,2666" 
2023-06-13T15:30:00Z,"SPY",2023-06-13T15:50:00Z,Buy,420.258363664,419.969671804,1310,-378.19,13.1,-655.52,138.67,794.19,0,"	2667,2668" 
2023-06-13T17:30:00Z,"SPY",2023-06-13T18:15:00Z,Buy,420.566301648,419.988917928,1307,-754.64,13.07,-1119.38,150.93,1270.31,0,"	2669,2670" 
2023-06-14T15:30:00Z,"SPY",2023-06-14T16:00:00Z,Buy,422.11561463,421.721069088,1299,-512.51,12.99,-618.77,62.5,681.27,0,"	2671,2672" 
2023-06-14T18:30:00Z,"SPY",2023-06-14T18:55:00Z,Sell,418.112420838,420.210248354,1309,-2746.06,13.09,-3023.18,352.7,3375.89,0,"	2673,2674" 
2023-06-15T14:00:00Z,"SPY",2023-06-15T19:58:00Z,Buy,422.182976064,425.77237819,1283,4605.2,12.83,-246.93,6284.31,1716.15,1,"	2675,2676" 
2023-06-20T14:30:00Z,"SPY",2023-06-20T15:45:00Z,Sell,420.428942848,421.1243776,1310,-911.02,13.1,-1303.26,215.1,1518.37,0,"	2677,2678" 
2023-06-21T14:00:00Z,"SPY",2023-06-21T15:40:00Z,Sell,420.370989952,420.892566016,1306,-681.18,13.06,-719.02,958.7,1677.72,0,"	2679,2680" 
2023-06-26T14:00:00Z,"SPY",2023-06-26T14:35:00Z,Buy,419.453402432,418.642061888,1305,-1058.8,13.05,-1058.8,264.7,1323.5,0,"	2681,2682" 
2023-06-27T15:30:00Z,"SPY",2023-06-27T19:58:00Z,Buy,419.028414528,421.327212736,1302,2993.04,13.02,-37.73,3690.99,697.96,1,"	2683,2684" 
2023-06-29T16:30:00Z,"SPY",2023-06-29T17:15:00Z,Buy,423.143070144,422.515247104,1303,-818.05,13.03,-1302.59,226.54,1529.13,0,"	2685,2686" 
2023-06-30T14:00:00Z,"SPY",2023-06-30T15:45:00Z,Buy,427.238408128,426.977620096,1287,-335.63,12.87,-335.63,1156.07,1491.71,0,"	2687,2688" 
2023-06-30T16:30:00Z,"SPY",2023-06-30T19:58:00Z,Buy,427.943501696,428.600301184,1283,842.67,12.83,-80.55,1536.64,693.97,1,"	2689,2690" 
2023-07-06T14:00:00Z,"SPY",2023-07-06T16:05:00Z,Sell,423.529422784,423.34590528,1300,238.57,13,0,1707.68,1538.17,1,"	2691,2692" 
2023-07-07T17:00:00Z,"SPY",2023-07-07T19:00:00Z,Buy,427.170796416,426.137303104,1290,-1333.21,12.9,-1420.43,436.1,1856.52,0,"	2693,2694" 
2023-07-13T19:00:00Z,"SPY",2023-07-13T19:58:00Z,Buy,433.951285248,434.395590784,1264,561.6,12.64,-24.42,1318.54,848.51,1,"	2695,2696" 
2023-07-17T15:30:00Z,"SPY",2023-07-17T16:35:00Z,Buy,435.023413824,434.781943424,1263,-304.98,12.63,-329.38,341.57,670.95,0,"	2697,2698" 
2023-07-17T17:00:00Z,"SPY",2023-07-17T17:25:00Z,Buy,435.22624896,434.946143296,1261,-353.21,12.61,-353.21,0,353.21,0,"	2699,2700" 
2023-07-17T18:00:00Z,"SPY",2023-07-17T19:58:00Z,Buy,435.41942528,435.544989888,1259,158.09,12.59,-145.93,1276.85,1118.76,1,"	2701,2702" 
2023-07-18T15:00:00Z,"SPY",2023-07-18T19:58:00Z,Buy,436.839271232,438.790352064,1255,2448.61,12.55,-193.95,3078.94,1042.48,1,"	2703,2704" 
2023-07-19T14:00:00Z,"SPY",2023-07-19T15:05:00Z,Buy,440.461327232,439.688621952,1256,-970.52,12.56,-1310.2,345.75,1655.95,0,"	2705,2706" 
2023-07-20T18:30:00Z,"SPY",2023-07-20T19:58:00Z,Sell,436.665412544,436.655753728,1263,12.2,12.63,-780.74,707.55,988.13,1,"	2707,2708" 
2023-07-24T15:30:00Z,"SPY",2023-07-24T15:50:00Z,Buy,438.790352064,438.713081536,1256,-97.05,12.56,-491.32,6.07,497.39,0,"	2709,2710" 
2023-07-24T16:00:00Z,"SPY",2023-07-24T16:55:00Z,Buy,438.9931872,438.722740352,1255,-339.41,12.55,-545.48,181.83,727.31,0,"	2711,2712" 
2023-07-24T18:00:00Z,"SPY",2023-07-24T18:45:00Z,Buy,439.253975232,438.481269952,1253,-968.2,12.53,-1016.61,242.05,1258.66,0,"	2713,2714" 
2023-07-25T16:00:00Z,"SPY",2023-07-25T19:58:00Z,Buy,439.852821824,439.988045248,1247,168.62,12.47,-168.62,1589.88,1481.48,1,"	2715,2716" 
2023-07-27T18:30:00Z,"SPY",2023-07-27T19:58:00Z,Sell,438.432975872,437.080741632,1252,1693,12.52,-411.16,2745.07,1318.12,1,"	2717,2718" 
2023-07-28T15:00:00Z,"SPY",2023-07-28T17:35:00Z,Buy,441.205056064,440.335762624,1251,-1087.49,12.51,-1111.65,1159.99,2271.64,0,"	2719,2720" 
2023-08-02T14:30:00Z,"SPY",2023-08-02T19:58:00Z,Sell,436.539847936,435.03307264,1260,1898.54,12.6,-243.4,3164.23,1655.13,1,"	2721,2722" 
2023-08-04T16:30:00Z,"SPY",2023-08-04T17:45:00Z,Buy,437.061424,436.056907136,1267,-1272.72,12.67,-1388.98,452.8,1841.78,0,"	2723,2724" 
2023-08-07T14:30:00Z,"SPY",2023-08-07T15:10:00Z,Buy,434.279684992,433.449026816,1269,-1054.11,12.69,-1262.47,312.55,1575.03,0,"	2725,2726" 
2023-08-07T18:00:00Z,"SPY",2023-08-07T18:30:00Z,Buy,434.859213952,434.279684992,1263,-731.95,12.63,-817.34,207.38,1024.72,0,"	2727,2728" 
2023-08-08T14:00:00Z,"SPY",2023-08-08T16:25:00Z,Sell,431.343404928,431.256475584,1269,110.31,12.69,-165.47,1532.13,1575.03,1,"	2729,2730" 
2023-08-08T16:30:00Z,"SPY",2023-08-08T16:50:00Z,Sell,431.227499136,431.198522688,1270,36.8,12.7,-539.73,177.87,539.73,1,"	2731,2732" 
2023-08-08T17:00:00Z,"SPY",2023-08-08T17:20:00Z,Sell,431.353063744,431.874639808,1270,-662.4,12.7,-932.27,0,932.27,0,"	2733,2734" 
2023-08-08T17:30:00Z,"SPY",2023-08-08T17:50:00Z,Sell,431.681463488,431.729757568,1266,-61.14,12.66,-391.3,452.44,843.74,0,"	2735,2736" 
2023-08-09T15:00:00Z,"SPY",2023-08-09T17:25:00Z,Sell,432.125769024,432.077474944,1264,61.04,12.64,-329.64,2777.49,2862.95,1,"	2737,2738" 
2023-08-09T17:30:00Z,"SPY",2023-08-09T17:50:00Z,Sell,432.145086656,432.125769024,1264,24.42,12.64,-427.31,36.63,427.31,1,"	2739,2740" 
2023-08-09T18:00:00Z,"SPY",2023-08-09T18:20:00Z,Sell,432.251333632,433.139944704,1264,-1123.2,12.64,-1123.2,152.61,1275.81,0,"	2741,2742" 
2023-08-10T14:00:00Z,"SPY",2023-08-10T14:55:00Z,Buy,435.825095552,434.241049728,1249,-1978.47,12.49,-2726.43,482.55,3208.99,0,"	2743,2744" 
2023-08-10T15:00:00Z,"SPY",2023-08-10T15:20:00Z,Buy,434.202414464,433.139944704,1244,-1321.71,12.44,-1321.71,0,1321.71,0,"	2745,2746" 
2023-08-14T15:00:00Z,"SPY",2023-08-14T16:30:00Z,Buy,431.980886784,431.439993088,1244,-672.87,12.44,-997.29,618.8,1616.09,0,"	2747,2748" 
2023-08-14T17:00:00Z,"SPY",2023-08-14T18:20:00Z,Buy,431.971227968,431.324087296,1241,-803.1,12.41,-803.1,467.48,1270.58,0,"	2749,2750" 
2023-08-15T14:00:00Z,"SPY",2023-08-15T15:45:00Z,Sell,430.049123584,429.67242976,1243,468.23,12.43,0,2041,1956.96,1,"	2751,2752" 
2023-08-15T16:30:00Z,"SPY",2023-08-15T19:58:00Z,Sell,429.488912256,428.001454592,1247,1854.86,12.47,0,2734.11,1029.81,1,"	2753,2754" 
2023-08-16T19:30:00Z,"SPY",2023-08-16T19:50:00Z,Sell,425.103809792,425.335621376,1268,-293.94,12.68,-502.14,269.44,771.58,0,"	2755,2756" 
2023-08-17T19:00:00Z,"SPY",2023-08-17T19:58:00Z,Sell,422.273776704,421.771518272,1275,640.38,12.75,-258.61,1687.15,1650.21,1,"	2757,2758" 
2023-08-21T14:00:00Z,"SPY",2023-08-21T14:25:00Z,Buy,423.751575552,422.312411968,1274,-1833.49,12.74,-1851.95,67.68,1919.63,0,"	2759,2760" 
2023-08-23T14:00:00Z,"SPY",2023-08-23T19:58:00Z,Buy,425.364597824,427.653737216,1260,2884.32,12.6,-219.06,3955.29,1387.39,1,"	2761,2762" 
2023-08-24T15:00:00Z,"SPY",2023-08-24T19:58:00Z,Sell,426.069691392,422.650470528,1272,4349.25,12.72,0,4914.41,1892.05,1,"	2763,2764" 
2023-08-25T19:00:00Z,"SPY",2023-08-25T19:20:00Z,Buy,425.750950464,425.731632832,1293,-24.98,12.93,-499.55,562,1061.55,0,"	2765,2766" 
2023-08-29T14:00:00Z,"SPY",2023-08-29T19:58:00Z,Buy,428.725865792,433.6808384,1284,6362.18,12.84,0,6808.65,1475.83,1,"	2767,2768" 
2023-08-30T14:00:00Z,"SPY",2023-08-30T14:35:00Z,Buy,435.844413184,434.772284608,1292,-1385.19,12.92,-3007.48,399.33,3406.82,0,"	2769,2770" 
2023-09-05T14:00:00Z,"SPY",2023-09-05T14:25:00Z,Sell,434.231390912,434.772284608,1290,-697.75,12.9,-697.75,274.12,971.87,0,"	2771,2772" 
2023-09-06T14:30:00Z,"SPY",2023-09-06T18:55:00Z,Sell,430.860464128,430.908758208,1297,-62.64,12.97,-382.09,2743.52,2812.42,0,"	2773,2774" 
2023-09-06T19:00:00Z,"SPY",2023-09-06T19:35:00Z,Sell,430.715581888,430.841146496,1297,-162.86,12.97,-250.55,701.54,952.09,0,"	2775,2776" 
2023-09-08T14:00:00Z,"SPY",2023-09-08T15:00:00Z,Buy,430.618993728,430.68660544,1296,87.62,12.96,0,1527.17,1439.55,1,"	2777,2778" 
2023-09-15T14:30:00Z,"SPY",2023-09-15T19:58:00Z,Sell,432.29320111,429.69550659,1292,3356.22,12.92,-262.99,3656.78,1339.98,1,"	2779,2780" 
2023-09-19T14:30:00Z,"SPY",2023-09-19T17:35:00Z,Sell,428.05740818,427.82477882,1320,307.07,13.2,0,2086.8,1830.91,1,"	2781,2782" 
2023-09-20T19:30:00Z,"SPY",2023-09-20T19:58:00Z,Sell,427.33044143,425.23677719,1324,2772.01,13.24,0,2784.84,667.34,1,"	2783,2784" 
2023-09-21T14:00:00Z,"SPY",2023-09-21T17:35:00Z,Sell,420.80712646,421.22392073,1357,-565.59,13.57,-1841.46,881.27,1946.68,0,"	2785,2786" 
2023-09-21T18:00:00Z,"SPY",2023-09-21T19:58:00Z,Sell,421.07852738,418.37421107,1354,3661.64,13.54,0,3674.77,649.65,1,"	2787,2788" 
2023-09-22T15:30:00Z,"SPY",2023-09-22T16:00:00Z,Buy,420.55511132,419.61490099,1373,-1290.91,13.73,-1290.91,279.48,1570.38,0,"	2789,2790" 
2023-09-25T16:30:00Z,"SPY",2023-09-25T16:55:00Z,Buy,418.6359191,417.81202345,1373,-1131.21,13.73,-1663.54,13.31,1676.85,0,"	2791,2792" 
2023-09-26T14:30:00Z,"SPY",2023-09-26T16:55:00Z,Sell,414.78784177,414.68121998,1380,147.14,13.8,-983.15,1645.27,1645.27,1,"	2793,2794" 
2023-09-26T17:00:00Z,"SPY",2023-09-26T19:58:00Z,Sell,414.42920484,412.8201851,1382,2223.67,13.82,-495.64,3255.12,1111.83,1,"	2795,2796" 
2023-09-27T16:30:00Z,"SPY",2023-09-27T18:50:00Z,Sell,411.16270091,412.65540597,1404,-2095.76,14.04,-2769.39,2531.24,5300.63,0,"	2797,2798" 
2023-09-28T14:00:00Z,"SPY",2023-09-28T14:35:00Z,Buy,413.60530919,412.69417753,1385,-1261.92,13.85,-1725.07,704.79,2429.86,0,"	2799,2800" 
2023-09-28T15:00:00Z,"SPY",2023-09-28T19:58:00Z,Buy,414.23534704,415.29187205,1377,1454.83,13.77,-440.45,3697.15,3456.9,1,"	2801,2802" 
2023-09-29T18:00:00Z,"SPY",2023-09-29T19:10:00Z,Sell,413.08189313,414.40012617,1388,-1829.71,13.88,-2932.91,147.99,3080.9,0,"	2803,2804" 
2023-10-02T17:00:00Z,"SPY",2023-10-02T17:35:00Z,Sell,411.76366009,412.31615482,1383,-764.1,13.83,-1286.91,227.89,1514.8,0,"	2805,2806" 
2023-10-03T14:30:00Z,"SPY",2023-10-03T19:58:00Z,Sell,409.53429539,408.37114859,1387,1613.28,13.87,-658.76,3092.13,2594.7,1,"	2807,2808" 
2023-10-04T14:30:00Z,"SPY",2023-10-04T14:50:00Z,Sell,407.69264629,407.96404721,1401,-380.23,14.01,-2430.77,0,2430.77,0,"	2809,2810" 
2023-10-04T16:00:00Z,"SPY",2023-10-04T16:20:00Z,Buy,410.92037866,410.86222132,1388,-80.72,13.88,-766.86,0,766.86,0,"	2811,2812" 
2023-10-04T16:30:00Z,"SPY",2023-10-04T17:10:00Z,Buy,410.96884311,410.47450572,1388,-686.14,13.88,-1076.3,269.07,1345.37,0,"	2813,2814" 
2023-10-04T19:30:00Z,"SPY",2023-10-04T19:58:00Z,Buy,411.38563738,412.17076147,1383,1085.83,13.83,0,1206.47,985.29,1,"	2815,2816" 
2023-10-05T14:30:00Z,"SPY",2023-10-05T16:25:00Z,Sell,410.41634838,409.78631053,1391,876.38,13.91,0,2790.94,2278.59,1,"	2817,2818" 
2023-10-06T16:00:00Z,"SPY",2023-10-06T19:58:00Z,Buy,415.70866632,416.37747573,1378,921.62,13.78,-1509.32,2951.85,2030.23,1,"	2819,2820" 
2023-10-09T18:00:00Z,"SPY",2023-10-09T19:35:00Z,Buy,418.84916268,418.66499777,1372,-252.67,13.72,-465.45,997.4,1250.07,0,"	2821,2822" 
2023-10-10T14:00:00Z,"SPY",2023-10-10T17:25:00Z,Buy,420.32248196,421.86365147,1366,2105.24,13.66,0,4594.45,2873.19,1,"	2823,2824" 
2023-10-10T17:30:00Z,"SPY",2023-10-10T18:05:00Z,Buy,422.03812349,422.18351684,1370,199.19,13.7,-730.36,345.26,836.59,1,"	2825,2826" 
2023-10-12T14:00:00Z,"SPY",2023-10-12T14:25:00Z,Sell,422.04781638,422.67785423,1371,-863.78,13.71,-1142.85,478.4,1621.25,0,"	2827,2828" 
2023-10-12T17:30:00Z,"SPY",2023-10-12T19:50:00Z,Sell,420.09954549,420.49695398,1373,-545.64,13.73,-1104.59,2728.21,3832.8,0,"	2829,2830" 
2023-10-13T14:00:00Z,"SPY",2023-10-13T14:20:00Z,Buy,422.56153955,421.11729894,1362,-1967.06,13.62,-2204.69,0,2204.69,0,"	2831,2832" 
2023-10-13T17:30:00Z,"SPY",2023-10-13T18:00:00Z,Sell,416.96874202,418.16096749,1371,-1634.54,13.71,-1966.76,252.49,2219.26,0,"	2833,2834" 
2023-10-16T14:30:00Z,"SPY",2023-10-16T15:55:00Z,Buy,422.54215377,422.53246088,1345,-13.04,13.45,-495.4,1447.1,1942.5,0,"	2835,2836" 
2023-10-18T15:00:00Z,"SPY",2023-10-18T15:30:00Z,Sell,419.26595695,419.57612943,1356,-420.59,13.56,-1051.48,314.13,1365.62,0,"	2837,2838" 
2023-10-18T19:00:00Z,"SPY",2023-10-18T19:58:00Z,Sell,417.93803102,416.92027757,1358,1382.11,13.58,0,2606.26,1224.15,1,"	2839,2840" 
2023-10-19T19:00:00Z,"SPY",2023-10-19T19:58:00Z,Sell,413.82824566,413.72162387,1378,146.92,13.78,-734.62,1495.96,2016.88,1,"	2841,2842" 
2023-10-20T14:00:00Z,"SPY",2023-10-20T17:05:00Z,Sell,412.01567523,410.70713508,1384,1811.02,13.84,-375.62,4170.71,3144.47,1,"	2843,2844" 
2023-10-20T18:30:00Z,"SPY",2023-10-20T19:58:00Z,Sell,409.61183851,408.4583846,1401,1615.99,14.01,-760.47,1914.74,1188.23,1,"	2845,2846" 
2023-10-23T17:00:00Z,"SPY",2023-10-23T17:30:00Z,Buy,411.37594449,409.88323943,1403,-2094.27,14.03,-2286.01,0,2286.01,0,"	2847,2848" 
2023-10-24T14:00:00Z,"SPY",2023-10-24T15:10:00Z,Buy,410.82344976,410.86222132,1395,54.09,13.95,-1392.72,1183.14,1392.72,1,"	2849,2850" 
2023-10-25T14:00:00Z,"SPY",2023-10-25T14:55:00Z,Sell,407.27585202,407.30493069,1407,-40.91,14.07,-1131.95,1568.36,2700.3,0,"	2851,2852" 
2023-10-25T16:30:00Z,"SPY",2023-10-25T19:58:00Z,Sell,406.33564169,404.65877172,1410,2364.39,14.1,-574.01,2897.4,1722.04,1,"	2853,2854" 
2023-10-26T14:00:00Z,"SPY",2023-10-26T15:00:00Z,Sell,402.63295771,403.55378226,1435,-1321.38,14.35,-1822.12,1279.66,3101.77,0,"	2855,2856" 
2023-10-26T16:30:00Z,"SPY",2023-10-26T18:05:00Z,Sell,400.316357,400.73315127,1436,-598.52,14.36,-918.65,1600.68,2519.34,0,"	2857,2858" 
2023-10-27T18:30:00Z,"SPY",2023-10-27T18:50:00Z,Sell,397.23401798,397.67019803,1445,-630.28,14.45,-1666.74,154.07,1820.81,0,"	2859,2860" 
2023-10-27T19:00:00Z,"SPY",2023-10-27T19:30:00Z,Sell,396.95292417,397.80589849,1442,-1229.99,14.42,-1229.99,167.73,1397.71,0,"	2861,2862" 
2023-10-30T14:00:00Z,"SPY",2023-10-30T14:30:00Z,Buy,402.1580061,400.30666411,1418,-2625.2,14.18,-3037.54,0,3037.54,0,"	2863,2864" 
2023-11-01T14:30:00Z,"SPY",2023-11-01T15:35:00Z,Buy,408.22575524,407.49878849,1384,-1006.12,13.84,-1214.05,831.73,2045.78,0,"	2865,2866" 
2023-11-01T19:30:00Z,"SPY",2023-11-01T19:58:00Z,Buy,409.83477498,409.80569631,1373,-39.93,13.73,-252.86,705.34,958.2,0,"	2867,2868" 
2023-11-02T14:00:00Z,"SPY",2023-11-02T14:25:00Z,Buy,414.38074039,414.39043328,1358,13.16,13.58,-960.89,223.77,1184.67,1,"	2869,2870" 
2023-11-02T14:30:00Z,"SPY",2023-11-02T19:58:00Z,Buy,415.07862847,417.34676473,1356,3075.59,13.56,0,3522.47,1171.09,1,"	2871,2872" 
2023-11-03T14:00:00Z,"SPY",2023-11-03T14:40:00Z,Buy,421.32084963,420.61326866,1259,-890.84,12.59,-1458.3,231.86,1690.16,0,"	2873,2874" 
2023-11-03T16:00:00Z,"SPY",2023-11-03T17:55:00Z,Buy,421.62132922,421.99935193,1254,474.04,12.54,-145.86,1057.47,1154.71,1,"	2875,2876" 
2023-11-03T18:00:00Z,"SPY",2023-11-03T19:25:00Z,Buy,422.27075285,422.26105996,1254,-12.15,12.54,-704.98,747.53,820.45,0,"	2877,2878" 
2023-11-07T16:00:00Z,"SPY",2023-11-07T16:20:00Z,Buy,423.74407213,423.43389965,1258,-390.2,12.58,-420.68,0,420.68,0,"	2879,2880" 
2023-11-07T16:30:00Z,"SPY",2023-11-07T17:05:00Z,Buy,423.61806456,423.04618405,1257,-718.85,12.57,-718.85,536.09,1254.95,0,"	2881,2882" 
2023-11-09T19:30:00Z,"SPY",2023-11-09T20:58:00Z,Sell,421.45655009,420.52603265,1342,1248.75,13.42,-162.6,1769.07,1001.61,1,"	2883,2884" 
2023-11-10T18:00:00Z,"SPY",2023-11-10T20:58:00Z,Buy,425.31432031,427.03965473,1336,2305.05,13.36,-705.76,2693.54,725.18,1,"	2885,2886" 
2023-11-14T15:00:00Z,"SPY",2023-11-14T17:25:00Z,Buy,434.18331466,434.21239333,1319,38.35,13.19,-332.41,2250.15,2275.72,1,"	2887,2888" 
2023-11-14T17:30:00Z,"SPY",2023-11-14T19:10:00Z,Buy,434.35778668,434.241472,1318,-153.3,13.18,-434.36,1251.97,1686.33,0,"	2889,2890" 
2023-11-14T20:00:00Z,"SPY",2023-11-14T20:58:00Z,Buy,435.63724816,434.65826627,1314,-1286.38,13.14,-1311.86,713.24,2025.1,0,"	2891,2892" 
2023-11-20T15:00:00Z,"SPY",2023-11-20T20:58:00Z,Buy,438.28340713,440.06689889,1300,2318.54,13,-844.25,3679.42,1436.49,1,"	2893,2894" 
2023-11-28T15:00:00Z,"SPY",2023-11-28T15:20:00Z,Sell,439.6694904,440.22198513,1306,-721.56,13.06,-721.56,0,721.56,0,"	2895,2896" 
2023-11-28T16:30:00Z,"SPY",2023-11-28T17:50:00Z,Buy,441.57898973,440.90048743,1297,-880.02,12.97,-892.59,854.87,1747.46,0,"	2897,2898" 
2023-11-29T15:00:00Z,"SPY",2023-11-29T15:20:00Z,Buy,444.05067668,442.42227116,1286,-2094.13,12.86,-2094.13,31.16,2125.29,0,"	2899,2900" 
2023-11-30T17:30:00Z,"SPY",2023-11-30T17:55:00Z,Sell,439.64041173,440.17352068,1289,-687.18,12.89,-874.59,62.47,937.06,0,"	2901,2902" 
2023-12-01T17:00:00Z,"SPY",2023-12-01T20:58:00Z,Buy,444.26392026,445.14597325,1273,1122.85,12.73,-172.75,1493.02,1665.77,1,"	2903,2904" 
2023-12-04T15:30:00Z,"SPY",2023-12-04T16:30:00Z,Sell,440.84233009,441.09434523,1288,-324.6,12.88,-343.32,499.38,842.7,0,"	2905,2906" 
2023-12-06T20:30:00Z,"SPY",2023-12-06T20:58:00Z,Sell,441.01680211,440.43522871,1286,747.9,12.86,-174.51,785.3,473.67,1,"	2907,2908" 
2023-12-07T15:30:00Z,"SPY",2023-12-07T16:30:00Z,Buy,443.90528333,443.03292323,1281,-1117.49,12.81,-1552.07,99.33,1651.41,0,"	2909,2910" 
2023-12-07T17:00:00Z,"SPY",2023-12-07T20:58:00Z,Buy,444.0312909,444.27361315,1275,308.96,12.75,-506.7,766.22,920.7,1,"	2911,2912" 
2023-12-08T15:30:00Z,"SPY",2023-12-08T16:30:00Z,Buy,445.73723954,444.60317141,1272,-1442.53,12.72,-1997.36,197.27,2194.63,0,"	2913,2914" 
2023-12-08T18:30:00Z,"SPY",2023-12-08T18:50:00Z,Buy,445.34952394,445.31075238,1266,-49.08,12.66,-454.03,0,454.03,0,"	2915,2916" 
2023-12-08T19:00:00Z,"SPY",2023-12-08T20:58:00Z,Buy,445.3882955,446.13464803,1266,944.88,12.66,0,1478.68,607.42,1,"	2917,2918" 
2023-12-11T19:00:00Z,"SPY",2023-12-11T20:30:00Z,Buy,447.46257396,447.30748772,1264,-196.03,12.64,-361.43,208.28,569.71,0,"	2919,2920" 
2023-12-12T20:00:00Z,"SPY",2023-12-12T20:58:00Z,Buy,449.33330173,449.68224577,1258,438.97,12.58,0,658.46,451.17,1,"	2921,2922" 
2023-12-13T19:30:00Z,"SPY",2023-12-13T20:58:00Z,Buy,453.10383594,455.69183757,1249,3232.41,12.49,-484.26,3874.05,2953.97,1,"	2923,2924" 
2023-12-14T15:00:00Z,"SPY",2023-12-14T15:20:00Z,Buy,458.61909035,457.57225823,1248,-1306.45,12.48,-1536.28,0,1536.28,0,"	2925,2926" 
2023-12-18T15:30:00Z,"SPY",2023-12-18T15:55:00Z,Buy,459.1647242,458.53213185,1241,-785.05,12.41,-785.05,12.08,797.12,0,"	2927,2928" 
2023-12-18T17:30:00Z,"SPY",2023-12-18T19:45:00Z,Buy,459.83624531,459.93356721,1236,120.29,12.36,-445.07,421.01,745.8,1,"	2929,2930" 
2023-12-19T15:00:00Z,"SPY",2023-12-19T20:00:00Z,Buy,460.80946431,461.47125323,1234,816.65,12.34,-456.36,1152.91,960.76,1,"	2931,2932" 
2023-12-20T20:00:00Z,"SPY",2023-12-20T20:58:00Z,Sell,457.88007512,455.55408171,1245,2895.86,12.45,-593.71,2907.98,2168.87,1,"	2933,2934" 
2023-12-22T15:00:00Z,"SPY",2023-12-22T16:05:00Z,Buy,462.20116748,461.23768067,1246,-1200.5,12.46,-1200.5,448.67,1649.18,0,"	2935,2936" 
2023-12-26T15:00:00Z,"SPY",2023-12-26T15:35:00Z,Buy,461.96759492,462.31795376,1241,434.8,12.41,-78.5,501.22,326.1,1,"	2937,2938" 
2023-12-26T17:00:00Z,"SPY",2023-12-26T17:35:00Z,Buy,462.35688252,462.279025,1242,-96.7,12.42,-229.66,151.09,247.79,0,"	2939,2940" 
2023-12-29T16:00:00Z,"SPY",2023-12-29T19:35:00Z,Sell,462.70724136,462.53206194,1241,217.4,12.41,-253.63,2548.38,2512.15,1,"	2941,2942" 
2024-01-03T15:00:00Z,"SPY",2024-01-03T17:45:00Z,Sell,457.36426905,457.26694715,1256,122.24,12.56,-1112.35,1424.05,1436.28,1,"	2943,2944" 
2024-01-04T15:30:00Z,"SPY",2024-01-04T17:20:00Z,Buy,457.18908963,457.0236424,1257,-207.97,12.57,-428.17,1388.49,1816.65,0,"	2945,2946" 
2024-01-05T15:00:00Z,"SPY",2024-01-05T16:45:00Z,Buy,455.63193923,456.32292472,1260,870.64,12.6,0,2685.5,1814.86,1,"	2947,2948" 
2024-01-05T17:00:00Z,"SPY",2024-01-05T17:20:00Z,Buy,456.22560282,455.09666878,1262,-1424.71,12.62,-1473.84,0,1473.84,0,"	2949,2950" 
2024-01-05T19:00:00Z,"SPY",2024-01-05T19:35:00Z,Buy,455.82658303,455.70006456,1257,-159.03,12.57,-305.83,672.83,978.67,0,"	2951,2952" 
2024-01-08T15:00:00Z,"SPY",2024-01-08T20:58:00Z,Buy,457.15016087,461.84107645,1253,5877.72,12.53,-439,5926.49,969.46,1,"	2953,2954" 
2024-01-10T16:00:00Z,"SPY",2024-01-10T16:20:00Z,Buy,462.49313318,462.06491682,1264,-541.27,12.64,-885.71,0,885.71,0,"	2955,2956" 
2024-01-10T18:00:00Z,"SPY",2024-01-10T20:58:00Z,Buy,462.65858041,463.58313846,1261,1165.87,12.61,-539.98,2405.37,2245.83,1,"	2957,2958" 
2024-01-11T15:30:00Z,"SPY",2024-01-11T18:20:00Z,Sell,462.25956062,462.06491682,1267,246.61,12.67,-511.72,3205.98,3205.98,1,"	2959,2960" 
2024-01-11T18:30:00Z,"SPY",2024-01-11T18:50:00Z,Sell,462.03572025,462.20116748,1269,-209.95,12.69,-382.85,135.85,518.71,0,"	2961,2962" 
2024-01-16T15:00:00Z,"SPY",2024-01-16T15:25:00Z,Sell,461.78268331,463.41769123,1268,-2073.19,12.68,-2073.19,277.66,2350.85,0,"	2963,2964" 
2024-01-16T18:00:00Z,"SPY",2024-01-16T18:20:00Z,Sell,461.24741286,462.1817031,1261,-1178.14,12.61,-1362.22,0,1362.22,0,"	2965,2966" 
2024-01-16T19:00:00Z,"SPY",2024-01-16T20:05:00Z,Sell,461.36419914,461.53937856,1255,-219.85,12.55,-439.7,1172.53,1612.23,0,"	2967,2968" 
2024-01-17T19:00:00Z,"SPY",2024-01-17T19:20:00Z,Sell,458.05525454,458.25963053,1263,-258.13,12.63,-331.88,122.92,381.04,0,"	2969,2970" 
2024-01-18T19:30:00Z,"SPY",2024-01-18T20:58:00Z,Buy,462.88242078,463.68046036,1249,996.75,12.49,-692.86,1616.68,1027.14,1,"	2971,2972" 
2024-01-19T17:30:00Z,"SPY",2024-01-19T20:58:00Z,Buy,466.52225984,469.3835237,1243,3556.55,12.43,-30.24,3846.88,1342.78,1,"	2973,2974" 
2024-01-22T15:00:00Z,"SPY",2024-01-22T15:20:00Z,Buy,472.03067938,471.59273083,1244,-544.81,12.44,-774.84,133.18,908.01,0,"	2975,2976" 
2024-01-29T20:30:00Z,"SPY",2024-01-29T20:58:00Z,Buy,477.79213586,477.91865433,1227,155.24,12.27,-585.13,238.83,823.96,1,"	2977,2978" 
2024-01-31T15:00:00Z,"SPY",2024-01-31T18:20:00Z,Sell,474.68756725,474.58051316,1235,132.21,12.35,-48.08,1658.66,1526.45,1,"	2979,2980" 
2024-01-31T18:30:00Z,"SPY",2024-01-31T20:58:00Z,Sell,474.14256461,470.91147753,1237,3996.85,12.37,-2034.54,4887.72,3701.91,1,"	2981,2982" 
2024-02-01T15:30:00Z,"SPY",2024-02-01T16:05:00Z,Buy,473.15961342,471.18397885,1256,-2481.4,12.56,-2603.63,0,2603.63,0,"	2983,2984" 
2024-02-01T17:00:00Z,"SPY",2024-02-01T20:58:00Z,Buy,472.67300392,475.72891158,1247,3810.72,12.47,0,4041.3,2415.07,1,"	2985,2986" 
2024-02-02T15:00:00Z,"SPY",2024-02-02T20:58:00Z,Buy,477.42231264,481.5487612,1251,5162.19,12.51,-608.75,6574.48,2544.57,1,"	2987,2988" 
2024-02-05T15:30:00Z,"SPY",2024-02-05T17:05:00Z,Sell,478.23008441,479.0183918,1270,-1001.15,12.7,-1001.15,1223.63,2224.78,0,"	2989,2990" 
2024-02-07T15:30:00Z,"SPY",2024-02-07T16:40:00Z,Buy,484.63386543,483.83582585,1249,-996.75,12.49,-1288.48,0,1288.48,0,"	2991,2992" 
2024-02-07T17:00:00Z,"SPY",2024-02-07T17:40:00Z,Buy,484.26404221,483.73850395,1246,-654.82,12.46,-776.08,206.15,982.23,0,"	2993,2994" 
2024-02-07T18:00:00Z,"SPY",2024-02-07T20:30:00Z,Buy,484.24457783,484.80904485,1243,701.63,12.43,-458.48,1088.74,1014.95,1,"	2995,2996" 
2024-02-09T15:00:00Z,"SPY",2024-02-09T15:30:00Z,Buy,486.13262269,486.25914116,1241,157.01,12.41,-277.79,169.09,362.33,1,"	2997,2998" 
2024-02-09T16:00:00Z,"SPY",2024-02-09T16:45:00Z,Buy,486.58030343,486.32726649,1241,-314.02,12.41,-736.74,253.63,990.37,0,"	2999,3000" 
2024-02-09T17:30:00Z,"SPY",2024-02-09T20:58:00Z,Buy,486.74575066,487.64111214,1239,1109.35,12.39,-229.11,1748.44,1018.92,1,"	3001,3002" 
2024-02-12T16:30:00Z,"SPY",2024-02-12T18:50:00Z,Buy,489.4318351,488.49754486,1237,-1155.72,12.37,-1336.3,650.09,1986.39,0,"	3003,3004" 
2024-02-13T15:00:00Z,"SPY",2024-02-13T15:40:00Z,Sell,480.59500658,481.89912004,1254,-1635.36,12.54,-1635.36,549.19,2184.55,0,"	3005,3006" 
2024-02-13T19:30:00Z,"SPY",2024-02-13T20:58:00Z,Sell,478.9210699,480.41982716,1252,-1876.44,12.52,-2205.43,1644.93,3850.37,0,"	3007,3008" 
2024-02-14T15:30:00Z,"SPY",2024-02-14T15:55:00Z,Buy,484.39056068,483.09617941,1230,-1592.09,12.3,-1592.09,119.71,1711.79,0,"	3009,3010" 
2024-02-15T18:30:00Z,"SPY",2024-02-15T20:58:00Z,Buy,488.04013193,488.40022296,1214,437.15,12.14,-531.67,803.41,1122.41,1,"	3011,3012" 
2024-02-16T15:00:00Z,"SPY",2024-02-16T15:55:00Z,Sell,486.26887335,487.6800409,1220,-1721.62,12.2,-1757.24,653.03,2410.27,0,"	3013,3014" 
2024-02-20T15:00:00Z,"SPY",2024-02-20T16:10:00Z,Sell,483.37841292,483.4951992,1221,-142.6,12.21,-689.21,950.64,1639.85,0,"	3015,3016" 
2024-02-20T17:00:00Z,"SPY",2024-02-20T20:05:00Z,Sell,482.46358706,483.1059116,1222,-784.92,12.22,-1147.65,1403.34,2550.99,0,"	3017,3018" 
2024-02-22T15:00:00Z,"SPY",2024-02-22T16:00:00Z,Buy,491.475595,491.23229025,1197,-291.24,11.97,-477.63,722.26,1199.89,0,"	3019,3020" 
2024-02-22T16:30:00Z,"SPY",2024-02-22T20:58:00Z,Buy,491.85515041,494.25900134,1194,2870.2,11.94,-348.61,3520.93,1719.79,1,"	3021,3022" 
2024-02-26T18:30:00Z,"SPY",2024-02-26T19:15:00Z,Sell,493.05220978,493.00354883,1203,58.54,12.03,-714.18,526.85,1241.03,1,"	3023,3024" 
2024-03-01T15:30:00Z,"SPY",2024-03-01T20:58:00Z,Buy,496.70178103,499.21268605,1194,2998.02,11.94,-662.35,3242.05,1092.3,1,"	3025,3026" 
2024-03-05T15:00:00Z,"SPY",2024-03-05T20:58:00Z,Sell,496.01079554,493.52908709,1208,2997.9,12.08,-1093.35,5549.06,2551.16,1,"	3027,3028" 
2024-03-07T15:30:00Z,"SPY",2024-03-07T20:20:00Z,Buy,500.40974542,500.9158193,1209,611.84,12.09,-305.92,1964.96,1835.53,1,"	3029,3030" 
2024-03-08T15:00:00Z,"SPY",2024-03-08T16:20:00Z,Buy,503.89386944,501.73332326,1203,-2599.14,12.03,-2692.8,374.65,3067.45,0,"	3031,3032" 
2024-03-08T18:00:00Z,"SPY",2024-03-08T19:40:00Z,Sell,498.80393407,500.07885096,1205,-1536.27,12.05,-1841.18,1501.09,3342.28,0,"	3033,3034" 
2024-03-08T20:30:00Z,"SPY",2024-03-08T20:58:00Z,Sell,498.22000267,498.26866362,1200,-58.39,12,-864.22,81.75,864.22,0,"	3035,3036" 
2024-03-11T14:00:00Z,"SPY",2024-03-11T15:00:00Z,Sell,495.77722298,496.9256214,1206,-1384.97,12.06,-1384.97,968.3,2353.27,0,"	3037,3038" 
2024-03-12T14:30:00Z,"SPY",2024-03-12T16:55:00Z,Buy,501.24671376,500.65305017,1187,-704.68,11.87,-1467.12,1617.3,3084.41,0,"	3039,3040" 
2024-03-12T18:00:00Z,"SPY",2024-03-12T19:58:00Z,Buy,501.80144859,503.30020585,1183,1773.03,11.83,-34.54,1934.21,1289.48,1,"	3041,3042" 
2024-03-13T14:00:00Z,"SPY",2024-03-13T14:25:00Z,Sell,502.24912933,502.60922036,1189,-428.15,11.89,-543.86,289.29,833.15,0,"	3043,3044" 
2024-03-14T14:00:00Z,"SPY",2024-03-14T18:15:00Z,Sell,500.21510162,501.29537471,1192,-1287.69,11.92,-1774.92,1241.28,2528.97,0,"	3045,3046" 
2024-03-14T19:00:00Z,"SPY",2024-03-14T19:58:00Z,Sell,500.12751191,500.57519265,1187,-531.4,11.87,-589.16,2310.42,2899.58,0,"	3047,3048" 
2024-03-15T17:00:00Z,"SPY",2024-03-15T17:25:00Z,Sell,496.380363242,497.571379336,1194,-1422.07,11.94,-1422.07,0,1422.07,0,"	3049,3050" 
2024-03-18T14:30:00Z,"SPY",2024-03-18T14:50:00Z,Buy,502.940714186,502.891902051,1173,-57.26,11.73,-389.35,34.35,423.7,0,"	3051,3052" 
2024-03-19T17:00:00Z,"SPY",2024-03-19T19:58:00Z,Buy,502.452592836,503.682658638,1174,1444.1,11.74,-401.14,1467.02,1134.65,1,"	3053,3054" 
2024-03-20T18:30:00Z,"SPY",2024-03-20T19:58:00Z,Buy,505.352033655,507.675491281,1173,2725.42,11.73,-1786.41,3217.82,1786.41,1,"	3055,3056" 
2024-03-22T15:00:00Z,"SPY",2024-03-22T15:20:00Z,Sell,508.681021262,509.061755915,1176,-447.74,11.76,-614.21,0,614.21,0,"	3057,3058" 
2024-04-01T15:30:00Z,"SPY",2024-04-01T18:55:00Z,Sell,509.667026389,509.618214254,1171,57.16,11.71,-148.61,1177.48,1326.09,1,"	3059,3060" 
2024-04-02T14:00:00Z,"SPY",2024-04-02T15:30:00Z,Sell,505.283696666,505.332508801,1182,-57.7,11.82,-473.11,1130.84,1378.93,0,"	3061,3062" 
2024-04-02T16:00:00Z,"SPY",2024-04-02T16:45:00Z,Sell,504.834625024,505.176309969,1183,-404.21,11.83,-576.29,207.88,784.17,0,"	3063,3064" 
2024-04-03T14:30:00Z,"SPY",2024-04-03T19:15:00Z,Buy,508.046463507,506.406375771,1174,-1925.46,11.74,-1925.46,595.98,2521.44,0,"	3065,3066" 
2024-04-04T18:30:00Z,"SPY",2024-04-04T19:58:00Z,Sell,505.683956173,500.939416651,1171,5555.86,11.71,0,5955.97,1623.32,1,"	3067,3068" 
2024-04-05T14:00:00Z,"SPY",2024-04-05T19:58:00Z,Buy,503.672896211,506.494237614,1198,3379.97,11.98,-1099.37,5151.82,3760.07,1,"	3069,3070" 
2024-04-09T14:30:00Z,"SPY",2024-04-09T16:30:00Z,Sell,505.283696666,504.981061429,1207,365.28,12.07,0,3664.59,3652.81,1,"	3071,3072" 
2024-04-09T17:00:00Z,"SPY",2024-04-09T17:20:00Z,Sell,504.502702506,504.951774148,1211,-543.83,12.11,-768.45,0,768.45,0,"	3073,3074" 
2024-04-09T17:30:00Z,"SPY",2024-04-09T19:35:00Z,Sell,504.883437159,506.152552669,1208,-1533.09,12.08,-1827.92,1580.26,3408.18,0,"	3075,3076" 
2024-04-11T14:30:00Z,"SPY",2024-04-11T14:55:00Z,Sell,500.382958312,501.368963439,1212,-1195.04,12.12,-1449.43,0,1449.43,0,"	3077,3078" 
2024-04-11T17:30:00Z,"SPY",2024-04-11T19:58:00Z,Buy,505.225122104,506.259939366,1196,1237.64,11.96,-525.41,2218.41,1085.86,1,"	3079,3080" 
2024-04-12T15:00:00Z,"SPY",2024-04-12T15:35:00Z,Sell,500.138897637,501.583736833,1213,-1752.59,12.13,-1758.51,0,1758.51,0,"	3081,3082" 
2024-04-12T16:30:00Z,"SPY",2024-04-12T19:58:00Z,Sell,499.64101386,498.391423204,1207,1508.26,12.07,-164.97,3169.69,2368.43,1,"	3083,3084" 
2024-04-15T17:30:00Z,"SPY",2024-04-15T19:58:00Z,Sell,494.535264539,492.963513792,1226,1926.97,12.26,-323.16,3482.9,1819.25,1,"	3085,3086" 
2024-04-17T16:00:00Z,"SPY",2024-04-17T17:45:00Z,Sell,489.790725017,489.751675309,1245,48.62,12.45,-249.16,3002.09,3251.25,1,"	3087,3088" 
2024-04-19T16:00:00Z,"SPY",2024-04-19T17:20:00Z,Sell,485.280483743,485.768605093,1257,-613.57,12.57,-687.2,2343.83,3031.03,0,"	3089,3090" 
2024-04-19T17:30:00Z,"SPY",2024-04-19T18:00:00Z,Sell,484.733787831,485.48549471,1256,-944.14,12.56,-2127.39,0,2127.39,0,"	3091,3092" 
2024-04-19T18:30:00Z,"SPY",2024-04-19T19:58:00Z,Sell,483.689208142,483.53300931,1255,196.03,12.55,-441.07,1776.52,1752.01,1,"	3093,3094" 
2024-04-22T18:00:00Z,"SPY",2024-04-22T19:20:00Z,Buy,489.517377061,488.873056879,1240,-798.96,12.4,-883.69,1101.59,1985.29,0,"	3095,3096" 
2024-04-23T14:00:00Z,"SPY",2024-04-23T19:20:00Z,Buy,491.128177516,493.354010872,1233,2744.45,12.33,-288.89,3502.79,1300,1,"	3097,3098" 
2024-04-24T16:00:00Z,"SPY",2024-04-24T17:10:00Z,Sell,491.762735271,492.397293026,1243,-788.76,12.43,-928.3,643.14,1571.44,0,"	3099,3100" 
2024-04-25T14:00:00Z,"SPY",2024-04-25T14:25:00Z,Sell,486.344588286,487.662515931,1253,-1651.36,12.53,-1663.6,623.85,2287.44,0,"	3101,3102" 
2024-04-26T14:00:00Z,"SPY",2024-04-26T15:30:00Z,Buy,495.775092768,496.136302567,1223,441.76,12.23,0,1886.43,1802.86,1,"	3103,3104" 
2024-04-26T16:00:00Z,"SPY",2024-04-26T18:20:00Z,Buy,496.536562074,496.888009446,1222,429.47,12.22,-441.4,1419.63,990.16,1,"	3105,3106" 
2024-04-30T16:00:00Z,"SPY",2024-04-30T18:05:00Z,Sell,494.56455182,494.427877842,1229,167.97,12.29,-419.93,2153.65,2021.67,1,"	3107,3108" 
2024-04-30T18:30:00Z,"SPY",2024-04-30T19:58:00Z,Sell,493.178287186,490.679105874,1233,3081.49,12.33,-637.96,3093.53,950.93,1,"	3109,3110" 
2024-05-01T19:00:00Z,"SPY",2024-05-01T19:50:00Z,Buy,495.296733845,491.479624888,1240,-4733.22,12.4,-5689.54,653.69,6343.23,0,"	3111,3112" 
2024-05-09T15:00:00Z,"SPY",2024-05-09T16:10:00Z,Buy,506.835922559,506.386850917,1193,-535.74,11.93,-809.44,349.4,1158.83,0,"	3113,3114" 
2024-05-09T17:00:00Z,"SPY",2024-05-09T18:20:00Z,Buy,506.884734694,506.874972267,1191,-11.63,11.91,-348.81,453.45,802.27,0,"	3115,3116" 
2024-05-14T14:30:00Z,"SPY",2024-05-14T14:55:00Z,Buy,509.823225221,508.788407959,1184,-1225.22,11.84,-1629.78,0,1629.78,0,"	3117,3118" 
2024-05-14T19:00:00Z,"SPY",2024-05-14T19:58:00Z,Buy,510.828755202,511.316876552,1177,574.52,11.77,-287.26,608.99,574.52,1,"	3119,3120" 
2024-05-15T15:00:00Z,"SPY",2024-05-15T19:58:00Z,Buy,514.636101732,517.437918281,1170,3278.13,11.7,0,3278.13,833.81,1,"	3121,3122" 
2024-05-16T15:00:00Z,"SPY",2024-05-16T15:30:00Z,Buy,518.755845926,518.521547678,1174,-275.07,11.74,-916.89,114.61,1031.5,0,"	3123,3124" 
2024-05-20T14:00:00Z,"SPY",2024-05-20T16:35:00Z,Buy,518.550834959,518.170100306,1173,-446.6,11.73,-572.57,423.7,996.27,0,"	3125,3126" 
2024-05-20T17:00:00Z,"SPY",2024-05-20T17:40:00Z,Buy,518.599647094,517.730791091,1171,-1017.43,11.71,-1120.32,45.73,1166.04,0,"	3127,3128" 
2024-05-22T18:30:00Z,"SPY",2024-05-22T19:58:00Z,Sell,515.26089706,516.686211402,1175,-1674.74,11.75,-2075.08,11.47,2086.55,0,"	3129,3130" 
2024-05-23T18:00:00Z,"SPY",2024-05-23T19:58:00Z,Sell,514.196792517,513.30841166,1171,1040.29,11.71,0,2092.02,1211.77,1,"	3131,3132" 
2024-05-24T15:30:00Z,"SPY",2024-05-24T18:40:00Z,Buy,517.125520617,516.979084212,1168,-171.04,11.68,-706.96,421.89,1060.43,0,"	3133,3134" 
2024-05-31T14:30:00Z,"SPY",2024-05-31T18:55:00Z,Sell,508.710308543,508.661496408,1186,57.89,11.86,-752.59,2987.19,3739.77,1,"	3135,3136" 
2024-06-03T16:00:00Z,"SPY",2024-06-03T18:50:00Z,Sell,513.581759616,513.425560784,1175,183.53,11.75,-321.18,3888.62,3877.15,1,"	3137,3138" 
2024-06-05T17:00:00Z,"SPY",2024-06-05T19:58:00Z,Buy,520.005436582,521.791960723,1162,2075.94,11.62,-487.79,2126.99,839.45,1,"	3139,3140" 
2024-06-07T17:00:00Z,"SPY",2024-06-07T18:00:00Z,Buy,523.607772145,523.139175649,1161,-544.04,11.61,-623.38,476.04,1031.41,0,"	3141,3142" 
2024-06-11T14:00:00Z,"SPY",2024-06-11T14:25:00Z,Sell,520.103060852,521.010966563,1167,-1059.53,11.67,-1059.53,125.32,1184.85,0,"	3143,3144" 
2024-06-12T14:00:00Z,"SPY",2024-06-12T16:30:00Z,Buy,529.797150863,529.61166475,1142,-211.83,11.42,-211.83,1415.88,1627.71,0,"	3145,3146" 
2024-06-17T16:30:00Z,"SPY",2024-06-17T19:58:00Z,Buy,532.462293434,533.975469619,1135,1717.45,11.35,-243.77,3257.62,1540.17,1,"	3147,3148" 
2024-06-20T17:30:00Z,"SPY",2024-06-20T18:15:00Z,Sell,533.0285142,534.570977666,1140,-1758.41,11.4,-2114.54,801.3,2915.84,0,"	3149,3150" 
2024-06-24T14:00:00Z,"SPY",2024-06-24T16:40:00Z,Buy,534.424941774,534.679583746,1131,288,11.31,-897.23,1362.46,2259.69,1,"	3151,3152" 
2024-06-27T14:30:00Z,"SPY",2024-06-27T15:05:00Z,Buy,535.277012988,534.483705306,1130,-896.44,11.3,-924.11,154.94,1079.05,0,"	3153,3154" 
2024-06-28T14:00:00Z,"SPY",2024-06-28T15:10:00Z,Buy,536.765689132,536.178053812,1124,-660.5,11.24,-660.5,2399.82,3060.33,0,"	3155,3156" 
2024-06-28T19:30:00Z,"SPY",2024-06-28T19:58:00Z,Sell,533.553282716,533.269258978,1128,320.38,11.28,-662.85,1778.65,2441.51,1,"	3157,3158" 
2024-07-01T15:00:00Z,"SPY",2024-07-01T15:30:00Z,Sell,532.142957948,533.014617006,1132,-986.72,11.32,-986.72,421.3,1408.01,0,"	3159,3160" 
2024-07-02T17:30:00Z,"SPY",2024-07-02T19:58:00Z,Buy,535.394540052,537.382706218,1121,2228.73,11.21,-142.73,2239.71,428.18,1,"	3161,3162" 
2024-07-03T15:30:00Z,"SPY",2024-07-05T13:50:00Z,Buy,538.695091766,540.350264584,1123,1858.76,11.23,-109.99,2485.68,879.89,1,"	3163,3164" 
2024-07-05T14:00:00Z,"SPY",2024-07-05T14:20:00Z,Buy,541.16316011,540.683257932,1124,-539.41,11.24,-1568.69,220.17,1788.86,0,"	3165,3166" 
2024-07-05T15:30:00Z,"SPY",2024-07-05T19:58:00Z,Buy,541.515741302,543.425556092,1122,2142.81,11.22,0,2296.66,686.8,1,"	3167,3168" 
2024-07-10T16:30:00Z,"SPY",2024-07-10T19:58:00Z,Buy,547.43127019,549.97768991,1117,2844.35,11.17,-218.8,2844.35,596.22,1,"	3169,3170" 
2024-07-11T14:30:00Z,"SPY",2024-07-11T19:58:00Z,Sell,548.224577872,545.403928336,1126,3176.05,11.26,-595.51,4311.93,1808.58,1,"	3171,3172" 
2024-07-12T14:00:00Z,"SPY",2024-07-12T19:58:00Z,Buy,547.362712736,547.950348056,1139,669.32,11.39,-167.33,5276.45,4841.39,1,"	3173,3174" 
2024-07-15T15:00:00Z,"SPY",2024-07-15T16:20:00Z,Buy,552.03441353,550.849348968,1132,-1341.49,11.32,-1341.49,1208.45,2549.95,0,"	3175,3176" 
2024-07-17T16:30:00Z,"SPY",2024-07-17T17:45:00Z,Sell,545.86424267,546.0111515,1140,-167.48,11.4,-714.56,591.75,1138.84,0,"	3177,3178" 
2024-07-18T15:30:00Z,"SPY",2024-07-18T19:58:00Z,Sell,542.38740036,540.91831206,1146,1683.58,11.46,-1257.07,3557.96,3602.85,1,"	3179,3180" 
2024-07-19T14:30:00Z,"SPY",2024-07-19T15:05:00Z,Sell,539.74304142,540.369852428,1158,-725.85,11.58,-839.26,499.02,1338.28,0,"	3181,3182" 
2024-07-19T15:30:00Z,"SPY",2024-07-19T16:15:00Z,Sell,538.313128808,539.88995025,1159,-1827.54,11.59,-1963.75,442.7,2406.44,0,"	3183,3184" 
2024-07-19T16:30:00Z,"SPY",2024-07-19T19:58:00Z,Sell,538.724473532,536.990949338,1151,1995.29,11.51,-225.46,2333.47,2558.93,1,"	3185,3186" 
2024-07-23T14:00:00Z,"SPY",2024-07-23T14:55:00Z,Buy,544.091542788,543.043593134,1147,-1202,11.47,-1348.04,943.62,2291.66,0,"	3187,3188" 
2024-07-24T14:00:00Z,"SPY",2024-07-24T19:58:00Z,Sell,535.48268535,529.841386278,1161,6549.55,11.61,0,7186.31,1483.88,1,"	3189,3190" 
2024-07-25T14:00:00Z,"SPY",2024-07-25T14:40:00Z,Sell,528.72487917,529.45942332,1200,-881.45,12,-1198.78,2644.36,3843.13,0,"	3191,3192" 
2024-07-25T15:00:00Z,"SPY",2024-07-25T18:25:00Z,Buy,531.61408616,531.398619876,1190,-256.4,11.9,-629.36,5337.88,5652.56,0,"	3193,3194" 
2024-07-26T14:30:00Z,"SPY",2024-07-26T14:50:00Z,Buy,532.436775608,531.359444188,1188,-1279.87,11.88,-2105.97,0,2105.97,0,"	3195,3196" 
2024-07-26T16:00:00Z,"SPY",2024-07-26T18:45:00Z,Buy,533.631634092,533.122350148,1180,-600.96,11.8,-1386.82,2658.07,4044.89,0,"	3197,3198" 
2024-07-30T15:30:00Z,"SPY",2024-07-30T19:58:00Z,Sell,530.948099464,531.506353018,1184,-660.97,11.84,-1600.25,4058.6,5658.85,0,"	3199,3200" 
2024-07-31T14:30:00Z,"SPY",2024-07-31T15:10:00Z,Buy,538.95952766,539.380666306,1164,490.21,11.64,-729.61,1014.61,1744.22,1,"	3201,3202" 
2024-07-31T19:00:00Z,"SPY",2024-07-31T19:35:00Z,Buy,541.65285621,538.920351972,1160,-3169.7,11.6,-4124.02,136.33,4260.36,0,"	3203,3204" 
2024-08-01T14:00:00Z,"SPY",2024-08-01T14:20:00Z,Buy,542.612660566,540.095622612,1129,-2841.74,11.29,-2919.14,254.32,3173.46,0,"	3205,3206" 
2024-08-01T15:00:00Z,"SPY",2024-08-01T19:58:00Z,Sell,536.158465968,531.56511655,1133,5204.26,11.33,0,8777.34,4139,1,"	3207,3208" 
2024-08-02T14:00:00Z,"SPY",2024-08-02T16:35:00Z,Sell,523.112961864,521.761400628,1140,1540.78,11.4,-770.39,6084.96,4901.47,1,"	3209,3210" 
2024-08-02T17:00:00Z,"SPY",2024-08-02T19:30:00Z,Sell,520.282518406,521.399025514,1152,-1286.22,11.52,-1489.3,1714.95,3204.26,0,"	3211,3212" 
2024-08-06T14:00:00Z,"SPY",2024-08-06T19:58:00Z,Buy,511.115407414,511.742218422,972,609.26,9.72,-295.11,7349.2,6739.94,1,"	3213,3214" 
2024-08-07T14:00:00Z,"SPY",2024-08-07T14:30:00Z,Buy,520.096433888,517.824243984,929,-2110.86,9.29,-2229.15,409.43,2638.58,0,"	3215,3216" 
2024-08-08T14:30:00Z,"SPY",2024-08-08T17:15:00Z,Buy,516.991760614,517.207226898,930,200.38,9.3,-1184.09,983.7,2031.16,1,"	3217,3218" 
2024-08-08T17:30:00Z,"SPY",2024-08-08T19:58:00Z,Buy,519.038690312,518.83301795,927,-190.66,9.27,-1561.58,1116.71,2678.29,0,"	3219,3220" 
2024-08-12T14:00:00Z,"SPY",2024-08-12T14:20:00Z,Sell,520.439221158,522.828938126,828,-1978.69,8.28,-2019.23,0,2019.23,0,"	3221,3222" 
2024-08-13T19:00:00Z,"SPY",2024-08-13T19:58:00Z,Buy,530.262524924,530.477991208,806,173.67,8.06,-599.94,465.74,797.28,1,"	3223,3224" 
2024-08-22T16:00:00Z,"SPY",2024-08-22T16:20:00Z,Sell,546.25599955,547.176628218,852,-784.38,8.52,-784.38,16.69,801.06,0,"	3225,3226" 
2024-08-22T18:00:00Z,"SPY",2024-08-22T18:35:00Z,Sell,544.062161022,545.32557696,853,-1077.69,8.53,-1294.9,200.5,1495.4,0,"	3227,3228" 
2024-08-22T19:00:00Z,"SPY",2024-08-22T19:58:00Z,Sell,544.5420632,543.680198064,850,732.59,8.5,-899.08,740.91,899.08,1,"	3229,3230" 
2024-08-23T14:30:00Z,"SPY",2024-08-23T15:05:00Z,Buy,551.10399094,548.880770646,907,-2016.46,9.07,-3642.07,35.53,3677.6,0,"	3231,3232" 
2024-08-26T16:00:00Z,"SPY",2024-08-26T16:20:00Z,Sell,548.440044156,548.870976724,1119,-482.21,11.19,-526.05,153.43,679.48,0,"	3233,3234" 
2024-08-28T15:30:00Z,"SPY",2024-08-28T19:58:00Z,Sell,546.814253104,547.157040374,1121,-384.26,11.21,-922.23,3480.34,4402.57,0,"	3235,3236" 
2024-08-29T14:00:00Z,"SPY",2024-08-29T17:45:00Z,Buy,549.556551264,550.986463876,1114,1592.92,11.14,-818.28,2738.52,1516.55,1,"	3237,3238" 
2024-08-30T14:00:00Z,"SPY",2024-08-30T14:40:00Z,Buy,550.163774428,550.095216974,1118,-76.65,11.18,-1116.86,383.24,1500.1,0,"	3239,3240" 
2024-09-03T14:00:00Z,"SPY",2024-09-03T19:58:00Z,Sell,547.558591176,540.1347983,1123,8336.92,11.23,0,9953.71,1759.77,1,"	3241,3242" 
2024-09-04T15:00:00Z,"SPY",2024-09-04T15:25:00Z,Buy,542.553897034,541.486359536,1164,-1242.61,11.64,-1379.42,456.01,1835.42,0,"	3243,3244" 
2024-09-05T14:00:00Z,"SPY",2024-09-05T15:00:00Z,Buy,540.595112634,539.018291192,1164,-1835.42,11.64,-1835.42,1926.62,3762.04,0,"	3245,3246" 
2024-09-05T15:30:00Z,"SPY",2024-09-05T17:55:00Z,Sell,536.60898638,538.753855298,1166,-2500.92,11.66,-2912.03,753.7,3665.73,0,"	3247,3248" 
2024-09-06T14:00:00Z,"SPY",2024-09-06T19:58:00Z,Sell,536.599192458,529.06766644,1156,8706.44,11.56,-147.18,9385.75,3985.26,1,"	3249,3250" 
2024-09-09T17:00:00Z,"SPY",2024-09-09T17:40:00Z,Buy,536.207435578,535.864648308,1189,-407.57,11.89,-1048.05,232.9,1280.95,0,"	3251,3252" 
2024-09-11T14:00:00Z,"SPY",2024-09-11T15:55:00Z,Sell,533.455343496,533.08317446,1194,444.37,11.94,-526.23,5461.07,5987.3,1,"	3253,3254" 
2024-09-11T16:00:00Z,"SPY",2024-09-11T16:20:00Z,Sell,533.239877212,535.022371016,1196,-2131.86,11.96,-2202.14,0,2202.14,0,"	3255,3256" 
2024-09-11T19:00:00Z,"SPY",2024-09-11T19:58:00Z,Buy,540.311088896,543.425556092,1173,3653.27,11.73,-218.28,3653.27,1206.27,1,"	3257,3258" 
2024-09-12T17:30:00Z,"SPY",2024-09-12T19:58:00Z,Buy,546.363732692,546.902398402,1173,631.85,11.73,-965.01,1654.31,2619.33,1,"	3259,3260" 
2024-09-13T14:00:00Z,"SPY",2024-09-13T14:45:00Z,Buy,549.419436356,550.81017328,1169,1625.77,11.69,-480.86,1625.77,1980.69,1,"	3261,3262" 
2024-09-13T16:00:00Z,"SPY",2024-09-13T16:25:00Z,Buy,551.074609174,550.065835208,1171,-1181.27,11.71,-1192.74,263.78,1456.52,0,"	3263,3264" 
2024-09-13T17:30:00Z,"SPY",2024-09-13T18:30:00Z,Buy,551.15296055,549.820987158,1166,-1553.08,11.66,-1667.28,239.81,1907.09,0,"	3265,3266" 
2024-10-01T14:00:00Z,"SPY",2024-10-01T15:55:00Z,Sell,559.503709115,558.84550413,1143,752.33,11.43,0,3873.93,3683.04,1,"	3267,3268" 
2024-10-01T16:00:00Z,"SPY",2024-10-01T16:20:00Z,Sell,558.344482425,558.82585622,1148,-552.62,11.48,-1319.51,191.72,1511.24,0,"	3269,3270" 
2024-10-01T16:30:00Z,"SPY",2024-10-01T18:10:00Z,Sell,558.757088535,559.82789963,1146,-1227.15,11.46,-1294.7,2645.69,3940.39,0,"	3271,3272" 
2024-10-01T18:30:00Z,"SPY",2024-10-01T18:50:00Z,Sell,560.43698484,560.250329695,1138,212.41,11.38,-380.11,346.57,380.11,1,"	3273,3274" 
2024-10-01T19:00:00Z,"SPY",2024-10-01T19:20:00Z,Sell,560.33874529,559.92613918,1139,469.96,11.39,-67.14,839.21,514.72,1,"	3275,3276" 
2024-10-01T19:30:00Z,"SPY",2024-10-01T19:50:00Z,Sell,560.230681785,558.94374368,1141,1468.4,11.41,0,1468.4,694.97,1,"	3277,3278" 
2024-10-07T18:30:00Z,"SPY",2024-10-07T19:58:00Z,Sell,559.51353307,557.39155879,1147,2433.9,11.47,0,3155.06,1904.3,1,"	3279,3280" 
2024-10-08T15:00:00Z,"SPY",2024-10-08T15:30:00Z,Buy,561.75339481,561.77304272,1151,22.61,11.51,-452.29,271.38,723.67,1,"	3281,3282" 
2024-10-08T16:00:00Z,"SPY",2024-10-08T16:20:00Z,Buy,562.20529674,561.723922945,1150,-553.58,11.5,-915.1,0,915.1,0,"	3283,3284" 
2024-10-08T16:30:00Z,"SPY",2024-10-08T17:20:00Z,Buy,561.959697865,560.9478305,1149,-1162.64,11.49,-1456.12,214.47,1670.58,0,"	3285,3286" 
2024-10-08T18:00:00Z,"SPY",2024-10-08T19:58:00Z,Buy,561.684627125,563.42346716,1145,1990.97,11.45,0,2103.46,393.69,1,"	3287,3288" 
2024-10-09T15:00:00Z,"SPY",2024-10-09T19:58:00Z,Buy,564.77917295,567.264633565,1146,2848.34,11.46,0,3028.47,1688.74,1,"	3289,3290" 
2024-10-11T14:00:00Z,"SPY",2024-10-11T16:55:00Z,Buy,567.2351617,568.030902055,1151,915.9,11.51,-333.57,2928.61,2012.71,1,"	3291,3292" 
2024-10-11T17:00:00Z,"SPY",2024-10-11T17:20:00Z,Buy,568.679283085,568.29614884,1151,-440.99,11.51,-474.91,90.46,565.37,0,"	3293,3294" 
2024-10-11T17:30:00Z,"SPY",2024-10-11T19:58:00Z,Buy,568.679283085,569.51431926,1150,960.29,11.5,-214.65,1559.06,1090.21,1,"	3295,3296" 
2024-10-14T14:00:00Z,"SPY",2024-10-14T19:58:00Z,Buy,573.03129515,574.219993705,1144,1359.87,11.44,-820.42,2067.9,1359.87,1,"	3297,3298" 
2024-10-15T15:00:00Z,"SPY",2024-10-15T19:58:00Z,Sell,571.705061225,569.14100897,1152,2953.79,11.52,-858.98,3593.21,1408.99,1,"	3299,3300" 
2024-10-16T18:30:00Z,"SPY",2024-10-16T19:58:00Z,Buy,572.36326621,572.019427785,1161,-399.2,11.61,-501.85,205.3,707.15,0,"	3301,3302" 
2024-10-21T15:30:00Z,"SPY",2024-10-21T16:15:00Z,Sell,570.61460222,571.803300775,1163,-1382.46,11.63,-1999.42,217.08,2216.5,0,"	3303,3304" 
2024-10-23T15:30:00Z,"SPY",2024-10-23T19:58:00Z,Sell,568.68910704,567.716535495,1162,1130.13,11.62,-1118.71,4942.88,4029.65,1,"	3305,3306" 
2024-10-25T14:00:00Z,"SPY",2024-10-25T15:30:00Z,Buy,573.041119105,572.235554795,1157,-932.04,11.57,-966.14,1204.83,2170.97,0,"	3307,3308" 
2024-10-31T14:00:00Z,"SPY",2024-10-31T19:58:00Z,Sell,563.63959417,560.22085783,1173,4010.18,11.73,0,4511.45,2270.13,1,"	3309,3310" 
2024-11-01T14:00:00Z,"SPY",2024-11-01T17:00:00Z,Buy,563.040332915,562.883149635,1188,-186.73,11.88,-390.97,2719.31,3092.78,0,"	3311,3312" 
2024-11-01T17:30:00Z,"SPY",2024-11-01T17:50:00Z,Buy,563.60029835,561.77304272,1186,-2167.13,11.86,-2237.03,0,2237.03,0,"	3313,3314" 
2024-11-04T17:00:00Z,"SPY",2024-11-04T17:40:00Z,Sell,558.82585622,560.112794325,1189,-1530.17,11.89,-1693.7,1027.9,2721.6,0,"	3315,3316" 
2024-11-05T15:00:00Z,"SPY",2024-11-05T20:58:00Z,Buy,563.91466491,565.987519415,1172,2429.39,11.72,-483.57,2705.71,1917.03,1,"	3317,3318" 
2024-11-07T17:00:00Z,"SPY",2024-11-07T18:30:00Z,Buy,584.66285787,584.377963175,1139,-324.5,11.39,-503.53,380.44,883.97,0,"	3319,3320" 
2024-11-07T20:00:00Z,"SPY",2024-11-07T20:58:00Z,Buy,585.537189865,584.76109742,1136,-881.64,11.36,-892.8,602.64,1495.44,0,"	3321,3322" 
2024-11-08T18:00:00Z,"SPY",2024-11-08T20:45:00Z,Buy,587.560924595,587.21708617,1129,-388.19,11.29,-388.19,1663.69,2051.88,0,"	3323,3324" 
2024-11-12T17:00:00Z,"SPY",2024-11-12T19:00:00Z,Sell,585.930148065,586.912543565,1131,-1111.09,11.31,-1411.08,2133.29,3544.37,0,"	3325,3326" 
2024-11-14T17:30:00Z,"SPY",2024-11-14T18:20:00Z,Sell,584.3288434,584.9182807,1130,-666.06,11.3,-899.19,1004.65,1903.83,0,"	3327,3328" 
2024-11-14T18:30:00Z,"SPY",2024-11-14T20:58:00Z,Sell,584.633386005,582.81595433,1127,2048.25,11.27,-620.01,2513.25,2015.03,1,"	3329,3330" 
2024-11-15T15:30:00Z,"SPY",2024-11-15T20:58:00Z,Sell,576.479503355,575.42834017,1150,1208.84,11.5,-576.17,3174.61,2451.57,1,"	3331,3332" 
2024-11-18T16:00:00Z,"SPY",2024-11-18T17:10:00Z,Buy,577.874504965,577.58961027,1123,-319.94,11.23,-342,1345.94,1687.94,0,"	3333,3334" 
2024-11-18T18:00:00Z,"SPY",2024-11-18T18:40:00Z,Buy,578.287111075,577.66820191,1121,-693.8,11.21,-693.8,0,693.8,0,"	3335,3336" 
2024-11-19T19:00:00Z,"SPY",2024-11-19T19:45:00Z,Buy,580.49750095,579.06320352,1111,-1593.5,11.11,-1899.11,0,1899.11,0,"	3337,3338" 
2024-11-20T15:00:00Z,"SPY",2024-11-20T17:00:00Z,Sell,577.07876461,577.992392425,1116,-1019.61,11.16,-1380.31,2960.15,4340.46,0,"	3339,3340" 
2024-11-20T17:30:00Z,"SPY",2024-11-20T17:50:00Z,Sell,576.8626376,577.815561235,1113,-1060.6,11.13,-1060.6,21.87,1082.47,0,"	3341,3342" 
2024-11-20T18:00:00Z,"SPY",2024-11-20T20:00:00Z,Sell,576.72510223,577.17700416,1109,-501.16,11.09,-838.9,915.16,1754.06,0,"	3343,3344" 
2024-11-21T15:30:00Z,"SPY",2024-11-21T16:00:00Z,Sell,577.344011395,581.273593395,1134,-4456.15,11.34,-4478.43,100.26,4578.69,0,"	3345,3346" 
2024-11-22T15:00:00Z,"SPY",2024-11-22T15:20:00Z,Buy,585.497894045,583.9358852,1104,-1724.46,11.04,-1963.06,0,1963.06,0,"	3347,3348" 
2024-11-22T16:00:00Z,"SPY",2024-11-22T16:20:00Z,Buy,585.3112389,583.650990505,1098,-1822.95,10.98,-1822.95,21.57,1844.53,0,"	3349,3350" 
2024-11-27T16:30:00Z,"SPY",2024-11-27T18:10:00Z,Sell,587.894939065,587.934234885,1087,-42.71,10.87,-640.72,1142.61,1185.33,0,"	3351,3352" 
2024-11-29T15:00:00Z,"SPY",2024-12-02T14:50:00Z,Buy,590.14462476,592.54166978,1083,2596,10.83,0,2947.1,914.98,1,"	3353,3354" 
2024-12-06T15:00:00Z,"SPY",2024-12-06T15:40:00Z,Buy,598.288683455,598.10202831,1077,-201.03,10.77,-603.08,0,603.08,0,"	3355,3356" 
2024-12-09T16:00:00Z,"SPY",2024-12-09T18:55:00Z,Sell,594.70293988,595.479032325,1082,-839.73,10.82,-1110.78,733.44,1844.22,0,"	3357,3358" 
2024-12-09T19:30:00Z,"SPY",2024-12-09T20:58:00Z,Sell,594.70293988,593.691072515,1079,1091.8,10.79,0,1272.01,492.9,1,"	3359,3360" 
2024-12-10T20:30:00Z,"SPY",2024-12-10T20:58:00Z,Sell,592.099591805,591.7950492,1088,331.34,10.88,-203.08,502.36,705.44,1,"	3361,3362" 
2024-12-11T16:30:00Z,"SPY",2024-12-11T20:58:00Z,Buy,596.795442295,596.84456207,1080,53.05,10.8,-74.27,954.89,923.06,1,"	3363,3364" 
2024-12-12T19:30:00Z,"SPY",2024-12-12T20:58:00Z,Sell,594.280509815,593.867903705,1085,447.68,10.85,-511.63,479.65,522.29,1,"	3365,3366" 
2024-12-13T18:00:00Z,"SPY",2024-12-13T18:20:00Z,Sell,592.28624695,592.95427589,1090,-728.15,10.9,-781.69,48.19,829.88,0,"	3367,3368" 
2024-12-16T18:30:00Z,"SPY",2024-12-16T20:35:00Z,Buy,597.02139326,596.64808297,1079,-402.8,10.79,-424,31.8,450.5,0,"	3369,3370" 
2024-12-17T15:30:00Z,"SPY",2024-12-17T15:55:00Z,Sell,592.571141645,593.15075499,1086,-629.46,10.86,-682.8,0,682.8,0,"	3371,3372" 
2024-12-18T15:30:00Z,"SPY",2024-12-18T17:55:00Z,Buy,594.752059655,594.889595025,1080,148.54,10.8,-753.3,986.72,1740.02,1,"	3373,3374" 
2024-12-18T18:00:00Z,"SPY",2024-12-18T19:20:00Z,Buy,594.909242935,589.86955402,1080,-5442.86,10.8,-5750.55,84.88,5835.43,0,"	3375,3376" 
2024-12-18T19:30:00Z,"SPY",2024-12-18T20:58:00Z,Sell,589.51589164,577.776265415,1071,12573.14,10.71,-915.37,13919.89,3714.07,1,"	3377,3378" 
2024-12-20T15:30:00Z,"SPY",2024-12-20T20:58:00Z,Buy,578.6065457,581.317223725,1135,3076.62,11.35,0,9654.99,6578.37,1,"	3379,3380" 
2024-12-23T15:00:00Z,"SPY",2024-12-23T16:20:00Z,Sell,581.967786451,582.095927594,1139,-145.95,11.39,-145.95,2941.51,3087.46,0,"	3381,3382" 
2024-12-23T18:30:00Z,"SPY",2024-12-23T20:05:00Z,Buy,584.806605619,584.609465399,1133,-223.36,11.33,-502.56,1116.8,1619.36,0,"	3383,3384" 
2024-12-24T15:00:00Z,"SPY",2024-12-26T14:50:00Z,Buy,588.690267953,591.184091736,1124,2803.06,11.24,-11.08,4509.27,1839.16,1,"	3385,3386" 
2024-12-27T15:00:00Z,"SPY",2024-12-27T19:10:00Z,Sell,588.286130502,585.60502351,1135,3043.06,11.35,0,6679.06,3803.82,1,"	3387,3388" 
2024-12-27T19:30:00Z,"SPY",2024-12-27T19:50:00Z,Sell,585.476882367,586.502011511,1150,-1178.9,11.5,-1269.58,136.03,1405.61,0,"	3389,3390" 
2024-12-27T20:30:00Z,"SPY",2024-12-27T20:58:00Z,Sell,585.171315026,586.255586236,1147,-1243.66,11.47,-1831.57,1062.76,2894.33,0,"	3391,3392" 
2024-12-30T15:00:00Z,"SPY",2024-12-30T16:10:00Z,Sell,576.842140731,579.237394404,1143,-2737.77,11.43,-2737.77,844.99,3582.77,0,"	3393,3394" 
2024-12-31T18:30:00Z,"SPY",2024-12-31T20:10:00Z,Sell,576.645000511,578.153123194,1102,-1661.95,11.02,-1792.3,564.85,2357.15,0,"	3395,3396" 
2025-01-02T15:00:00Z,"SPY",2025-01-02T15:25:00Z,Buy,581.721361176,579.316250492,1086,-2611.95,10.86,-2611.95,738.63,3350.58,0,"	3397,3398" 
2025-01-02T18:00:00Z,"SPY",2025-01-02T20:20:00Z,Sell,574.525743146,576.112721917,1091,-1731.39,10.91,-1817.43,2333.62,4151.04,0,"	3399,3400" 
2025-01-03T16:30:00Z,"SPY",2025-01-03T17:30:00Z,Buy,581.208796604,581.701647154,1108,546.08,11.08,0,1430.73,895.57,1,"	3401,3402" 
2025-01-03T18:30:00Z,"SPY",2025-01-03T20:58:00Z,Buy,583.04220065,583.259054892,1107,240.06,11.07,-365.54,1167.55,1533.1,1,"	3403,3404" 
2025-01-06T15:00:00Z,"SPY",2025-01-06T17:30:00Z,Buy,589.35068769,590.001250416,1028,668.78,10.28,-60.8,1803.68,1165.3,1,"	3405,3406" 
2025-01-07T17:00:00Z,"SPY",2025-01-07T20:58:00Z,Sell,582.243782759,580.321665614,1029,1977.86,10.29,-1693.86,3915.15,2642.22,1,"	3407,3408" 
2025-01-08T15:00:00Z,"SPY",2025-01-08T15:40:00Z,Sell,578.912113041,578.971255107,1020,-60.32,10.2,-1236.66,1186.39,1960.56,0,"	3409,3410" 
2025-01-10T15:00:00Z,"SPY",2025-01-10T15:50:00Z,Sell,574.614456245,574.515886135,1026,101.13,10.26,-101.13,3721.69,3822.82,1,"	3411,3412" 
2025-01-10T16:00:00Z,"SPY",2025-01-10T18:25:00Z,Sell,572.751481166,574.900309564,1030,-2213.29,10.3,-2213.29,2416.35,4629.64,0,"	3413,3414" 
2025-01-10T20:30:00Z,"SPY",2025-01-10T20:58:00Z,Sell,572.031919363,572.672625078,1024,-656.08,10.24,-751.97,555.15,1307.12,0,"	3415,3416" 
2025-01-15T15:00:00Z,"SPY",2025-01-15T15:45:00Z,Buy,583.495623156,583.229483859,1118,-297.54,11.18,-617.13,1013.85,1630.98,0,"	3417,3418" 
2025-01-28T15:30:00Z,"SPY",2025-01-28T16:40:00Z,Buy,593.865198728,593.283635079,1097,-637.98,10.97,-1438.15,1016.44,2454.58,0,"	3419,3420" 
2025-01-28T17:30:00Z,"SPY",2025-01-28T20:58:00Z,Buy,595.097325103,595.885885983,1093,861.9,10.93,-495.59,1745.34,1621.44,1,"	3421,3422" 
2025-01-29T19:30:00Z,"SPY",2025-01-29T19:55:00Z,Sell,590.819382329,594.298907212,1103,-3837.92,11.03,-4066.23,0,4066.23,0,"	3423,3424" 
2025-01-31T15:30:00Z,"SPY",2025-01-31T16:55:00Z,Buy,600.252541856,600.222970823,1073,-31.73,10.73,-285.57,1025.93,1311.5,0,"	3425,3426" 
2025-01-31T20:30:00Z,"SPY",2025-01-31T20:58:00Z,Sell,593.056923826,593.668058508,1086,-663.69,10.86,-1487.96,578.05,2066.01,0,"	3427,3428" 
2025-02-04T15:00:00Z,"SPY",2025-02-04T20:58:00Z,Buy,590.444815911,593.313206112,1089,3123.68,10.89,0,3434.97,2801.65,1,"	3429,3430" 
2025-02-07T15:00:00Z,"SPY",2025-02-07T15:20:00Z,Buy,599.148556624,596.05345517,1083,-3351.99,10.83,-4152.63,0,4152.63,0,"	3431,3432" 
2025-02-07T15:30:00Z,"SPY",2025-02-07T20:58:00Z,Sell,595.925314027,592.297933979,1078,3910.32,10.78,-860.69,4601,2539.58,1,"	3433,3434" 
2025-02-13T16:00:00Z,"SPY",2025-02-13T17:10:00Z,Buy,598.41913781,597.778432095,1086,-695.81,10.86,-1391.61,396.07,1787.69,0,"	3435,3436" 
2025-02-13T19:00:00Z,"SPY",2025-02-13T20:58:00Z,Buy,598.527564931,601.070673769,1084,2756.73,10.84,-96.16,2767.41,566.3,1,"	3437,3438" 
2025-02-20T15:00:00Z,"SPY",2025-02-20T17:35:00Z,Sell,599.690692229,600.153971746,1091,-505.44,10.91,-1086.15,1344.25,1989.49,0,"	3439,3440" 
2025-02-20T18:00:00Z,"SPY",2025-02-20T19:15:00Z,Sell,599.335839833,600.538395175,1090,-1310.79,10.9,-1375.25,311.58,1686.83,0,"	3441,3442" 
2025-02-21T15:00:00Z,"SPY",2025-02-21T20:58:00Z,Sell,599.739977284,591.262947824,1085,9197.58,10.85,-21.39,9464.95,1764.65,1,"	3443,3444" 
2025-02-24T15:00:00Z,"SPY",2025-02-24T16:20:00Z,Sell,590.178676614,590.375816834,1133,-223.36,11.33,-647.74,2345.28,2993.02,0,"	3445,3446" 
2025-02-25T15:00:00Z,"SPY",2025-02-25T17:45:00Z,Sell,586.738579775,585.644451554,1139,1246.21,11.39,0,6242.29,5310.44,1,"	3447,3448" 
2025-02-25T18:00:00Z,"SPY",2025-02-25T18:20:00Z,Sell,586.275300258,586.107731071,1144,191.7,11.44,-1477.21,214.25,1477.21,1,"	3449,3450" 
2025-02-25T18:30:00Z,"SPY",2025-02-25T18:50:00Z,Sell,585.200886059,587.08357516,1147,-2159.44,11.47,-2374.26,0,2374.26,0,"	3451,3452" 
2025-02-25T19:30:00Z,"SPY",2025-02-25T19:50:00Z,Sell,584.579894366,586.718865753,1141,-2440.57,11.41,-2643.01,0,2643.01,0,"	3453,3454" 
2025-02-26T15:00:00Z,"SPY",2025-02-26T17:50:00Z,Buy,589.163404481,588.394557623,1124,-864.18,11.24,-864.18,2005.35,2869.53,0,"	3455,3456" 
2025-02-27T15:00:00Z,"SPY",2025-02-27T15:30:00Z,Sell,583.958902673,586.965291028,1131,-3400.23,11.31,-4392.42,1694.54,6086.96,0,"	3457,3458" 
2025-02-27T19:30:00Z,"SPY",2025-02-27T20:58:00Z,Sell,582.302924825,576.704142577,1122,6281.83,11.22,0,6287.36,1415.62,1,"	3459,3460" 
2025-02-28T15:30:00Z,"SPY",2025-02-28T16:30:00Z,Buy,579.956956207,577.689843677,1148,-2602.65,11.48,-2602.65,701.58,3304.23,0,"	3461,3462" 
2025-02-28T20:30:00Z,"SPY",2025-02-28T20:58:00Z,Buy,581.198939593,585.358598235,1137,4729.53,11.37,-1770.77,4729.53,1770.77,1,"	3463,3464" 
2025-03-03T18:00:00Z,"SPY",2025-03-03T20:58:00Z,Sell,583.5350512,574.979165652,1148,9822.16,11.48,0,13307.44,3485.28,1,"	3465,3466" 
2025-03-04T15:00:00Z,"SPY",2025-03-04T17:05:00Z,Sell,567.458266259,568.039829908,1215,-706.6,12.15,-910.2,3652.76,4562.96,0,"	3467,3468" 
2025-03-04T18:00:00Z,"SPY",2025-03-04T18:20:00Z,Sell,568.236970128,570.444940592,1211,-2673.85,12.11,-3939.16,137.27,4076.43,0,"	3469,3470" 
2025-03-05T18:00:00Z,"SPY",2025-03-05T18:45:00Z,Buy,572.445913825,570.237943361,1193,-2634.11,11.93,-3186.8,364.54,3551.34,0,"	3471,3472" 
2025-03-05T19:00:00Z,"SPY",2025-03-05T20:58:00Z,Buy,573.155618617,574.752454399,1182,1887.46,11.82,-407.78,3879.78,3367.14,1,"	3473,3474" 
2025-03-06T17:30:00Z,"SPY",2025-03-06T20:20:00Z,Sell,564.343450783,565.092583619,1181,-884.73,11.81,-2665.82,2607.61,5273.43,0,"	3475,3476" 
2025-03-07T16:30:00Z,"SPY",2025-03-07T17:50:00Z,Sell,559.523372404,563.219751529,1184,-4376.51,11.84,-5146.78,2264.12,7410.9,0,"	3477,3478" 
2025-03-07T19:30:00Z,"SPY",2025-03-07T20:00:00Z,Buy,568.365111271,566.945701687,1151,-1633.74,11.51,-1894.69,499.2,2393.88,0,"	3479,3480" 
2025-03-10T15:00:00Z,"SPY",2025-03-10T19:58:00Z,Sell,555.83685029,552.367182418,1140,3955.42,11.4,-2663.17,8933.41,6764.67,1,"	3481,3482" 
2025-03-11T14:30:00Z,"SPY",2025-03-11T15:25:00Z,Sell,548.000526545,549.301651997,1043,-1357.07,10.43,-2693.59,1758.03,4451.61,0,"	3483,3484" 
2025-03-11T16:30:00Z,"SPY",2025-03-11T18:20:00Z,Sell,547.911813446,549.705789448,1039,-1863.94,10.39,-1956.11,3758.61,5714.72,0,"	3485,3486" 
2025-03-13T14:00:00Z,"SPY",2025-03-13T14:25:00Z,Sell,547.0641105,550.41549424,1020,-3418.41,10.2,-3473.71,0,3473.71,0,"	3487,3488" 
2025-03-13T15:30:00Z,"SPY",2025-03-13T19:58:00Z,Sell,546.354405708,543.1213061,1010,3265.43,10.1,-298.67,4420.28,4629.35,1,"	3489,3490" 
2025-03-14T14:00:00Z,"SPY",2025-03-14T14:20:00Z,Buy,550.445065273,548.93694259,1031,-1554.87,10.31,-1900.4,0,1900.4,0,"	3491,3492" 
2025-03-14T15:00:00Z,"SPY",2025-03-14T19:58:00Z,Buy,552.268612308,555.501711916,1023,3307.46,10.23,-231.93,3408.3,2389.84,1,"	3493,3494" 
2025-03-17T14:00:00Z,"SPY",2025-03-17T14:45:00Z,Buy,557.601255259,557.433686072,884,-148.13,8.84,-1280.9,426.97,1707.87,0,"	3495,3496" 
2025-03-17T18:00:00Z,"SPY",2025-03-17T19:58:00Z,Buy,559.020664843,559.434659305,881,364.73,8.81,0,2197.06,2014.69,1,"	3497,3498" 
2025-03-18T14:00:00Z,"SPY",2025-03-18T18:35:00Z,Sell,552.741748836,552.68260677,871,51.51,8.71,-1090.35,1425.19,2215.05,1,"	3499,3500" 
2025-03-19T19:00:00Z,"SPY",2025-03-19T19:58:00Z,Buy,560.134507086,558.823524623,854,-1119.58,8.54,-1136.41,1889.82,3026.23,0,"	3501,3502" 
2025-03-26T16:00:00Z,"SPY",2025-03-26T19:58:00Z,Sell,564.19185423,562.53089619,911,1513.13,9.11,-612.46,3071.3,1981.48,1,"	3503,3504" 
2025-03-28T14:30:00Z,"SPY",2025-03-28T19:58:00Z,Sell,553.21766718,549.786997895,975,3344.9,9.75,-385.58,4251.01,1860.42,1,"	3505,3506" 
2025-04-01T14:30:00Z,"SPY",2025-04-01T14:50:00Z,Sell,548.837879015,551.685235655,1076,-3063.76,10.76,-3531.83,0,3531.83,0,"	3507,3508" 
2025-04-02T17:00:00Z,"SPY",2025-04-02T18:00:00Z,Buy,559.26830004,557.68643524,1051,-1662.54,10.51,-2410.68,1667.74,4078.42,0,"	3509,3510" 
2025-04-03T15:00:00Z,"SPY",2025-04-03T15:35:00Z,Sell,534.05732979,536.62786009,1156,-2971.53,11.56,-2971.53,571.45,3542.98,0,"	3511,3512" 
2025-04-03T18:30:00Z,"SPY",2025-04-03T18:55:00Z,Sell,534.65052909,535.59964797,1144,-1085.79,11.44,-1606.07,791.72,2397.79,0,"	3513,3514" 
2025-04-03T19:30:00Z,"SPY",2025-04-03T19:58:00Z,Sell,532.900591155,531.62521266,1144,1459.03,11.44,-497.65,1470.34,1538.21,1,"	3515,3516" 
2025-04-04T14:30:00Z,"SPY",2025-04-04T19:58:00Z,Sell,510.40845103,499.483697255,815,8903.67,8.15,-4439.75,8919.79,9258.21,1,"	3517,3518" 
2025-04-07T18:00:00Z,"SPY",2025-04-07T18:40:00Z,Buy,503.34937936,501.599441425,643,-1125.21,6.43,-2580.99,521.28,3102.27,0,"	3519,3520" 
2025-04-08T19:30:00Z,"SPY",2025-04-08T19:58:00Z,Sell,491.86108625,490.06171504,655,1178.59,6.55,0,5290.7,4274,1,"	3521,3522" 
2025-04-09T14:00:00Z,"SPY",2025-04-09T14:25:00Z,Buy,494.19433683,493.255104605,670,-629.29,6.7,-1709.01,1768.62,3477.63,0,"	3523,3524" 
2025-04-09T17:30:00Z,"SPY",2025-04-09T19:58:00Z,Buy,518.070608655,537.47811242,638,12381.99,6.38,0,13712.91,5847.22,1,"	3525,3526" 
2025-04-10T14:00:00Z,"SPY",2025-04-10T14:50:00Z,Sell,522.974389535,522.37130358,375,226.16,3.75,-867.55,778.57,1646.13,1,"	3527,3528" 
2025-04-10T15:00:00Z,"SPY",2025-04-10T18:00:00Z,Sell,520.324765995,518.29800172,378,766.12,3.78,-829.65,5904.71,5422.61,1,"	3529,3530" 
2025-04-11T17:00:00Z,"SPY",2025-04-11T17:30:00Z,Buy,525.742652935,523.804868555,358,-693.73,3.58,-693.73,392.88,1086.6,0,"	3531,3532" 
2025-04-11T18:00:00Z,"SPY",2025-04-11T18:25:00Z,Buy,528.61966954,526.82029833,356,-640.58,3.56,-893.99,3.52,897.51,0,"	3533,3534" 
2025-04-21T14:00:00Z,"SPY",2025-04-21T19:35:00Z,Sell,511.644282905,505.12897726,365,2378.09,3.65,0,3218.9,894.94,1,"	3535,3536" 
2025-04-22T15:00:00Z,"SPY",2025-04-22T15:55:00Z,Buy,518.723127885,518.71324123,360,-3.56,3.6,-298.97,366.6,665.57,0,"	3537,3538" 
2025-04-22T16:00:00Z,"SPY",2025-04-22T17:30:00Z,Buy,520.2357861,516.646930335,359,-1288.4,3.59,-1288.4,986.71,2275.11,0,"	3539,3540" 
2025-04-23T14:00:00Z,"SPY",2025-04-23T14:30:00Z,Buy,537.4385658,537.685732175,339,83.79,3.39,-854.65,217.85,1072.5,1,"	3541,3542" 
2025-04-24T14:30:00Z,"SPY",2025-04-24T17:35:00Z,Buy,536.11375403,538.555757815,338,825.4,3.38,-310.78,1166.25,574.77,1,"	3543,3544" 
2025-04-30T14:00:00Z,"SPY",2025-04-30T14:25:00Z,Sell,535.71828783,539.742156415,406,-1633.69,4.06,-1633.69,0,1633.69,0,"	3545,3546" 
2025-05-01T15:00:00Z,"SPY",2025-05-01T15:40:00Z,Buy,556.97459608,556.34185016,682,-431.53,6.82,-586.61,404.56,991.18,0,"	3547,3548" 
2025-05-08T17:00:00Z,"SPY",2025-05-08T17:50:00Z,Buy,563.667861515,562.09588337,1023,-1608.13,10.23,-1820.53,0,1820.53,0,"	3549,3550" 
