Entry Time,Symbols,Exit Time,Direction,Entry Price,Exit Price,Quantity,P&L,Fees,MAE,MFE,Drawdown,IsWin,Order Ids
2017-05-12T18:00:00Z,"SPY",2017-05-12T18:05:00Z,Sell,207.217478874,207.217478874,962,0,9.62,0,16.68,16.68,0,"	1,2" 
2017-05-12T18:30:00Z,"SPY",2017-05-12T18:35:00Z,Sell,207.139440657,207.208807961,962,-66.73,9.62,-66.73,8.34,75.07,0,"	3,4" 
2017-05-12T19:00:00Z,"SPY",2017-05-12T19:05:00Z,Sell,207.208807961,207.243491613,961,-33.33,9.61,-33.33,0,33.33,0,"	5,6" 
2017-05-12T19:30:00Z,"SPY",2017-05-12T19:45:00Z,Sell,207.087415179,207.226149787,962,-133.46,9.62,-133.46,58.39,191.85,0,"	7,8" 
2017-05-15T14:00:00Z,"SPY",2017-05-15T17:05:00Z,Buy,208.127924739,208.162608391,955,33.12,9.55,0,322.95,289.83,1,"	9,10" 
2017-05-15T17:30:00Z,"SPY",2017-05-15T18:25:00Z,Buy,208.327355738,208.18862113,955,-132.49,9.55,-132.49,57.97,190.46,0,"	11,12" 
2017-05-15T18:30:00Z,"SPY",2017-05-15T18:35:00Z,Buy,208.058557435,208.067228348,955,8.28,9.55,0,16.56,16.56,1,"	13,14" 
2017-05-15T19:00:00Z,"SPY",2017-05-15T19:05:00Z,Buy,208.101912,208.119253826,954,16.54,9.54,0,24.82,16.54,1,"	15,16" 
2017-05-15T19:30:00Z,"SPY",2017-05-15T19:40:00Z,Buy,208.162608391,208.136595652,954,-24.82,9.54,-49.63,66.18,115.81,0,"	17,18" 
2017-05-16T18:00:00Z,"SPY",2017-05-16T18:05:00Z,Sell,208.084570174,208.110582913,954,-24.82,9.54,-24.82,0,24.82,0,"	19,20" 
2017-05-16T18:30:00Z,"SPY",2017-05-16T19:30:00Z,Sell,208.01520287,208.171279304,954,-148.9,9.54,-148.9,16.54,165.44,0,"	21,22" 
2017-05-17T15:00:00Z,"SPY",2017-05-17T15:45:00Z,Sell,205.535321752,206.133614749,964,-576.75,9.64,-576.75,100.31,677.06,0,"	23,24" 
2017-05-17T16:30:00Z,"SPY",2017-05-17T19:58:00Z,Sell,205.795449142,204.512154018,957,1228.11,9.57,-257.24,1228.11,630.65,1,"	25,26" 
2017-05-18T14:30:00Z,"SPY",2017-05-18T15:45:00Z,Buy,205.292536188,204.867661451,971,-412.55,9.71,-412.55,176.81,589.36,0,"	27,28" 
2017-05-18T16:30:00Z,"SPY",2017-05-18T16:50:00Z,Buy,204.928357842,204.858990538,969,-67.22,9.69,-67.22,218.45,285.67,0,"	29,30" 
2017-05-18T17:00:00Z,"SPY",2017-05-18T17:10:00Z,Buy,204.971712407,204.737597756,968,-226.62,9.68,-226.62,50.36,276.98,0,"	31,32" 
2017-05-18T18:00:00Z,"SPY",2017-05-18T19:58:00Z,Buy,205.266523449,205.361903492,964,91.95,9.64,0,827.52,735.57,1,"	33,34" 
2017-05-19T14:00:00Z,"SPY",2017-05-19T19:10:00Z,Buy,206.3677294,206.619185877,960,241.4,9.6,0,874.03,632.63,1,"	35,36" 
2017-05-19T19:30:00Z,"SPY",2017-05-19T19:35:00Z,Buy,206.584502225,206.506464008,961,-74.99,9.61,-116.66,0,116.66,0,"	37,38" 
2017-05-22T14:00:00Z,"SPY",2017-05-22T14:05:00Z,Buy,207.442922612,207.503619003,957,58.09,9.57,-16.6,66.38,16.6,1,"	39,40" 
2017-05-22T16:30:00Z,"SPY",2017-05-22T16:35:00Z,Buy,207.659695437,207.642353611,956,-16.58,9.56,-16.58,24.87,41.45,0,"	41,42" 
2017-05-25T15:30:00Z,"SPY",2017-05-25T15:35:00Z,Buy,209.697359992,209.619321775,946,-73.82,9.46,-73.82,32.81,106.63,0,"	43,44" 
2017-05-25T17:00:00Z,"SPY",2017-05-25T17:25:00Z,Buy,209.723372731,209.593309036,946,-123.04,9.46,-147.65,0,147.65,0,"	45,46" 
2017-05-25T18:00:00Z,"SPY",2017-05-25T18:05:00Z,Buy,209.680018166,209.636663601,944,-40.93,9.44,-40.93,0,40.93,0,"	47,48" 
2017-05-31T14:00:00Z,"SPY",2017-05-31T14:35:00Z,Sell,208.942990561,209.090396082,947,-139.59,9.47,-139.59,238.13,377.72,0,"	49,50" 
2017-05-31T16:00:00Z,"SPY",2017-05-31T16:05:00Z,Sell,209.038370604,209.125079734,945,-81.94,9.45,-81.94,0,81.94,0,"	51,52" 
2017-05-31T17:00:00Z,"SPY",2017-05-31T17:05:00Z,Sell,208.9690033,209.038370604,945,-65.55,9.45,-81.94,0,81.94,0,"	53,54" 
2017-06-01T17:00:00Z,"SPY",2017-06-01T19:58:00Z,Buy,210.417045771,210.815907769,938,374.13,9.38,0,382.27,211.47,1,"	55,56" 
2017-06-02T16:00:00Z,"SPY",2017-06-02T16:45:00Z,Buy,211.604960852,211.518251722,936,-81.16,9.36,-121.74,32.46,121.74,0,"	57,58" 
2017-06-02T17:00:00Z,"SPY",2017-06-02T17:10:00Z,Buy,211.578948113,211.509580809,935,-64.86,9.35,-64.86,24.32,89.18,0,"	59,60" 
2017-06-02T17:30:00Z,"SPY",2017-06-02T18:30:00Z,Buy,211.630973591,211.535593548,934,-89.08,9.34,-89.08,161.97,251.06,0,"	61,62" 
2017-06-02T19:30:00Z,"SPY",2017-06-02T19:50:00Z,Buy,211.709011808,211.5702772,933,-129.44,9.33,-129.44,129.44,258.88,0,"	63,64" 
2017-06-08T14:30:00Z,"SPY",2017-06-08T14:35:00Z,Sell,210.96331329,211.180086115,935,-202.68,9.35,-202.68,0,202.68,0,"	65,66" 
2017-06-09T14:00:00Z,"SPY",2017-06-09T16:15:00Z,Buy,211.986481024,212.107873806,928,112.65,9.28,-56.33,402.33,289.68,1,"	67,68" 
2017-06-09T18:00:00Z,"SPY",2017-06-09T18:05:00Z,Sell,210.945971464,211.22344068,934,-259.16,9.34,-259.16,0,259.16,0,"	69,70" 
2017-06-09T19:00:00Z,"SPY",2017-06-09T19:25:00Z,Sell,210.234956598,211.058693333,935,-770.19,9.35,-770.19,0,770.19,0,"	71,72" 
2017-06-12T14:00:00Z,"SPY",2017-06-12T14:20:00Z,Sell,210.365020293,210.677173161,927,-289.37,9.27,-289.37,120.57,409.93,0,"	73,74" 
2017-06-12T14:30:00Z,"SPY",2017-06-12T14:45:00Z,Sell,210.52976764,210.659831335,923,-120.05,9.23,-144.06,144.06,288.12,0,"	75,76" 
2017-06-12T16:30:00Z,"SPY",2017-06-12T16:35:00Z,Sell,210.425716684,210.555780379,922,-119.92,9.22,-119.92,0,119.92,0,"	77,78" 
2017-06-12T17:00:00Z,"SPY",2017-06-12T17:15:00Z,Sell,210.252298424,210.495083988,922,-223.85,9.22,-223.85,0,223.85,0,"	79,80" 
2017-06-12T18:00:00Z,"SPY",2017-06-12T18:15:00Z,Sell,210.278311163,210.52976764,919,-231.09,9.19,-239.06,0,239.06,0,"	81,82" 
2017-06-12T18:30:00Z,"SPY",2017-06-12T18:35:00Z,Sell,210.434387597,210.61647677,917,-166.98,9.17,-166.98,0,166.98,0,"	83,84" 
2017-06-13T17:30:00Z,"SPY",2017-06-13T17:45:00Z,Buy,211.934455546,211.769708199,908,-149.59,9.08,-157.46,0,157.46,0,"	85,86" 
2017-06-13T18:30:00Z,"SPY",2017-06-13T18:50:00Z,Buy,211.891100981,211.899771894,907,7.86,9.07,-62.92,55.05,117.97,1,"	87,88" 
2017-06-13T19:30:00Z,"SPY",2017-06-13T19:58:00Z,Buy,212.073190154,211.813062764,906,-235.68,9.06,-235.68,7.86,243.53,0,"	89,90" 
2017-06-14T15:00:00Z,"SPY",2017-06-14T16:00:00Z,Sell,211.682999069,211.865088242,906,-164.97,9.06,-172.83,31.42,204.25,0,"	91,92" 
2017-06-14T19:00:00Z,"SPY",2017-06-14T19:50:00Z,Sell,211.318820723,211.787050025,906,-424.22,9.06,-424.22,235.68,659.89,0,"	93,94" 
2017-06-16T14:00:00Z,"SPY",2017-06-16T15:35:00Z,Sell,211.01361362,211.02232671,903,-7.87,9.03,-7.87,409.13,417,0,"	95,96" 
2017-06-19T14:30:00Z,"SPY",2017-06-19T18:25:00Z,Buy,212.92178033,212.79979707,895,-109.18,8.95,-218.35,226.15,335.32,0,"	97,98" 
2017-06-19T18:30:00Z,"SPY",2017-06-19T18:50:00Z,Buy,212.85207561,212.81722325,894,-31.16,8.94,-31.16,70.11,101.26,0,"	99,100" 
2017-06-19T19:00:00Z,"SPY",2017-06-19T19:58:00Z,Buy,212.80851016,213.05247668,893,217.86,8.93,0,342.35,124.49,1,"	101,102" 
2017-06-20T14:00:00Z,"SPY",2017-06-20T14:10:00Z,Sell,212.45998656,212.55583055,897,-85.97,8.97,-101.6,46.89,148.5,0,"	103,104" 
2017-06-20T15:30:00Z,"SPY",2017-06-20T15:45:00Z,Sell,212.40770802,212.46869965,896,-54.65,8.96,-62.46,46.84,101.49,0,"	105,106" 
2017-06-20T16:00:00Z,"SPY",2017-06-20T16:10:00Z,Sell,212.36414257,212.44256038,896,-70.26,8.96,-78.07,7.81,85.88,0,"	107,108" 
2017-06-20T16:30:00Z,"SPY",2017-06-20T17:00:00Z,Sell,212.09403678,212.40770802,896,-281.05,8.96,-288.86,0,288.86,0,"	109,110" 
2017-06-20T17:30:00Z,"SPY",2017-06-20T18:05:00Z,Sell,212.31186403,212.39028184,893,-70.03,8.93,-101.15,15.56,116.71,0,"	111,112" 
2017-06-20T18:30:00Z,"SPY",2017-06-20T19:58:00Z,Sell,212.14631532,211.79779172,893,311.23,8.93,-155.62,373.48,241.2,1,"	113,114" 
2017-06-22T15:30:00Z,"SPY",2017-06-22T15:35:00Z,Buy,212.10274987,211.99819279,896,-93.68,8.96,-93.68,0,93.68,0,"	115,116" 
2017-06-22T16:00:00Z,"SPY",2017-06-22T16:05:00Z,Buy,212.05918442,212.00690588,895,-46.79,8.95,-46.79,15.6,62.39,0,"	117,118" 
2017-06-22T17:30:00Z,"SPY",2017-06-22T17:40:00Z,Buy,212.10274987,212.03304515,894,-62.32,8.94,-62.32,7.79,70.11,0,"	119,120" 
2017-06-23T15:00:00Z,"SPY",2017-06-23T15:15:00Z,Buy,211.93720116,211.89363571,894,-38.95,8.94,-38.95,77.9,116.84,0,"	121,122" 
2017-06-23T16:00:00Z,"SPY",2017-06-23T17:00:00Z,Buy,211.99819279,211.99819279,893,0,8.93,-38.9,124.49,124.49,0,"	123,124" 
2017-06-23T17:30:00Z,"SPY",2017-06-23T18:20:00Z,Buy,212.02433206,211.99819279,893,-23.34,8.93,-23.34,132.27,155.62,0,"	125,126" 
2017-06-26T14:00:00Z,"SPY",2017-06-26T14:05:00Z,Buy,212.91306724,212.75623162,889,-139.43,8.89,-154.92,0,154.92,0,"	127,128" 
2017-06-27T18:00:00Z,"SPY",2017-06-27T19:58:00Z,Sell,210.96133508,210.42983659,896,476.22,8.96,-195.17,507.45,468.42,1,"	129,130" 
2017-06-28T15:00:00Z,"SPY",2017-06-28T19:58:00Z,Buy,211.84135717,212.12888914,897,257.92,8.97,-39.08,445.49,257.92,1,"	131,132" 
2017-06-29T14:00:00Z,"SPY",2017-06-29T14:45:00Z,Sell,211.65838228,211.63224301,900,23.53,9,-47.05,439.14,415.61,1,"	133,134" 
2017-06-29T15:00:00Z,"SPY",2017-06-29T19:20:00Z,Sell,211.42312885,210.74350783,901,612.34,9.01,-47.1,2072.53,1460.19,1,"	135,136" 
2017-06-29T19:30:00Z,"SPY",2017-06-29T19:35:00Z,Sell,210.41241041,210.76093401,911,-317.5,9.11,-317.5,0,317.5,0,"	137,138" 
2017-07-06T14:00:00Z,"SPY",2017-07-06T15:05:00Z,Sell,210.23814861,210.47340204,909,-213.85,9.09,-213.85,277.21,491.05,0,"	139,140" 
2017-07-06T18:30:00Z,"SPY",2017-07-06T19:58:00Z,Sell,210.10745226,209.66308467,907,403.04,9.07,0,592.71,229.18,1,"	141,142" 
2017-07-07T15:30:00Z,"SPY",2017-07-07T19:58:00Z,Buy,210.61281148,211.02232671,909,372.25,9.09,-7.92,435.61,253.45,1,"	143,144" 
2017-07-11T15:30:00Z,"SPY",2017-07-11T15:50:00Z,Sell,210.22072243,210.53439367,914,-286.7,9.14,-294.66,0,294.66,0,"	145,146" 
2017-07-12T14:00:00Z,"SPY",2017-07-12T14:45:00Z,Buy,212.49483892,212.37285566,901,-109.91,9.01,-188.41,141.31,329.72,0,"	147,148" 
2017-07-12T18:00:00Z,"SPY",2017-07-12T18:05:00Z,Buy,212.66038763,212.56454364,899,-86.16,8.99,-86.16,0,86.16,0,"	149,150" 
2017-07-12T18:30:00Z,"SPY",2017-07-12T19:45:00Z,Buy,212.71266617,212.64296145,898,-62.59,8.98,-109.54,39.12,148.66,0,"	151,152" 
2017-07-14T14:00:00Z,"SPY",2017-07-14T14:05:00Z,Buy,213.23545157,213.19188612,895,-38.99,8.95,-54.59,0,54.59,0,"	153,154" 
2017-07-14T15:00:00Z,"SPY",2017-07-14T15:05:00Z,Buy,213.34000865,213.20059921,895,-124.77,8.95,-124.77,0,124.77,0,"	155,156" 
2017-07-14T17:00:00Z,"SPY",2017-07-14T19:58:00Z,Buy,213.6449668,214.00220349,892,318.66,8.92,-15.54,575.13,287.57,1,"	157,158" 
2017-07-19T14:00:00Z,"SPY",2017-07-19T14:15:00Z,Buy,214.68182451,214.61211979,891,-62.11,8.91,-85.4,85.4,170.79,0,"	159,160" 
2017-07-19T18:30:00Z,"SPY",2017-07-19T19:58:00Z,Buy,215.06520047,215.10005283,888,30.95,8.88,-54.16,100.58,92.85,1,"	161,162" 
2017-07-24T14:30:00Z,"SPY",2017-07-24T14:50:00Z,Sell,214.73410305,214.7776685,890,-38.77,8.9,-54.28,38.77,93.06,0,"	163,164" 
2017-07-24T15:00:00Z,"SPY",2017-07-24T15:35:00Z,Sell,214.72538996,214.7776685,889,-46.48,8.89,-46.48,77.46,123.93,0,"	165,166" 
2017-07-27T17:30:00Z,"SPY",2017-07-27T19:40:00Z,Sell,214.62954597,215.14361828,889,-457.01,8.89,-457.01,418.28,875.29,0,"	167,168" 
2017-07-28T14:30:00Z,"SPY",2017-07-28T15:10:00Z,Sell,214.64697215,214.75152923,885,-92.53,8.85,-92.53,84.82,177.35,0,"	169,170" 
2017-08-02T14:30:00Z,"SPY",2017-08-02T17:30:00Z,Sell,214.93450412,215.16104446,883,-200.04,8.83,-223.12,215.42,438.54,0,"	171,172" 
2017-08-03T14:00:00Z,"SPY",2017-08-03T14:25:00Z,Sell,215.19589682,215.29174081,880,-84.34,8.8,-115.01,46.01,145.68,0,"	173,174" 
2017-08-03T16:00:00Z,"SPY",2017-08-03T16:25:00Z,Sell,215.16104446,215.27431463,879,-99.56,8.79,-99.56,22.98,122.54,0,"	175,176" 
2017-08-07T19:30:00Z,"SPY",2017-08-07T19:35:00Z,Buy,215.97136183,215.88423093,875,-76.24,8.75,-76.24,0,76.24,0,"	177,178" 
2017-08-08T15:00:00Z,"SPY",2017-08-08T17:05:00Z,Buy,216.35473779,216.22404144,873,-114.1,8.73,-114.1,418.36,532.46,0,"	179,180" 
2017-08-10T14:00:00Z,"SPY",2017-08-10T14:40:00Z,Sell,214.22874383,214.09804748,880,115.01,8.8,0,575.06,475.39,1,"	181,182" 
2017-08-10T15:00:00Z,"SPY",2017-08-10T18:35:00Z,Sell,213.84536787,213.76695006,883,69.24,8.83,-92.32,738.59,715.51,1,"	183,184" 
2017-08-10T19:00:00Z,"SPY",2017-08-10T19:58:00Z,Sell,213.46199191,212.4251342,885,917.62,8.85,-84.82,948.46,169.64,1,"	185,186" 
2017-08-11T14:30:00Z,"SPY",2017-08-11T15:25:00Z,Buy,212.98277196,212.80851016,895,-155.96,8.95,-257.34,265.14,522.48,0,"	187,188" 
2017-08-11T18:30:00Z,"SPY",2017-08-11T18:35:00Z,Buy,213.00019814,212.83464943,894,-148,8.94,-148,0,148,0,"	189,190" 
2017-08-14T14:00:00Z,"SPY",2017-08-14T18:55:00Z,Buy,214.50756271,214.61211979,886,92.64,8.86,-15.44,447.75,362.83,1,"	191,192" 
2017-08-14T19:00:00Z,"SPY",2017-08-14T19:05:00Z,Buy,214.66439833,214.59469361,886,-61.76,8.86,-61.76,15.44,77.2,0,"	193,194" 
2017-08-14T19:30:00Z,"SPY",2017-08-14T19:58:00Z,Buy,214.93450412,214.89093867,884,-38.51,8.84,-146.35,61.62,154.05,0,"	195,196" 
2017-08-17T14:30:00Z,"SPY",2017-08-17T15:05:00Z,Sell,213.85408096,214.18517838,888,-294.01,8.88,-294.01,131.53,425.55,0,"	197,198" 
2017-08-17T15:30:00Z,"SPY",2017-08-17T19:58:00Z,Sell,213.97606422,211.94591425,885,1796.68,8.85,-69.4,1827.53,331.58,1,"	199,200" 
2017-08-18T14:00:00Z,"SPY",2017-08-18T14:05:00Z,Sell,211.03975289,211.45798121,914,-382.26,9.14,-382.26,0,382.26,0,"	201,202" 
2017-08-18T17:00:00Z,"SPY",2017-08-18T17:05:00Z,Buy,212.43384729,212.29443785,905,-126.17,9.05,-126.17,39.43,165.59,0,"	203,204" 
2017-08-21T14:00:00Z,"SPY",2017-08-21T14:10:00Z,Sell,211.13559688,211.15302306,909,-15.84,9.09,-15.84,221.77,237.61,0,"	205,206" 
2017-08-21T14:30:00Z,"SPY",2017-08-21T14:45:00Z,Sell,210.9439089,211.18787542,909,-221.77,9.09,-277.21,0,277.21,0,"	207,208" 
2017-08-22T14:00:00Z,"SPY",2017-08-22T19:58:00Z,Buy,212.83464943,213.8192286,899,885.14,8.99,0,1049.63,187.99,1,"	209,210" 
2017-08-24T14:00:00Z,"SPY",2017-08-24T14:05:00Z,Sell,212.76494471,212.86950179,908,-94.94,9.08,-94.94,0,94.94,0,"	211,212" 
2017-08-24T15:30:00Z,"SPY",2017-08-24T15:45:00Z,Sell,212.66910072,212.67781381,907,-7.9,9.07,-7.9,205.47,213.37,0,"	213,214" 
2017-08-25T14:00:00Z,"SPY",2017-08-25T14:25:00Z,Buy,213.71467152,213.79308933,902,70.73,9.02,0,204.34,172.9,1,"	215,216" 
2017-08-25T14:30:00Z,"SPY",2017-08-25T14:35:00Z,Buy,213.79308933,213.67110607,903,-110.15,9.03,-110.15,15.74,125.89,0,"	217,218" 
2017-08-30T15:00:00Z,"SPY",2017-08-30T15:15:00Z,Buy,213.88893332,213.82794169,901,-54.95,9.01,-70.65,0,70.65,0,"	219,220" 
2017-08-30T15:30:00Z,"SPY",2017-08-30T15:35:00Z,Buy,213.88893332,213.85408096,901,-31.4,9.01,-39.25,0,39.25,0,"	221,222" 
2017-08-30T17:00:00Z,"SPY",2017-08-30T19:58:00Z,Buy,214.17646529,214.27230928,899,86.16,8.99,-54.83,399.49,454.32,1,"	223,224" 
2017-08-31T19:00:00Z,"SPY",2017-08-31T19:05:00Z,Buy,215.68382986,215.60541205,893,-70.03,8.93,-70.03,0,70.03,0,"	225,226" 
2017-09-05T15:30:00Z,"SPY",2017-09-05T15:40:00Z,Sell,214.87351249,215.0390612,896,-148.33,8.96,-156.14,0,156.14,0,"	227,228" 
2017-09-05T16:30:00Z,"SPY",2017-09-05T19:35:00Z,Sell,214.10676057,214.54241507,898,-391.22,8.98,-391.22,579,970.22,0,"	229,230" 
2017-09-11T14:00:00Z,"SPY",2017-09-11T14:45:00Z,Buy,216.54642577,216.52899959,884,-15.4,8.84,-15.4,192.56,207.96,0,"	231,232" 
2017-09-11T15:00:00Z,"SPY",2017-09-11T19:58:00Z,Buy,216.57256504,217.03435881,884,408.23,8.84,-30.81,539.17,192.56,1,"	233,234" 
2017-09-18T14:00:00Z,"SPY",2017-09-18T14:20:00Z,Buy,218.903875,218.825069605,878,-69.19,8.78,-76.88,38.44,115.32,0,"	235,236" 
2017-09-20T18:30:00Z,"SPY",2017-09-20T18:50:00Z,Sell,218.212138755,218.579897265,880,-323.63,8.8,-323.63,92.46,416.09,0,"	237,238" 
2017-09-21T14:00:00Z,"SPY",2017-09-21T14:35:00Z,Sell,218.369749545,218.46606725,876,-84.37,8.76,-84.37,145.74,230.11,0,"	239,240" 
2017-09-21T15:00:00Z,"SPY",2017-09-21T15:05:00Z,Sell,218.5536288,218.562384955,875,-7.66,8.75,-38.31,0,38.31,0,"	241,242" 
2017-09-25T15:00:00Z,"SPY",2017-09-25T17:40:00Z,Sell,217.6780133,217.87064871,878,-169.13,8.78,-169.13,330.58,499.71,0,"	243,244" 
2017-09-25T18:00:00Z,"SPY",2017-09-25T19:25:00Z,Sell,217.78308716,217.88816102,876,-92.04,8.76,-92.04,214.77,306.82,0,"	245,246" 
2017-09-27T19:00:00Z,"SPY",2017-09-27T19:55:00Z,Buy,219.105266565,219.02646117,870,-68.56,8.7,-83.8,190.45,274.24,0,"	247,248" 
2017-09-28T18:00:00Z,"SPY",2017-09-28T18:20:00Z,Buy,219.262877355,219.210340425,869,-45.65,8.69,-45.65,15.22,60.87,0,"	249,250" 
2017-09-29T15:00:00Z,"SPY",2017-09-29T15:05:00Z,Buy,219.560586625,219.51680585,867,-37.96,8.67,-53.14,0,53.14,0,"	251,252" 
2017-09-29T15:30:00Z,"SPY",2017-09-29T19:58:00Z,Buy,219.630635865,219.928345135,866,257.82,8.66,-22.75,288.15,197.15,1,"	253,254" 
2017-10-02T14:00:00Z,"SPY",2017-10-02T15:10:00Z,Buy,220.541275985,220.488739055,865,-45.44,8.65,-53.02,181.78,227.22,0,"	255,256" 
2017-10-02T16:30:00Z,"SPY",2017-10-02T19:58:00Z,Buy,220.49749521,220.81271679,865,272.67,8.65,0,280.24,113.61,1,"	257,258" 
2017-10-04T16:00:00Z,"SPY",2017-10-04T17:35:00Z,Buy,221.77589384,221.65330767,862,-105.67,8.62,-105.67,105.67,211.34,0,"	259,260" 
2017-10-04T19:30:00Z,"SPY",2017-10-04T19:35:00Z,Buy,221.68833229,221.679576135,861,-7.54,8.61,-45.23,0,45.23,0,"	261,262" 
2017-10-05T15:30:00Z,"SPY",2017-10-05T19:58:00Z,Buy,222.33628776,222.91419399,859,496.42,8.59,0,556.59,157.95,1,"	263,264" 
2017-10-09T19:30:00Z,"SPY",2017-10-09T19:58:00Z,Sell,222.31877545,222.31877545,863,0,8.63,-30.23,181.36,211.58,0,"	265,266" 
2017-10-16T14:00:00Z,"SPY",2017-10-16T14:10:00Z,Buy,223.605930235,223.50961253,858,-82.64,8.58,-82.64,22.54,105.18,0,"	267,268" 
2017-10-19T14:00:00Z,"SPY",2017-10-19T14:20:00Z,Sell,222.905437835,223.05429247,860,-128.01,8.6,-143.08,158.14,301.21,0,"	269,270" 
2017-10-20T18:30:00Z,"SPY",2017-10-20T18:45:00Z,Buy,225.111988895,225.05069581,850,-52.1,8.5,-74.43,29.77,104.2,0,"	271,272" 
2017-10-23T18:00:00Z,"SPY",2017-10-23T19:58:00Z,Sell,224.8580604,224.236373395,851,529.06,8.51,-29.81,573.76,216.09,1,"	273,274" 
2017-10-25T14:00:00Z,"SPY",2017-10-25T17:45:00Z,Sell,223.9824449,223.238171725,859,639.33,8.59,-150.43,1353.88,722.07,1,"	275,276" 
2017-10-25T18:00:00Z,"SPY",2017-10-25T18:05:00Z,Sell,223.35200174,223.448319445,867,-83.51,8.67,-91.1,0,91.1,0,"	277,278" 
2017-10-25T18:30:00Z,"SPY",2017-10-25T18:35:00Z,Sell,223.57966177,223.465831755,865,98.46,8.65,-7.57,98.46,7.57,1,"	279,280" 
2017-10-25T19:00:00Z,"SPY",2017-10-25T19:05:00Z,Sell,223.413294825,223.38702636,866,22.75,8.66,-7.58,45.5,30.33,1,"	281,282" 
2017-10-25T19:30:00Z,"SPY",2017-10-25T19:35:00Z,Sell,223.728516405,223.693491785,865,30.3,8.65,0,60.59,37.87,1,"	283,284" 
2017-10-27T14:30:00Z,"SPY",2017-10-27T19:58:00Z,Buy,224.849304245,225.479747405,861,542.81,8.61,-22.62,829.3,324.18,1,"	285,286" 
2017-10-30T16:30:00Z,"SPY",2017-10-30T16:35:00Z,Sell,224.71796192,224.849304245,866,-113.74,8.66,-113.74,0,113.74,0,"	287,288" 
2017-10-30T18:00:00Z,"SPY",2017-10-30T18:10:00Z,Sell,224.77049885,224.8580604,865,-75.74,8.65,-75.74,22.72,98.46,0,"	289,290" 
2017-11-02T14:30:00Z,"SPY",2017-11-02T14:45:00Z,Sell,224.709205765,225.05069581,865,-295.39,8.65,-340.83,0,340.83,0,"	291,292" 
2017-11-02T15:00:00Z,"SPY",2017-11-02T15:05:00Z,Sell,224.971890415,225.22581891,861,-218.63,8.61,-241.25,0,241.25,0,"	293,294" 
2017-11-02T15:30:00Z,"SPY",2017-11-02T15:50:00Z,Sell,224.87557271,224.971890415,859,-82.74,8.59,-82.74,105.3,188.04,0,"	295,296" 
2017-11-02T16:00:00Z,"SPY",2017-11-02T16:05:00Z,Sell,225.059451965,225.13825736,858,-67.62,8.58,-67.62,30.05,97.67,0,"	297,298" 
2017-11-03T17:30:00Z,"SPY",2017-11-03T19:58:00Z,Buy,226.127702875,226.13645903,853,7.47,8.53,-7.47,171.79,179.26,1,"	299,300" 
2017-11-06T20:00:00Z,"SPY",2017-11-06T20:45:00Z,Buy,226.73187757,226.67934064,851,-44.71,8.51,-59.61,37.26,96.87,0,"	301,302" 
2017-11-07T17:00:00Z,"SPY",2017-11-07T17:40:00Z,Sell,226.13645903,226.34660675,852,-179.05,8.52,-179.05,74.6,253.65,0,"	303,304" 
2017-11-07T18:00:00Z,"SPY",2017-11-07T18:05:00Z,Sell,226.27655751,226.36411906,850,-74.43,8.5,-74.43,0,74.43,0,"	305,306" 
2017-11-07T20:00:00Z,"SPY",2017-11-07T20:10:00Z,Sell,226.197752115,226.267801355,850,-59.54,8.5,-59.54,22.33,81.87,0,"	307,308" 
2017-11-07T20:30:00Z,"SPY",2017-11-07T20:40:00Z,Sell,226.13645903,226.302825975,849,-141.25,8.49,-141.25,7.43,148.68,0,"	309,310" 
2017-11-09T17:30:00Z,"SPY",2017-11-09T18:20:00Z,Sell,224.71796192,225.27835584,854,-478.58,8.54,-493.53,164.51,658.04,0,"	311,312" 
2017-11-14T15:00:00Z,"SPY",2017-11-14T15:20:00Z,Sell,225.234575065,225.17328198,847,51.92,8.47,0,452.4,400.49,1,"	313,314" 
2017-11-14T15:30:00Z,"SPY",2017-11-14T15:40:00Z,Sell,225.094476585,225.427210475,848,-282.16,8.48,-282.16,103.95,386.11,0,"	315,316" 
2017-11-15T15:00:00Z,"SPY",2017-11-15T15:05:00Z,Sell,224.078762605,224.24512955,849,-141.25,8.49,-141.25,29.74,170.98,0,"	317,318" 
2017-11-16T15:30:00Z,"SPY",2017-11-16T20:58:00Z,Buy,225.935067465,226.4341683,841,419.74,8.41,0,736.39,338.74,1,"	319,320" 
2017-11-21T15:00:00Z,"SPY",2017-11-21T20:20:00Z,Buy,227.371076885,227.528687675,839,132.24,8.39,-22.04,337.94,213.05,1,"	321,322" 
2017-11-21T20:30:00Z,"SPY",2017-11-21T20:40:00Z,Buy,227.58998076,227.546199985,840,-36.78,8.4,-51.49,36.78,88.26,0,"	323,324" 
2017-11-28T16:30:00Z,"SPY",2017-11-28T19:00:00Z,Buy,228.702012445,228.90340401,835,168.16,8.35,-21.93,760.38,592.22,1,"	325,326" 
2017-11-28T19:30:00Z,"SPY",2017-11-28T20:58:00Z,Buy,229.244894055,229.97165492,835,606.85,8.35,-21.93,789.63,255.9,1,"	327,328" 
2017-11-29T15:00:00Z,"SPY",2017-11-29T15:15:00Z,Buy,230.74219656,230.54956115,834,-160.66,8.34,-167.96,0,167.96,0,"	329,330" 
2017-11-29T17:00:00Z,"SPY",2017-11-29T17:15:00Z,Sell,229.67394565,229.79653182,837,-102.6,8.37,-124.59,51.3,175.89,0,"	331,332" 
2017-11-30T16:00:00Z,"SPY",2017-11-30T20:05:00Z,Buy,231.49522589,231.679105145,829,152.44,8.29,-14.52,1161.42,1008.98,1,"	333,334" 
2017-11-30T20:30:00Z,"SPY",2017-11-30T20:35:00Z,Buy,231.889252865,231.82795978,829,-50.81,8.29,-87.11,0,87.11,0,"	335,336" 
2017-12-01T16:30:00Z,"SPY",2017-12-01T17:10:00Z,Sell,229.139820195,230.558317305,838,-1188.7,8.38,-1372.14,469.61,1841.75,0,"	337,338" 
2017-12-01T17:30:00Z,"SPY",2017-12-01T17:45:00Z,Sell,230.558317305,230.65463501,823,-79.27,8.23,-79.27,208.98,288.25,0,"	339,340" 
2017-12-01T18:00:00Z,"SPY",2017-12-01T18:05:00Z,Sell,230.908563505,230.908563505,821,0,8.21,-50.32,28.76,79.08,0,"	341,342" 
2017-12-01T18:30:00Z,"SPY",2017-12-01T18:35:00Z,Sell,231.083686605,231.346371255,820,-215.4,8.2,-215.4,14.36,229.76,0,"	343,344" 
2017-12-01T19:00:00Z,"SPY",2017-12-01T19:05:00Z,Sell,231.14497969,231.25005355,818,-85.95,8.18,-100.28,50.14,150.41,0,"	345,346" 
2017-12-01T19:30:00Z,"SPY",2017-12-01T19:35:00Z,Sell,231.258809705,231.21502893,817,35.77,8.17,-42.92,42.92,42.92,1,"	347,348" 
2017-12-01T20:00:00Z,"SPY",2017-12-01T20:05:00Z,Sell,231.03990583,231.083686605,818,-35.81,8.18,-35.81,157.58,193.39,0,"	349,350" 
2017-12-01T20:30:00Z,"SPY",2017-12-01T20:35:00Z,Sell,231.21502893,231.28507817,817,-57.23,8.17,-100.15,0,100.15,0,"	351,352" 
2017-12-05T16:00:00Z,"SPY",2017-12-05T16:40:00Z,Buy,231.871740555,231.959302105,814,71.28,8.14,0,220.95,149.68,1,"	353,354" 
2017-12-06T16:00:00Z,"SPY",2017-12-06T16:05:00Z,Buy,230.785977335,230.680903475,818,-85.95,8.18,-107.44,0,107.44,0,"	355,356" 
2017-12-07T15:00:00Z,"SPY",2017-12-07T15:05:00Z,Buy,230.77722118,230.663391165,818,-93.11,8.18,-150.41,0,150.41,0,"	357,358" 
2017-12-07T15:30:00Z,"SPY",2017-12-07T16:10:00Z,Buy,230.821001955,230.873538885,817,42.92,8.17,0,286.15,243.23,1,"	359,360" 
2017-12-07T16:30:00Z,"SPY",2017-12-07T19:35:00Z,Buy,231.118711225,231.031149675,816,-71.45,8.16,-71.45,300.09,371.54,0,"	361,362" 
2017-12-07T20:30:00Z,"SPY",2017-12-07T20:50:00Z,Buy,231.18000431,231.02239352,815,-128.45,8.15,-128.45,42.82,171.27,0,"	363,364" 
2017-12-11T15:00:00Z,"SPY",2017-12-11T15:20:00Z,Buy,232.887454535,232.694819125,808,-155.65,8.08,-155.65,77.82,233.47,0,"	365,366" 
2017-12-11T19:00:00Z,"SPY",2017-12-11T19:20:00Z,Buy,233.05382148,233.027553015,806,-21.17,8.06,-21.17,21.17,42.34,0,"	367,368" 
2017-12-12T19:30:00Z,"SPY",2017-12-12T19:35:00Z,Buy,234.008242375,234.008242375,802,0,8.02,-14.04,7.02,21.07,0,"	369,370" 
2017-12-13T15:00:00Z,"SPY",2017-12-13T15:10:00Z,Buy,234.1395847,233.99948622,802,-112.36,8.02,-133.43,28.09,161.52,0,"	371,372" 
2017-12-13T15:30:00Z,"SPY",2017-12-13T16:05:00Z,Buy,234.113316235,234.1395847,801,21.04,8.01,-28.05,63.12,91.18,1,"	373,374" 
2017-12-14T19:00:00Z,"SPY",2017-12-14T19:10:00Z,Sell,233.062577635,233.150139185,805,-70.49,8.05,-84.58,21.15,105.73,0,"	375,376" 
2017-12-14T19:30:00Z,"SPY",2017-12-14T20:00:00Z,Sell,232.58098911,232.98377224,806,-324.64,8.06,-324.64,0,324.64,0,"	377,378" 
2017-12-14T20:30:00Z,"SPY",2017-12-14T20:40:00Z,Sell,232.817405295,233.097602255,802,-224.72,8.02,-238.76,0,238.76,0,"	379,380" 
2017-12-15T15:30:00Z,"SPY",2017-12-15T15:40:00Z,Buy,234.235429554,234.077007756,795,-125.95,7.95,-174.92,0,174.92,0,"	381,382" 
2017-12-15T16:00:00Z,"SPY",2017-12-15T20:58:00Z,Buy,234.050604123,234.358646508,795,244.89,7.95,0,755.67,510.78,1,"	383,384" 
2017-12-18T15:00:00Z,"SPY",2017-12-18T15:25:00Z,Buy,236.268509295,236.180497185,789,-69.44,7.89,-69.44,34.72,104.16,0,"	385,386" 
2017-12-18T15:30:00Z,"SPY",2017-12-18T15:35:00Z,Buy,236.171695974,236.110087497,789,-48.61,7.89,-62.5,0,62.5,0,"	387,388" 
2017-12-19T15:00:00Z,"SPY",2017-12-19T16:05:00Z,Sell,235.758039057,235.705231791,790,41.72,7.9,-118.2,208.59,173.82,1,"	389,390" 
2017-12-19T17:00:00Z,"SPY",2017-12-19T17:35:00Z,Sell,235.379586984,235.423593039,791,-34.81,7.91,-76.58,62.66,125.31,0,"	391,392" 
2017-12-19T20:00:00Z,"SPY",2017-12-19T20:58:00Z,Sell,235.326779718,235.273972452,791,41.77,7.91,-111.39,174.04,285.43,1,"	393,394" 
2017-12-21T18:30:00Z,"SPY",2017-12-21T18:35:00Z,Buy,236.189298396,236.118888708,788,-55.48,7.88,-55.48,0,55.48,0,"	395,396" 
2018-01-02T15:30:00Z,"SPY",2018-01-02T15:40:00Z,Buy,236.242105662,236.04847902,788,-152.58,7.88,-235.8,13.87,249.67,0,"	397,398" 
2018-01-02T16:00:00Z,"SPY",2018-01-02T16:25:00Z,Buy,236.118888708,236.057280231,787,-48.49,7.87,-69.27,76.19,145.46,0,"	399,400" 
2018-01-02T20:30:00Z,"SPY",2018-01-02T20:58:00Z,Buy,236.31251535,236.418129882,786,83.01,7.86,-96.85,145.27,96.85,1,"	401,402" 
2018-01-03T15:00:00Z,"SPY",2018-01-03T20:58:00Z,Buy,237.254244927,238.107962394,783,668.46,7.83,0,730.48,310.11,1,"	403,404" 
2018-01-04T15:00:00Z,"SPY",2018-01-04T16:20:00Z,Buy,239.234517402,239.093698026,782,-110.12,7.82,-144.53,213.36,357.89,0,"	405,406" 
2018-01-04T18:00:00Z,"SPY",2018-01-04T18:15:00Z,Buy,239.278523457,239.208113769,781,-54.99,7.81,-61.86,20.62,82.48,0,"	407,408" 
2018-01-04T18:30:00Z,"SPY",2018-01-04T19:30:00Z,Buy,239.252119824,239.225716191,781,-20.62,7.81,-48.12,109.98,130.6,0,"	409,410" 
2018-01-04T20:00:00Z,"SPY",2018-01-04T20:05:00Z,Buy,239.313728301,239.287324668,780,-20.59,7.8,-20.59,34.32,54.92,0,"	411,412" 
2018-01-04T20:30:00Z,"SPY",2018-01-04T20:35:00Z,Buy,239.30492709,239.21691498,780,-68.65,7.8,-75.51,0,75.51,0,"	413,414" 
2018-01-09T16:30:00Z,"SPY",2018-01-09T16:40:00Z,Buy,242.050904922,241.883681913,771,-128.93,7.71,-128.93,0,128.93,0,"	415,416" 
2018-01-09T17:00:00Z,"SPY",2018-01-09T17:20:00Z,Buy,241.980495234,241.901284335,770,-60.99,7.7,-74.55,40.66,101.65,0,"	417,418" 
2018-01-09T18:00:00Z,"SPY",2018-01-09T19:20:00Z,Buy,242.006898867,241.971694023,769,-27.07,7.69,-60.91,175.97,236.88,0,"	419,420" 
2018-01-10T15:00:00Z,"SPY",2018-01-10T15:15:00Z,Sell,240.598705107,240.774729327,773,-136.07,7.73,-136.07,142.87,278.94,0,"	421,422" 
2018-01-11T15:00:00Z,"SPY",2018-01-11T15:15:00Z,Buy,242.094910977,242.042103711,767,-40.5,7.67,-54,94.51,148.51,0,"	423,424" 
2018-01-11T17:00:00Z,"SPY",2018-01-11T17:05:00Z,Buy,242.20932672,242.165320665,766,-33.71,7.66,-40.45,0,40.45,0,"	425,426" 
2018-01-11T17:30:00Z,"SPY",2018-01-11T20:58:00Z,Buy,242.358947307,242.869417545,766,391.02,7.66,0,431.47,208.99,1,"	427,428" 
2018-01-12T15:00:00Z,"SPY",2018-01-12T16:20:00Z,Buy,243.819948333,243.934364076,764,87.41,7.64,-100.86,517.76,430.34,1,"	429,430" 
2018-01-12T16:30:00Z,"SPY",2018-01-12T20:15:00Z,Buy,244.136791929,244.180797984,764,33.62,7.64,-40.34,349.65,342.93,1,"	431,432" 
2018-01-12T20:30:00Z,"SPY",2018-01-12T20:58:00Z,Buy,244.356822204,244.444834314,763,67.15,7.63,0,282.04,214.89,1,"	433,434" 
2018-01-16T15:00:00Z,"SPY",2018-01-16T15:05:00Z,Buy,246.433908,246.213877725,757,-166.56,7.57,-166.56,0,166.56,0,"	435,436" 
2018-01-16T19:30:00Z,"SPY",2018-01-16T20:10:00Z,Sell,243.758339856,244.251207672,764,-376.55,7.64,-376.55,490.86,867.41,0,"	437,438" 
2018-01-17T17:30:00Z,"SPY",2018-01-17T20:58:00Z,Buy,245.245744515,245.923437762,757,513.01,7.57,0,906.1,413.08,1,"	439,440" 
2018-01-18T15:30:00Z,"SPY",2018-01-18T15:35:00Z,Sell,245.632997799,245.712208698,759,-60.12,7.59,-113.56,0,113.56,0,"	441,442" 
2018-01-18T16:00:00Z,"SPY",2018-01-18T16:05:00Z,Sell,245.588991744,245.756214753,759,-126.92,7.59,-126.92,0,126.92,0,"	443,444" 
2018-01-18T16:30:00Z,"SPY",2018-01-18T16:35:00Z,Sell,245.562588111,245.756214753,758,-146.77,7.58,-146.77,20.01,166.78,0,"	445,446" 
2018-01-18T17:00:00Z,"SPY",2018-01-18T17:05:00Z,Sell,245.474576001,245.632997799,757,-119.93,7.57,-119.93,0,119.93,0,"	447,448" 
2018-01-22T15:30:00Z,"SPY",2018-01-22T16:30:00Z,Buy,247.57806543,247.243619412,750,-250.83,7.5,-250.83,39.61,290.44,0,"	449,450" 
2018-01-22T17:00:00Z,"SPY",2018-01-22T20:58:00Z,Buy,247.710083595,248.537397429,747,618,7.47,-32.87,644.3,289.28,1,"	451,452" 
2018-01-23T16:00:00Z,"SPY",2018-01-23T16:45:00Z,Buy,249.470325795,249.197488254,747,-203.81,7.47,-249.83,98.62,348.45,0,"	453,454" 
2018-01-24T18:30:00Z,"SPY",2018-01-24T18:35:00Z,Sell,248.643011961,249.003861612,747,-269.55,7.47,-269.55,0,269.55,0,"	455,456" 
2018-01-26T18:00:00Z,"SPY",2018-01-26T20:58:00Z,Buy,250.931326821,251.908261242,738,720.98,7.38,0,831.4,194.86,1,"	457,458" 
2018-01-29T16:00:00Z,"SPY",2018-01-29T16:35:00Z,Sell,251.054543775,251.292176472,744,-176.8,7.44,-183.35,235.73,419.08,0,"	459,460" 
2018-01-30T15:00:00Z,"SPY",2018-01-30T15:30:00Z,Sell,248.176547778,248.414180475,751,-178.46,7.51,-178.46,462.68,641.14,0,"	461,462" 
2018-01-30T16:30:00Z,"SPY",2018-01-30T16:45:00Z,Sell,248.422981686,248.766228915,749,-257.09,7.49,-263.68,79.11,342.79,0,"	463,464" 
2018-01-30T17:00:00Z,"SPY",2018-01-30T19:15:00Z,Sell,248.158945356,248.554999851,747,-295.85,7.47,-322.15,361.6,683.75,0,"	465,466" 
2018-01-30T19:30:00Z,"SPY",2018-01-30T20:40:00Z,Sell,248.28216231,248.422981686,745,-104.91,7.45,-157.37,367.19,524.55,0,"	467,468" 
2018-02-01T17:00:00Z,"SPY",2018-02-01T17:45:00Z,Buy,248.951054346,248.775030126,742,-130.61,7.42,-163.26,52.24,215.51,0,"	469,470" 
2018-02-01T18:00:00Z,"SPY",2018-02-01T18:40:00Z,Buy,248.81023497,248.783831337,741,-19.57,7.41,-19.57,221.74,241.3,0,"	471,472" 
2018-02-02T15:00:00Z,"SPY",2018-02-02T15:30:00Z,Sell,245.897034129,245.81782323,750,59.41,7.5,0,554.48,495.07,1,"	473,474" 
2018-02-02T16:00:00Z,"SPY",2018-02-02T16:15:00Z,Sell,245.81782323,245.90583534,750,-66.01,7.5,-118.82,178.22,297.04,0,"	475,476" 
2018-02-02T16:30:00Z,"SPY",2018-02-02T20:58:00Z,Sell,245.448172368,242.543772738,751,2181.2,7.51,-138.8,2187.81,753.51,1,"	477,478" 
2018-02-05T18:30:00Z,"SPY",2018-02-05T19:00:00Z,Sell,238.961679861,239.965017915,789,-791.63,7.89,-791.63,249.99,1041.62,0,"	479,480" 
2018-02-05T19:30:00Z,"SPY",2018-02-05T20:58:00Z,Sell,238.433607201,234.191423499,784,3325.87,7.84,0,4892.21,3801.98,1,"	481,482" 
2018-02-06T15:00:00Z,"SPY",2018-02-06T15:20:00Z,Buy,233.980194435,232.404777666,615,-968.88,6.15,-1353.19,828.15,2181.34,0,"	483,484" 
2018-02-06T17:30:00Z,"SPY",2018-02-06T17:55:00Z,Buy,233.557736307,232.924049115,610,-386.55,6.1,-504.66,547.61,1052.27,0,"	485,486" 
2018-02-06T18:00:00Z,"SPY",2018-02-06T18:05:00Z,Buy,233.240892711,232.475187354,608,-465.55,6.08,-647.49,0,647.49,0,"	487,488" 
2018-02-06T20:00:00Z,"SPY",2018-02-06T20:58:00Z,Buy,234.781104636,236.620557735,601,1105.51,6.01,0,1528.67,1142.54,1,"	489,490" 
2018-02-07T15:00:00Z,"SPY",2018-02-07T15:05:00Z,Buy,237.685504266,237.623895789,562,-34.62,5.62,-98.93,29.68,128.6,0,"	491,492" 
2018-02-07T15:30:00Z,"SPY",2018-02-07T17:40:00Z,Buy,238.002347862,237.940739385,561,-34.56,5.61,-177.75,869,903.56,0,"	493,494" 
2018-02-08T15:30:00Z,"SPY",2018-02-08T20:58:00Z,Sell,234.165019866,227.9513649,569,3535.57,5.69,-195.31,3545.59,1727.72,1,"	495,496" 
2018-02-09T17:30:00Z,"SPY",2018-02-09T18:00:00Z,Sell,224.281259913,225.636646407,530,-718.35,5.3,-727.68,438.48,1166.16,0,"	497,498" 
2018-02-09T18:30:00Z,"SPY",2018-02-09T19:05:00Z,Sell,223.489150923,226.745598993,528,-1719.4,5.28,-2040.05,362.47,2402.52,0,"	499,500" 
2018-02-12T19:00:00Z,"SPY",2018-02-12T19:50:00Z,Buy,234.385050141,233.953790802,481,-207.44,4.81,-300.57,135.47,347.14,0,"	501,502" 
2018-02-12T20:30:00Z,"SPY",2018-02-12T20:35:00Z,Buy,234.499465884,234.244230765,479,-122.26,4.79,-168.63,67.45,236.08,0,"	503,504" 
2018-02-14T18:00:00Z,"SPY",2018-02-14T20:58:00Z,Buy,235.978069332,237.412666725,456,654.18,4.56,-24.08,738.46,337.12,1,"	505,506" 
2018-02-21T19:30:00Z,"SPY",2018-02-21T19:35:00Z,Buy,241.179585033,241.188386244,436,3.84,4.36,-34.54,30.7,65.23,1,"	507,508" 
2018-02-28T15:00:00Z,"SPY",2018-02-28T15:05:00Z,Buy,243.063044187,242.834212701,566,-129.52,5.66,-129.52,0,129.52,0,"	509,510" 
2018-03-01T15:00:00Z,"SPY",2018-03-01T15:05:00Z,Sell,237.826323642,238.724047164,569,-510.8,5.69,-510.8,0,510.8,0,"	511,512" 
2018-03-01T18:30:00Z,"SPY",2018-03-01T20:58:00Z,Sell,236.814184377,235.8724548,568,534.9,5.68,-79.99,1514.72,1369.75,1,"	513,514" 
2018-03-05T16:30:00Z,"SPY",2018-03-05T20:58:00Z,Buy,238.327992669,239.771391273,800,1154.72,8,-63.37,1464.52,809.71,1,"	515,516" 
2018-03-09T15:30:00Z,"SPY",2018-03-09T16:55:00Z,Buy,243.291875673,243.7935447,809,405.85,8.09,-49.84,534.01,277.69,1,"	517,518" 
2018-03-09T17:00:00Z,"SPY",2018-03-09T20:58:00Z,Buy,243.907960443,245.210539671,810,1055.09,8.1,0,1055.09,320.8,1,"	519,520" 
2018-03-13T19:30:00Z,"SPY",2018-03-13T19:45:00Z,Sell,243.344682939,243.239068407,821,86.71,8.21,-195.1,245.68,195.1,1,"	521,522" 
2018-03-14T16:00:00Z,"SPY",2018-03-14T16:20:00Z,Sell,242.314941252,242.526170316,825,-174.26,8.25,-181.52,290.44,471.96,0,"	523,524" 
2018-03-14T17:30:00Z,"SPY",2018-03-14T17:35:00Z,Sell,242.226929142,242.56137516,824,-275.58,8.24,-304.59,0,304.59,0,"	525,526" 
2018-03-16T14:30:00Z,"SPY",2018-03-16T14:45:00Z,Buy,243.09368307,242.934625044,818,-130.11,8.18,-130.11,93.97,224.08,0,"	527,528" 
2018-03-19T14:00:00Z,"SPY",2018-03-19T19:58:00Z,Sell,240.97290939,239.249780775,824,1419.86,8.24,-21.84,2876.12,1456.26,1,"	529,530" 
2018-03-22T15:00:00Z,"SPY",2018-03-22T16:20:00Z,Sell,235.688648304,235.626792405,855,52.89,8.55,-234.21,921.74,1035.07,1,"	531,532" 
2018-03-22T19:00:00Z,"SPY",2018-03-22T19:05:00Z,Sell,234.928704402,235.273330125,858,-295.69,8.58,-356.34,0,356.34,0,"	533,534" 
2018-03-22T19:30:00Z,"SPY",2018-03-22T19:58:00Z,Sell,234.292472298,233.258595129,858,887.07,8.58,0,1296.48,659.61,1,"	535,536" 
2018-03-23T16:00:00Z,"SPY",2018-03-23T16:05:00Z,Sell,231.367571931,231.915438465,876,-479.93,8.76,-541.86,0,541.86,0,"	537,538" 
2018-03-23T17:00:00Z,"SPY",2018-03-23T17:05:00Z,Sell,231.579649299,231.941948136,871,-315.56,8.71,-315.56,92.36,407.92,0,"	539,540" 
2018-03-23T19:00:00Z,"SPY",2018-03-23T19:58:00Z,Sell,229.909540026,228.433835007,874,1289.77,8.74,-347.54,1745.43,911.33,1,"	541,542" 
2018-03-26T14:00:00Z,"SPY",2018-03-26T14:10:00Z,Buy,232.074496491,231.968457807,846,-89.71,8.46,-171.94,164.47,336.41,0,"	543,544" 
2018-03-26T19:30:00Z,"SPY",2018-03-26T19:58:00Z,Buy,233.771115435,234.539895894,839,645.01,8.39,-66.72,645.01,281.73,1,"	545,546" 
2018-03-27T19:00:00Z,"SPY",2018-03-27T19:58:00Z,Sell,232.436795328,230.404387218,676,1373.91,6.76,0,2467.06,1093.15,1,"	547,548" 
2018-03-28T14:00:00Z,"SPY",2018-03-28T14:15:00Z,Buy,230.837378511,230.245329192,661,-391.34,6.61,-391.34,356.3,747.64,0,"	549,550" 
2018-03-28T15:00:00Z,"SPY",2018-03-28T15:10:00Z,Sell,229.538404632,230.174636736,662,-421.19,6.62,-421.19,0,421.19,0,"	551,552" 
2018-03-28T15:30:00Z,"SPY",2018-03-28T15:35:00Z,Sell,229.379346606,229.476548733,660,-64.15,6.6,-64.15,233.29,297.44,0,"	553,554" 
2018-03-29T15:00:00Z,"SPY",2018-03-29T16:05:00Z,Buy,232.162862061,231.765216996,659,-262.05,6.59,-337.75,378.51,716.26,0,"	555,556" 
2018-03-29T16:30:00Z,"SPY",2018-03-29T19:58:00Z,Buy,232.242391074,233.090700546,658,558.19,6.58,-319.79,1331.51,941.94,1,"	557,558" 
2018-04-02T14:00:00Z,"SPY",2018-04-02T19:55:00Z,Sell,231.288042918,227.850622245,688,2364.95,6.88,0,4225.29,1860.34,1,"	559,560" 
2018-04-04T19:30:00Z,"SPY",2018-04-04T19:58:00Z,Buy,232.852113507,233.585547738,626,459.13,6.26,-22.13,464.66,149.36,1,"	561,562" 
2018-04-06T16:30:00Z,"SPY",2018-04-06T16:35:00Z,Sell,231.349898817,231.623832084,603,-165.18,6.03,-213.14,0,213.14,0,"	563,564" 
2018-04-06T18:00:00Z,"SPY",2018-04-06T19:58:00Z,Sell,230.086271166,229.909540026,605,106.92,6.05,-139,1224.26,1363.26,1,"	565,566" 
2018-04-09T14:00:00Z,"SPY",2018-04-09T14:10:00Z,Buy,231.60615897,231.323389146,571,-161.46,5.71,-161.46,75.69,237.15,0,"	567,568" 
2018-04-09T14:30:00Z,"SPY",2018-04-09T18:45:00Z,Buy,231.791726667,232.710728595,569,522.91,5.69,0,1262.03,794.42,1,"	569,570" 
2018-04-12T14:00:00Z,"SPY",2018-04-12T14:50:00Z,Buy,235.49424405,235.105435542,543,-211.12,5.43,-326.28,47.98,374.26,0,"	571,572" 
2018-04-19T17:30:00Z,"SPY",2018-04-19T17:40:00Z,Sell,236.607650232,236.934602841,767,-250.77,7.67,-250.77,0,250.77,0,"	573,574" 
2018-04-20T15:00:00Z,"SPY",2018-04-20T18:30:00Z,Sell,236.351390079,235.803523545,776,425.14,7.76,0,891.43,740.57,1,"	575,576" 
2018-04-20T19:00:00Z,"SPY",2018-04-20T19:58:00Z,Sell,235.538426835,235.476570936,781,48.31,7.81,0,641.83,593.52,1,"	577,578" 
2018-04-24T16:30:00Z,"SPY",2018-04-24T19:58:00Z,Sell,234.08039493,232.180535175,907,1723.17,9.07,0,2861.27,1490.74,1,"	579,580" 
2018-04-25T14:00:00Z,"SPY",2018-04-25T14:25:00Z,Sell,230.660647371,231.526629957,933,-807.96,9.33,-807.96,41.22,849.18,0,"	581,582" 
2018-04-25T14:30:00Z,"SPY",2018-04-25T14:35:00Z,Sell,231.535466514,231.844746009,923,-285.46,9.23,-367.03,0,367.03,0,"	583,584" 
2018-04-25T16:00:00Z,"SPY",2018-04-25T16:05:00Z,Sell,231.394081602,231.367571931,921,24.42,9.21,-187.18,32.55,187.18,1,"	585,586" 
2018-04-26T15:00:00Z,"SPY",2018-04-26T15:10:00Z,Buy,235.043579643,234.804992604,909,-216.88,9.09,-216.88,0,216.88,0,"	587,588" 
2018-04-26T17:30:00Z,"SPY",2018-04-26T19:30:00Z,Buy,235.423551594,235.450061265,905,23.99,9.05,-95.97,615.78,615.78,1,"	589,590" 
2018-04-30T19:30:00Z,"SPY",2018-04-30T19:35:00Z,Sell,234.106904601,234.469203438,910,-329.69,9.1,-329.69,0,329.69,0,"	591,592" 
2018-05-01T15:00:00Z,"SPY",2018-05-01T15:25:00Z,Sell,232.366102872,232.525160898,914,-145.38,9.14,-161.53,379.6,541.13,0,"	593,594" 
2018-05-01T15:30:00Z,"SPY",2018-05-01T15:40:00Z,Sell,232.4014491,232.498651227,913,-88.75,9.13,-145.22,16.14,153.29,0,"	595,596" 
2018-05-01T16:00:00Z,"SPY",2018-05-01T16:10:00Z,Sell,232.030313706,232.321920087,913,-266.24,9.13,-322.71,0,322.71,0,"	597,598" 
2018-05-01T17:30:00Z,"SPY",2018-05-01T17:45:00Z,Sell,231.800563224,232.251227631,912,-411.01,9.12,-411.01,0,411.01,0,"	599,600" 
2018-05-02T14:00:00Z,"SPY",2018-05-02T14:05:00Z,Sell,233.399980041,233.682749865,902,-255.06,9.02,-255.06,0,255.06,0,"	601,602" 
2018-05-03T14:30:00Z,"SPY",2018-05-03T15:50:00Z,Sell,230.165800179,230.121617394,913,40.34,9.13,0,1081.08,1040.74,1,"	603,604" 
2018-05-03T16:00:00Z,"SPY",2018-05-03T16:05:00Z,Sell,230.201146407,230.254165749,913,-48.41,9.13,-217.83,0,217.83,0,"	605,606" 
2018-05-03T16:30:00Z,"SPY",2018-05-03T16:35:00Z,Sell,229.776991671,230.245329192,914,-428.06,9.14,-436.14,0,436.14,0,"	607,608" 
2018-05-04T14:30:00Z,"SPY",2018-05-04T19:58:00Z,Buy,233.064190875,234.937540959,897,1680.4,8.97,-7.93,2377.92,903.61,1,"	609,610" 
2018-05-07T14:00:00Z,"SPY",2018-05-07T14:15:00Z,Buy,236.598813675,236.218841724,898,-341.21,8.98,-341.21,0,341.21,0,"	611,612" 
2018-05-09T17:00:00Z,"SPY",2018-05-09T19:35:00Z,Buy,237.747566085,237.862441326,891,102.35,8.91,-15.75,606.25,503.9,1,"	613,614" 
2018-05-10T15:30:00Z,"SPY",2018-05-10T17:50:00Z,Buy,239.82415698,240.018561234,884,171.85,8.84,-46.87,734.28,562.43,1,"	615,616" 
2018-05-11T14:00:00Z,"SPY",2018-05-11T14:15:00Z,Buy,241.017092175,240.999419061,881,-15.57,8.81,-70.07,194.63,264.69,0,"	617,618" 
2018-05-15T14:00:00Z,"SPY",2018-05-15T14:15:00Z,Sell,238.896318495,239.391165687,888,-439.42,8.88,-439.42,0,439.42,0,"	619,620" 
2018-05-15T14:30:00Z,"SPY",2018-05-15T14:35:00Z,Sell,239.29396356,239.638589283,883,-304.3,8.83,-304.3,54.62,358.92,0,"	621,622" 
2018-05-15T18:00:00Z,"SPY",2018-05-15T18:10:00Z,Sell,238.684241127,238.878645381,883,-171.66,8.83,-218.48,0,218.48,0,"	623,624" 
2018-05-15T19:30:00Z,"SPY",2018-05-15T19:35:00Z,Sell,238.781443254,239.002357179,881,-194.63,8.81,-194.63,0,194.63,0,"	625,626" 
2018-05-16T14:00:00Z,"SPY",2018-05-16T14:10:00Z,Buy,240.204128931,239.947868778,874,-223.97,8.74,-231.69,7.72,239.42,0,"	627,628" 
2018-05-16T16:30:00Z,"SPY",2018-05-16T19:15:00Z,Buy,240.690139566,240.44271597,870,-215.26,8.7,-215.26,230.63,445.89,0,"	629,630" 
2018-05-17T15:00:00Z,"SPY",2018-05-17T15:05:00Z,Buy,241.361717898,241.184986758,866,-153.05,8.66,-153.05,30.61,183.66,0,"	631,632" 
2018-05-24T14:00:00Z,"SPY",2018-05-24T15:20:00Z,Sell,240.239475159,240.283657944,869,-38.39,8.69,-261.08,813.97,906.12,0,"	633,634" 
2018-05-24T15:30:00Z,"SPY",2018-05-24T15:35:00Z,Sell,240.274821387,240.26598483,868,7.67,8.68,-46.02,7.67,46.02,1,"	635,636" 
2018-05-29T16:00:00Z,"SPY",2018-05-29T19:50:00Z,Sell,237.623854287,237.835931655,878,-186.2,8.78,-372.41,845.68,1124.98,0,"	637,638" 
2018-05-30T15:00:00Z,"SPY",2018-05-30T19:58:00Z,Buy,240.142273032,240.946399719,867,697.18,8.67,-168.55,1018.95,597.58,1,"	639,640" 
2018-05-31T14:00:00Z,"SPY",2018-05-31T14:05:00Z,Sell,240.151109589,240.212965488,873,-54,8.73,-169.71,0,169.71,0,"	641,642" 
2018-05-31T15:00:00Z,"SPY",2018-05-31T15:30:00Z,Sell,239.638589283,240.230638602,874,-517.45,8.74,-517.45,69.51,586.96,0,"	643,644" 
2018-05-31T16:30:00Z,"SPY",2018-05-31T16:45:00Z,Sell,239.832993537,239.956705335,869,-107.51,8.69,-107.51,76.79,184.3,0,"	645,646" 
2018-05-31T17:30:00Z,"SPY",2018-05-31T19:10:00Z,Sell,239.788810752,239.753464524,868,30.68,8.68,-38.35,797.69,790.02,1,"	647,648" 
2018-05-31T19:30:00Z,"SPY",2018-05-31T19:58:00Z,Sell,239.691608625,239.400002244,869,253.41,8.69,-46.07,406.99,245.73,1,"	649,650" 
2018-06-01T14:00:00Z,"SPY",2018-06-01T14:10:00Z,Buy,241.193823315,241.158477087,865,-30.57,8.65,-30.57,137.59,168.16,0,"	651,652" 
2018-06-01T15:00:00Z,"SPY",2018-06-01T18:10:00Z,Buy,241.467756582,241.538449038,864,61.08,8.64,-160.33,480.99,442.82,1,"	653,654" 
2018-06-01T18:30:00Z,"SPY",2018-06-01T19:10:00Z,Buy,241.715180178,241.50310281,864,-183.23,8.64,-183.23,145.06,328.3,0,"	655,656" 
2018-06-01T19:30:00Z,"SPY",2018-06-01T19:58:00Z,Buy,241.494266253,241.67983395,863,160.14,8.63,-7.63,167.77,76.26,1,"	657,658" 
2018-06-04T14:00:00Z,"SPY",2018-06-04T14:05:00Z,Buy,243.040663728,242.837422917,859,-174.58,8.59,-174.58,15.18,189.77,0,"	659,660" 
2018-06-06T19:00:00Z,"SPY",2018-06-06T19:58:00Z,Buy,244.7726289,245.028889053,851,218.08,8.51,-82.72,225.6,157.92,1,"	661,662" 
2018-06-07T18:00:00Z,"SPY",2018-06-07T18:05:00Z,Sell,244.33080105,244.578224646,854,-211.3,8.54,-211.3,98.1,309.4,0,"	663,664" 
2018-06-11T16:00:00Z,"SPY",2018-06-11T16:05:00Z,Buy,246.610632756,246.566449971,845,-37.33,8.45,-37.33,22.4,59.74,0,"	665,666" 
2018-06-11T16:30:00Z,"SPY",2018-06-11T17:35:00Z,Buy,246.769690782,246.725507997,844,-37.29,8.44,-104.41,82.04,141.7,0,"	667,668" 
2018-06-15T14:30:00Z,"SPY",2018-06-15T15:00:00Z,Sell,245.085286404,245.182926408,849,-82.9,8.49,-158.26,527.52,685.78,0,"	669,670" 
2018-06-15T15:30:00Z,"SPY",2018-06-15T15:55:00Z,Sell,244.996522764,245.271690048,849,-233.62,8.49,-233.62,97.97,331.59,0,"	671,672" 
2018-06-21T14:00:00Z,"SPY",2018-06-21T15:20:00Z,Sell,244.552704564,244.020122724,848,451.63,8.48,0,1106.49,654.86,1,"	673,674" 
2018-06-21T15:30:00Z,"SPY",2018-06-21T15:35:00Z,Sell,243.895853628,244.05562818,854,-136.45,8.54,-159.19,0,159.19,0,"	675,676" 
2018-06-21T16:00:00Z,"SPY",2018-06-21T17:25:00Z,Sell,244.135515456,243.96686454,852,143.69,8.52,-7.56,635.26,521.82,1,"	677,678" 
2018-06-21T17:30:00Z,"SPY",2018-06-21T17:45:00Z,Sell,243.895853628,243.957988176,854,-53.06,8.54,-90.96,128.87,219.83,0,"	679,680" 
2018-06-21T18:00:00Z,"SPY",2018-06-21T18:05:00Z,Sell,244.002369996,243.957988176,853,37.86,8.53,-128.72,37.86,128.72,1,"	681,682" 
2018-06-21T18:30:00Z,"SPY",2018-06-21T19:58:00Z,Sell,243.851471808,243.4342827,854,356.28,8.54,-98.55,742.88,469.99,1,"	683,684" 
2018-06-25T14:00:00Z,"SPY",2018-06-25T14:45:00Z,Sell,241.454853528,241.52586444,865,-61.42,8.65,-61.42,683.35,744.77,0,"	685,686" 
2018-06-25T15:00:00Z,"SPY",2018-06-25T19:40:00Z,Sell,241.03766442,240.647104404,866,338.22,8.66,-107.62,1852.55,1514.33,1,"	687,688" 
2018-06-26T17:30:00Z,"SPY",2018-06-26T17:55:00Z,Buy,241.818784452,241.685638992,866,-115.3,8.66,-138.36,76.87,215.23,0,"	689,690" 
2018-06-26T18:00:00Z,"SPY",2018-06-26T18:05:00Z,Buy,241.756649904,241.685638992,865,-61.42,8.65,-61.42,61.42,122.85,0,"	691,692" 
2018-06-27T14:00:00Z,"SPY",2018-06-27T15:10:00Z,Buy,242.582151756,242.227097196,862,-306.06,8.62,-329.01,397.87,726.89,0,"	693,694" 
2018-06-27T18:30:00Z,"SPY",2018-06-27T18:40:00Z,Sell,240.087893472,240.487329852,868,-346.71,8.68,-346.71,15.41,362.12,0,"	695,696" 
2018-06-27T19:00:00Z,"SPY",2018-06-27T19:58:00Z,Sell,239.768344368,239.404413444,866,315.16,8.66,-353.6,515.02,868.62,1,"	697,698" 
2018-06-28T15:30:00Z,"SPY",2018-06-28T15:50:00Z,Buy,239.8837371,239.537558904,868,-300.48,8.68,-300.48,154.09,454.58,0,"	699,700" 
2018-06-28T16:00:00Z,"SPY",2018-06-28T16:10:00Z,Buy,239.803849824,239.431042536,866,-322.85,8.66,-322.85,53.81,376.66,0,"	701,702" 
2018-06-28T17:30:00Z,"SPY",2018-06-28T19:58:00Z,Buy,239.83935528,240.442948032,863,520.9,8.63,-68.94,1156.71,658.79,1,"	703,704" 
2018-06-29T14:00:00Z,"SPY",2018-06-29T14:15:00Z,Buy,242.111704464,242.01406446,859,-83.87,8.59,-137.25,266.87,404.11,0,"	705,706" 
2018-06-29T14:30:00Z,"SPY",2018-06-29T16:00:00Z,Buy,242.120580828,242.253726288,859,114.37,8.59,0,587.11,564.23,1,"	707,708" 
2018-06-29T16:30:00Z,"SPY",2018-06-29T16:50:00Z,Buy,242.484511752,242.244849924,858,-205.63,8.58,-205.63,0,205.63,0,"	709,710" 
2018-06-29T17:00:00Z,"SPY",2018-06-29T17:35:00Z,Buy,242.182715376,242.218220832,858,30.46,8.58,0,297.02,281.79,1,"	711,712" 
2018-06-29T18:00:00Z,"SPY",2018-06-29T18:05:00Z,Buy,242.289231744,242.200468104,857,-76.07,8.57,-83.68,0,83.68,0,"	713,714" 
2018-07-06T14:00:00Z,"SPY",2018-07-06T14:35:00Z,Buy,242.963835408,243.052599048,854,75.8,8.54,-83.38,212.25,227.41,1,"	715,716" 
2018-07-06T15:00:00Z,"SPY",2018-07-06T19:58:00Z,Buy,243.531922704,244.392930012,853,734.44,8.53,-22.71,1113.02,636.01,1,"	717,718" 
2018-07-09T16:00:00Z,"SPY",2018-07-09T17:10:00Z,Buy,246.327977364,246.177079176,849,-128.11,8.49,-128.11,188.4,316.51,0,"	719,720" 
2018-07-12T17:00:00Z,"SPY",2018-07-12T17:10:00Z,Buy,247.819206516,247.757071968,843,-52.38,8.43,-52.38,74.83,127.21,0,"	721,722" 
2018-07-12T17:30:00Z,"SPY",2018-07-12T17:35:00Z,Buy,247.907970156,247.712690148,842,-164.43,8.42,-171.9,0,171.9,0,"	723,724" 
2018-07-17T16:00:00Z,"SPY",2018-07-17T16:15:00Z,Buy,248.706842916,248.618079276,838,-74.38,8.38,-111.58,0,111.58,0,"	725,726" 
2018-07-17T16:30:00Z,"SPY",2018-07-17T18:55:00Z,Buy,249.079650204,248.999762928,836,-66.79,8.36,-185.52,96.47,281.98,0,"	727,728" 
2018-07-17T19:30:00Z,"SPY",2018-07-17T19:58:00Z,Buy,249.2039193,248.9820102,835,-185.29,8.35,-207.53,111.18,318.71,0,"	729,730" 
2018-07-19T14:00:00Z,"SPY",2018-07-19T14:15:00Z,Sell,248.342911992,248.689090188,836,-289.4,8.36,-289.4,22.26,311.67,0,"	731,732" 
2018-07-24T14:30:00Z,"SPY",2018-07-24T14:55:00Z,Buy,250.686272088,250.570879356,826,-95.31,8.26,-95.31,87.98,183.3,0,"	733,734" 
2018-07-25T17:00:00Z,"SPY",2018-07-25T17:05:00Z,Buy,250.704024816,250.62413754,825,-65.91,8.25,-65.91,14.65,80.55,0,"	735,736" 
2018-07-25T18:00:00Z,"SPY",2018-07-25T19:58:00Z,Buy,250.783912092,252.04435578,824,1038.61,8.24,-36.57,1250.72,270.62,1,"	737,738" 
2018-07-27T14:00:00Z,"SPY",2018-07-27T14:05:00Z,Sell,251.254359384,251.414133936,831,-132.77,8.31,-140.15,0,140.15,0,"	739,740" 
2018-07-27T15:00:00Z,"SPY",2018-07-27T19:58:00Z,Sell,251.032450284,249.843017508,831,988.42,8.31,-22.13,1733.42,796.64,1,"	741,742" 
2018-07-30T14:00:00Z,"SPY",2018-07-30T14:30:00Z,Sell,249.354817488,249.567850224,844,-179.8,8.44,-179.8,217.26,397.06,0,"	743,744" 
2018-07-30T15:00:00Z,"SPY",2018-07-30T18:00:00Z,Sell,249.061897476,248.964257472,843,82.31,8.43,-104.76,890.45,808.14,1,"	745,746" 
2018-07-30T18:30:00Z,"SPY",2018-07-30T19:58:00Z,Sell,248.777853828,248.254148352,845,442.53,8.45,-232.52,502.54,360.03,1,"	747,748" 
2018-07-31T16:00:00Z,"SPY",2018-07-31T17:15:00Z,Buy,249.95841024,249.851893872,845,-90.01,8.45,-90.01,307.52,397.53,0,"	749,750" 
2018-07-31T17:30:00Z,"SPY",2018-07-31T18:05:00Z,Buy,249.976162968,249.834141144,844,-119.87,8.44,-119.87,97.39,217.26,0,"	751,752" 
2018-07-31T18:30:00Z,"SPY",2018-07-31T18:35:00Z,Buy,249.922904784,249.878522964,843,-37.41,8.43,-37.41,7.48,44.9,0,"	753,754" 
2018-07-31T19:00:00Z,"SPY",2018-07-31T19:05:00Z,Buy,249.940657512,249.763130232,842,-149.48,8.42,-156.95,0,156.95,0,"	755,756" 
2018-08-01T14:30:00Z,"SPY",2018-08-01T15:00:00Z,Buy,250.26908298,250.162566612,840,-89.47,8.4,-96.93,96.93,193.86,0,"	757,758" 
2018-08-01T16:30:00Z,"SPY",2018-08-01T16:35:00Z,Sell,248.999762928,249.02639202,844,-22.47,8.44,-22.47,97.39,119.87,0,"	759,760" 
2018-08-02T16:30:00Z,"SPY",2018-08-02T16:40:00Z,Buy,250.0915557,250.04717388,840,-37.28,8.4,-104.39,14.91,104.39,0,"	761,762" 
2018-08-02T17:00:00Z,"SPY",2018-08-02T19:58:00Z,Buy,250.144813884,250.650766632,839,424.49,8.39,0,536.2,320.23,1,"	763,764" 
2018-08-03T14:30:00Z,"SPY",2018-08-03T14:35:00Z,Buy,251.263235748,251.236606656,839,-22.34,8.39,-52.13,0,52.13,0,"	765,766" 
2018-08-06T16:30:00Z,"SPY",2018-08-06T17:35:00Z,Buy,252.701206716,252.585813984,834,-96.24,8.34,-96.24,177.67,273.91,0,"	767,768" 
2018-08-13T14:00:00Z,"SPY",2018-08-13T14:40:00Z,Buy,251.99997396,252.079861236,835,66.71,8.35,-81.53,185.29,126,1,"	769,770" 
2018-08-13T16:00:00Z,"SPY",2018-08-13T16:05:00Z,Sell,250.686272088,250.810541184,840,-104.39,8.4,-104.39,37.28,141.67,0,"	771,772" 
2018-08-13T16:30:00Z,"SPY",2018-08-13T16:40:00Z,Sell,250.553126628,250.677395724,839,-104.26,8.39,-134.05,104.26,238.31,0,"	773,774" 
2018-08-13T17:00:00Z,"SPY",2018-08-13T17:20:00Z,Sell,250.455486624,250.695148452,839,-201.08,8.39,-201.08,253.21,454.28,0,"	775,776" 
2018-08-14T15:00:00Z,"SPY",2018-08-14T16:00:00Z,Buy,251.857952136,251.715930312,833,-118.3,8.33,-192.24,110.91,303.15,0,"	777,778" 
2018-08-14T16:30:00Z,"SPY",2018-08-14T16:50:00Z,Buy,252.0887376,251.946715776,831,-118.02,8.31,-118.02,44.26,162.28,0,"	779,780" 
2018-08-14T18:00:00Z,"SPY",2018-08-14T18:10:00Z,Buy,252.13311942,251.973344868,830,-132.61,8.3,-139.98,22.1,162.08,0,"	781,782" 
2018-08-14T19:00:00Z,"SPY",2018-08-14T19:45:00Z,Buy,252.097613964,252.026603052,829,-58.87,8.29,-58.87,103.02,161.89,0,"	783,784" 
2018-08-15T14:00:00Z,"SPY",2018-08-15T15:30:00Z,Sell,249.727624776,249.496839312,836,192.94,8.36,0,845.95,742.06,1,"	785,786" 
2018-08-15T16:00:00Z,"SPY",2018-08-15T16:20:00Z,Sell,249.07077384,249.594479316,840,-439.91,8.4,-469.74,0,469.74,0,"	787,788" 
2018-08-15T16:30:00Z,"SPY",2018-08-15T16:35:00Z,Sell,249.709872048,249.905152056,834,-162.86,8.34,-185.07,0,185.07,0,"	789,790" 
2018-08-15T17:30:00Z,"SPY",2018-08-15T17:40:00Z,Sell,249.612232044,249.585602952,833,22.18,8.33,0,162.67,140.49,1,"	791,792" 
2018-08-15T18:00:00Z,"SPY",2018-08-15T19:00:00Z,Sell,249.434704764,249.656613864,834,-185.07,8.34,-185.07,392.35,577.43,0,"	793,794" 
2018-08-16T15:00:00Z,"SPY",2018-08-16T18:30:00Z,Buy,252.04435578,252.328399428,824,234.05,8.24,0,789.93,555.87,1,"	795,796" 
2018-08-16T19:30:00Z,"SPY",2018-08-16T19:40:00Z,Buy,252.48817398,252.230759424,824,-212.11,8.24,-212.11,0,212.11,0,"	797,798" 
2018-08-17T18:30:00Z,"SPY",2018-08-17T19:58:00Z,Buy,253.15390128,253.100643096,820,-43.67,8.2,-167.41,240.19,407.6,0,"	799,800" 
2018-08-21T14:00:00Z,"SPY",2018-08-21T14:30:00Z,Buy,254.600748612,254.458726788,815,-115.75,8.15,-166.39,0,166.39,0,"	801,802" 
2018-08-21T16:00:00Z,"SPY",2018-08-21T16:25:00Z,Buy,254.733894072,254.760523164,813,21.65,8.13,0,93.81,86.6,1,"	803,804" 
2018-08-21T16:30:00Z,"SPY",2018-08-21T17:50:00Z,Buy,254.875915896,254.822657712,813,-43.3,8.13,-101.03,115.46,216.49,0,"	805,806" 
2018-08-23T14:00:00Z,"SPY",2018-08-23T14:05:00Z,Buy,254.281199508,254.245694052,815,-28.94,8.15,-28.94,36.17,65.11,0,"	807,808" 
2018-08-23T14:30:00Z,"SPY",2018-08-23T14:50:00Z,Buy,254.636254068,254.414344968,813,-180.41,8.13,-209.28,21.65,230.93,0,"	809,810" 
2018-08-24T15:00:00Z,"SPY",2018-08-24T19:58:00Z,Buy,254.92917408,255.213217728,811,230.36,8.11,-86.38,331.14,417.53,1,"	811,812" 
2018-08-27T14:00:00Z,"SPY",2018-08-27T14:40:00Z,Buy,256.802086884,256.722199608,807,-64.47,8.07,-64.47,257.88,322.35,0,"	813,814" 
2018-08-27T15:00:00Z,"SPY",2018-08-27T15:40:00Z,Buy,256.952985072,256.757705064,806,-157.4,8.06,-157.4,71.54,228.94,0,"	815,816" 
2018-08-27T16:00:00Z,"SPY",2018-08-27T19:20:00Z,Buy,257.263657812,256.944108708,803,-256.6,8.03,-256.6,35.64,292.24,0,"	817,818" 
2018-08-27T19:30:00Z,"SPY",2018-08-27T19:58:00Z,Buy,257.10388326,257.01511962,802,-71.19,8.02,-71.19,42.71,113.9,0,"	819,820" 
2018-08-29T15:00:00Z,"SPY",2018-08-29T19:58:00Z,Buy,258.204552396,258.65724696,798,361.25,7.98,-77.92,602.08,332.92,1,"	821,822" 
2018-08-30T19:00:00Z,"SPY",2018-08-30T19:35:00Z,Sell,257.485566912,257.618712372,803,-106.92,8.03,-106.92,313.62,420.54,0,"	823,824" 
2018-09-04T14:00:00Z,"SPY",2018-09-04T14:05:00Z,Sell,256.668941424,256.917479616,804,-199.82,8.04,-292.6,0,292.6,0,"	825,826" 
2018-09-04T16:30:00Z,"SPY",2018-09-04T16:55:00Z,Sell,256.491414144,256.695570516,803,-163.94,8.03,-171.07,49.89,220.96,0,"	827,828" 
2018-09-05T14:00:00Z,"SPY",2018-09-05T15:00:00Z,Sell,256.402650504,256.21624686,802,149.5,8.02,-92.54,676.29,626.46,1,"	829,830" 
2018-09-05T15:30:00Z,"SPY",2018-09-05T15:55:00Z,Sell,255.799057752,256.376021412,805,-464.46,8.05,-464.46,28.58,493.04,0,"	831,832" 
2018-09-06T15:00:00Z,"SPY",2018-09-06T18:35:00Z,Sell,255.399621372,255.648159564,803,-199.58,8.03,-213.83,506.07,705.64,0,"	833,834" 
2018-09-06T19:00:00Z,"SPY",2018-09-06T19:05:00Z,Sell,255.586025016,255.90557412,801,-255.96,8.01,-255.96,0,255.96,0,"	835,836" 
2018-09-11T16:00:00Z,"SPY",2018-09-11T19:58:00Z,Buy,256.88197416,256.668941424,795,-169.36,7.95,-289.33,105.85,395.18,0,"	837,838" 
2018-09-13T14:00:00Z,"SPY",2018-09-13T14:20:00Z,Buy,258.018148752,257.938261476,790,-63.11,7.9,-154.27,245.43,399.7,0,"	839,840" 
2018-09-17T14:00:00Z,"SPY",2018-09-17T14:15:00Z,Sell,257.840621472,257.778486924,790,49.09,7.9,0,182.32,154.27,1,"	841,842" 
2018-09-17T15:00:00Z,"SPY",2018-09-17T15:55:00Z,Sell,257.254781448,257.565454188,792,-246.05,7.92,-267.14,0,267.14,0,"	843,844" 
2018-09-17T17:30:00Z,"SPY",2018-09-17T19:58:00Z,Sell,257.263657812,256.642312332,790,490.86,7.9,-161.28,546.96,301.53,1,"	845,846" 
2018-09-18T14:00:00Z,"SPY",2018-09-18T14:05:00Z,Buy,257.671970556,257.600959644,792,-56.24,7.92,-133.57,0,133.57,0,"	847,848" 
2018-09-18T14:30:00Z,"SPY",2018-09-18T19:55:00Z,Buy,257.929385112,258.177923304,791,196.59,7.91,-161.49,688.08,491.48,1,"	849,850" 
2018-09-20T16:00:00Z,"SPY",2018-09-20T16:05:00Z,Buy,260.494654308,260.370385212,785,-97.55,7.85,-97.55,0,97.55,0,"	851,852" 
2018-09-20T16:30:00Z,"SPY",2018-09-20T16:35:00Z,Buy,260.459148852,260.38813794,784,-55.67,7.84,-69.59,0,69.59,0,"	853,854" 
2018-09-20T17:00:00Z,"SPY",2018-09-20T19:58:00Z,Buy,260.56566522,260.512407036,783,-41.7,7.83,-111.2,257.16,312.76,0,"	855,856" 
2018-09-24T14:30:00Z,"SPY",2018-09-24T14:35:00Z,Sell,259.32613108,259.36179812,786,-28.03,7.86,-28.03,63.08,91.11,0,"	857,858" 
2018-09-24T17:30:00Z,"SPY",2018-09-24T17:35:00Z,Sell,259.17454616,259.3439646,787,-133.33,7.87,-133.33,0,133.33,0,"	859,860" 
2018-09-26T18:30:00Z,"SPY",2018-09-26T18:45:00Z,Buy,260.31589144,259.95030428,782,-285.89,7.82,-285.89,48.81,334.7,0,"	861,862" 
2018-09-27T14:30:00Z,"SPY",2018-09-27T18:30:00Z,Buy,259.6560512,259.66496796,782,6.97,7.82,-55.78,481.13,536.91,1,"	863,864" 
2018-10-01T14:00:00Z,"SPY",2018-10-01T14:45:00Z,Buy,260.89548084,260.88656408,778,-6.94,7.78,-27.75,215.05,242.8,0,"	865,866" 
2018-10-04T14:00:00Z,"SPY",2018-10-04T19:05:00Z,Sell,259.23696348,257.88161596,783,1061.24,7.83,0,2115.49,1054.26,1,"	867,868" 
2018-10-04T19:30:00Z,"SPY",2018-10-04T19:50:00Z,Sell,257.55169584,258.10453496,796,-440.06,7.96,-539.43,141.95,681.38,0,"	869,870" 
2018-10-05T15:30:00Z,"SPY",2018-10-05T19:10:00Z,Sell,256.94535616,256.95427292,795,-7.09,7.95,-70.89,1353.97,1410.68,0,"	871,872" 
2018-10-05T19:30:00Z,"SPY",2018-10-05T19:50:00Z,Sell,256.74027068,257.0701908,795,-262.29,7.95,-262.29,290.64,552.93,0,"	873,874" 
2018-10-08T16:00:00Z,"SPY",2018-10-08T16:25:00Z,Sell,255.13525388,255.41167344,798,-220.58,7.98,-220.58,192.12,412.7,0,"	875,876" 
2018-10-08T17:00:00Z,"SPY",2018-10-08T17:10:00Z,Sell,254.65374884,255.35817288,798,-562.13,7.98,-562.13,0,562.13,0,"	877,878" 
2018-10-08T17:30:00Z,"SPY",2018-10-08T17:35:00Z,Sell,254.83208404,255.21550472,793,-304.05,7.93,-304.05,0,304.05,0,"	879,880" 
2018-10-09T14:30:00Z,"SPY",2018-10-09T14:55:00Z,Buy,257.248526,257.03452376,783,-167.56,7.83,-167.56,202.47,370.04,0,"	881,882" 
2018-10-10T14:00:00Z,"SPY",2018-10-10T19:58:00Z,Sell,253.88690748,248.26934868,792,4449.11,7.92,-169.49,4646.84,995.75,1,"	883,884" 
2018-10-11T14:00:00Z,"SPY",2018-10-11T14:05:00Z,Buy,248.58143528,247.76109336,844,-692.37,8.44,-692.37,0,692.37,0,"	885,886" 
2018-10-11T15:00:00Z,"SPY",2018-10-11T15:50:00Z,Sell,245.91532404,246.4146626,848,-423.44,8.48,-423.44,1406.42,1829.86,0,"	887,888" 
2018-10-11T18:00:00Z,"SPY",2018-10-11T19:20:00Z,Sell,246.07582572,245.58540392,844,413.92,8.44,-45.15,4056.38,3642.46,1,"	889,890" 
2018-10-11T19:30:00Z,"SPY",2018-10-11T19:58:00Z,Sell,244.88989664,243.13329492,851,1494.87,8.51,-318.7,1616.28,758.82,1,"	891,892" 
2018-10-16T15:00:00Z,"SPY",2018-10-16T19:58:00Z,Buy,247.95726208,250.07945096,796,1689.26,7.96,-170.35,1852.51,447.16,1,"	893,894" 
2018-10-17T14:00:00Z,"SPY",2018-10-17T15:25:00Z,Sell,248.89352188,248.75977048,683,91.35,6.83,-194.88,883.07,791.72,1,"	895,896" 
2018-10-17T15:30:00Z,"SPY",2018-10-17T15:35:00Z,Sell,248.98268948,248.74193696,684,164.67,6.84,-42.69,176.87,42.69,1,"	897,898" 
2018-10-18T14:00:00Z,"SPY",2018-10-18T14:05:00Z,Sell,248.53685148,248.60818556,689,-49.15,6.89,-49.15,196.6,245.75,0,"	899,900" 
2018-10-18T15:30:00Z,"SPY",2018-10-18T19:58:00Z,Sell,248.08209672,246.18282684,690,1310.5,6.9,0,1962.67,1248.97,1,"	901,902" 
2018-10-19T14:00:00Z,"SPY",2018-10-19T14:50:00Z,Buy,248.26934868,248.1980146,679,-48.44,6.79,-60.54,472.25,532.79,0,"	903,904" 
2018-10-19T15:00:00Z,"SPY",2018-10-19T15:20:00Z,Buy,248.52793472,248.2425984,678,-193.46,6.78,-193.46,114.87,308.32,0,"	905,906" 
2018-10-22T14:00:00Z,"SPY",2018-10-22T14:45:00Z,Sell,245.53190336,245.94207432,691,-283.43,6.91,-283.43,579.18,862.61,0,"	907,908" 
2018-10-22T16:30:00Z,"SPY",2018-10-22T16:35:00Z,Sell,245.17523296,245.20198324,691,-18.48,6.91,-24.65,92.42,110.91,0,"	909,910" 
2018-10-23T14:30:00Z,"SPY",2018-10-23T14:50:00Z,Sell,240.28884848,240.93977196,706,-459.55,7.06,-459.55,365.12,824.68,0,"	911,912" 
2018-10-24T14:30:00Z,"SPY",2018-10-24T14:35:00Z,Sell,242.69637368,242.90145916,700,-143.56,7,-243.43,18.73,262.15,0,"	913,914" 
2018-10-24T15:00:00Z,"SPY",2018-10-24T15:55:00Z,Sell,242.11678428,242.24161892,700,-87.38,7,-87.38,1042.37,1129.75,0,"	915,916" 
2018-10-24T16:30:00Z,"SPY",2018-10-24T19:58:00Z,Sell,242.0008664,236.39222436,700,3926.05,7,0,3932.29,1142.24,1,"	917,918" 
2018-10-25T14:30:00Z,"SPY",2018-10-25T15:05:00Z,Buy,239.61117472,239.3258384,649,-185.18,6.49,-185.18,393.51,578.7,0,"	919,920" 
2018-10-25T15:30:00Z,"SPY",2018-10-25T17:10:00Z,Buy,240.6633524,239.83409372,645,-534.87,6.45,-684.41,40.26,724.67,0,"	921,922" 
2018-10-25T17:30:00Z,"SPY",2018-10-25T19:58:00Z,Buy,240.2620982,241.08244012,643,527.48,6.43,-40.13,1341.63,1118.03,1,"	923,924" 
2018-10-26T14:30:00Z,"SPY",2018-10-26T15:25:00Z,Sell,235.7591344,236.05338748,604,-177.73,6.04,-177.73,1060.99,1238.72,0,"	925,926" 
2018-10-29T19:30:00Z,"SPY",2018-10-29T19:55:00Z,Sell,234.05603324,234.76937404,596,-425.15,5.96,-425.15,1201.05,1626.2,0,"	927,928" 
2018-10-30T14:00:00Z,"SPY",2018-10-30T14:40:00Z,Buy,237.82782272,236.2495562,586,-924.86,5.86,-1029.37,31.35,1060.72,0,"	929,930" 
2018-10-30T15:30:00Z,"SPY",2018-10-30T16:35:00Z,Buy,237.06098136,236.44572492,583,-358.69,5.83,-358.69,467.86,826.56,0,"	931,932" 
2018-10-30T19:30:00Z,"SPY",2018-10-30T19:58:00Z,Buy,238.17557636,238.89783392,578,417.46,5.78,-159.77,422.62,288.62,1,"	933,934" 
2018-10-31T14:30:00Z,"SPY",2018-10-31T14:50:00Z,Buy,242.535872,242.23270216,604,-183.11,6.04,-183.11,210.04,393.16,0,"	935,936" 
2018-10-31T18:30:00Z,"SPY",2018-10-31T18:35:00Z,Buy,243.34729716,243.16896196,601,-107.18,6.01,-112.54,0,112.54,0,"	937,938" 
2018-11-02T15:30:00Z,"SPY",2018-11-02T18:30:00Z,Sell,242.38428708,242.70529044,640,-205.44,6.4,-205.44,1181.29,1386.73,0,"	939,940" 
2018-11-06T15:00:00Z,"SPY",2018-11-06T15:05:00Z,Buy,244.8542296,244.6758944,695,-123.94,6.95,-123.94,0,123.94,0,"	941,942" 
2018-11-07T17:00:00Z,"SPY",2018-11-07T17:45:00Z,Buy,249.12535764,248.85785484,674,-180.3,6.74,-180.3,48.08,228.38,0,"	943,944" 
2018-11-07T18:00:00Z,"SPY",2018-11-07T18:45:00Z,Buy,249.25019228,249.00943976,673,-162.03,6.73,-162.03,108.02,270.04,0,"	945,946" 
2018-11-07T19:30:00Z,"SPY",2018-11-07T20:05:00Z,Buy,249.65144648,249.7584476,671,71.8,6.71,-77.78,221.38,299.16,1,"	947,948" 
2018-11-07T20:30:00Z,"SPY",2018-11-07T20:58:00Z,Buy,250.23995264,250.560956,669,214.75,6.69,-131.24,226.68,220.72,1,"	949,950" 
2018-11-09T17:00:00Z,"SPY",2018-11-09T17:40:00Z,Sell,247.11016988,247.46684028,645,-230.05,6.45,-276.06,155.29,431.35,0,"	951,952" 
2018-11-09T18:00:00Z,"SPY",2018-11-09T18:05:00Z,Sell,247.24392128,247.24392128,643,0,6.43,0,74.54,74.54,0,"	953,954" 
2018-11-09T18:30:00Z,"SPY",2018-11-09T19:40:00Z,Sell,247.09233636,247.15475368,644,-40.2,6.44,-40.2,499.59,539.78,0,"	955,956" 
2018-11-12T15:00:00Z,"SPY",2018-11-12T19:20:00Z,Sell,245.75482236,245.01473128,637,471.44,6.37,-142,1431.35,1033.76,1,"	957,958" 
2018-11-12T19:30:00Z,"SPY",2018-11-12T19:50:00Z,Sell,244.43514188,244.87206312,643,-280.94,6.43,-366.94,263.74,630.68,0,"	959,960" 
2018-11-12T20:00:00Z,"SPY",2018-11-12T20:58:00Z,Sell,244.01605416,242.76770776,642,801.44,6.42,-280.5,910.21,692.67,1,"	961,962" 
2018-11-14T18:00:00Z,"SPY",2018-11-14T18:05:00Z,Sell,240.95760548,241.08244012,748,-93.38,7.48,-173.41,20.01,173.41,0,"	963,964" 
2018-11-14T18:30:00Z,"SPY",2018-11-14T19:25:00Z,Sell,241.01110604,241.00218928,747,6.66,7.47,-186.5,1132.34,1318.84,1,"	965,966" 
2018-11-14T19:30:00Z,"SPY",2018-11-14T19:55:00Z,Sell,240.55635128,241.40344348,749,-634.47,7.49,-634.47,146.93,781.4,0,"	967,968" 
2018-11-15T19:00:00Z,"SPY",2018-11-15T20:05:00Z,Buy,242.94604296,242.16136808,781,-612.83,7.81,-717.29,717.29,1434.58,0,"	969,970" 
2018-11-19T15:30:00Z,"SPY",2018-11-19T20:15:00Z,Sell,241.90278204,240.81493732,859,934.46,8.59,-436.59,2435.72,1554.88,1,"	971,972" 
2018-11-19T20:30:00Z,"SPY",2018-11-19T20:58:00Z,Sell,240.37801608,239.66467528,872,622.03,8.72,0,870.85,248.81,1,"	973,974" 
2018-11-20T15:00:00Z,"SPY",2018-11-20T15:25:00Z,Sell,235.94638636,236.08905452,848,-120.98,8.48,-294.9,922.49,1217.39,0,"	975,976" 
2018-11-26T15:00:00Z,"SPY",2018-11-26T15:35:00Z,Buy,238.22907692,237.75648864,823,-388.94,8.23,-469.66,44.03,513.69,0,"	977,978" 
2018-11-26T16:00:00Z,"SPY",2018-11-26T16:05:00Z,Buy,238.13099256,237.83673948,820,-241.29,8.2,-241.29,0,241.29,0,"	979,980" 
2018-11-28T17:30:00Z,"SPY",2018-11-28T20:58:00Z,Buy,242.85687536,244.61347708,754,1324.48,7.54,-329.44,1384.99,618.54,1,"	981,982" 
2018-11-30T20:30:00Z,"SPY",2018-11-30T20:35:00Z,Buy,246.00449164,246.04015868,739,26.36,7.39,-13.18,59.31,72.48,1,"	983,984" 
2018-12-04T15:00:00Z,"SPY",2018-12-04T15:10:00Z,Sell,247.663009,247.69867604,782,-27.89,7.82,-48.81,125.51,153.4,0,"	985,986" 
2018-12-04T16:00:00Z,"SPY",2018-12-04T16:05:00Z,Sell,247.19933748,247.18150396,783,13.96,7.83,0,174.55,160.58,1,"	987,988" 
2018-12-04T16:30:00Z,"SPY",2018-12-04T20:58:00Z,Sell,247.02100228,240.72576972,783,4929.17,7.83,-27.93,4957.09,1850.18,1,"	989,990" 
2018-12-06T15:00:00Z,"SPY",2018-12-06T15:05:00Z,Sell,236.32980704,236.76672828,676,-295.36,6.76,-379.75,0,379.75,0,"	991,992" 
2018-12-06T16:00:00Z,"SPY",2018-12-06T16:55:00Z,Sell,235.63429976,235.99097016,677,-241.47,6.77,-410.49,1014.16,1424.65,0,"	993,994" 
2018-12-07T15:30:00Z,"SPY",2018-12-07T20:58:00Z,Sell,239.20100376,235.33112992,670,2592.82,6.7,-95.59,3315.7,1541.35,1,"	995,996" 
2018-12-10T15:00:00Z,"SPY",2018-12-10T15:15:00Z,Sell,233.31594216,234.45728744,663,-756.71,6.63,-756.71,35.47,792.18,0,"	997,998" 
2018-12-10T15:30:00Z,"SPY",2018-12-10T17:40:00Z,Sell,233.92228184,233.2178578,657,462.81,6.57,-99.59,2038.69,1593.46,1,"	999,1000" 
2018-12-14T17:00:00Z,"SPY",2018-12-14T17:05:00Z,Sell,232.92360472,233.10193992,726,-129.47,7.26,-265.42,0,265.42,0,"	1001,1002" 
2018-12-14T20:00:00Z,"SPY",2018-12-14T20:15:00Z,Sell,232.48668348,232.78985332,726,-220.1,7.26,-330.15,129.47,459.62,0,"	1003,1004" 
2018-12-14T20:30:00Z,"SPY",2018-12-14T20:58:00Z,Sell,232.33509856,232.4153494,726,-58.26,7.26,-116.52,407.83,524.36,0,"	1005,1006" 
2018-12-17T15:00:00Z,"SPY",2018-12-17T15:05:00Z,Sell,230.4536622,230.30207728,694,105.2,6.94,-6.19,136.14,49.51,1,"	1007,1008" 
2018-12-17T18:00:00Z,"SPY",2018-12-17T18:10:00Z,Sell,229.74923816,229.98107392,697,-161.59,6.97,-242.38,161.59,403.97,0,"	1009,1010" 
2018-12-17T18:30:00Z,"SPY",2018-12-17T20:58:00Z,Sell,229.5619862,227.3327962,697,1553.75,6.97,-211.31,2305.76,752.01,1,"	1011,1012" 
2018-12-19T15:00:00Z,"SPY",2018-12-19T16:20:00Z,Buy,229.08048116,228.95564652,714,-89.13,7.14,-140.06,502.96,643.02,0,"	1013,1014" 
2018-12-19T16:30:00Z,"SPY",2018-12-19T16:35:00Z,Buy,229.1161482,228.92889624,713,-133.51,7.13,-178.01,0,178.01,0,"	1015,1016" 
2018-12-19T17:00:00Z,"SPY",2018-12-19T18:25:00Z,Buy,229.70465436,229.08048116,710,-443.16,7.1,-468.49,405.18,873.66,0,"	1017,1018" 
2018-12-19T18:30:00Z,"SPY",2018-12-19T19:05:00Z,Buy,229.2944834,227.45763084,709,-1302.33,7.09,-1302.33,1087.38,2389.71,0,"	1019,1020" 
2018-12-19T20:00:00Z,"SPY",2018-12-19T20:58:00Z,Sell,224.91635424,224.479433,715,312.4,7.15,0,1651.25,1619.37,1,"	1021,1022" 
2018-12-20T17:00:00Z,"SPY",2018-12-20T17:25:00Z,Sell,220.8235614,221.42990108,833,-505.08,8.33,-505.08,445.66,950.74,0,"	1023,1024" 
2018-12-20T18:30:00Z,"SPY",2018-12-20T19:45:00Z,Sell,220.84139492,221.60823628,829,-635.71,8.29,-635.71,2180.64,2816.35,0,"	1025,1026" 
2018-12-21T15:30:00Z,"SPY",2018-12-21T15:45:00Z,Buy,222.866829405,222.059633355,805,-649.79,8.05,-649.79,21.66,671.45,0,"	1027,1028" 
2018-12-21T17:30:00Z,"SPY",2018-12-21T17:40:00Z,Sell,218.418282285,219.099914505,816,-556.21,8.16,-556.21,563.53,1119.74,0,"	1029,1030" 
2018-12-21T18:00:00Z,"SPY",2018-12-21T18:30:00Z,Sell,218.490033045,218.73219186,812,-196.63,8.12,-524.35,327.72,852.08,0,"	1031,1032" 
2018-12-21T19:30:00Z,"SPY",2018-12-21T20:05:00Z,Sell,218.24787423,218.167154625,811,65.46,8.11,-247.31,538.26,778.29,1,"	1033,1034" 
2018-12-21T20:30:00Z,"SPY",2018-12-21T20:58:00Z,Sell,215.924943375,216.29266602,821,-301.9,8.21,-581.71,500.71,1082.42,0,"	1035,1036" 
2018-12-24T15:00:00Z,"SPY",2018-12-24T15:30:00Z,Sell,212.893473765,213.17150796,840,-233.55,8.4,-421.89,1032.13,1454.03,0,"	1037,1038" 
2018-12-24T16:30:00Z,"SPY",2018-12-26T14:35:00Z,Sell,212.52575112,212.63337726,839,-90.3,8.39,-571.89,1971.51,2144.59,0,"	1039,1040" 
2018-12-26T17:00:00Z,"SPY",2018-12-26T20:58:00Z,Buy,213.754482885,220.25689551,899,5845.67,8.99,-56.44,5869.86,1596.47,1,"	1041,1042" 
2018-12-27T15:30:00Z,"SPY",2018-12-27T15:45:00Z,Sell,216.13122681,217.53036663,586,-819.9,5.86,-825.15,147.16,972.31,0,"	1043,1044" 
2018-12-27T19:30:00Z,"SPY",2018-12-27T19:45:00Z,Sell,215.10877848,216.463074075,585,-792.26,5.85,-792.26,183.64,975.9,0,"	1045,1046" 
2019-01-03T15:00:00Z,"SPY",2019-01-03T16:25:00Z,Sell,221.736754935,220.803995055,566,527.94,5.66,0,1522.91,1162.49,1,"	1047,1048" 
2019-01-03T16:30:00Z,"SPY",2019-01-03T16:40:00Z,Sell,220.355552805,221.7098484,572,-774.66,5.72,-774.66,117.99,892.65,0,"	1049,1050" 
2019-01-03T17:30:00Z,"SPY",2019-01-03T17:35:00Z,Sell,221.180686545,221.54840919,566,-208.13,5.66,-208.13,0,208.13,0,"	1051,1052" 
2019-01-03T18:30:00Z,"SPY",2019-01-03T18:45:00Z,Sell,220.373490495,220.839870435,567,-264.44,5.67,-264.44,162.73,427.17,0,"	1053,1054" 
2019-01-03T19:00:00Z,"SPY",2019-01-03T19:30:00Z,Sell,219.9160794,220.893683505,567,-554.3,5.67,-554.3,61.02,615.33,0,"	1055,1056" 
2019-01-03T20:00:00Z,"SPY",2019-01-03T20:58:00Z,Sell,219.64701405,219.10888335,565,304.04,5.65,-177.36,395.26,506.74,1,"	1057,1058" 
2019-01-04T15:00:00Z,"SPY",2019-01-04T15:15:00Z,Buy,223.43186664,223.09105053,541,-184.38,5.41,-184.38,179.53,363.91,0,"	1059,1060" 
2019-01-04T15:30:00Z,"SPY",2019-01-04T20:58:00Z,Buy,225.091102965,226.400554335,536,701.87,5.36,-394.2,1009.53,682.64,1,"	1061,1062" 
2019-01-07T17:00:00Z,"SPY",2019-01-07T18:50:00Z,Buy,229.0643013,228.696578655,470,-172.83,4.7,-248.71,202.34,379.38,0,"	1063,1064" 
2019-01-15T15:00:00Z,"SPY",2019-01-15T15:20:00Z,Buy,232.41864933,232.31102319,534,-57.47,5.34,-182,368.78,550.78,0,"	1065,1066" 
2019-01-15T16:00:00Z,"SPY",2019-01-15T16:15:00Z,Buy,232.768434285,232.63390161,533,-71.71,5.33,-138.63,76.49,215.12,0,"	1067,1068" 
2019-01-15T16:30:00Z,"SPY",2019-01-15T16:35:00Z,Buy,232.61596392,232.571119695,533,-23.9,5.33,-43.02,0,43.02,0,"	1069,1070" 
2019-01-15T17:00:00Z,"SPY",2019-01-15T18:05:00Z,Buy,233.33347152,233.20790769,531,-66.67,5.31,-100.01,233.36,333.37,0,"	1071,1072" 
2019-01-15T18:30:00Z,"SPY",2019-01-15T18:55:00Z,Buy,233.270689605,233.29759614,531,14.29,5.31,-28.57,76.2,104.77,1,"	1073,1074" 
2019-01-18T17:30:00Z,"SPY",2019-01-18T17:35:00Z,Buy,239.2887846,239.19909615,829,-74.35,8.29,-74.35,29.74,104.09,0,"	1075,1076" 
2019-01-22T17:00:00Z,"SPY",2019-01-22T17:20:00Z,Sell,235.77299736,235.943405415,833,-141.95,8.33,-246.54,44.83,291.37,0,"	1077,1078" 
2019-01-22T17:30:00Z,"SPY",2019-01-22T17:40:00Z,Sell,235.764028515,235.764028515,831,0,8.31,-96.89,74.53,171.42,0,"	1079,1080" 
2019-01-22T18:30:00Z,"SPY",2019-01-22T20:58:00Z,Sell,235.1631159,234.87611286,834,239.36,8.34,-336.6,785.4,1122,1,"	1081,1082" 
2019-01-28T15:00:00Z,"SPY",2019-01-28T15:10:00Z,Sell,235.620526995,235.728153135,989,-106.44,9.89,-186.27,310.46,496.73,0,"	1083,1084" 
2019-01-29T16:00:00Z,"SPY",2019-01-29T16:10:00Z,Sell,235.62949584,235.817841585,988,-186.09,9.88,-248.11,70.89,319,0,"	1085,1086" 
2019-01-30T19:30:00Z,"SPY",2019-01-30T20:58:00Z,Buy,239.889697215,239.75516454,969,-130.36,9.69,-312.87,886.46,1199.33,0,"	1087,1088" 
2019-01-31T15:30:00Z,"SPY",2019-01-31T20:15:00Z,Buy,241.324712415,241.235023965,962,-86.28,9.62,-181.19,1138.9,1225.18,0,"	1089,1090" 
2019-01-31T20:30:00Z,"SPY",2019-01-31T20:58:00Z,Buy,241.56687123,242.40994266,961,810.19,9.61,0,827.43,189.62,1,"	1091,1092" 
2019-02-01T15:30:00Z,"SPY",2019-02-01T15:50:00Z,Buy,243.0556995,242.777665305,961,-267.19,9.61,-267.19,86.19,353.38,0,"	1093,1094" 
2019-02-04T19:00:00Z,"SPY",2019-02-04T19:25:00Z,Buy,243.405484455,243.423422145,958,17.18,9.58,-8.59,137.47,128.88,1,"	1095,1096" 
2019-02-04T19:30:00Z,"SPY",2019-02-04T19:45:00Z,Buy,243.441359835,243.387546765,958,-51.55,9.58,-68.74,8.59,77.33,0,"	1097,1098" 
2019-02-07T16:00:00Z,"SPY",2019-02-07T20:45:00Z,Sell,242.042220015,242.006344635,963,34.55,9.63,-155.47,1347.37,1502.84,1,"	1099,1100" 
2019-02-12T15:00:00Z,"SPY",2019-02-12T15:45:00Z,Buy,244.86740619,244.63421622,952,-222,9.52,-222,170.77,392.76,0,"	1101,1102" 
2019-02-12T16:00:00Z,"SPY",2019-02-12T20:58:00Z,Buy,245.35172382,245.845010295,948,467.64,9.48,0,807.73,493.14,1,"	1103,1104" 
2019-02-13T15:00:00Z,"SPY",2019-02-13T15:05:00Z,Buy,247.118586285,247.136523975,945,16.95,9.45,-42.38,59.33,101.71,1,"	1105,1106" 
2019-02-21T15:00:00Z,"SPY",2019-02-21T15:20:00Z,Sell,248.697103005,248.715040695,939,-16.84,9.39,-117.9,311.6,429.51,0,"	1107,1108" 
2019-02-21T15:30:00Z,"SPY",2019-02-21T15:45:00Z,Sell,248.428037655,248.715040695,940,-269.78,9.4,-278.21,0,278.21,0,"	1109,1110" 
2019-02-21T16:00:00Z,"SPY",2019-02-21T16:05:00Z,Sell,248.58050802,248.81369799,937,-218.5,9.37,-218.5,58.83,277.33,0,"	1111,1112" 
2019-02-21T20:00:00Z,"SPY",2019-02-21T20:10:00Z,Sell,248.087221545,248.32938036,937,-226.9,9.37,-260.52,0,260.52,0,"	1113,1114" 
2019-02-21T20:30:00Z,"SPY",2019-02-21T20:50:00Z,Sell,248.176909995,248.4370065,935,-243.19,9.35,-243.19,251.58,494.77,0,"	1115,1116" 
2019-02-22T16:00:00Z,"SPY",2019-02-22T16:05:00Z,Buy,249.99758553,249.94377246,926,-49.83,9.26,-66.44,0,66.44,0,"	1117,1118" 
2019-02-22T16:30:00Z,"SPY",2019-02-22T18:15:00Z,Buy,250.365308175,249.988616685,924,-348.06,9.24,-348.06,149.17,497.23,0,"	1119,1120" 
2019-02-22T18:30:00Z,"SPY",2019-02-22T18:45:00Z,Buy,250.114180515,250.03346091,922,-74.42,9.22,-74.42,82.69,157.12,0,"	1121,1122" 
2019-02-22T19:00:00Z,"SPY",2019-02-22T19:05:00Z,Buy,250.14108705,250.10521167,921,-33.04,9.21,-74.34,0,74.34,0,"	1123,1124" 
2019-02-27T15:30:00Z,"SPY",2019-02-27T15:45:00Z,Sell,249.17245179,249.576049815,925,-373.33,9.25,-373.33,33.18,406.51,0,"	1125,1126" 
2019-03-01T15:00:00Z,"SPY",2019-03-01T15:05:00Z,Buy,251.8451676,251.638884165,912,-188.13,9.12,-376.26,0,376.26,0,"	1127,1128" 
2019-03-04T16:30:00Z,"SPY",2019-03-04T20:40:00Z,Sell,250.724061975,250.26665088,914,418.07,9.14,0,2196.94,1901.83,1,"	1129,1130" 
2019-03-05T15:00:00Z,"SPY",2019-03-05T15:05:00Z,Sell,249.970678995,250.39221471,920,-387.81,9.2,-387.81,0,387.81,0,"	1131,1132" 
2019-03-05T15:30:00Z,"SPY",2019-03-05T15:35:00Z,Sell,250.03346091,250.32046395,917,-263.18,9.17,-337.2,0,337.2,0,"	1133,1134" 
2019-03-05T16:00:00Z,"SPY",2019-03-05T16:05:00Z,Sell,250.08727398,250.185931275,914,-90.17,9.14,-139.36,65.58,204.94,0,"	1135,1136" 
2019-03-06T15:00:00Z,"SPY",2019-03-06T15:10:00Z,Sell,249.845115165,249.99758553,915,-139.51,9.15,-139.51,147.72,287.23,0,"	1137,1138" 
2019-03-06T15:30:00Z,"SPY",2019-03-06T16:10:00Z,Sell,249.36976638,249.719551335,915,-320.05,9.15,-328.26,270.81,599.07,0,"	1139,1140" 
2019-03-06T16:30:00Z,"SPY",2019-03-06T20:58:00Z,Sell,249.36976638,248.74194723,912,572.57,9.12,-89.98,801.6,678.91,1,"	1141,1142" 
2019-03-07T15:00:00Z,"SPY",2019-03-07T15:55:00Z,Sell,246.89436516,246.96611592,926,-66.44,9.26,-66.44,672.72,739.16,0,"	1143,1144" 
2019-03-07T16:00:00Z,"SPY",2019-03-07T16:15:00Z,Sell,246.89436516,246.939209385,926,-41.53,9.26,-99.66,290.68,332.21,0,"	1145,1146" 
2019-03-07T16:30:00Z,"SPY",2019-03-07T16:35:00Z,Sell,246.94817823,247.30693203,925,-331.85,9.25,-365.03,0,365.03,0,"	1147,1148" 
2019-03-07T17:00:00Z,"SPY",2019-03-07T17:05:00Z,Sell,247.082710905,247.028897835,922,49.62,9.22,0,173.65,124.04,1,"	1149,1150" 
2019-03-07T17:30:00Z,"SPY",2019-03-07T17:35:00Z,Sell,247.12755513,247.32486972,922,-181.92,9.22,-181.92,281.16,463.08,0,"	1151,1152" 
2019-03-07T18:30:00Z,"SPY",2019-03-07T18:35:00Z,Sell,247.477340085,247.154461665,919,296.73,9.19,0,296.73,8.24,1,"	1153,1154" 
2019-03-07T19:00:00Z,"SPY",2019-03-07T19:05:00Z,Sell,247.118586285,247.118586285,923,0,9.23,-124.17,49.67,124.17,0,"	1155,1156" 
2019-03-07T19:30:00Z,"SPY",2019-03-07T20:58:00Z,Sell,246.78673902,246.759832485,924,24.86,9.24,-49.72,828.72,803.86,1,"	1157,1158" 
2019-03-11T14:00:00Z,"SPY",2019-03-11T19:58:00Z,Buy,247.80918735,249.773364405,920,1807.04,9.2,0,1881.3,297.05,1,"	1159,1160" 
2019-03-13T15:00:00Z,"SPY",2019-03-13T18:50:00Z,Buy,252.32948523,252.356391765,918,24.7,9.18,-41.17,815.11,856.27,1,"	1161,1162" 
2019-03-13T19:00:00Z,"SPY",2019-03-13T19:05:00Z,Buy,252.59855058,252.553706355,917,-41.12,9.17,-131.59,8.22,131.59,0,"	1163,1164" 
2019-03-15T16:30:00Z,"SPY",2019-03-15T18:15:00Z,Buy,253.864424074,253.558140038,912,-279.33,9.12,-279.33,188.96,468.29,0,"	1165,1166" 
2019-03-18T14:00:00Z,"SPY",2019-03-18T14:40:00Z,Buy,254.422942022,254.134674694,908,-261.75,9.08,-278.11,106.33,384.44,0,"	1167,1168" 
2019-03-18T15:00:00Z,"SPY",2019-03-18T15:15:00Z,Buy,254.4860005,254.26079165,905,-203.81,9.05,-203.81,0,203.81,0,"	1169,1170" 
2019-03-20T14:00:00Z,"SPY",2019-03-20T14:45:00Z,Sell,253.40499802,253.567148392,908,-147.23,9.08,-376.26,130.87,376.26,0,"	1171,1172" 
2019-03-20T16:00:00Z,"SPY",2019-03-20T16:10:00Z,Sell,252.90953855,253.278881064,908,-335.36,9.08,-335.36,0,335.36,0,"	1173,1174" 
2019-03-20T17:00:00Z,"SPY",2019-03-20T17:55:00Z,Sell,253.053672214,253.206814232,905,-138.59,9.05,-138.59,57.07,195.66,0,"	1175,1176" 
2019-03-21T14:00:00Z,"SPY",2019-03-21T14:20:00Z,Buy,254.152691402,254.233766588,900,72.97,9,0,356.73,283.76,1,"	1177,1178" 
2019-03-21T14:30:00Z,"SPY",2019-03-21T19:58:00Z,Buy,254.594100748,256.42279661,899,1644,8.99,-80.99,2032.73,736.96,1,"	1179,1180" 
2019-03-22T14:00:00Z,"SPY",2019-03-22T14:20:00Z,Sell,253.963515968,254.765259474,914,-732.79,9.14,-732.79,24.7,757.49,0,"	1181,1182" 
2019-03-22T14:30:00Z,"SPY",2019-03-22T18:50:00Z,Sell,254.143683048,253.260864356,907,800.72,9.07,-384.02,2263.25,1462.53,1,"	1183,1184" 
2019-03-22T19:00:00Z,"SPY",2019-03-22T19:58:00Z,Sell,253.296897772,251.684402406,917,1478.66,9.17,-256.08,1478.66,371.73,1,"	1185,1186" 
2019-03-25T14:00:00Z,"SPY",2019-03-25T14:30:00Z,Sell,250.423232846,250.765550298,939,-321.44,9.39,-380.65,160.72,482.15,0,"	1187,1188" 
2019-03-26T14:00:00Z,"SPY",2019-03-26T14:10:00Z,Buy,254.017566092,253.576156746,923,-407.42,9.23,-407.42,0,407.42,0,"	1189,1190" 
2019-03-26T15:00:00Z,"SPY",2019-03-26T15:10:00Z,Buy,254.12566634,253.837399012,919,-264.92,9.19,-264.92,57.95,322.87,0,"	1191,1192" 
2019-03-27T15:00:00Z,"SPY",2019-03-27T17:25:00Z,Sell,252.342012248,251.936636318,924,374.57,9.24,-141.5,1747.98,1381.74,1,"	1193,1194" 
2019-03-27T17:30:00Z,"SPY",2019-03-27T17:45:00Z,Sell,251.972669734,252.179861876,928,-192.27,9.28,-192.27,175.55,367.83,0,"	1195,1196" 
2019-03-27T18:00:00Z,"SPY",2019-03-27T18:05:00Z,Sell,252.017711504,252.18887023,926,-158.49,9.26,-158.49,91.76,250.25,0,"	1197,1198" 
2019-03-27T19:00:00Z,"SPY",2019-03-27T19:20:00Z,Sell,251.954653026,251.96366138,925,-8.33,9.25,-8.33,208.32,216.65,0,"	1199,1200" 
2019-04-01T19:30:00Z,"SPY",2019-04-01T19:35:00Z,Buy,257.431732258,257.332640364,905,-89.68,9.05,-105.98,0,105.98,0,"	1201,1202" 
2019-04-11T18:30:00Z,"SPY",2019-04-11T18:35:00Z,Sell,259.089269394,259.206377996,899,-105.28,8.99,-129.58,0,129.58,0,"	1203,1204" 
2019-04-15T14:30:00Z,"SPY",2019-04-15T17:05:00Z,Sell,260.809865008,260.917965256,892,-96.43,8.92,-120.53,313.38,433.91,0,"	1205,1206" 
2019-04-15T17:30:00Z,"SPY",2019-04-15T17:35:00Z,Sell,261.01705715,261.080115628,890,-56.12,8.9,-64.14,0,64.14,0,"	1207,1208" 
2019-04-17T15:00:00Z,"SPY",2019-04-17T15:05:00Z,Sell,261.06209892,261.269291062,890,-184.4,8.9,-184.4,0,184.4,0,"	1209,1210" 
2019-04-17T15:30:00Z,"SPY",2019-04-17T15:50:00Z,Sell,260.953998672,261.134165752,889,-160.17,8.89,-176.19,224.24,400.42,0,"	1211,1212" 
2019-04-17T16:00:00Z,"SPY",2019-04-17T17:20:00Z,Sell,260.863915132,261.10714069,888,-215.98,8.88,-223.98,263.98,487.96,0,"	1213,1214" 
2019-04-17T17:30:00Z,"SPY",2019-04-17T17:45:00Z,Sell,260.872923486,261.080115628,886,-183.57,8.86,-191.55,0,191.55,0,"	1215,1216" 
2019-04-17T18:00:00Z,"SPY",2019-04-17T19:35:00Z,Sell,260.818873362,260.917965256,885,-87.7,8.85,-111.61,406.59,518.21,0,"	1217,1218" 
2019-04-18T14:30:00Z,"SPY",2019-04-18T14:50:00Z,Sell,260.314405538,260.52159768,886,-183.57,8.86,-183.57,215.5,399.07,0,"	1219,1220" 
2019-04-23T14:30:00Z,"SPY",2019-04-23T19:58:00Z,Buy,262.602527454,263.80964689,876,1057.44,8.76,-189.39,1278.39,418.24,1,"	1221,1222" 
2019-04-25T14:30:00Z,"SPY",2019-04-25T14:50:00Z,Sell,262.296243418,262.656577578,885,-318.9,8.85,-318.9,318.9,637.79,0,"	1223,1224" 
2019-04-26T14:00:00Z,"SPY",2019-04-26T14:05:00Z,Sell,262.5935191,262.737652764,882,-127.13,8.82,-127.13,95.34,222.47,0,"	1225,1226" 
2019-04-26T19:30:00Z,"SPY",2019-04-26T19:58:00Z,Buy,263.818655244,264.178989404,877,316.01,8.77,0,323.91,244.91,1,"	1227,1228" 
2019-04-29T16:30:00Z,"SPY",2019-04-29T16:45:00Z,Buy,265.016766326,264.944699494,875,-63.06,8.75,-63.06,39.41,102.47,0,"	1229,1230" 
2019-04-29T17:00:00Z,"SPY",2019-04-29T17:45:00Z,Buy,265.061808096,264.908666078,874,-133.85,8.74,-133.85,0,133.85,0,"	1231,1232" 
2019-04-29T18:30:00Z,"SPY",2019-04-29T18:40:00Z,Buy,265.124866574,265.034783034,873,-78.64,8.73,-78.64,0,78.64,0,"	1233,1234" 
2019-04-30T14:00:00Z,"SPY",2019-04-30T14:10:00Z,Sell,263.962788908,264.052872448,876,-78.91,8.76,-157.83,94.7,252.52,0,"	1235,1236" 
2019-04-30T14:30:00Z,"SPY",2019-04-30T14:35:00Z,Sell,263.89973043,264.03485574,876,-118.37,8.76,-205.17,0,205.17,0,"	1237,1238" 
2019-04-30T15:00:00Z,"SPY",2019-04-30T15:40:00Z,Sell,263.791630182,263.85468866,875,-55.18,8.75,-86.71,677.88,764.58,0,"	1239,1240" 
2019-05-01T19:30:00Z,"SPY",2019-05-01T19:58:00Z,Sell,264.251056236,263.0439368,873,1053.82,8.73,0,1108.87,149.42,1,"	1241,1242" 
2019-05-02T15:30:00Z,"SPY",2019-05-02T17:30:00Z,Sell,261.674666992,262.170126462,890,-440.96,8.9,-545.19,689.5,1234.68,0,"	1243,1244" 
2019-05-02T19:00:00Z,"SPY",2019-05-02T19:25:00Z,Sell,261.926900904,262.314260126,886,-343.2,8.86,-343.2,63.85,407.05,0,"	1245,1246" 
2019-05-03T16:00:00Z,"SPY",2019-05-03T19:58:00Z,Buy,264.467256732,265.016766326,874,480.27,8.74,-23.62,566.88,409.41,1,"	1247,1248" 
2019-05-07T15:00:00Z,"SPY",2019-05-07T19:58:00Z,Sell,259.863987838,259.341503306,893,466.58,8.93,-482.67,2083.52,1616.94,1,"	1249,1250" 
2019-05-08T15:00:00Z,"SPY",2019-05-08T15:20:00Z,Buy,260.089196688,260.143246812,896,48.43,8.96,-145.29,508.5,524.65,1,"	1251,1252" 
2019-05-08T17:00:00Z,"SPY",2019-05-08T17:10:00Z,Buy,260.305397184,260.16126352,896,-129.14,8.96,-129.14,48.43,177.57,0,"	1253,1254" 
2019-05-08T19:30:00Z,"SPY",2019-05-08T19:35:00Z,Buy,260.530606034,260.332422246,894,-177.18,8.94,-177.18,0,177.18,0,"	1255,1256" 
2019-05-09T14:00:00Z,"SPY",2019-05-09T15:50:00Z,Sell,256.350729778,256.206596114,907,130.73,9.07,0,988.64,857.91,1,"	1257,1258" 
2019-05-10T14:30:00Z,"SPY",2019-05-10T16:15:00Z,Sell,256.134529282,255.774195122,909,327.54,9.09,0,1596.78,1334.74,1,"	1259,1260" 
2019-05-10T19:30:00Z,"SPY",2019-05-10T19:35:00Z,Buy,260.062171626,259.368528368,898,-622.89,8.98,-622.89,0,622.89,0,"	1261,1262" 
2019-05-13T14:30:00Z,"SPY",2019-05-13T14:35:00Z,Sell,253.774340534,253.828390658,915,-49.46,9.15,-90.67,263.76,354.43,0,"	1263,1264" 
2019-05-13T15:30:00Z,"SPY",2019-05-13T16:00:00Z,Sell,253.332931188,253.5851651,916,-231.05,9.16,-239.3,445.59,676.64,0,"	1265,1266" 
2019-05-13T16:30:00Z,"SPY",2019-05-13T18:30:00Z,Sell,252.873505134,253.639215224,916,-701.39,9.16,-973.69,627.13,1600.82,0,"	1267,1268" 
2019-05-13T19:30:00Z,"SPY",2019-05-13T19:58:00Z,Sell,252.963588674,253.22483094,910,-237.73,9.1,-237.73,401.68,639.41,0,"	1269,1270" 
2019-05-14T14:30:00Z,"SPY",2019-05-14T19:35:00Z,Buy,255.34179413,255.530969564,899,170.07,8.99,-234.86,1328.16,1158.09,1,"	1271,1272" 
2019-05-15T15:30:00Z,"SPY",2019-05-15T19:58:00Z,Buy,256.69304723,256.82817254,896,121.07,8.96,-193.72,645.72,621.5,1,"	1273,1274" 
2019-05-16T14:00:00Z,"SPY",2019-05-16T17:50:00Z,Buy,259.107286102,259.503653678,888,351.97,8.88,-24,1239.91,887.94,1,"	1275,1276" 
2019-05-16T18:00:00Z,"SPY",2019-05-16T18:05:00Z,Buy,259.557703802,259.53067874,890,-24.05,8.9,-72.16,72.16,96.21,0,"	1277,1278" 
2019-05-16T18:30:00Z,"SPY",2019-05-16T18:55:00Z,Buy,259.98109644,259.557703802,888,-375.97,8.88,-375.97,56,431.97,0,"	1279,1280" 
2019-05-16T19:00:00Z,"SPY",2019-05-16T19:05:00Z,Buy,259.719854174,259.503653678,886,-191.55,8.86,-279.35,0,279.35,0,"	1281,1282" 
2019-05-16T19:30:00Z,"SPY",2019-05-16T19:35:00Z,Buy,259.413570138,259.233403058,885,-159.45,8.85,-271.06,0,271.06,0,"	1283,1284" 
2019-05-23T14:00:00Z,"SPY",2019-05-23T14:05:00Z,Sell,254.044591154,254.296825066,898,-226.51,8.98,-323.58,0,323.58,0,"	1285,1286" 
2019-05-23T16:00:00Z,"SPY",2019-05-23T17:40:00Z,Sell,253.395989666,253.5851651,899,-170.07,8.99,-275.35,429.22,599.29,0,"	1287,1288" 
2019-05-23T18:00:00Z,"SPY",2019-05-23T19:25:00Z,Sell,253.31491448,253.711282056,898,-355.94,8.98,-428.74,444.92,873.67,0,"	1289,1290" 
2019-05-28T14:00:00Z,"SPY",2019-05-28T14:10:00Z,Buy,255.738161706,255.539977918,891,-176.58,8.91,-176.58,112.37,288.95,0,"	1291,1292" 
2019-05-29T16:00:00Z,"SPY",2019-05-29T16:20:00Z,Sell,249.5314058,250.107940456,911,-525.22,9.11,-533.43,0,533.43,0,"	1293,1294" 
2019-05-29T17:00:00Z,"SPY",2019-05-29T17:10:00Z,Sell,249.918765022,250.693483466,906,-701.89,9.06,-701.89,89.78,791.67,0,"	1295,1296" 
2019-05-30T14:00:00Z,"SPY",2019-05-30T14:10:00Z,Buy,251.999694796,251.810519362,892,-168.74,8.92,-200.89,128.57,329.45,0,"	1297,1298" 
2019-06-03T14:00:00Z,"SPY",2019-06-03T14:10:00Z,Sell,247.351384132,247.675684876,908,-294.47,9.08,-294.47,441.7,736.16,0,"	1299,1300" 
2019-06-03T16:30:00Z,"SPY",2019-06-03T16:40:00Z,Sell,246.747824414,247.117166928,908,-335.36,9.08,-335.36,130.87,466.24,0,"	1301,1302" 
2019-06-03T19:30:00Z,"SPY",2019-06-03T19:58:00Z,Sell,246.459557086,247.495517796,906,-938.58,9.06,-938.58,293.82,1232.4,0,"	1303,1304" 
2019-06-04T15:30:00Z,"SPY",2019-06-04T19:58:00Z,Buy,251.297043184,252.747388178,881,1277.75,8.81,-206.35,1285.69,468.25,1,"	1305,1306" 
2019-06-06T19:30:00Z,"SPY",2019-06-06T19:58:00Z,Buy,256.738089,256.440813318,872,-259.22,8.72,-290.65,377.05,667.7,0,"	1307,1308" 
2019-06-07T14:00:00Z,"SPY",2019-06-07T19:55:00Z,Buy,258.58480157,259.062244332,864,412.51,8.64,-31.13,1369.85,957.34,1,"	1309,1310" 
2019-06-10T16:00:00Z,"SPY",2019-06-10T16:25:00Z,Buy,261.87285078,261.350366248,856,-447.25,8.56,-447.25,0,447.25,0,"	1311,1312" 
2019-06-14T14:00:00Z,"SPY",2019-06-14T14:10:00Z,Sell,260.008121502,260.233330352,859,-193.45,8.59,-201.19,85.12,286.31,0,"	1313,1314" 
2019-06-18T14:00:00Z,"SPY",2019-06-18T15:25:00Z,Buy,263.728571704,263.593446394,845,-114.18,8.45,-121.79,525.23,639.41,0,"	1315,1316" 
2019-06-18T15:30:00Z,"SPY",2019-06-18T15:50:00Z,Buy,263.908738784,263.530387916,843,-318.95,8.43,-318.95,0,318.95,0,"	1317,1318" 
2019-06-18T16:00:00Z,"SPY",2019-06-18T16:05:00Z,Buy,263.341212482,263.458321084,843,98.72,8.43,0,167.07,68.35,1,"	1319,1320" 
2019-06-18T16:30:00Z,"SPY",2019-06-18T16:35:00Z,Buy,263.53939627,263.548404624,843,7.59,8.43,0,15.19,7.59,1,"	1321,1322" 
2019-06-18T17:00:00Z,"SPY",2019-06-18T17:05:00Z,Buy,263.512371208,263.206087172,843,-258.2,8.43,-258.2,0,258.2,0,"	1323,1324" 
2019-06-18T18:00:00Z,"SPY",2019-06-18T18:05:00Z,Buy,263.440304376,263.503362854,841,53.03,8.41,0,136.37,83.34,1,"	1325,1326" 
2019-06-18T18:30:00Z,"SPY",2019-06-18T18:50:00Z,Buy,263.701546642,263.575429686,841,-106.06,8.41,-121.22,60.61,181.82,0,"	1327,1328" 
2019-06-18T19:00:00Z,"SPY",2019-06-18T19:05:00Z,Buy,263.485346146,263.53939627,841,45.46,8.41,-83.34,60.61,83.34,1,"	1329,1330" 
2019-06-18T19:30:00Z,"SPY",2019-06-18T19:35:00Z,Buy,263.485346146,263.206087172,841,-234.86,8.41,-272.74,0,272.74,0,"	1331,1332" 
2019-06-25T14:00:00Z,"SPY",2019-06-25T14:10:00Z,Sell,265.291565199,265.282513042,833,7.54,8.33,-22.62,135.73,135.73,1,"	1333,1334" 
2019-06-25T14:30:00Z,"SPY",2019-06-25T15:25:00Z,Sell,265.029052646,265.010948332,834,15.1,8.34,-83.04,400.12,415.22,1,"	1335,1336" 
2019-06-25T15:30:00Z,"SPY",2019-06-25T16:15:00Z,Sell,264.86611382,265.001896175,835,-113.38,8.35,-120.94,136.05,256.99,0,"	1337,1338" 
2019-06-25T16:30:00Z,"SPY",2019-06-25T19:58:00Z,Sell,264.802748721,263.363455758,834,1200.37,8.34,-37.75,1381.56,739.85,1,"	1339,1340" 
2019-06-27T14:00:00Z,"SPY",2019-06-27T14:10:00Z,Buy,264.132889103,263.988054591,845,-122.39,8.45,-183.58,0,183.58,0,"	1341,1342" 
2019-07-02T16:30:00Z,"SPY",2019-07-02T16:40:00Z,Sell,267.020527186,267.002422872,835,15.12,8.35,-22.68,151.17,136.05,1,"	1343,1344" 
2019-07-03T15:00:00Z,"SPY",2019-07-03T15:10:00Z,Buy,269.672809187,269.591339774,827,-67.38,8.27,-67.38,82.35,149.72,0,"	1345,1346" 
2019-07-03T15:30:00Z,"SPY",2019-07-05T13:35:00Z,Buy,269.600391931,269.084418982,826,-426.19,8.26,-426.19,725.28,1151.47,0,"	1347,1348" 
2019-07-05T14:00:00Z,"SPY",2019-07-05T15:15:00Z,Sell,268.568446033,268.75854133,826,-157.02,8.26,-284.13,478.53,650.51,0,"	1349,1350" 
2019-07-08T14:00:00Z,"SPY",2019-07-08T14:05:00Z,Sell,268.459820149,268.704228388,825,-201.64,8.25,-201.64,0,201.64,0,"	1351,1352" 
2019-07-10T14:00:00Z,"SPY",2019-07-10T14:25:00Z,Buy,271.012528423,270.550868416,816,-376.71,8.16,-376.71,22.16,398.87,0,"	1353,1354" 
2019-07-16T16:00:00Z,"SPY",2019-07-16T16:45:00Z,Sell,271.628075099,271.555657843,811,58.73,8.11,-51.39,411.11,359.72,1,"	1355,1356" 
2019-07-16T17:00:00Z,"SPY",2019-07-16T17:05:00Z,Sell,271.465136273,271.727648826,812,-213.16,8.12,-257.26,0,257.26,0,"	1357,1358" 
2019-07-16T18:00:00Z,"SPY",2019-07-16T18:45:00Z,Sell,271.193571563,271.428927645,811,-190.87,8.11,-190.87,73.41,264.29,0,"	1359,1360" 
2019-07-16T19:00:00Z,"SPY",2019-07-16T19:05:00Z,Sell,271.374614703,271.483240587,809,-87.88,8.09,-87.88,7.32,95.2,0,"	1361,1362" 
2019-07-16T19:30:00Z,"SPY",2019-07-16T19:35:00Z,Sell,271.456084116,271.47418843,809,-14.65,8.09,-80.56,0,80.56,0,"	1363,1364" 
2019-07-17T14:30:00Z,"SPY",2019-07-17T15:45:00Z,Sell,270.695702928,270.759068027,811,-51.39,8.11,-58.73,491.87,543.26,0,"	1365,1366" 
2019-07-17T16:00:00Z,"SPY",2019-07-17T17:45:00Z,Sell,270.731911556,270.695702928,810,29.33,8.1,-14.66,234.63,241.96,1,"	1367,1368" 
2019-07-17T18:30:00Z,"SPY",2019-07-17T19:58:00Z,Sell,270.351720962,269.709017815,811,521.23,8.11,-80.75,528.57,264.29,1,"	1369,1370" 
2019-07-18T18:30:00Z,"SPY",2019-07-18T19:58:00Z,Buy,270.20688645,270.514659788,816,251.14,8.16,-81.25,524.45,605.7,1,"	1371,1372" 
2019-07-19T19:30:00Z,"SPY",2019-07-19T19:58:00Z,Sell,269.564183303,269.066314668,819,407.75,8.19,-229.83,415.17,244.65,1,"	1373,1374" 
2019-07-22T14:00:00Z,"SPY",2019-07-22T14:10:00Z,Buy,269.826695856,269.645652716,822,-148.82,8.22,-178.58,0,178.58,0,"	1375,1376" 
2019-07-24T19:00:00Z,"SPY",2019-07-24T19:10:00Z,Buy,272.397508444,272.325091188,813,-58.88,8.13,-66.23,0,66.23,0,"	1377,1378" 
2019-07-24T19:30:00Z,"SPY",2019-07-24T19:58:00Z,Buy,272.605708055,272.641916683,812,29.4,8.12,-44.1,110.26,102.9,1,"	1379,1380" 
2019-07-25T14:00:00Z,"SPY",2019-07-25T14:15:00Z,Sell,271.56471,271.818170396,815,-206.57,8.15,-287.72,29.51,317.23,0,"	1381,1382" 
2019-07-25T14:30:00Z,"SPY",2019-07-25T14:35:00Z,Sell,271.881535495,272.044474321,812,-132.31,8.12,-132.31,0,132.31,0,"	1383,1384" 
2019-07-25T15:30:00Z,"SPY",2019-07-25T18:15:00Z,Sell,271.935848437,271.763857454,811,139.48,8.11,-14.68,895.64,778.18,1,"	1385,1386" 
2019-07-25T18:30:00Z,"SPY",2019-07-25T19:55:00Z,Sell,271.637127256,271.591866471,813,36.8,8.13,-22.08,507.8,522.52,1,"	1387,1388" 
2019-07-26T14:00:00Z,"SPY",2019-07-26T14:10:00Z,Buy,272.696229625,272.641916683,810,-43.99,8.1,-87.99,7.33,87.99,0,"	1389,1390" 
2019-07-26T15:30:00Z,"SPY",2019-07-26T19:58:00Z,Buy,272.895377079,273.3751414,809,388.13,8.09,0,541.92,161.11,1,"	1391,1392" 
2019-07-29T14:00:00Z,"SPY",2019-07-29T14:45:00Z,Sell,272.578551584,272.74149041,813,-132.47,8.13,-132.47,183.99,316.45,0,"	1393,1394" 
2019-07-29T15:00:00Z,"SPY",2019-07-29T15:10:00Z,Sell,272.714333939,272.786751195,811,-58.73,8.11,-80.75,51.39,132.14,0,"	1395,1396" 
2019-07-31T19:00:00Z,"SPY",2019-07-31T19:58:00Z,Sell,269.401244477,269.437453105,821,-29.73,8.21,-1211.39,222.95,1434.34,0,"	1397,1398" 
2019-08-01T14:00:00Z,"SPY",2019-08-01T17:30:00Z,Buy,270.369825276,269.962478211,818,-333.21,8.18,-333.21,1606.81,1940.02,0,"	1399,1400" 
2019-08-01T18:00:00Z,"SPY",2019-08-01T19:58:00Z,Sell,268.30593348,266.830431889,821,1211.39,8.21,-74.32,1805.93,1449.21,1,"	1401,1402" 
2019-08-02T14:00:00Z,"SPY",2019-08-02T16:10:00Z,Sell,265.164835001,264.676018523,840,410.61,8.4,-243.32,1520.76,1110.16,1,"	1403,1404" 
2019-08-02T16:30:00Z,"SPY",2019-08-02T16:35:00Z,Sell,265.074313431,264.829905192,843,206.04,8.43,0,274.71,68.68,1,"	1405,1406" 
2019-08-02T17:00:00Z,"SPY",2019-08-02T18:15:00Z,Sell,264.160045574,264.639809895,848,-406.84,8.48,-406.84,468.25,875.09,0,"	1407,1408" 
2019-08-02T18:30:00Z,"SPY",2019-08-02T18:40:00Z,Sell,264.513079697,264.793696564,844,-236.84,8.44,-236.84,114.6,351.44,0,"	1409,1410" 
2019-08-02T19:00:00Z,"SPY",2019-08-02T19:05:00Z,Sell,264.567392639,264.513079697,841,45.68,8.41,-76.13,45.68,76.13,1,"	1411,1412" 
2019-08-05T14:00:00Z,"SPY",2019-08-05T15:15:00Z,Sell,260.059418453,259.959844726,856,85.24,8.56,0,1146.8,1077.06,1,"	1413,1414" 
2019-08-05T15:30:00Z,"SPY",2019-08-05T19:58:00Z,Sell,259.416715306,257.425240766,859,1710.68,8.59,-15.55,3662.4,2200.55,1,"	1415,1416" 
2019-08-06T18:30:00Z,"SPY",2019-08-06T18:50:00Z,Buy,260.276670221,260.231409436,869,-39.33,8.69,-117.99,353.98,424.78,0,"	1417,1418" 
2019-08-07T14:00:00Z,"SPY",2019-08-07T14:05:00Z,Sell,256.556233694,256.637703107,859,-69.98,8.59,-69.98,373.24,443.22,0,"	1419,1420" 
2019-08-08T14:30:00Z,"SPY",2019-08-08T19:58:00Z,Buy,263.064734577,265.373034612,845,1950.51,8.45,0,2172.34,527.79,1,"	1421,1422" 
2019-08-09T14:30:00Z,"SPY",2019-08-09T16:55:00Z,Sell,263.435873014,264.033315376,752,-449.28,7.52,-449.28,871.32,1320.6,0,"	1423,1424" 
2019-08-09T17:00:00Z,"SPY",2019-08-09T17:10:00Z,Sell,263.490185956,263.698385567,749,-155.94,7.49,-155.94,0,155.94,0,"	1425,1426" 
2019-08-12T18:00:00Z,"SPY",2019-08-12T18:05:00Z,Sell,261.145677293,261.199990235,750,-40.73,7.5,-40.73,95.05,135.78,0,"	1427,1428" 
2019-08-12T18:30:00Z,"SPY",2019-08-12T19:55:00Z,Sell,260.684017286,260.837903955,751,-115.57,7.51,-135.96,564.25,700.21,0,"	1429,1430" 
2019-08-13T14:00:00Z,"SPY",2019-08-13T15:20:00Z,Buy,265.191991472,264.132889103,735,-778.44,7.35,-778.44,785.09,1563.53,0,"	1431,1432" 
2019-08-13T15:30:00Z,"SPY",2019-08-13T15:35:00Z,Buy,264.178149888,263.942793806,733,-172.52,7.33,-199.06,0,199.06,0,"	1433,1434" 
2019-08-13T16:00:00Z,"SPY",2019-08-13T19:58:00Z,Buy,265.146730687,264.494975383,729,-475.13,7.29,-541.12,343.15,884.27,0,"	1435,1436" 
2019-08-14T15:00:00Z,"SPY",2019-08-14T19:58:00Z,Sell,259.425767463,257.235145469,695,1522.48,6.95,-56.62,1755.26,1195.34,1,"	1437,1438" 
2019-08-16T15:00:00Z,"SPY",2019-08-16T18:40:00Z,Buy,261.580180829,261.091364351,615,-300.62,6.15,-400.83,55.67,450.93,0,"	1439,1440" 
2019-08-16T19:30:00Z,"SPY",2019-08-16T19:35:00Z,Buy,261.24525102,261.109468665,614,-83.37,6.14,-83.37,0,83.37,0,"	1441,1442" 
2019-08-20T14:00:00Z,"SPY",2019-08-20T14:10:00Z,Sell,263.155256147,263.309142816,558,-85.87,5.58,-161.64,60.61,222.25,0,"	1443,1444" 
2019-08-22T15:00:00Z,"SPY",2019-08-22T15:10:00Z,Sell,263.037578106,263.816063608,560,-435.95,5.6,-446.09,0,446.09,0,"	1445,1446" 
2019-08-23T15:30:00Z,"SPY",2019-08-23T19:58:00Z,Sell,260.810747484,256.918319974,567,2207.01,5.67,0,2304.53,508.12,1,"	1447,1448" 
2019-08-27T17:00:00Z,"SPY",2019-08-27T17:05:00Z,Sell,259.117994125,259.299037265,612,-110.8,6.12,-116.34,0,116.34,0,"	1449,1450" 
2019-08-28T15:30:00Z,"SPY",2019-08-28T16:00:00Z,Buy,261.163781607,261.145677293,605,-10.95,6.05,-76.67,153.34,164.3,0,"	1451,1452" 
2019-08-28T17:00:00Z,"SPY",2019-08-28T17:05:00Z,Buy,261.344824747,261.181885921,605,-98.58,6.05,-125.96,0,125.96,0,"	1453,1454" 
2019-08-28T19:00:00Z,"SPY",2019-08-28T19:25:00Z,Buy,261.562076515,261.236198863,604,-196.83,6.04,-218.7,43.74,262.44,0,"	1455,1456" 
2019-09-05T14:00:00Z,"SPY",2019-09-05T15:20:00Z,Buy,269.346931535,269.591339774,805,196.75,8.05,0,918.16,721.41,1,"	1457,1458" 
2019-09-05T15:30:00Z,"SPY",2019-09-05T15:55:00Z,Buy,269.808591542,269.736174286,805,-58.3,8.05,-109.3,116.59,225.9,0,"	1459,1460" 
2019-09-05T19:30:00Z,"SPY",2019-09-05T19:40:00Z,Buy,269.962478211,269.826695856,804,-109.17,8.04,-109.17,43.67,152.84,0,"	1461,1462" 
2019-09-10T14:00:00Z,"SPY",2019-09-10T14:25:00Z,Sell,268.233516224,268.496028777,848,-222.61,8.48,-222.61,199.58,422.19,0,"	1463,1464" 
2019-09-10T15:00:00Z,"SPY",2019-09-10T15:10:00Z,Sell,268.161098968,268.387402893,846,-191.45,8.46,-191.45,0,191.45,0,"	1465,1466" 
2019-09-10T15:30:00Z,"SPY",2019-09-10T15:45:00Z,Sell,268.106786026,268.152046811,845,-38.25,8.45,-114.74,22.95,114.74,0,"	1467,1468" 
2019-09-12T14:30:00Z,"SPY",2019-09-12T14:35:00Z,Buy,273.393245714,273.203150417,838,-159.3,8.38,-159.3,22.76,182.06,0,"	1469,1470" 
2019-09-18T18:30:00Z,"SPY",2019-09-18T19:15:00Z,Sell,270.451294689,271.157362935,846,-597.33,8.46,-635.62,344.62,980.24,0,"	1471,1472" 
2019-09-19T14:30:00Z,"SPY",2019-09-19T15:05:00Z,Buy,273.583341011,273.456610813,832,-105.44,8.32,-120.5,195.82,316.32,0,"	1473,1474" 
2019-09-19T15:30:00Z,"SPY",2019-09-19T15:55:00Z,Buy,273.691966895,273.519975912,831,-142.92,8.31,-157.97,203.1,361.07,0,"	1475,1476" 
2019-09-19T16:00:00Z,"SPY",2019-09-19T16:20:00Z,Buy,273.637653953,273.519975912,830,-97.67,8.3,-97.67,75.13,172.81,0,"	1477,1478" 
2019-09-20T17:30:00Z,"SPY",2019-09-20T18:35:00Z,Sell,271.618038864,271.95451494,835,-280.96,8.35,-280.96,417.64,698.6,0,"	1479,1480" 
2019-09-20T19:30:00Z,"SPY",2019-09-20T19:58:00Z,Sell,271.645320708,271.599850968,833,37.88,8.33,-106.05,272.71,378.76,1,"	1481,1482" 
2019-09-24T16:00:00Z,"SPY",2019-09-24T16:10:00Z,Sell,270.535859052,270.872335128,837,-281.63,8.37,-281.63,15.22,296.85,0,"	1483,1484" 
2019-09-24T16:30:00Z,"SPY",2019-09-24T19:58:00Z,Sell,269.490055032,269.053545528,838,365.79,8.38,-411.52,1127.87,1539.39,1,"	1485,1486" 
2019-09-25T14:00:00Z,"SPY",2019-09-25T14:30:00Z,Sell,268.435157064,268.753445244,844,-268.64,8.44,-360.74,429.82,790.56,0,"	1487,1488" 
2019-09-25T16:30:00Z,"SPY",2019-09-25T16:40:00Z,Buy,269.762873472,269.744685576,838,-15.24,8.38,-22.86,83.83,106.69,0,"	1489,1490" 
2019-09-25T18:30:00Z,"SPY",2019-09-25T19:58:00Z,Buy,270.308510352,270.7723017,836,387.73,8.36,-98.83,532.18,197.67,1,"	1491,1492" 
2019-09-26T14:00:00Z,"SPY",2019-09-26T14:05:00Z,Sell,269.8629069,270.235758768,840,-313.2,8.4,-313.2,0,313.2,0,"	1493,1494" 
2019-09-26T14:30:00Z,"SPY",2019-09-26T14:50:00Z,Sell,269.8629069,270.108443496,837,-205.51,8.37,-205.51,152.23,357.75,0,"	1495,1496" 
2019-09-26T15:00:00Z,"SPY",2019-09-26T16:30:00Z,Sell,269.68102794,269.790155316,836,-91.23,8.36,-98.83,828.68,927.51,0,"	1497,1498" 
2019-09-26T17:00:00Z,"SPY",2019-09-26T17:05:00Z,Sell,269.72649768,269.762873472,836,-30.41,8.36,-53.22,30.41,60.82,0,"	1499,1500" 
2019-09-26T17:30:00Z,"SPY",2019-09-26T17:40:00Z,Sell,269.380927656,269.662840044,836,-235.68,8.36,-235.68,15.21,250.88,0,"	1501,1502" 
2019-09-27T16:30:00Z,"SPY",2019-09-27T19:58:00Z,Sell,269.289988176,268.444251012,835,706.19,8.35,-22.78,1822.43,1199.76,1,"	1503,1504" 
2019-09-30T14:00:00Z,"SPY",2019-09-30T14:20:00Z,Buy,269.617370304,269.617370304,839,0,8.39,-76.3,160.23,160.23,0,"	1505,1506" 
2019-09-30T15:00:00Z,"SPY",2019-09-30T15:05:00Z,Buy,269.708309784,269.54461872,839,-137.34,8.39,-137.34,106.82,244.15,0,"	1507,1508" 
2019-09-30T15:30:00Z,"SPY",2019-09-30T19:00:00Z,Buy,270.108443496,270.153913236,836,38.01,8.36,-98.83,395.33,357.32,1,"	1509,1510" 
2019-10-01T14:00:00Z,"SPY",2019-10-01T14:05:00Z,Buy,271.172435412,269.990222172,833,-984.78,8.33,-984.78,0,984.78,0,"	1511,1512" 
2019-10-01T14:30:00Z,"SPY",2019-10-01T19:58:00Z,Sell,269.380927656,266.643649308,831,2274.68,8.31,-83.13,2403.15,823.72,1,"	1513,1514" 
2019-10-02T14:00:00Z,"SPY",2019-10-02T18:50:00Z,Sell,263.524425144,262.31493006,867,1048.63,8.67,-157.69,2388.99,1379.78,1,"	1515,1516" 
2019-10-02T19:00:00Z,"SPY",2019-10-02T19:15:00Z,Sell,262.342211904,262.49680902,879,-135.89,8.79,-167.87,383.69,551.56,0,"	1517,1518" 
2019-10-02T19:30:00Z,"SPY",2019-10-02T19:35:00Z,Sell,262.287648216,262.49680902,878,-183.64,8.78,-183.64,135.74,319.38,0,"	1519,1520" 
2019-10-03T14:30:00Z,"SPY",2019-10-03T14:35:00Z,Sell,261.059965236,261.2236563,881,-144.21,8.81,-144.21,200.29,344.51,0,"	1521,1522" 
2019-10-03T18:00:00Z,"SPY",2019-10-03T19:20:00Z,Buy,263.715398052,263.287982496,871,-372.28,8.71,-396.04,182.18,578.22,0,"	1523,1524" 
2019-10-04T14:00:00Z,"SPY",2019-10-04T14:30:00Z,Buy,265.81610004,265.461436068,861,-305.37,8.61,-305.37,258.39,563.75,0,"	1525,1526" 
2019-10-04T15:30:00Z,"SPY",2019-10-04T17:25:00Z,Buy,266.007072948,266.370830868,858,312.1,8.58,0,483.76,280.89,1,"	1527,1528" 
2019-10-04T17:30:00Z,"SPY",2019-10-04T19:58:00Z,Buy,266.479958244,267.798580704,859,1132.7,8.59,-46.87,1187.38,210.92,1,"	1529,1530" 
2019-10-08T14:00:00Z,"SPY",2019-10-08T15:00:00Z,Sell,263.415297768,263.869995168,877,-398.77,8.77,-414.72,414.72,829.44,0,"	1531,1532" 
2019-10-08T15:30:00Z,"SPY",2019-10-08T16:15:00Z,Sell,263.22432486,263.442579612,875,-190.97,8.75,-190.97,373.99,564.96,0,"	1533,1534" 
2019-10-10T14:00:00Z,"SPY",2019-10-10T16:35:00Z,Buy,266.625461412,266.27079744,862,-305.72,8.62,-486.02,783.9,1089.62,0,"	1535,1536" 
2019-10-10T17:00:00Z,"SPY",2019-10-10T17:20:00Z,Buy,266.707306944,266.479958244,859,-195.29,8.59,-195.29,15.62,210.92,0,"	1537,1538" 
2019-10-10T18:00:00Z,"SPY",2019-10-10T18:10:00Z,Buy,266.825528268,265.943415312,858,-756.85,8.58,-850.48,78.03,928.51,0,"	1539,1540" 
2019-10-10T19:30:00Z,"SPY",2019-10-10T19:40:00Z,Buy,266.734588788,266.470864296,852,-224.69,8.52,-247.94,69.73,317.67,0,"	1541,1542" 
2019-10-11T14:00:00Z,"SPY",2019-10-11T15:55:00Z,Buy,270.344886144,270.735925908,839,328.08,8.39,0,1037.66,709.57,1,"	1543,1544" 
2019-10-11T18:30:00Z,"SPY",2019-10-11T19:05:00Z,Buy,271.18152936,271.117871724,839,-53.41,8.39,-53.41,183.12,236.52,0,"	1545,1546" 
2019-10-11T19:30:00Z,"SPY",2019-10-11T19:45:00Z,Buy,271.2269991,270.526765104,838,-586.8,8.38,-586.8,236.24,823.04,0,"	1547,1548" 
2019-10-15T14:30:00Z,"SPY",2019-10-15T19:58:00Z,Buy,271.381596216,271.881763356,833,416.64,8.33,-15.15,946.91,552.99,1,"	1549,1550" 
2019-10-25T15:00:00Z,"SPY",2019-10-25T18:35:00Z,Buy,274.037029032,274.027935084,828,-7.53,8.28,-82.83,602.38,609.91,0,"	1551,1552" 
2019-10-25T19:00:00Z,"SPY",2019-10-25T19:58:00Z,Buy,274.346223264,274.400786952,827,45.12,8.27,-135.37,112.81,233.14,1,"	1553,1554" 
2019-10-31T14:00:00Z,"SPY",2019-10-31T15:10:00Z,Sell,275.792160996,275.50115466,823,239.5,8.23,0,1032.84,808.31,1,"	1555,1556" 
2019-10-31T15:30:00Z,"SPY",2019-10-31T15:55:00Z,Sell,275.191960428,275.45568492,827,-218.1,8.27,-225.62,127.85,353.47,0,"	1557,1558" 
2019-10-31T16:00:00Z,"SPY",2019-10-31T19:15:00Z,Sell,275.246524116,275.210148324,825,30.01,8.25,0,600.2,570.19,1,"	1559,1560" 
2019-10-31T19:30:00Z,"SPY",2019-10-31T19:35:00Z,Sell,275.04645726,275.519342556,825,-390.13,8.25,-442.65,0,442.65,0,"	1561,1562" 
2019-11-01T14:30:00Z,"SPY",2019-11-01T14:35:00Z,Buy,277.901956932,277.86558114,814,-29.61,8.14,-29.61,51.82,81.43,0,"	1563,1564" 
2019-11-01T18:00:00Z,"SPY",2019-11-01T18:25:00Z,Buy,278.13839958,277.920144828,813,-177.44,8.13,-177.44,14.79,192.23,0,"	1565,1566" 
2019-11-01T18:30:00Z,"SPY",2019-11-01T19:25:00Z,Buy,278.09292984,277.874675088,812,-177.22,8.12,-177.22,51.69,228.91,0,"	1567,1568" 
2019-11-01T19:30:00Z,"SPY",2019-11-01T19:50:00Z,Buy,278.0474601,277.974708516,811,-59,8.11,-59,177,236.01,0,"	1569,1570" 
2019-11-07T17:00:00Z,"SPY",2019-11-07T17:05:00Z,Buy,281.357657172,281.057556888,801,-240.38,8.01,-240.38,0,240.38,0,"	1571,1572" 
2019-11-08T15:00:00Z,"SPY",2019-11-08T15:05:00Z,Sell,279.475209936,279.68437074,804,-168.17,8.04,-241.28,80.43,321.71,0,"	1573,1574" 
2019-11-12T15:00:00Z,"SPY",2019-11-12T16:50:00Z,Buy,281.421314808,281.384939016,798,-29.03,7.98,-116.11,370.11,399.13,0,"	1575,1576" 
2019-11-19T16:00:00Z,"SPY",2019-11-19T16:15:00Z,Sell,283.14007098,283.376513628,792,-187.26,7.92,-187.26,0,187.26,0,"	1577,1578" 
2019-11-20T18:00:00Z,"SPY",2019-11-20T19:40:00Z,Sell,282.057891168,282.45802488,794,-317.71,7.94,-317.71,779.82,1097.53,0,"	1579,1580" 
2019-11-20T20:00:00Z,"SPY",2019-11-20T20:10:00Z,Sell,282.248864076,282.41255514,791,-129.48,7.91,-129.48,14.39,143.87,0,"	1581,1582" 
2019-11-20T20:30:00Z,"SPY",2019-11-20T20:45:00Z,Sell,282.130642752,282.494400672,791,-287.73,7.91,-287.73,28.77,316.51,0,"	1583,1584" 
2019-11-21T15:00:00Z,"SPY",2019-11-21T15:10:00Z,Sell,282.176112492,282.312521712,788,-107.49,7.88,-164.82,100.32,265.14,0,"	1585,1586" 
2019-11-21T15:30:00Z,"SPY",2019-11-21T16:00:00Z,Sell,281.603193768,281.985139584,789,-301.36,7.89,-315.71,150.68,466.38,0,"	1587,1588" 
2019-11-21T16:30:00Z,"SPY",2019-11-21T17:10:00Z,Sell,281.930575896,282.057891168,786,-100.07,7.86,-100.07,178.7,278.77,0,"	1589,1590" 
2019-11-25T15:00:00Z,"SPY",2019-11-25T16:10:00Z,Buy,284.385941856,284.395035804,779,7.08,7.79,-7.08,283.37,276.28,1,"	1591,1592" 
2019-11-25T16:30:00Z,"SPY",2019-11-25T17:20:00Z,Buy,284.567820816,284.431411596,778,-106.13,7.78,-106.13,35.38,141.5,0,"	1593,1594" 
2019-11-25T17:30:00Z,"SPY",2019-11-25T20:58:00Z,Buy,284.449599492,284.858827152,778,318.38,7.78,0,403.28,176.88,1,"	1595,1596" 
2019-11-26T17:30:00Z,"SPY",2019-11-26T18:00:00Z,Buy,285.659094576,285.577249044,776,-63.51,7.76,-84.68,21.17,105.85,0,"	1597,1598" 
2019-11-27T19:00:00Z,"SPY",2019-11-27T20:40:00Z,Buy,286.73218044,286.668522804,773,-49.21,7.73,-49.21,98.41,147.62,0,"	1599,1600" 
2019-12-02T15:00:00Z,"SPY",2019-12-02T19:15:00Z,Sell,284.722417932,283.931244456,778,615.53,7.78,0,1315.97,714.58,1,"	1601,1602" 
2019-12-02T19:30:00Z,"SPY",2019-12-02T19:35:00Z,Sell,284.104029468,284.14040526,784,-28.52,7.84,-57.04,0,57.04,0,"	1603,1604" 
2019-12-02T20:00:00Z,"SPY",2019-12-02T20:05:00Z,Sell,284.085841572,283.931244456,784,121.2,7.84,0,142.59,35.65,1,"	1605,1606" 
2019-12-02T20:30:00Z,"SPY",2019-12-02T20:58:00Z,Sell,283.522016796,283.331043888,786,150.1,7.86,-307.36,150.1,378.84,1,"	1607,1608" 
2019-12-03T15:00:00Z,"SPY",2019-12-03T15:20:00Z,Sell,280.211819724,280.530107904,796,-253.36,7.96,-253.36,492.24,745.59,0,"	1609,1610" 
2019-12-03T15:30:00Z,"SPY",2019-12-03T15:35:00Z,Sell,280.057222608,280.50282606,795,-354.25,7.95,-354.25,0,354.25,0,"	1611,1612" 
2019-12-04T15:00:00Z,"SPY",2019-12-04T17:25:00Z,Buy,283.431077316,283.14007098,783,-227.86,7.83,-227.86,178.01,405.87,0,"	1613,1614" 
2019-12-04T17:30:00Z,"SPY",2019-12-04T17:35:00Z,Buy,283.212822564,283.23101046,782,14.22,7.82,-7.11,21.33,28.45,1,"	1615,1616" 
2019-12-04T18:00:00Z,"SPY",2019-12-04T20:55:00Z,Buy,283.440171264,283.267386252,781,-134.95,7.81,-156.25,298.3,433.24,0,"	1617,1618" 
2019-12-06T16:00:00Z,"SPY",2019-12-06T20:15:00Z,Buy,286.386610416,286.350234624,772,-28.08,7.72,-42.12,259.76,301.88,0,"	1619,1620" 
2019-12-06T20:30:00Z,"SPY",2019-12-06T20:50:00Z,Buy,286.41389226,286.377516468,772,-28.08,7.72,-28.08,182.53,210.62,0,"	1621,1622" 
2019-12-12T15:00:00Z,"SPY",2019-12-12T16:20:00Z,Buy,288.14174238,288.114460536,767,-20.93,7.67,-41.85,732.38,774.23,0,"	1623,1624" 
2019-12-12T16:30:00Z,"SPY",2019-12-12T16:35:00Z,Buy,287.741608668,287.677951032,768,-48.89,7.68,-48.89,146.67,195.56,0,"	1625,1626" 
2019-12-12T17:00:00Z,"SPY",2019-12-12T17:05:00Z,Buy,287.523353916,287.259629424,768,-202.54,7.68,-202.54,0,202.54,0,"	1627,1628" 
2019-12-12T17:30:00Z,"SPY",2019-12-12T17:35:00Z,Buy,286.986810984,287.405132592,768,321.27,7.68,0,384.13,62.86,1,"	1629,1630" 
2019-12-12T18:00:00Z,"SPY",2019-12-12T18:05:00Z,Buy,287.377850748,287.568823656,769,146.86,7.69,-13.99,153.85,132.87,1,"	1631,1632" 
2019-12-12T18:30:00Z,"SPY",2019-12-12T18:35:00Z,Buy,287.659763136,287.632481292,770,-21.01,7.7,-28.01,0,28.01,0,"	1633,1634" 
2019-12-12T19:00:00Z,"SPY",2019-12-12T19:05:00Z,Buy,287.559729708,287.396038644,770,-126.04,7.7,-154.05,0,154.05,0,"	1635,1636" 
2019-12-12T19:30:00Z,"SPY",2019-12-12T19:50:00Z,Buy,287.377850748,287.705232876,769,251.76,7.69,0,881.15,629.39,1,"	1637,1638" 
2019-12-12T20:00:00Z,"SPY",2019-12-12T20:58:00Z,Buy,288.014427108,288.523688196,769,391.62,7.69,-27.97,622.4,237.77,1,"	1639,1640" 
2019-12-16T17:00:00Z,"SPY",2019-12-16T17:50:00Z,Buy,291.015429948,290.988148104,764,-20.84,7.64,-20.84,83.37,104.22,0,"	1641,1642" 
2019-12-16T18:30:00Z,"SPY",2019-12-16T18:35:00Z,Buy,290.988148104,290.924490468,764,-48.63,7.64,-48.63,0,48.63,0,"	1643,1644" 
2019-12-16T19:00:00Z,"SPY",2019-12-16T19:10:00Z,Buy,291.05180574,290.860832832,763,-145.71,7.63,-145.71,34.69,180.41,0,"	1645,1646" 
2019-12-19T17:00:00Z,"SPY",2019-12-19T17:45:00Z,Buy,291.470127348,291.479221296,761,6.92,7.61,-6.92,173.01,166.09,1,"	1647,1648" 
2019-12-19T18:00:00Z,"SPY",2019-12-19T18:05:00Z,Buy,291.497409192,291.442845504,761,-41.52,7.61,-41.52,0,41.52,0,"	1649,1650" 
2019-12-19T18:30:00Z,"SPY",2019-12-19T20:40:00Z,Buy,291.588348672,291.497409192,760,-69.11,7.6,-69.11,228.08,297.19,0,"	1651,1652" 
2019-12-20T20:00:00Z,"SPY",2019-12-20T20:05:00Z,Buy,293.679945624,293.579420375,754,-75.8,7.54,-75.8,0,75.8,0,"	1653,1654" 
2019-12-26T16:00:00Z,"SPY",2019-12-26T16:35:00Z,Buy,294.529840911,294.475008957,752,-41.23,7.52,-41.23,82.47,123.7,0,"	1655,1656" 
2019-12-26T17:00:00Z,"SPY",2019-12-26T17:15:00Z,Buy,294.529840911,294.337929072,751,-144.13,7.51,-157.85,0,157.85,0,"	1657,1658" 
2019-12-26T18:30:00Z,"SPY",2019-12-26T18:35:00Z,Buy,294.557256888,294.529840911,750,-20.56,7.5,-20.56,0,20.56,0,"	1659,1660" 
2019-12-26T19:00:00Z,"SPY",2019-12-26T19:35:00Z,Buy,294.575534206,294.511563593,750,-47.98,7.5,-54.83,54.83,109.66,0,"	1661,1662" 
2019-12-30T15:00:00Z,"SPY",2019-12-30T16:25:00Z,Sell,293.771332214,293.762193555,752,6.87,7.52,-72.16,556.65,549.78,1,"	1663,1664" 
2019-12-30T16:30:00Z,"SPY",2019-12-30T16:45:00Z,Sell,293.71650026,293.771332214,752,-41.23,7.52,-41.23,151.19,192.42,0,"	1665,1666" 
2019-12-30T17:00:00Z,"SPY",2019-12-30T17:05:00Z,Sell,293.771332214,293.844441486,751,-54.91,7.51,-68.63,0,68.63,0,"	1667,1668" 
2019-12-30T17:30:00Z,"SPY",2019-12-30T17:35:00Z,Sell,294.146017233,294.219126505,750,-54.83,7.5,-54.83,0,54.83,0,"	1669,1670" 
2019-12-30T18:00:00Z,"SPY",2019-12-30T18:05:00Z,Sell,294.109462597,293.972382712,750,102.81,7.5,-41.12,109.66,41.12,1,"	1671,1672" 
2019-12-30T18:30:00Z,"SPY",2019-12-30T18:35:00Z,Sell,293.890134781,293.880996122,751,6.86,7.51,-27.45,13.73,27.45,1,"	1673,1674" 
2019-12-30T19:00:00Z,"SPY",2019-12-30T20:58:00Z,Sell,294.018076007,293.277844628,751,555.91,7.51,0,562.78,226.48,1,"	1675,1676" 
2020-01-08T15:00:00Z,"SPY",2020-01-08T15:25:00Z,Buy,295.845807807,295.644757309,750,-150.79,7.5,-150.79,143.93,294.72,0,"	1677,1678" 
2020-01-08T16:30:00Z,"SPY",2020-01-08T20:55:00Z,Buy,296.129106236,296.567761868,748,328.11,7.48,-348.62,1189.41,946.75,1,"	1679,1680" 
2020-01-13T17:00:00Z,"SPY",2020-01-13T18:35:00Z,Buy,299.080893093,299.044338457,743,-27.16,7.43,-27.16,162.96,190.12,0,"	1681,1682" 
2020-01-13T19:30:00Z,"SPY",2020-01-13T20:20:00Z,Buy,299.281943591,299.236250296,742,-33.9,7.42,-54.25,67.81,122.06,0,"	1683,1684" 
2020-01-15T15:00:00Z,"SPY",2020-01-15T17:50:00Z,Buy,300.305473399,300.11356156,739,-141.82,7.39,-189.1,270.14,411.96,0,"	1685,1686" 
2020-01-15T19:30:00Z,"SPY",2020-01-15T20:00:00Z,Buy,300.332889376,299.976481675,738,-263.03,7.38,-263.03,13.49,276.52,0,"	1687,1688" 
2020-01-23T16:30:00Z,"SPY",2020-01-23T16:35:00Z,Sell,301.274171253,301.511776387,734,-174.4,7.34,-174.4,0,174.4,0,"	1689,1690" 
2020-01-24T15:30:00Z,"SPY",2020-01-24T15:40:00Z,Sell,302.462196923,302.727218034,730,-193.47,7.3,-213.48,0,213.48,0,"	1691,1692" 
2020-01-24T16:00:00Z,"SPY",2020-01-24T16:05:00Z,Sell,302.635831444,302.882575237,728,-179.63,7.28,-179.63,13.31,192.94,0,"	1693,1694" 
2020-01-24T16:30:00Z,"SPY",2020-01-24T20:58:00Z,Sell,302.21545313,300.488246579,728,1257.41,7.28,-39.92,2208.78,1197.53,1,"	1695,1696" 
2020-01-28T15:30:00Z,"SPY",2020-01-28T20:58:00Z,Buy,298.249275124,298.971229185,746,538.58,7.46,-40.9,995.35,524.94,1,"	1697,1698" 
2020-01-30T16:00:00Z,"SPY",2020-01-30T16:05:00Z,Sell,295.836669148,296.18393819,756,-262.54,7.56,-262.54,0,262.54,0,"	1699,1700" 
2020-01-31T15:00:00Z,"SPY",2020-01-31T20:58:00Z,Sell,297.956838036,294.310513095,748,2727.45,7.48,0,3540.9,970.67,1,"	1701,1702" 
2020-02-03T15:00:00Z,"SPY",2020-02-03T15:50:00Z,Buy,297.161774703,296.997278841,769,-126.5,7.69,-126.5,660.6,787.09,0,"	1703,1704" 
2020-02-03T16:00:00Z,"SPY",2020-02-03T16:15:00Z,Buy,297.180052021,296.988140182,768,-147.39,7.68,-154.41,196.52,350.92,0,"	1705,1706" 
2020-02-03T16:30:00Z,"SPY",2020-02-03T16:35:00Z,Buy,296.73225773,296.622593822,768,-84.22,7.68,-91.24,21.06,112.3,0,"	1707,1708" 
2020-02-03T17:30:00Z,"SPY",2020-02-03T17:35:00Z,Buy,296.613455163,296.439820642,768,-133.35,7.68,-133.35,0,133.35,0,"	1709,1710" 
2020-02-03T18:00:00Z,"SPY",2020-02-03T18:05:00Z,Buy,296.869337615,296.768812366,766,-77,7.66,-84,28,112,0,"	1711,1712" 
2020-02-03T19:00:00Z,"SPY",2020-02-03T19:05:00Z,Buy,296.668287117,296.430681983,766,-182.01,7.66,-182.01,0,182.01,0,"	1713,1714" 
2020-02-03T20:30:00Z,"SPY",2020-02-03T20:40:00Z,Buy,296.969862864,296.750535048,764,-167.57,7.64,-167.57,3.49,171.06,0,"	1715,1716" 
2020-02-04T15:00:00Z,"SPY",2020-02-04T15:05:00Z,Buy,300.433414625,300.314612058,754,-89.58,7.54,-89.58,0,89.58,0,"	1717,1718" 
2020-02-04T15:30:00Z,"SPY",2020-02-04T16:00:00Z,Buy,300.771545008,300.634465123,752,-103.08,7.52,-137.45,130.57,268.02,0,"	1719,1720" 
2020-02-04T16:30:00Z,"SPY",2020-02-04T20:40:00Z,Buy,301.018288801,301.146230027,751,96.08,7.51,-181.87,418.65,476.99,1,"	1721,1722" 
2020-02-10T16:00:00Z,"SPY",2020-02-10T16:45:00Z,Buy,304.618920447,304.637197765,743,13.58,7.43,-81.48,108.64,156.17,1,"	1723,1724" 
2020-02-10T17:00:00Z,"SPY",2020-02-10T17:05:00Z,Buy,304.673752401,304.427008608,743,-183.33,7.43,-183.33,0,183.33,0,"	1725,1726" 
2020-02-10T20:00:00Z,"SPY",2020-02-10T20:58:00Z,Buy,305.04843742,305.651588914,740,446.33,7.4,0,453.09,142.01,1,"	1727,1728" 
2020-02-18T17:00:00Z,"SPY",2020-02-18T17:10:00Z,Sell,306.373542975,306.675118722,740,-223.17,7.4,-223.17,0,223.17,0,"	1729,1730" 
2020-02-19T18:30:00Z,"SPY",2020-02-19T18:35:00Z,Buy,309.581212284,309.544657648,731,-26.72,7.31,-46.76,13.36,60.12,0,"	1731,1732" 
2020-02-20T16:30:00Z,"SPY",2020-02-20T18:10:00Z,Sell,307.031526423,307.122913013,737,-67.35,7.37,-67.35,1077.63,1144.98,0,"	1733,1734" 
2020-02-20T18:30:00Z,"SPY",2020-02-20T18:35:00Z,Sell,307.250854239,307.406211442,736,-114.34,7.36,-114.34,40.36,154.7,0,"	1735,1736" 
2020-02-20T19:00:00Z,"SPY",2020-02-20T19:05:00Z,Sell,306.921862515,307.378795465,736,-336.3,7.36,-336.3,0,336.3,0,"	1737,1738" 
2020-02-20T19:30:00Z,"SPY",2020-02-20T19:35:00Z,Sell,307.433627419,307.945392323,732,-374.61,7.32,-374.61,0,374.61,0,"	1739,1740" 
2020-02-21T15:00:00Z,"SPY",2020-02-21T15:25:00Z,Sell,305.313458531,305.697282209,735,-282.11,7.35,-282.11,342.56,624.67,0,"	1741,1742" 
2020-02-21T15:30:00Z,"SPY",2020-02-21T16:05:00Z,Sell,305.404845121,305.304319872,733,73.69,7.33,-30.14,736.85,669.86,1,"	1743,1744" 
2020-02-21T16:30:00Z,"SPY",2020-02-21T16:35:00Z,Sell,305.477954393,305.605895619,733,-93.78,7.33,-130.62,0,130.62,0,"	1745,1746" 
2020-02-21T17:30:00Z,"SPY",2020-02-21T17:40:00Z,Sell,305.368290485,305.441399757,733,-53.59,7.33,-60.29,127.27,180.86,0,"	1747,1748" 
2020-02-21T18:00:00Z,"SPY",2020-02-21T18:05:00Z,Sell,305.203794623,305.404845121,733,-147.37,7.33,-180.86,23.45,204.31,0,"	1749,1750" 
2020-02-21T18:30:00Z,"SPY",2020-02-21T20:58:00Z,Sell,304.783416309,304.68289106,733,73.69,7.33,-214.36,602.88,817.23,1,"	1751,1752" 
2020-02-25T15:30:00Z,"SPY",2020-02-25T20:58:00Z,Sell,292.665554475,285.884669497,681,4617.78,6.81,-522.77,5227.68,2103.52,1,"	1753,1754" 
2020-02-26T15:00:00Z,"SPY",2020-02-26T15:05:00Z,Buy,288.352107427,287.977422408,634,-237.55,6.34,-243.34,0,243.34,0,"	1755,1756" 
2020-02-26T15:30:00Z,"SPY",2020-02-26T16:50:00Z,Buy,289.083200147,288.909565626,631,-109.56,6.31,-109.56,1014.9,1124.47,0,"	1757,1758" 
2020-02-26T17:00:00Z,"SPY",2020-02-26T17:05:00Z,Buy,288.242443519,287.218913711,632,-646.87,6.32,-646.87,75.08,721.95,0,"	1759,1760" 
2020-02-26T19:00:00Z,"SPY",2020-02-26T19:05:00Z,Sell,284.294542831,284.614395896,637,-203.75,6.37,-541.38,69.86,611.24,0,"	1761,1762" 
2020-02-27T15:30:00Z,"SPY",2020-02-27T16:00:00Z,Sell,276.499266704,279.222587086,692,-1884.54,6.92,-1884.54,1100.37,2984.91,0,"	1763,1764" 
2020-02-27T20:00:00Z,"SPY",2020-02-27T20:10:00Z,Sell,277.065863562,277.760401646,679,-471.59,6.79,-471.59,595.69,1067.29,0,"	1765,1766" 
2020-02-27T20:30:00Z,"SPY",2020-02-27T20:58:00Z,Sell,276.225106934,272.990021648,679,2196.62,6.79,-55.85,2202.83,341.28,1,"	1767,1768" 
2020-02-28T15:00:00Z,"SPY",2020-02-28T15:20:00Z,Sell,262.782139545,263.814808012,560,-578.29,5.6,-844.41,1000.5,1844.91,0,"	1769,1770" 
2020-02-28T15:30:00Z,"SPY",2020-02-28T15:35:00Z,Sell,261.73119376,263.303043108,559,-878.66,5.59,-878.66,0,878.66,0,"	1771,1772" 
2020-03-02T16:30:00Z,"SPY",2020-03-02T19:45:00Z,Buy,275.62195544,273.775946322,526,-971,5.26,-1172.89,1144.05,2316.94,0,"	1773,1774" 
2020-03-02T20:00:00Z,"SPY",2020-03-02T20:58:00Z,Buy,274.223740613,281.753995629,525,3953.38,5.25,0,4111.71,455.79,1,"	1775,1776" 
2020-03-03T15:00:00Z,"SPY",2020-03-03T15:05:00Z,Sell,279.588133446,286.021749382,412,-2650.65,4.12,-2767.37,0,2767.37,0,"	1777,1778" 
2020-03-03T16:30:00Z,"SPY",2020-03-03T17:10:00Z,Sell,277.212082106,281.479835859,406,-1732.71,4.06,-1732.71,64.93,1797.64,0,"	1779,1780" 
2020-03-03T17:30:00Z,"SPY",2020-03-03T20:58:00Z,Sell,279.295696358,273.949580843,397,2122.41,3.97,-308.38,2880.67,2350.97,1,"	1781,1782" 
2020-03-04T18:30:00Z,"SPY",2020-03-04T19:05:00Z,Buy,282.284037851,281.945907468,386,-130.52,3.86,-179.9,197.54,377.44,0,"	1783,1784" 
2020-03-04T19:30:00Z,"SPY",2020-03-04T20:58:00Z,Buy,282.951159958,285.665341681,384,1042.25,3.84,-312.32,1098.39,459.01,1,"	1785,1786" 
2020-03-05T18:00:00Z,"SPY",2020-03-05T18:05:00Z,Sell,276.426157432,276.471850727,341,-15.58,3.41,-143.35,0,143.35,0,"	1787,1788" 
2020-03-05T19:30:00Z,"SPY",2020-03-05T19:40:00Z,Sell,275.457459578,276.709455861,342,-428.18,3.42,-428.18,0,428.18,0,"	1789,1790" 
2020-03-05T20:30:00Z,"SPY",2020-03-05T20:35:00Z,Sell,274.744644176,276.206829616,342,-500.07,3.42,-500.07,0,500.07,0,"	1791,1792" 
2020-03-11T14:30:00Z,"SPY",2020-03-11T14:35:00Z,Sell,254.813228897,255.544321617,255,-186.43,2.55,-186.43,100.21,286.63,0,"	1793,1794" 
2020-03-11T15:00:00Z,"SPY",2020-03-11T15:15:00Z,Sell,254.520791809,254.456821196,255,16.31,2.55,-167.79,207.4,254.01,1,"	1795,1796" 
2020-03-11T15:30:00Z,"SPY",2020-03-11T15:40:00Z,Sell,252.839278553,254.200938744,257,-349.95,2.57,-349.95,2.35,352.3,0,"	1797,1798" 
2020-03-11T17:00:00Z,"SPY",2020-03-11T19:58:00Z,Sell,252.693060009,251.514172998,256,301.8,2.56,-105.28,1298.42,1230.58,1,"	1799,1800" 
2020-03-12T16:00:00Z,"SPY",2020-03-12T16:55:00Z,Sell,231.016160861,233.821729174,271,-760.31,2.71,-760.31,586.95,1347.26,0,"	1801,1802" 
2020-03-12T19:00:00Z,"SPY",2020-03-12T19:10:00Z,Sell,230.349038754,231.290320631,270,-254.15,2.7,-261.55,155.45,417,0,"	1803,1804" 
2020-03-12T19:30:00Z,"SPY",2020-03-12T19:50:00Z,Sell,229.362063582,230.952190248,271,-430.92,2.71,-527.51,19.81,547.32,0,"	1805,1806" 
2020-03-17T16:00:00Z,"SPY",2020-03-17T16:55:00Z,Buy,229.435172854,226.848932357,176,-455.18,2,-538.82,778.47,1317.28,0,"	1807,1808" 
2020-03-17T17:00:00Z,"SPY",2020-03-17T17:05:00Z,Buy,227.653134349,227.351558602,176,-53.08,2,-54.69,160.84,215.53,0,"	1809,1810" 
2020-03-17T18:00:00Z,"SPY",2020-03-17T19:05:00Z,Buy,228.110067299,226.73012979,176,-242.87,2,-267,796.16,1063.16,0,"	1811,1812" 
2020-03-18T17:30:00Z,"SPY",2020-03-18T17:45:00Z,Sell,212.885061405,213.616154125,179,-130.87,2,-283,444.94,727.94,0,"	1813,1814" 
2020-03-18T18:00:00Z,"SPY",2020-03-18T18:40:00Z,Sell,211.888947574,212.56520834,180,-121.73,2,-121.73,570.8,692.53,0,"	1815,1816" 
2020-03-18T19:30:00Z,"SPY",2020-03-18T19:35:00Z,Sell,211.852392938,213.02214129,179,-209.38,2,-302.63,0,302.63,0,"	1817,1818" 
2020-03-19T15:30:00Z,"SPY",2020-03-19T15:40:00Z,Buy,223.869729523,223.16605278,169,-118.92,2,-257.92,131.28,257.92,0,"	1819,1820" 
2020-03-19T18:00:00Z,"SPY",2020-03-19T18:05:00Z,Buy,223.421935232,222.25218688,169,-197.69,2,-197.69,0,197.69,0,"	1821,1822" 
2020-03-19T18:30:00Z,"SPY",2020-03-19T19:05:00Z,Buy,223.202607416,222.261325539,169,-159.08,2,-273.36,438.62,711.98,0,"	1823,1824" 
2020-03-19T19:30:00Z,"SPY",2020-03-19T19:55:00Z,Buy,223.07466619,220.69861485,168,-399.18,2,-535.05,173.49,708.54,0,"	1825,1826" 
2020-03-20T16:30:00Z,"SPY",2020-03-20T16:35:00Z,Sell,216.2967014,217.9513298,173,-286.25,2,-289.43,0,289.43,0,"	1827,1828" 
2020-03-20T19:00:00Z,"SPY",2020-03-20T19:58:00Z,Sell,213.5389874,210.42277058,175,545.34,2,-342.65,583.95,683.68,1,"	1829,1830" 
2020-03-23T15:00:00Z,"SPY",2020-03-23T16:45:00Z,Sell,205.45888538,207.0123976,188,-292.06,2,-292.06,876.18,1168.24,0,"	1831,1832" 
2020-03-23T18:00:00Z,"SPY",2020-03-23T18:30:00Z,Sell,204.93491972,205.79900344,188,-162.45,2,-233.3,333.54,566.84,0,"	1833,1834" 
2020-03-23T19:00:00Z,"SPY",2020-03-23T19:55:00Z,Sell,204.21791408,206.53439384,188,-435.5,2,-435.5,514.99,950.49,0,"	1835,1836" 
2020-03-24T14:30:00Z,"SPY",2020-03-24T14:50:00Z,Buy,219.21068586,218.0892155,175,-196.26,2,-196.26,72.39,268.65,0,"	1837,1838" 
2020-03-24T16:00:00Z,"SPY",2020-03-24T16:10:00Z,Buy,221.02158472,220.69985142,173,-55.66,2,-76.33,25.44,101.78,0,"	1839,1840" 
2020-03-24T16:30:00Z,"SPY",2020-03-24T17:10:00Z,Buy,222.67621312,219.21068586,172,-596.07,2,-596.07,72.73,668.8,0,"	1841,1842" 
2020-03-24T17:30:00Z,"SPY",2020-03-24T17:55:00Z,Buy,220.09315434,218.48448784,173,-278.3,2,-389.62,103.37,492.99,0,"	1843,1844" 
2020-03-24T19:00:00Z,"SPY",2020-03-24T19:58:00Z,Buy,221.15027804,224.32164914,171,542.3,2,-29.87,542.3,290.01,1,"	1845,1846" 
2020-03-25T17:00:00Z,"SPY",2020-03-25T19:55:00Z,Buy,230.57246754,228.27437254,152,-349.31,2,-540.73,764.29,1305.02,0,"	1847,1848" 
2020-03-26T14:00:00Z,"SPY",2020-03-26T17:35:00Z,Buy,233.21987298,234.98480994,149,262.98,2,-82.18,738.25,520.47,1,"	1849,1850" 
2020-03-26T18:00:00Z,"SPY",2020-03-26T19:58:00Z,Buy,236.0143565,241.0701655,148,748.26,2,-160.4,755.06,342.84,1,"	1851,1852" 
2020-04-02T14:30:00Z,"SPY",2020-04-02T15:15:00Z,Buy,228.91783914,229.55211336,172,109.1,2,0,543.89,456.93,1,"	1853,1854" 
2020-04-02T17:00:00Z,"SPY",2020-04-02T17:15:00Z,Buy,230.728738,229.23957244,171,-254.65,2,-254.65,111.6,366.25,0,"	1855,1856" 
2020-04-03T17:30:00Z,"SPY",2020-04-03T17:50:00Z,Sell,226.76682222,226.55539748,189,39.96,2,0,152.89,142.46,1,"	1857,1858" 
2020-04-03T18:00:00Z,"SPY",2020-04-03T18:25:00Z,Sell,226.20608704,226.16931752,190,6.99,2,-64.62,136.23,129.24,1,"	1859,1860" 
2020-04-06T17:00:00Z,"SPY",2020-04-06T17:35:00Z,Buy,241.19885882,240.60135412,217,-129.66,2.17,-147.61,15.96,163.57,0,"	1861,1862" 
2020-04-06T18:00:00Z,"SPY",2020-04-06T18:10:00Z,Buy,241.59413116,240.7484322,216,-182.67,2.16,-182.67,0,182.67,0,"	1863,1864" 
2020-04-08T18:30:00Z,"SPY",2020-04-08T18:50:00Z,Buy,250.77731878,250.85085782,216,15.88,2.16,0,162.82,146.93,1,"	1865,1866" 
2020-04-09T14:00:00Z,"SPY",2020-04-09T14:10:00Z,Buy,257.86464376,255.9618211,207,-393.88,2.07,-393.88,0,393.88,0,"	1867,1868" 
2020-04-13T14:00:00Z,"SPY",2020-04-13T14:10:00Z,Sell,251.99990532,252.93752808,227,-212.84,2.27,-262.92,0,262.92,0,"	1869,1870" 
2020-04-13T14:30:00Z,"SPY",2020-04-13T15:50:00Z,Sell,251.39320824,251.6873644,227,-66.77,2.27,-68.86,394.38,463.24,0,"	1871,1872" 
2020-04-13T17:30:00Z,"SPY",2020-04-13T17:35:00Z,Sell,250.85085782,251.21855302,227,-83.47,2.27,-95.99,0,95.99,0,"	1873,1874" 
2020-04-14T14:00:00Z,"SPY",2020-04-14T14:05:00Z,Buy,260.01566068,259.76746642,225,-55.84,2.25,-70.11,2.07,70.11,0,"	1875,1876" 
2020-04-21T15:00:00Z,"SPY",2020-04-21T17:25:00Z,Sell,252.02748246,252.11021388,309,-25.56,3.09,-90.89,573.77,664.66,0,"	1877,1878" 
2020-04-21T18:00:00Z,"SPY",2020-04-21T18:05:00Z,Sell,251.88959676,252.08263674,309,-59.65,3.09,-59.65,102.26,161.91,0,"	1879,1880" 
2020-04-21T19:00:00Z,"SPY",2020-04-21T19:05:00Z,Sell,251.37482348,251.93555866,309,-173.27,3.09,-173.27,0,173.27,0,"	1881,1882" 
2020-04-23T14:30:00Z,"SPY",2020-04-23T15:35:00Z,Buy,259.62958072,259.66635024,324,11.91,3.24,0,399.1,387.18,1,"	1883,1884" 
2020-04-27T19:30:00Z,"SPY",2020-04-27T19:55:00Z,Buy,264.29930976,264.49234974,330,63.7,3.3,-18.2,201.73,180.49,1,"	1885,1886" 
2020-04-29T17:00:00Z,"SPY",2020-04-29T18:05:00Z,Buy,270.2100101,269.48381208,414,-300.65,4.14,-441.45,224.53,665.99,0,"	1887,1888" 
2020-04-29T18:30:00Z,"SPY",2020-04-29T18:35:00Z,Buy,269.72281396,269.74119872,414,7.61,4.14,-98.95,22.83,98.95,1,"	1889,1890" 
2020-04-29T19:00:00Z,"SPY",2020-04-29T19:55:00Z,Buy,270.24677962,269.77796824,413,-193.62,4.13,-222.09,322.7,544.79,0,"	1891,1892" 
2020-04-30T16:00:00Z,"SPY",2020-04-30T16:55:00Z,Sell,266.19294004,266.38598002,434,-83.78,4.34,-83.78,394.96,478.74,0,"	1893,1894" 
2020-04-30T17:30:00Z,"SPY",2020-04-30T19:10:00Z,Sell,266.35840288,266.37678764,433,-7.96,4.33,-155.23,290.56,445.79,0,"	1895,1896" 
2020-05-01T16:00:00Z,"SPY",2020-05-01T19:58:00Z,Sell,259.87777498,259.16076934,442,316.92,4.42,-264.1,455.06,719.16,1,"	1897,1898" 
2020-05-05T14:00:00Z,"SPY",2020-05-05T14:15:00Z,Buy,264.88762208,264.4188107,439,-205.81,4.39,-205.81,48.43,254.23,0,"	1899,1900" 
2020-05-05T15:30:00Z,"SPY",2020-05-05T16:30:00Z,Buy,265.21854776,265.45754964,437,104.44,4.37,-4.02,263.12,170.73,1,"	1901,1902" 
2020-05-05T17:00:00Z,"SPY",2020-05-05T17:05:00Z,Buy,265.11743158,264.97954588,438,-60.39,4.38,-60.39,46.3,106.7,0,"	1903,1904" 
2020-05-05T17:30:00Z,"SPY",2020-05-05T19:20:00Z,Buy,265.21854776,264.59346592,438,-273.79,4.38,-273.79,285.86,559.65,0,"	1905,1906" 
2020-05-12T17:30:00Z,"SPY",2020-05-12T17:35:00Z,Sell,267.29602564,267.5442199,591,-146.68,5.91,-146.68,0,146.68,0,"	1907,1908" 
2020-05-12T18:30:00Z,"SPY",2020-05-12T18:40:00Z,Sell,267.35117992,267.5442199,590,-113.89,5.9,-135.59,127.45,263.04,0,"	1909,1910" 
2020-05-12T19:30:00Z,"SPY",2020-05-12T19:58:00Z,Sell,266.23890194,263.92242218,592,1371.36,5.92,-27.21,1376.8,206.79,1,"	1911,1912" 
2020-05-13T14:00:00Z,"SPY",2020-05-13T14:05:00Z,Sell,261.82655954,262.60791184,587,-458.65,5.87,-496.43,0,496.43,0,"	1913,1914" 
2020-05-13T15:00:00Z,"SPY",2020-05-13T15:05:00Z,Sell,261.76221288,261.90009858,585,-80.66,5.85,-102.17,75.29,177.46,0,"	1915,1916" 
2020-05-13T15:30:00Z,"SPY",2020-05-13T19:58:00Z,Sell,261.04520724,258.91257508,586,1249.72,5.86,-43.09,2634.11,1497.51,1,"	1917,1918" 
2020-05-14T14:00:00Z,"SPY",2020-05-14T14:35:00Z,Sell,254.51861744,255.67685732,572,-662.51,5.72,-694.06,189.29,883.35,0,"	1919,1920" 
2020-05-18T15:00:00Z,"SPY",2020-05-18T15:55:00Z,Buy,270.74316814,271.07409382,555,183.66,5.55,0,484.67,352.02,1,"	1921,1922" 
2020-05-18T16:00:00Z,"SPY",2020-05-18T16:05:00Z,Buy,271.21197952,271.07409382,555,-76.53,5.55,-76.53,30.61,107.14,0,"	1923,1924" 
2020-05-18T17:30:00Z,"SPY",2020-05-18T17:35:00Z,Buy,271.89221564,271.64402138,553,-137.25,5.53,-137.25,0,137.25,0,"	1925,1926" 
2020-05-18T18:00:00Z,"SPY",2020-05-18T18:20:00Z,Buy,271.7267528,271.60725186,553,-66.08,5.53,-66.08,137.25,203.34,0,"	1927,1928" 
2020-05-18T18:30:00Z,"SPY",2020-05-18T19:00:00Z,Buy,271.7727147,271.79109946,553,10.17,5.53,-119.46,183,302.46,1,"	1929,1930" 
2020-05-20T14:30:00Z,"SPY",2020-05-20T15:55:00Z,Buy,273.30784216,273.52845928,521,114.94,5.21,-167.62,234.67,229.88,1,"	1931,1932" 
2020-05-20T16:00:00Z,"SPY",2020-05-20T16:05:00Z,Buy,273.54684404,273.39057358,521,-81.42,5.21,-95.78,4.79,100.57,0,"	1933,1934" 
2020-05-21T15:00:00Z,"SPY",2020-05-21T16:05:00Z,Sell,271.92898516,271.65321376,511,140.92,5.11,0,953.55,831.42,1,"	1935,1936" 
2020-05-22T15:00:00Z,"SPY",2020-05-22T15:10:00Z,Sell,269.73200634,270.00777774,584,-161.05,5.84,-161.05,0,161.05,0,"	1937,1938" 
2020-05-27T15:00:00Z,"SPY",2020-05-27T15:05:00Z,Sell,273.96050114,274.12596398,569,-94.15,5.69,-104.61,256.29,360.9,0,"	1939,1940" 
2020-05-29T14:30:00Z,"SPY",2020-05-29T14:35:00Z,Sell,277.18702652,277.46279792,564,-155.54,5.64,-238.49,0,238.49,0,"	1941,1942" 
2020-05-29T15:00:00Z,"SPY",2020-05-29T15:15:00Z,Sell,276.70902276,277.1962189,564,-274.78,5.64,-279.96,197.01,476.97,0,"	1943,1944" 
2020-06-03T19:30:00Z,"SPY",2020-06-03T19:55:00Z,Buy,287.3537988,287.45491498,637,64.41,6.37,-70.27,228.37,163.96,1,"	1945,1946" 
2020-06-05T15:00:00Z,"SPY",2020-06-05T19:10:00Z,Buy,293.39319246,293.6046172,715,151.17,7.15,-52.58,1192.92,1160.06,1,"	1947,1948" 
2020-06-05T19:30:00Z,"SPY",2020-06-05T19:45:00Z,Buy,294.23889142,293.3748077,714,-616.96,7.14,-682.59,0,682.59,0,"	1949,1950" 
2020-06-08T18:00:00Z,"SPY",2020-06-08T19:58:00Z,Buy,295.78321126,296.89548924,638,709.63,6.38,-70.38,747.75,269.78,1,"	1951,1952" 
2020-06-10T14:30:00Z,"SPY",2020-06-10T14:40:00Z,Sell,293.26449914,294.0642362,739,-591.01,7.39,-591.01,81.52,672.52,0,"	1953,1954" 
2020-06-10T15:00:00Z,"SPY",2020-06-10T15:15:00Z,Sell,292.95195822,293.7884648,735,-614.83,7.35,-614.83,37.16,651.99,0,"	1955,1956" 
2020-06-11T14:30:00Z,"SPY",2020-06-11T14:35:00Z,Sell,285.12005046,285.81867134,751,-524.66,7.51,-662.73,0,662.73,0,"	1957,1958" 
2020-06-11T15:00:00Z,"SPY",2020-06-11T19:58:00Z,Sell,284.11808104,276.43325136,750,5763.62,7.5,-199.93,6018.71,1516.74,1,"	1959,1960" 
2020-06-12T18:00:00Z,"SPY",2020-06-12T18:05:00Z,Sell,274.72346868,275.78059238,439,-464.08,4.39,-601.28,0,601.28,0,"	1961,1962" 
2020-06-15T18:30:00Z,"SPY",2020-06-15T19:30:00Z,Buy,283.0333802,281.16732706,420,-783.74,4.2,-783.74,0,783.74,0,"	1963,1964" 
2020-06-17T14:30:00Z,"SPY",2020-06-17T14:35:00Z,Sell,286.46213794,287.01368074,409,-225.58,4.09,-225.58,101.51,327.09,0,"	1965,1966" 
2020-06-19T18:30:00Z,"SPY",2020-06-19T18:35:00Z,Sell,284.00212764,284.620727853,411,-254.24,4.11,-348.73,64.13,412.86,0,"	1967,1968" 
2020-06-24T14:00:00Z,"SPY",2020-06-24T19:20:00Z,Sell,284.122154547,282.118628484,414,829.46,4.14,-214.05,2064.09,1234.63,1,"	1969,1970" 
2020-06-24T19:30:00Z,"SPY",2020-06-24T19:45:00Z,Sell,281.287672974,282.007834416,422,-303.91,4.22,-303.91,169.49,473.4,0,"	1971,1972" 
2020-06-26T14:30:00Z,"SPY",2020-06-26T19:58:00Z,Sell,279.607296276,276.98517,422,1106.54,4.22,-81.82,1305.25,783.15,1,"	1973,1974" 
2020-06-30T16:00:00Z,"SPY",2020-06-30T16:05:00Z,Buy,283.26350052,283.235802003,401,-11.11,4.01,-40.73,18.51,59.24,0,"	1975,1976" 
2020-07-02T14:00:00Z,"SPY",2020-07-02T14:05:00Z,Buy,291.194509221,291.139112187,592,-32.8,5.92,-54.66,87.45,120.25,0,"	1977,1978" 
2020-07-08T14:00:00Z,"SPY",2020-07-08T14:20:00Z,Buy,291.85004079,291.508425747,607,-207.36,6.07,-255,67.25,322.25,0,"	1979,1980" 
2020-07-09T15:00:00Z,"SPY",2020-07-09T16:50:00Z,Sell,288.009179766,289.440269811,612,-875.83,6.12,-923.86,672.41,1596.27,0,"	1981,1982" 
2020-07-09T17:00:00Z,"SPY",2020-07-09T17:05:00Z,Sell,289.440269811,289.735720659,604,-178.45,6.04,-284.41,61.34,345.75,0,"	1983,1984" 
2020-07-09T17:30:00Z,"SPY",2020-07-09T17:35:00Z,Sell,289.828049049,289.9111446,602,-50.02,6.02,-83.37,0,83.37,0,"	1985,1986" 
2020-07-09T18:00:00Z,"SPY",2020-07-09T18:05:00Z,Sell,289.338708582,289.504899684,603,-100.21,6.03,-116.92,0,116.92,0,"	1987,1988" 
2020-07-10T19:00:00Z,"SPY",2020-07-10T19:58:00Z,Buy,292.607133588,293.23496664,589,369.79,5.89,-201.21,440.49,380.67,1,"	1989,1990" 
2020-07-13T15:30:00Z,"SPY",2020-07-13T15:45:00Z,Buy,297.528236775,297.20508741,579,-187.1,5.79,-192.45,0,192.45,0,"	1991,1992" 
2020-07-13T17:30:00Z,"SPY",2020-07-13T17:50:00Z,Buy,297.546702453,297.288182961,578,-149.42,5.78,-149.42,186.78,336.2,0,"	1993,1994" 
2020-07-14T18:30:00Z,"SPY",2020-07-14T18:50:00Z,Buy,292.902584436,292.21935435,576,-393.54,5.76,-409.49,95.73,505.22,0,"	1995,1996" 
2020-07-14T19:00:00Z,"SPY",2020-07-14T19:05:00Z,Buy,293.068775538,292.145491638,574,-529.96,5.74,-529.96,37.1,567.06,0,"	1997,1998" 
2020-07-14T19:30:00Z,"SPY",2020-07-14T19:35:00Z,Buy,293.004145665,293.161103928,571,89.62,5.71,-26.36,189.79,216.15,1,"	1999,2000" 
2020-07-20T17:30:00Z,"SPY",2020-07-20T19:58:00Z,Buy,298.49768487,299.679488262,736,869.81,7.36,-95.14,1138.22,271.81,1,"	2001,2002" 
2020-07-22T14:00:00Z,"SPY",2020-07-22T14:15:00Z,Buy,300.732031908,300.593539323,736,-101.93,7.36,-105.33,163.09,265.02,0,"	2003,2004" 
2020-07-23T17:00:00Z,"SPY",2020-07-23T17:05:00Z,Sell,300.298088475,300.750497586,737,-333.43,7.37,-333.43,0,333.43,0,"	2005,2006" 
2020-07-23T17:30:00Z,"SPY",2020-07-23T19:58:00Z,Sell,300.021103305,297.925248852,735,1540.45,7.35,-6.79,2239.43,1024.71,1,"	2007,2008" 
2020-07-27T14:00:00Z,"SPY",2020-07-27T14:35:00Z,Buy,297.869851818,297.703660716,751,-124.81,7.51,-138.68,173.35,312.02,0,"	2009,2010" 
2020-07-29T14:00:00Z,"SPY",2020-07-29T16:10:00Z,Buy,298.054508598,298.433054997,749,283.53,7.49,0,712.29,428.75,1,"	2011,2012" 
2020-07-29T16:30:00Z,"SPY",2020-07-29T19:58:00Z,Buy,298.903929786,299.928774915,749,767.61,7.49,-34.58,1313.93,940.49,1,"	2013,2014" 
2020-07-30T14:00:00Z,"SPY",2020-07-30T14:35:00Z,Sell,295.561642068,296.623418553,763,-810.14,7.63,-810.14,190.21,1000.34,0,"	2015,2016" 
2020-07-31T14:30:00Z,"SPY",2020-07-31T14:40:00Z,Sell,297.962180208,298.562314743,751,-450.7,7.51,-450.7,0,450.7,0,"	2017,2018" 
2020-07-31T16:30:00Z,"SPY",2020-07-31T17:30:00Z,Sell,298.109905632,297.980645886,748,96.69,7.48,0,1022.11,925.43,1,"	2019,2020" 
2020-07-31T18:00:00Z,"SPY",2020-07-31T18:05:00Z,Sell,297.832920462,298.045275759,749,-159.05,7.49,-235.12,0,235.12,0,"	2021,2022" 
2020-07-31T18:30:00Z,"SPY",2020-07-31T18:35:00Z,Sell,297.823687623,298.008344403,748,-138.12,7.48,-151.94,0,151.94,0,"	2023,2024" 
2020-08-06T18:30:00Z,"SPY",2020-08-06T19:58:00Z,Buy,308.044440396,308.496849507,722,326.64,7.22,0,533.29,453.3,1,"	2025,2026" 
2020-08-10T15:00:00Z,"SPY",2020-08-10T15:10:00Z,Sell,307.628962641,308.201398659,725,-415.02,7.25,-435.1,46.86,481.95,0,"	2027,2028" 
2020-08-12T14:00:00Z,"SPY",2020-08-12T17:20:00Z,Buy,310.59270396,310.934319003,715,244.25,7.15,-92.42,920.91,742.67,1,"	2029,2030" 
2020-08-12T17:30:00Z,"SPY",2020-08-12T19:58:00Z,Buy,310.851223452,311.691411801,716,601.57,7.16,0,1047.8,631.32,1,"	2031,2032" 
2020-08-18T14:30:00Z,"SPY",2020-08-18T14:35:00Z,Sell,310.96201752,311.349796758,720,-279.2,7.2,-279.2,0,279.2,0,"	2033,2034" 
2020-08-20T19:00:00Z,"SPY",2020-08-20T19:20:00Z,Buy,312.273080658,312.106889556,715,-118.83,7.15,-118.83,224.45,343.28,0,"	2035,2036" 
2020-08-21T19:00:00Z,"SPY",2020-08-21T19:35:00Z,Buy,313.316391465,313.371788499,712,39.44,7.12,0,197.21,170.92,1,"	2037,2038" 
2020-08-26T15:30:00Z,"SPY",2020-08-26T19:58:00Z,Buy,318.948423255,321.016579191,699,1445.64,6.99,-45.18,1510.18,903.53,1,"	2039,2040" 
2020-08-27T14:00:00Z,"SPY",2020-08-27T14:05:00Z,Buy,322.475367753,321.939863091,701,-375.39,7.01,-375.39,0,375.39,0,"	2041,2042" 
2020-08-27T14:30:00Z,"SPY",2020-08-27T14:45:00Z,Buy,322.419970719,322.299943812,698,-83.78,6.98,-116,219.11,335.12,0,"	2043,2044" 
2020-08-27T15:00:00Z,"SPY",2020-08-27T15:20:00Z,Buy,322.724654406,322.142985549,697,-405.42,6.97,-405.42,154.45,559.87,0,"	2045,2046" 
2020-08-27T16:00:00Z,"SPY",2020-08-27T16:05:00Z,Buy,322.724654406,322.383039363,695,-237.42,6.95,-397.84,0,397.84,0,"	2047,2048" 
2020-08-31T15:30:00Z,"SPY",2020-08-31T15:40:00Z,Sell,322.669257372,323.047803771,693,-262.33,6.93,-262.33,121.57,383.9,0,"	2049,2050" 
2020-09-01T14:30:00Z,"SPY",2020-09-01T14:55:00Z,Buy,324.432729621,323.832595086,688,-412.89,6.88,-412.89,0,412.89,0,"	2051,2052" 
2020-09-01T17:00:00Z,"SPY",2020-09-01T17:05:00Z,Buy,324.266538519,324.063416061,686,-139.34,6.86,-139.34,0,139.34,0,"	2053,2054" 
2020-09-01T17:30:00Z,"SPY",2020-09-01T17:35:00Z,Buy,324.081881739,324.008019027,685,-50.6,6.85,-50.6,12.65,63.24,0,"	2055,2056" 
2020-09-01T18:00:00Z,"SPY",2020-09-01T19:58:00Z,Buy,324.377332587,325.097494029,684,492.59,6.84,-31.58,495.75,306.29,1,"	2057,2058" 
2020-09-02T16:30:00Z,"SPY",2020-09-02T17:05:00Z,Buy,328.162796577,328.13509806,679,-18.81,6.79,-25.08,181.8,200.61,0,"	2059,2060" 
2020-09-02T17:30:00Z,"SPY",2020-09-02T19:58:00Z,Buy,329.113778994,330.609498912,677,1012.6,6.77,-350.04,1390.77,518.8,1,"	2061,2062" 
2020-09-03T14:30:00Z,"SPY",2020-09-03T19:58:00Z,Sell,325.660697208,318.985354611,690,4605.99,6.9,-184.75,6408.88,2516.41,1,"	2063,2064" 
2020-09-04T14:00:00Z,"SPY",2020-09-04T16:30:00Z,Sell,317.194183845,314.37816795,657,1850.12,6.57,-539.87,5241,3396.95,1,"	2065,2066" 
2020-09-04T17:00:00Z,"SPY",2020-09-04T17:55:00Z,Sell,314.738248671,314.184278331,673,372.82,6.73,0,1422.94,1099.83,1,"	2067,2068" 
2020-09-04T18:00:00Z,"SPY",2020-09-04T18:10:00Z,Sell,314.239675365,314.082717102,676,106.1,6.76,-255.9,230.93,355.76,1,"	2069,2070" 
2020-09-04T18:30:00Z,"SPY",2020-09-04T18:35:00Z,Sell,315.292219011,315.20912346,674,56.01,6.74,-24.89,230.25,255.14,1,"	2071,2072" 
2020-09-08T19:00:00Z,"SPY",2020-09-08T19:30:00Z,Sell,308.819998872,309.309339339,672,-328.84,6.72,-328.84,961.69,1290.53,0,"	2073,2074" 
2020-09-09T14:00:00Z,"SPY",2020-09-09T14:10:00Z,Buy,312.217683624,312.282313497,560,36.19,5.6,0,444.65,408.46,1,"	2075,2076" 
2020-09-09T14:30:00Z,"SPY",2020-09-09T19:58:00Z,Buy,313.381021338,314.313538077,558,520.34,5.58,-221.53,1524.97,1004.63,1,"	2077,2078" 
2020-09-10T18:30:00Z,"SPY",2020-09-10T19:58:00Z,Sell,308.616876414,308.727670482,531,-58.83,5.31,-931.5,558.9,1220.76,0,"	2079,2080" 
2020-09-11T17:30:00Z,"SPY",2020-09-11T17:40:00Z,Sell,306.244036791,306.521021961,511,-141.54,5.11,-179.28,235.9,415.18,0,"	2081,2082" 
2020-09-11T18:00:00Z,"SPY",2020-09-11T18:05:00Z,Sell,306.040914333,306.400995054,511,-184,5.11,-198.16,42.46,240.62,0,"	2083,2084" 
2020-09-14T14:00:00Z,"SPY",2020-09-14T16:40:00Z,Buy,312.947077905,313.45488405,500,253.9,5,-64.63,588.59,440.87,1,"	2085,2086" 
2020-09-18T16:30:00Z,"SPY",2020-09-18T19:58:00Z,Sell,307.89653986,306.663655928,509,627.54,5.09,0,1790.61,1483.91,1,"	2087,2088" 
2020-09-21T14:30:00Z,"SPY",2020-09-21T15:10:00Z,Sell,299.13657508,300.06355548,529,-490.37,5.29,-500.18,436.43,936.61,0,"	2089,2090" 
2020-09-21T15:30:00Z,"SPY",2020-09-21T15:55:00Z,Sell,298.914099784,299.989397048,527,-566.68,5.27,-566.68,229.6,796.29,0,"	2091,2092" 
2020-09-21T16:00:00Z,"SPY",2020-09-21T16:05:00Z,Sell,299.989397048,300.5733947,522,-304.85,5.22,-304.85,0,304.85,0,"	2093,2094" 
2020-09-21T17:00:00Z,"SPY",2020-09-21T17:10:00Z,Sell,299.655684104,299.664953908,522,-4.84,5.22,-19.36,270.97,275.81,0,"	2095,2096" 
2020-09-23T16:00:00Z,"SPY",2020-09-23T16:40:00Z,Sell,303.595350804,304.457442576,509,-438.8,5.09,-438.8,167.5,606.31,0,"	2097,2098" 
2020-09-23T18:00:00Z,"SPY",2020-09-23T19:58:00Z,Sell,303.113320996,299.04387704,508,2067.28,5.08,0,2298.02,642.79,1,"	2099,2100" 
2020-09-24T17:30:00Z,"SPY",2020-09-24T18:05:00Z,Buy,302.492244128,301.759929612,525,-384.47,5.25,-506.13,184.93,691.06,0,"	2101,2102" 
2020-09-25T17:30:00Z,"SPY",2020-09-25T19:58:00Z,Buy,302.390276284,304.818964932,600,1457.21,6,0,1829.86,717.48,1,"	2103,2104" 
2020-09-29T16:00:00Z,"SPY",2020-09-29T16:40:00Z,Sell,307.89653986,308.12828496,599,-138.82,5.99,-177.68,183.24,360.92,0,"	2105,2106" 
2020-09-30T14:00:00Z,"SPY",2020-09-30T18:35:00Z,Buy,310.603322628,311.613731264,646,652.72,6.46,-17.96,1927.63,1574.32,1,"	2107,2108" 
2020-09-30T19:00:00Z,"SPY",2020-09-30T19:05:00Z,Buy,311.363446556,310.881416748,647,-311.87,6.47,-311.87,98.96,410.83,0,"	2109,2110" 
2020-10-05T14:30:00Z,"SPY",2020-10-05T17:35:00Z,Buy,313.013471668,313.671627752,690,454.13,6.9,0,703.58,358.19,1,"	2111,2112" 
2020-10-05T19:00:00Z,"SPY",2020-10-05T19:58:00Z,Buy,314.403942268,314.9415909,689,370.44,6.89,-121.35,491.79,300.18,1,"	2113,2114" 
2020-10-06T19:00:00Z,"SPY",2020-10-06T19:58:00Z,Sell,312.410934408,311.09462224,644,847.71,6.44,0,1522.29,1343.19,1,"	2115,2116" 
2020-10-07T18:30:00Z,"SPY",2020-10-07T19:50:00Z,Buy,316.294982284,316.23936346,614,-34.15,6.14,-216.28,210.59,364.27,0,"	2117,2118" 
2020-10-12T15:30:00Z,"SPY",2020-10-12T19:50:00Z,Buy,326.056085896,326.640083548,613,357.99,6.13,-102.28,1289.9,931.91,1,"	2119,2120" 
2020-10-14T14:00:00Z,"SPY",2020-10-14T14:05:00Z,Buy,326.046816092,325.768721972,719,-199.95,7.19,-199.95,0,199.95,0,"	2121,2122" 
2020-10-14T16:00:00Z,"SPY",2020-10-14T16:05:00Z,Sell,322.756035672,323.19171646,725,-315.87,7.25,-315.87,0,315.87,0,"	2123,2124" 
2020-10-14T16:30:00Z,"SPY",2020-10-14T17:05:00Z,Sell,322.468671748,322.885812928,724,-302.01,7.24,-315.43,332.21,647.64,0,"	2125,2126" 
2020-10-14T17:30:00Z,"SPY",2020-10-14T17:45:00Z,Sell,322.31108508,322.338894492,723,-20.11,7.23,-20.11,291.54,311.65,0,"	2127,2128" 
2020-10-16T14:30:00Z,"SPY",2020-10-16T14:50:00Z,Buy,325.017867848,324.44314,709,-407.48,7.09,-407.48,0,407.48,0,"	2129,2130" 
2020-10-19T18:00:00Z,"SPY",2020-10-19T19:58:00Z,Sell,319.650651332,316.684314052,757,2245.52,7.57,-231.57,2561.29,940.31,1,"	2131,2132" 
2020-10-20T14:00:00Z,"SPY",2020-10-20T14:25:00Z,Buy,319.650651332,319.187161132,711,-329.54,7.11,-329.54,191.13,520.68,0,"	2133,2134" 
2020-10-20T17:30:00Z,"SPY",2020-10-20T18:10:00Z,Buy,321.115280364,320.41077526,706,-497.38,7.06,-654.45,274.87,929.32,0,"	2135,2136" 
2020-10-21T14:00:00Z,"SPY",2020-10-21T14:50:00Z,Buy,320.17903016,319.233510152,711,-672.26,7.11,-672.26,59.32,731.58,0,"	2137,2138" 
2020-10-26T15:00:00Z,"SPY",2020-10-26T19:58:00Z,Sell,314.839623056,314.29270462,781,427.14,7.81,0,2816.25,2389.11,1,"	2139,2140" 
2020-10-27T14:30:00Z,"SPY",2020-10-27T14:35:00Z,Sell,313.745786184,314.144387756,779,-310.51,7.79,-317.73,0,317.73,0,"	2141,2142" 
2020-10-28T14:00:00Z,"SPY",2020-10-28T16:05:00Z,Sell,307.080797108,305.690326508,801,1113.77,8.01,-89.1,2654.48,1704.06,1,"	2143,2144" 
2020-10-28T16:30:00Z,"SPY",2020-10-28T19:25:00Z,Sell,305.291724936,305.143408072,813,120.58,8.13,-82.9,1597.71,1477.12,1,"	2145,2146" 
2020-10-28T19:30:00Z,"SPY",2020-10-28T19:35:00Z,Sell,304.920932776,305.62543788,815,-574.17,8.15,-611.95,0,611.95,0,"	2147,2148" 
2020-10-29T14:00:00Z,"SPY",2020-10-29T14:15:00Z,Buy,303.919793944,303.465573548,671,-304.78,6.71,-329.66,482.05,811.72,0,"	2149,2150" 
2020-10-29T14:30:00Z,"SPY",2020-10-29T16:05:00Z,Buy,305.087789248,304.058841004,667,-686.31,6.67,-686.31,445.17,1131.48,0,"	2151,2152" 
2020-10-29T16:30:00Z,"SPY",2020-10-29T17:10:00Z,Buy,304.93020258,304.772615912,663,-104.48,6.63,-110.63,399.48,510.11,0,"	2153,2154" 
2020-10-29T17:30:00Z,"SPY",2020-10-29T19:58:00Z,Buy,305.903532,307.145685736,661,821.06,6.61,0,2040.4,1341.89,1,"	2155,2156" 
2020-10-30T14:30:00Z,"SPY",2020-10-30T16:20:00Z,Sell,301.5003751,302.510783736,669,-675.96,6.69,-675.96,1240.3,1916.26,0,"	2157,2158" 
2020-10-30T16:30:00Z,"SPY",2020-10-30T16:35:00Z,Sell,302.649830796,302.112182164,663,356.46,6.63,0,368.75,12.29,1,"	2159,2160" 
2020-10-30T17:00:00Z,"SPY",2020-10-30T19:58:00Z,Sell,301.22228098,301.389137452,668,-111.46,6.68,-309.61,1281.79,1399.44,0,"	2161,2162" 
2020-11-02T15:30:00Z,"SPY",2020-11-02T15:35:00Z,Buy,307.368161032,306.932480244,724,-315.43,7.24,-369.12,0,369.12,0,"	2163,2164" 
2020-11-03T15:00:00Z,"SPY",2020-11-03T17:55:00Z,Buy,310.890686552,311.826936756,667,624.48,6.67,0,1765.23,1140.76,1,"	2165,2166" 
2020-11-03T18:00:00Z,"SPY",2020-11-03T18:05:00Z,Buy,311.724968912,311.864015972,668,92.88,6.68,0,173.38,80.5,1,"	2167,2168" 
2020-11-03T18:30:00Z,"SPY",2020-11-03T18:35:00Z,Buy,311.687889696,311.808397148,669,80.62,6.69,0,130.23,55.81,1,"	2169,2170" 
2020-11-03T20:30:00Z,"SPY",2020-11-03T20:58:00Z,Buy,311.864015972,312.197728916,669,223.25,6.69,0,936.43,713.17,1,"	2171,2172" 
2020-11-04T15:00:00Z,"SPY",2020-11-04T20:05:00Z,Buy,317.500056804,319.511604272,596,1198.88,5.96,-82.87,2933.67,1784.51,1,"	2173,2174" 
2020-11-04T20:30:00Z,"SPY",2020-11-04T20:35:00Z,Buy,318.686591716,319.085193288,600,239.16,6,-88.99,244.72,194.67,1,"	2175,2176" 
2020-11-05T16:00:00Z,"SPY",2020-11-05T16:10:00Z,Buy,325.991197268,325.41646942,528,-303.46,5.28,-303.46,58.73,362.19,0,"	2177,2178" 
2020-11-06T15:00:00Z,"SPY",2020-11-06T15:10:00Z,Sell,322.839463908,323.70155568,500,-431.05,5,-477.39,27.81,505.2,0,"	2179,2180" 
2020-11-12T18:30:00Z,"SPY",2020-11-12T18:40:00Z,Sell,326.519576096,327.261160416,504,-373.76,5.04,-457.85,60.74,518.59,0,"	2181,2182" 
2020-11-12T19:30:00Z,"SPY",2020-11-12T19:35:00Z,Sell,326.936717276,327.112843552,502,-88.42,5.02,-190.79,88.42,279.21,0,"	2183,2184" 
2020-11-12T20:00:00Z,"SPY",2020-11-12T20:55:00Z,Sell,326.306370604,326.973796492,503,-335.72,5.03,-335.72,251.79,587.5,0,"	2185,2186" 
2020-11-17T15:00:00Z,"SPY",2020-11-17T15:05:00Z,Sell,332.220505556,332.498599676,508,-141.27,5.08,-273.13,0,273.13,0,"	2187,2188" 
2020-11-24T16:30:00Z,"SPY",2020-11-24T20:58:00Z,Buy,335.956236568,336.827598144,702,611.7,7.02,-104.12,852.47,904.53,1,"	2189,2190" 
2020-11-25T15:00:00Z,"SPY",2020-11-25T15:15:00Z,Sell,335.715221664,335.872808332,738,-116.3,7.38,-116.3,403.63,519.92,0,"	2191,2192" 
2020-11-25T15:30:00Z,"SPY",2020-11-25T15:50:00Z,Sell,335.576174604,335.761570684,738,-136.82,7.38,-177.87,88.93,266.8,0,"	2193,2194" 
2020-11-25T16:00:00Z,"SPY",2020-11-25T16:05:00Z,Sell,335.603984016,335.882078136,737,-204.96,7.37,-252.78,0,252.78,0,"	2195,2196" 
2020-11-25T16:30:00Z,"SPY",2020-11-25T16:35:00Z,Sell,335.678142448,335.826459312,735,-109.01,7.35,-129.45,0,129.45,0,"	2197,2198" 
2020-11-25T17:30:00Z,"SPY",2020-11-25T17:35:00Z,Sell,335.650333036,335.826459312,735,-129.45,7.35,-190.77,0,190.77,0,"	2199,2200" 
2020-11-30T15:30:00Z,"SPY",2020-11-30T17:30:00Z,Sell,334.82532048,334.602845184,736,163.74,7.36,0,1224.65,1115.49,1,"	2201,2202" 
2020-11-30T18:00:00Z,"SPY",2020-11-30T18:05:00Z,Sell,334.908748716,334.806780872,736,75.05,7.36,-47.76,75.05,54.58,1,"	2203,2204" 
2020-11-30T18:30:00Z,"SPY",2020-11-30T18:35:00Z,Sell,334.806780872,334.677003616,737,95.65,7.37,0,95.65,27.33,1,"	2205,2206" 
2020-11-30T19:00:00Z,"SPY",2020-11-30T19:15:00Z,Sell,334.658464008,334.806780872,738,-109.46,7.38,-109.46,242.86,352.32,0,"	2207,2208" 
2020-11-30T19:30:00Z,"SPY",2020-11-30T19:35:00Z,Sell,334.982907148,334.982907148,736,0,7.36,-40.94,20.47,61.4,0,"	2209,2210" 
2020-12-01T15:30:00Z,"SPY",2020-12-01T15:40:00Z,Buy,340.183267192,339.376794244,725,-584.69,7.25,-584.69,6.72,591.41,0,"	2211,2212" 
2020-12-01T16:30:00Z,"SPY",2020-12-01T16:50:00Z,Buy,339.886633464,339.580729932,722,-220.86,7.22,-247.63,167.32,401.57,0,"	2213,2214" 
2020-12-01T17:30:00Z,"SPY",2020-12-01T17:40:00Z,Buy,339.886633464,339.69196758,721,-140.35,7.21,-140.35,133.67,274.02,0,"	2215,2216" 
2020-12-01T18:30:00Z,"SPY",2020-12-01T19:25:00Z,Buy,340.183267192,340.275965232,720,66.74,7.2,-53.39,393.78,327.04,1,"	2217,2218" 
2020-12-01T19:30:00Z,"SPY",2020-12-01T19:35:00Z,Buy,340.4335519,340.229616212,719,-146.63,7.19,-146.63,0,146.63,0,"	2219,2220" 
2020-12-03T15:30:00Z,"SPY",2020-12-03T16:10:00Z,Buy,340.730185628,340.4335519,718,-212.98,7.18,-212.98,245.6,458.58,0,"	2221,2222" 
2020-12-04T15:00:00Z,"SPY",2020-12-04T19:15:00Z,Buy,341.351262496,341.786943284,715,311.51,7.15,-72.91,668.76,357.24,1,"	2223,2224" 
2020-12-04T20:00:00Z,"SPY",2020-12-04T20:58:00Z,Buy,342.24116368,342.61195584,715,265.12,7.15,-285,271.74,391.05,1,"	2225,2226" 
2020-12-08T18:00:00Z,"SPY",2020-12-08T19:00:00Z,Buy,343.010557412,343.038366824,715,19.88,7.15,-43.08,185.58,198.84,1,"	2227,2228" 
2020-12-08T19:30:00Z,"SPY",2020-12-08T19:45:00Z,Buy,343.548206044,343.30719114,714,-172.08,7.14,-172.08,0,172.08,0,"	2229,2230" 
2020-12-09T18:00:00Z,"SPY",2020-12-09T20:58:00Z,Sell,341.610817008,341.026819356,717,418.73,7.17,-19.94,1648.32,1229.59,1,"	2231,2232" 
2020-12-14T15:00:00Z,"SPY",2020-12-14T15:35:00Z,Buy,342.537797408,342.445099368,717,-66.46,7.17,-79.76,159.51,239.27,0,"	2233,2234" 
2020-12-15T19:00:00Z,"SPY",2020-12-15T20:30:00Z,Buy,342.222624072,341.907450736,718,-226.29,7.18,-226.29,246.26,472.56,0,"	2235,2236" 
2020-12-18T15:00:00Z,"SPY",2020-12-18T17:40:00Z,Sell,344.091011916,343.997918736,712,66.28,7.12,0,1159.94,1093.66,1,"	2237,2238" 
2020-12-18T18:00:00Z,"SPY",2020-12-18T20:55:00Z,Sell,343.439359656,343.923444192,714,-345.64,7.14,-398.81,1183.14,1581.95,0,"	2239,2240" 
2020-12-21T15:30:00Z,"SPY",2020-12-21T16:05:00Z,Sell,337.760675676,339.017433606,724,-909.89,7.24,-909.89,114.58,1024.47,0,"	2241,2242" 
2020-12-23T15:00:00Z,"SPY",2020-12-23T15:05:00Z,Buy,343.504524882,343.457978292,707,-32.91,7.07,-85.56,6.58,92.14,0,"	2243,2244" 
2021-01-04T15:30:00Z,"SPY",2021-01-04T20:50:00Z,Sell,346.753476864,343.727948514,700,2117.87,7,0,4744.03,2626.16,1,"	2245,2246" 
2021-01-05T15:00:00Z,"SPY",2021-01-05T15:20:00Z,Buy,344.58440577,343.914134874,716,-479.91,7.16,-499.91,473.25,973.16,0,"	2247,2248" 
2021-01-05T15:30:00Z,"SPY",2021-01-05T15:35:00Z,Buy,344.21203305,343.83966033,714,-265.87,7.14,-352.28,0,352.28,0,"	2249,2250" 
2021-01-05T18:00:00Z,"SPY",2021-01-05T20:58:00Z,Buy,344.919541218,345.729451884,711,575.85,7.11,-86.05,1244.36,959.74,1,"	2251,2252" 
2021-01-06T15:00:00Z,"SPY",2021-01-06T19:40:00Z,Buy,346.530053232,348.49431933,711,1396.59,7.11,-59.57,3084.42,1866.54,1,"	2253,2254" 
2021-01-06T20:00:00Z,"SPY",2021-01-06T20:05:00Z,Buy,348.615340464,347.768192526,715,-605.71,7.15,-698.9,0,698.9,0,"	2255,2256" 
2021-01-06T20:30:00Z,"SPY",2021-01-06T20:35:00Z,Buy,348.373298196,348.233658426,712,-99.42,7.12,-371.18,66.28,437.46,0,"	2257,2258" 
2021-01-07T15:00:00Z,"SPY",2021-01-07T20:58:00Z,Buy,351.780508584,353.121050376,704,943.74,7.04,-32.77,1245.21,943.74,1,"	2259,2260" 
2021-01-15T15:30:00Z,"SPY",2021-01-15T15:35:00Z,Sell,348.699124326,349.313539314,716,-439.92,7.16,-439.92,59.99,499.91,0,"	2261,2262" 
2021-01-20T16:00:00Z,"SPY",2021-01-20T16:05:00Z,Buy,356.342074404,356.183815998,698,-110.46,6.98,-129.96,0,129.96,0,"	2263,2264" 
2021-01-20T17:30:00Z,"SPY",2021-01-20T20:58:00Z,Buy,356.891324166,357.775709376,696,615.53,6.96,0,897.38,460.03,1,"	2265,2266" 
2021-01-25T16:00:00Z,"SPY",2021-01-25T16:25:00Z,Sell,354.908439432,354.77810898,704,91.75,7.04,-353.9,1533.58,1586.01,1,"	2267,2268" 
2021-01-25T16:30:00Z,"SPY",2021-01-25T16:35:00Z,Sell,354.238168536,354.908439432,705,-472.54,7.05,-479.1,170.64,649.74,0,"	2269,2270" 
2021-01-27T15:00:00Z,"SPY",2021-01-27T15:05:00Z,Sell,351.482610408,352.320449028,708,-593.19,7.08,-593.19,0,593.19,0,"	2271,2272" 
2021-01-27T16:30:00Z,"SPY",2021-01-27T17:45:00Z,Sell,352.069097442,352.190118576,704,-85.2,7.04,-98.31,1474.6,1572.9,0,"	2273,2274" 
2021-01-27T18:00:00Z,"SPY",2021-01-27T18:05:00Z,Sell,352.488016752,352.488016752,702,0,7.02,-84.96,6.54,91.49,0,"	2275,2276" 
2021-01-27T18:30:00Z,"SPY",2021-01-27T18:35:00Z,Sell,352.339067664,352.180809258,703,111.26,7.03,-6.54,170.16,58.9,1,"	2277,2278" 
2021-01-27T19:00:00Z,"SPY",2021-01-27T20:58:00Z,Sell,351.315042684,348.149874564,705,2231.44,7.05,-315.03,3478.43,1522.63,1,"	2279,2280" 
2021-01-28T15:00:00Z,"SPY",2021-01-28T20:20:00Z,Buy,351.510538362,353.549279004,718,1463.82,7.18,-93.58,2867.47,1483.87,1,"	2281,2282" 
2021-01-28T20:30:00Z,"SPY",2021-01-28T20:35:00Z,Buy,353.130359694,352.841770836,722,-208.36,7.22,-215.08,268.85,483.94,0,"	2283,2284" 
2021-01-29T16:30:00Z,"SPY",2021-01-29T20:05:00Z,Sell,346.967591178,346.58590914,734,280.15,7.34,-286.99,2938.21,2664.89,1,"	2285,2286" 
2021-01-29T20:30:00Z,"SPY",2021-01-29T20:35:00Z,Sell,346.427650734,347.060684358,737,-466.55,7.37,-686.1,0,686.1,0,"	2287,2288" 
2021-02-01T17:30:00Z,"SPY",2021-02-01T20:58:00Z,Buy,350.160687252,350.840267466,722,490.66,7.22,-262.13,806.56,719.18,1,"	2289,2290" 
2021-02-02T15:00:00Z,"SPY",2021-02-02T20:55:00Z,Buy,354.582613302,355.653184872,652,698.01,6.52,0,1371.75,673.73,1,"	2291,2292" 
2021-02-04T15:00:00Z,"SPY",2021-02-04T15:05:00Z,Buy,357.394027338,357.170603706,617,-137.85,6.17,-155.08,40.21,195.29,0,"	2293,2294" 
2021-02-04T16:00:00Z,"SPY",2021-02-04T16:15:00Z,Buy,357.738472104,357.831565284,616,57.35,6.16,0,223.65,206.44,1,"	2295,2296" 
2021-02-04T16:30:00Z,"SPY",2021-02-04T16:35:00Z,Buy,357.971205054,358.03637028,615,40.08,6.15,-57.25,45.8,57.25,1,"	2297,2298" 
2021-02-04T18:30:00Z,"SPY",2021-02-04T19:55:00Z,Buy,358.529764134,358.54838277,615,11.45,6.15,-22.9,166.03,188.93,1,"	2299,2300" 
2021-02-04T20:00:00Z,"SPY",2021-02-04T20:40:00Z,Buy,358.715950494,358.399433682,614,-194.34,6.14,-194.34,5.72,200.06,0,"	2301,2302" 
2021-02-18T15:30:00Z,"SPY",2021-02-18T15:40:00Z,Sell,361.657694982,361.936974522,708,-197.73,7.08,-230.68,460.05,690.74,0,"	2303,2304" 
2021-02-23T15:00:00Z,"SPY",2021-02-23T15:05:00Z,Sell,355.820752596,356.63997258,719,-589.02,7.19,-589.02,287.82,876.84,0,"	2305,2306" 
2021-02-23T18:00:00Z,"SPY",2021-02-23T18:05:00Z,Sell,356.332765086,357.096129162,714,-545.04,7.14,-624.8,73.12,697.92,0,"	2307,2308" 
2021-02-23T20:30:00Z,"SPY",2021-02-23T20:45:00Z,Buy,362.011449066,361.406343396,700,-423.57,7,-423.57,0,423.57,0,"	2309,2310" 
2021-02-24T16:00:00Z,"SPY",2021-02-24T20:58:00Z,Buy,361.536673848,365.074214688,699,2472.74,6.99,-19.52,2472.74,663.74,1,"	2311,2312" 
2021-02-25T15:30:00Z,"SPY",2021-02-25T20:58:00Z,Sell,362.793431778,356.342074404,710,4580.46,7.1,0,5776.8,2957.8,1,"	2313,2314" 
2021-02-26T15:30:00Z,"SPY",2021-02-26T15:45:00Z,Sell,352.3576863,355.392523968,757,-2297.37,7.57,-2297.37,0,2297.37,0,"	2315,2316" 
2021-03-01T15:00:00Z,"SPY",2021-03-01T20:58:00Z,Buy,360.214750692,362.374512468,727,1570.15,7.27,-250.41,2676.69,1194.53,1,"	2317,2318" 
2021-03-02T15:30:00Z,"SPY",2021-03-02T17:05:00Z,Sell,360.78261909,361.2015384,728,-304.97,7.28,-548.95,609.95,914.92,0,"	2319,2320" 
2021-03-03T15:00:00Z,"SPY",2021-03-03T15:10:00Z,Sell,357.952586418,358.306340502,718,-254,7.18,-254,260.68,514.67,0,"	2321,2322" 
2021-03-03T15:30:00Z,"SPY",2021-03-03T15:35:00Z,Sell,357.468501882,357.915349146,718,-320.84,7.18,-347.57,374.31,721.88,0,"	2323,2324" 
2021-03-03T19:30:00Z,"SPY",2021-03-03T19:55:00Z,Sell,356.742375078,357.459192564,718,-514.67,7.18,-521.36,601.57,1122.93,0,"	2325,2326" 
2021-03-03T20:30:00Z,"SPY",2021-03-03T20:58:00Z,Sell,356.537570082,355.681112826,715,612.37,7.15,-346.12,672.27,632.34,1,"	2327,2328" 
2021-03-04T18:00:00Z,"SPY",2021-03-04T20:58:00Z,Sell,350.970597918,349.713839988,696,874.7,6.96,-524.82,3285,3524.73,1,"	2329,2330" 
2021-03-05T16:00:00Z,"SPY",2021-03-05T17:00:00Z,Sell,349.462488402,349.918644984,684,-312.01,6.84,-318.38,1706.51,2024.89,0,"	2331,2332" 
2021-03-05T20:00:00Z,"SPY",2021-03-05T20:10:00Z,Buy,356.63997258,356.40723963,669,-155.7,6.69,-155.7,211.75,367.45,0,"	2333,2334" 
2021-03-08T15:30:00Z,"SPY",2021-03-08T16:15:00Z,Buy,360.000636378,359.507242524,600,-296.04,6,-371.44,335.14,706.58,0,"	2335,2336" 
2021-03-08T16:30:00Z,"SPY",2021-03-08T16:40:00Z,Buy,360.45679296,359.535170478,598,-551.13,5.98,-584.53,0,584.53,0,"	2337,2338" 
2021-03-08T17:30:00Z,"SPY",2021-03-08T18:00:00Z,Buy,360.205441374,360.028564332,596,-105.42,5.96,-105.42,321.8,427.22,0,"	2339,2340" 
2021-03-08T18:30:00Z,"SPY",2021-03-08T18:35:00Z,Buy,360.577814094,360.103038876,595,-282.49,5.95,-299.11,0,299.11,0,"	2341,2342" 
2021-03-09T15:00:00Z,"SPY",2021-03-09T20:30:00Z,Buy,360.521958186,362.141779518,593,960.55,5.93,-24.84,1446.35,524.44,1,"	2343,2344" 
2021-03-11T16:00:00Z,"SPY",2021-03-11T17:55:00Z,Buy,366.83367579,367.336378962,552,277.49,5.52,0,683.45,416.24,1,"	2345,2346" 
2021-03-11T18:00:00Z,"SPY",2021-03-11T18:35:00Z,Buy,367.643586456,367.429472142,552,-118.19,5.52,-123.33,344.3,467.63,0,"	2347,2348" 
2021-03-19T14:00:00Z,"SPY",2021-03-19T14:20:00Z,Sell,362.879365959,362.972763989,627,-58.56,6.27,-58.56,685.16,743.72,0,"	2349,2350" 
2021-03-22T14:00:00Z,"SPY",2021-03-22T19:58:00Z,Buy,365.475831193,366.736704598,722,910.35,7.22,-175.33,1786.98,1004.76,1,"	2351,2352" 
2021-03-23T19:30:00Z,"SPY",2021-03-23T19:58:00Z,Sell,363.673249214,363.635890002,730,27.27,7.3,-231.81,429.54,661.35,1,"	2353,2354" 
2021-03-24T15:00:00Z,"SPY",2021-03-24T15:10:00Z,Buy,366.344432872,366.456510508,725,81.26,7.25,0,297.94,216.68,1,"	2355,2356" 
2021-03-25T19:30:00Z,"SPY",2021-03-25T19:58:00Z,Buy,363.757307441,363.990802516,731,170.68,7.31,-27.31,641.78,471.09,1,"	2357,2358" 
2021-03-26T14:30:00Z,"SPY",2021-03-26T14:50:00Z,Buy,366.185656221,365.93348154,727,-183.33,7.27,-183.33,101.85,285.18,0,"	2359,2360" 
2021-03-26T17:00:00Z,"SPY",2021-03-26T17:40:00Z,Buy,366.577927947,366.269714448,725,-223.45,7.25,-223.45,297.94,521.39,0,"	2361,2362" 
2021-03-26T19:30:00Z,"SPY",2021-03-26T19:58:00Z,Buy,366.895481249,369.323830029,723,1755.7,7.23,0,1755.7,222.84,1,"	2363,2364" 
2021-03-29T14:30:00Z,"SPY",2021-03-29T14:40:00Z,Sell,367.14765593,367.838801352,732,-505.92,7.32,-670,0,670,0,"	2365,2366" 
2021-03-29T15:00:00Z,"SPY",2021-03-29T15:05:00Z,Sell,367.24105396,367.343791793,729,-74.9,7.29,-74.9,183.84,258.73,0,"	2367,2368" 
2021-03-31T14:00:00Z,"SPY",2021-03-31T14:30:00Z,Buy,369.996295845,369.921577421,723,-54.02,7.23,-54.02,253.23,307.25,0,"	2369,2370" 
2021-03-31T15:00:00Z,"SPY",2021-03-31T19:40:00Z,Buy,370.622062646,370.668761661,722,33.72,7.22,-175.33,778.86,745.14,1,"	2371,2372" 
2021-04-01T14:30:00Z,"SPY",2021-04-01T14:50:00Z,Buy,372.863615366,372.816916351,718,-33.53,7.18,-128.08,57,128.08,0,"	2373,2374" 
2021-04-01T15:00:00Z,"SPY",2021-04-01T15:20:00Z,Buy,372.947673593,372.770217336,717,-127.24,7.17,-133.93,120.54,254.47,0,"	2375,2376" 
2021-04-01T15:30:00Z,"SPY",2021-04-01T16:00:00Z,Buy,372.872955169,372.826256154,717,-33.48,7.17,-93.75,103.8,147.33,0,"	2377,2378" 
2021-04-01T16:30:00Z,"SPY",2021-04-01T17:15:00Z,Buy,373.358624925,373.181168668,715,-126.88,7.15,-156.93,40.07,197,0,"	2379,2380" 
2021-04-01T18:00:00Z,"SPY",2021-04-01T19:00:00Z,Buy,373.274566698,373.526741379,715,180.3,7.15,-13.36,213.69,72.79,1,"	2381,2382" 
2021-04-05T14:00:00Z,"SPY",2021-04-05T19:58:00Z,Buy,377.841730365,379.75638998,707,1353.66,7.07,-198.1,1558.36,732.96,1,"	2383,2384" 
2021-04-09T18:00:00Z,"SPY",2021-04-09T18:40:00Z,Buy,382.754466743,382.74512694,705,-6.58,7.05,-144.86,92.18,237.04,0,"	2385,2386" 
2021-04-09T19:30:00Z,"SPY",2021-04-09T19:58:00Z,Buy,383.454951968,384.202136208,704,526.02,7.04,0,595.06,190.68,1,"	2387,2388" 
2021-04-13T18:30:00Z,"SPY",2021-04-13T19:35:00Z,Buy,385.45366981,385.92065996,703,328.29,7.03,0,531.84,203.54,1,"	2389,2390" 
2021-04-14T14:00:00Z,"SPY",2021-04-14T14:25:00Z,Buy,386.509067549,386.163494838,702,-242.59,7.02,-314.71,0,314.71,0,"	2391,2392" 
2021-04-14T19:00:00Z,"SPY",2021-04-14T19:15:00Z,Sell,384.192796405,384.388932268,705,-138.28,7.05,-144.86,243.63,388.49,0,"	2393,2394" 
2021-04-15T14:30:00Z,"SPY",2021-04-15T19:15:00Z,Buy,387.190873168,387.69522253,699,352.54,6.99,0,731.19,551.66,1,"	2395,2396" 
2021-04-19T15:00:00Z,"SPY",2021-04-19T15:15:00Z,Sell,387.919377802,388.059474847,700,-98.07,7,-98.07,300.74,398.81,0,"	2397,2398" 
2021-04-19T16:00:00Z,"SPY",2021-04-19T19:58:00Z,Sell,387.443047849,387.489746864,700,-32.69,7,-235.36,643.98,807.43,0,"	2399,2400" 
2021-04-20T15:00:00Z,"SPY",2021-04-20T19:45:00Z,Sell,385.117436902,385.285553356,704,-118.35,7.04,-118.35,1111.21,1229.57,0,"	2401,2402" 
2021-04-21T14:00:00Z,"SPY",2021-04-21T19:58:00Z,Buy,386.116795823,388.507785391,701,1676.08,7.01,-229.15,1800.48,320.81,1,"	2403,2404" 
2021-04-22T17:30:00Z,"SPY",2021-04-22T17:35:00Z,Sell,387.302950804,387.368329425,708,-46.29,7.08,-52.9,277.73,330.63,0,"	2405,2406" 
2021-04-22T18:00:00Z,"SPY",2021-04-22T19:58:00Z,Sell,384.631767146,385.285553356,713,-466.15,7.13,-1071.48,432.85,1504.33,0,"	2407,2408" 
2021-04-23T14:00:00Z,"SPY",2021-04-23T19:58:00Z,Buy,386.85464026,389.460445297,706,1839.7,7.06,-13.19,2630.97,913.26,1,"	2409,2410" 
2021-04-27T14:00:00Z,"SPY",2021-04-27T14:05:00Z,Sell,389.320348252,389.4697851,711,-106.25,7.11,-173.98,152.73,326.72,0,"	2411,2412" 
2021-05-04T14:00:00Z,"SPY",2021-05-04T17:15:00Z,Sell,386.537086958,386.284912277,715,180.3,7.15,-434.07,1395.69,1215.39,1,"	2413,2414" 
2021-05-04T17:30:00Z,"SPY",2021-05-04T17:35:00Z,Sell,386.368970504,386.518407352,717,-107.15,7.17,-107.15,147.33,254.47,0,"	2415,2416" 
2021-05-04T18:00:00Z,"SPY",2021-05-04T18:05:00Z,Sell,386.210193853,386.303591883,716,-66.87,7.16,-66.87,180.56,247.43,0,"	2417,2418" 
2021-05-04T18:30:00Z,"SPY",2021-05-04T18:35:00Z,Sell,386.434349125,386.602465579,716,-120.37,7.16,-160.5,0,160.5,0,"	2419,2420" 
2021-05-04T19:00:00Z,"SPY",2021-05-04T19:05:00Z,Sell,386.733222821,386.845300457,714,-80.02,7.14,-133.37,126.7,260.08,0,"	2421,2422" 
2021-05-04T19:30:00Z,"SPY",2021-05-04T19:35:00Z,Sell,386.555766564,386.966717896,714,-293.42,7.14,-293.42,106.7,400.12,0,"	2423,2424" 
2021-05-06T14:00:00Z,"SPY",2021-05-06T14:40:00Z,Sell,387.405688637,387.69522253,711,-205.86,7.11,-239.06,670.7,909.76,0,"	2425,2426" 
2021-05-06T16:30:00Z,"SPY",2021-05-06T16:40:00Z,Buy,389.955454856,389.497804509,705,-322.64,7.05,-388.49,0,388.49,0,"	2427,2428" 
2021-05-07T14:00:00Z,"SPY",2021-05-07T17:20:00Z,Buy,393.159007285,393.812793495,698,456.34,6.98,0,1212.57,795.34,1,"	2429,2430" 
2021-05-07T17:30:00Z,"SPY",2021-05-07T18:00:00Z,Buy,393.67269645,393.850152707,699,124.04,6.99,0,306.84,214.79,1,"	2431,2432" 
2021-05-07T18:30:00Z,"SPY",2021-05-07T19:58:00Z,Buy,394.391861281,394.578657341,699,130.57,6.99,-378.65,332.95,378.65,1,"	2433,2434" 
2021-05-10T18:30:00Z,"SPY",2021-05-10T19:58:00Z,Sell,392.056910531,390.441124612,703,1135.9,7.03,-45.96,1142.46,620.48,1,"	2435,2436" 
2021-05-11T14:30:00Z,"SPY",2021-05-11T15:15:00Z,Sell,384.659786555,384.743844782,723,-60.77,7.23,-310.62,884.6,1195.22,0,"	2437,2438" 
2021-05-12T15:00:00Z,"SPY",2021-05-12T15:15:00Z,Sell,382.399554229,382.997301621,727,-434.56,7.27,-434.56,20.37,454.93,0,"	2439,2440" 
2021-05-12T15:30:00Z,"SPY",2021-05-12T19:58:00Z,Sell,382.502292062,378.738351453,724,2725.09,7.24,-155.53,3144.34,1169.83,1,"	2441,2442" 
2021-05-13T14:00:00Z,"SPY",2021-05-13T15:30:00Z,Buy,382.978622015,382.782486152,738,-144.75,7.38,-234.35,1285.5,1519.86,0,"	2443,2444" 
2021-05-13T16:00:00Z,"SPY",2021-05-13T16:05:00Z,Buy,382.623709501,382.74512694,737,89.48,7.37,-103.25,357.94,268.45,1,"	2445,2446" 
2021-05-13T16:30:00Z,"SPY",2021-05-13T17:00:00Z,Buy,383.539010195,382.782486152,736,-556.8,7.36,-728.65,309.33,1037.99,0,"	2447,2448" 
2021-05-13T17:30:00Z,"SPY",2021-05-13T17:35:00Z,Buy,382.063321321,381.166700233,736,-659.91,7.36,-659.91,6.87,666.79,0,"	2449,2450" 
2021-05-13T18:00:00Z,"SPY",2021-05-13T18:05:00Z,Buy,381.829826246,382.679748319,733,622.99,7.33,0,622.99,49.29,1,"	2451,2452" 
2021-05-13T18:30:00Z,"SPY",2021-05-13T19:58:00Z,Buy,384.006000345,383.567029604,732,-321.33,7.32,-321.33,799.9,1121.22,0,"	2453,2454" 
2021-05-14T14:00:00Z,"SPY",2021-05-14T14:10:00Z,Buy,387.517766273,386.882659669,724,-459.82,7.24,-463.2,0,463.2,0,"	2455,2456" 
2021-05-14T15:00:00Z,"SPY",2021-05-14T19:58:00Z,Buy,387.863338984,389.451105494,721,1144.78,7.21,-262.63,1474.75,680.13,1,"	2457,2458" 
2021-05-20T14:00:00Z,"SPY",2021-05-20T19:58:00Z,Buy,385.82726193,387.863338984,730,1486.34,7.3,-47.73,2386.32,1370.43,1,"	2459,2460" 
2021-05-21T14:00:00Z,"SPY",2021-05-21T14:05:00Z,Buy,390.581221657,390.160930522,729,-306.39,7.29,-326.82,0,326.82,0,"	2461,2462" 
2021-05-24T14:30:00Z,"SPY",2021-05-24T16:10:00Z,Buy,391.356425306,391.515201957,726,115.27,7.26,0,393.28,278.01,1,"	2463,2464" 
2021-05-24T17:30:00Z,"SPY",2021-05-24T19:25:00Z,Buy,391.926153289,392.215687182,725,209.91,7.25,0,446.91,267.47,1,"	2465,2466" 
2021-06-04T15:00:00Z,"SPY",2021-06-04T15:10:00Z,Buy,393.878172116,393.999589555,723,87.78,7.23,-20.26,162.06,108.04,1,"	2467,2468" 
2021-06-04T19:00:00Z,"SPY",2021-06-04T19:10:00Z,Buy,394.60667675,394.503938917,722,-74.18,7.22,-74.18,6.74,80.92,0,"	2469,2470" 
2021-06-07T14:30:00Z,"SPY",2021-06-07T15:00:00Z,Sell,393.775434283,393.887511919,723,-81.03,7.23,-81.03,149.91,230.94,0,"	2471,2472" 
2021-06-08T15:30:00Z,"SPY",2021-06-08T15:35:00Z,Sell,393.140327679,393.39250236,724,-182.57,7.24,-202.86,0,202.86,0,"	2473,2474" 
2021-06-10T14:00:00Z,"SPY",2021-06-10T14:10:00Z,Buy,396.241142275,396.035666609,717,-147.33,7.17,-147.33,207.6,354.92,0,"	2475,2476" 
2021-06-14T16:30:00Z,"SPY",2021-06-14T17:15:00Z,Sell,395.437919217,395.400560005,718,26.82,7.18,0,174.36,147.53,1,"	2477,2478" 
2021-06-14T18:30:00Z,"SPY",2021-06-14T18:35:00Z,Sell,395.241783354,395.35386099,718,-80.47,7.18,-80.47,0,80.47,0,"	2479,2480" 
2021-06-15T14:30:00Z,"SPY",2021-06-15T16:25:00Z,Sell,396.343880108,396.343880108,716,0,7.16,-40.12,484.83,484.83,0,"	2481,2482" 
2021-06-15T16:30:00Z,"SPY",2021-06-15T16:35:00Z,Sell,396.390579123,396.437278138,716,-33.44,7.16,-40.12,13.37,53.5,0,"	2483,2484" 
2021-06-15T17:00:00Z,"SPY",2021-06-15T17:35:00Z,Sell,396.203783063,396.297181093,716,-66.87,7.16,-73.56,147.12,213.99,0,"	2485,2486" 
2021-06-16T16:30:00Z,"SPY",2021-06-16T17:15:00Z,Sell,395.559336656,395.652734686,717,-66.97,7.17,-66.97,167.42,234.38,0,"	2487,2488" 
2021-06-16T17:30:00Z,"SPY",2021-06-16T19:10:00Z,Sell,395.16706493,394.51327872,717,468.76,7.17,-253.8,2096.05,1627.28,1,"	2489,2490" 
2021-06-16T19:30:00Z,"SPY",2021-06-16T19:35:00Z,Sell,394.998948476,394.849511628,720,107.59,7.2,-121.04,107.59,121.04,1,"	2491,2492" 
2021-06-17T16:30:00Z,"SPY",2021-06-17T16:55:00Z,Sell,391.954172698,393.084288861,726,-820.46,7.26,-820.46,166.13,986.59,0,"	2493,2494" 
2021-06-18T15:00:00Z,"SPY",2021-06-18T15:35:00Z,Sell,389.984846364,390.22847562,725,-176.63,7.25,-217.39,394.02,570.65,0,"	2495,2496" 
2021-06-18T19:00:00Z,"SPY",2021-06-18T19:15:00Z,Sell,389.675624616,390.012957432,725,-244.57,7.25,-285.33,169.84,414.4,0,"	2497,2498" 
2021-06-21T14:00:00Z,"SPY",2021-06-21T19:58:00Z,Buy,391.568436528,394.454506176,720,2077.97,7.2,0,2084.72,397.38,1,"	2499,2500" 
2021-06-22T15:00:00Z,"SPY",2021-06-22T19:58:00Z,Buy,395.316578928,396.590947344,724,922.64,7.24,-67.84,1411.1,603.79,1,"	2501,2502" 
2021-07-01T14:00:00Z,"SPY",2021-07-01T14:20:00Z,Buy,402.306864504,402.381827352,716,53.67,7.16,-120.77,174.44,120.77,1,"	2503,2504" 
2021-07-01T18:00:00Z,"SPY",2021-07-01T19:58:00Z,Buy,402.850345152,403.122085476,715,194.29,7.15,-60.3,385.24,278.04,1,"	2505,2506" 
2021-07-02T17:00:00Z,"SPY",2021-07-02T19:58:00Z,Buy,405.989414412,406.457932212,710,332.65,7.1,-146.36,518.93,267.45,1,"	2507,2508" 
2021-07-06T14:00:00Z,"SPY",2021-07-06T17:45:00Z,Sell,405.708303732,404.42456496,712,914.02,7.12,-40.03,1974.82,1060.8,1,"	2509,2510" 
2021-07-06T18:00:00Z,"SPY",2021-07-06T18:05:00Z,Sell,404.555749944,404.696305284,719,-101.06,7.19,-101.06,0,101.06,0,"	2511,2512" 
2021-07-06T18:30:00Z,"SPY",2021-07-06T18:35:00Z,Sell,404.977415964,405.164823084,718,-134.56,7.18,-154.74,0,154.74,0,"	2513,2514" 
2021-07-06T19:00:00Z,"SPY",2021-07-06T19:05:00Z,Sell,404.89308276,404.968045608,717,-53.75,7.17,-53.75,0,53.75,0,"	2515,2516" 
2021-07-09T14:00:00Z,"SPY",2021-07-09T19:58:00Z,Buy,406.289265804,408.163337004,714,1338.09,7.14,0,1404.99,388.05,1,"	2517,2518" 
2021-07-12T14:30:00Z,"SPY",2021-07-12T14:50:00Z,Buy,408.978557976,408.959817264,716,-13.42,7.16,-13.42,167.73,181.15,0,"	2519,2520" 
2021-07-12T15:00:00Z,"SPY",2021-07-12T15:25:00Z,Buy,409.128483672,408.950446908,716,-127.47,7.16,-127.47,0,127.47,0,"	2521,2522" 
2021-07-12T18:30:00Z,"SPY",2021-07-12T19:05:00Z,Buy,409.456446132,409.2502983,714,-147.19,7.14,-147.19,73.59,220.78,0,"	2523,2524" 
2021-07-12T19:30:00Z,"SPY",2021-07-12T19:58:00Z,Buy,409.653223608,409.512668268,713,-100.22,7.13,-187.07,13.36,187.07,0,"	2525,2526" 
2021-07-15T18:00:00Z,"SPY",2021-07-15T18:25:00Z,Sell,405.530266968,406.53289506,720,-721.89,7.2,-721.89,0,721.89,0,"	2527,2528" 
2021-07-16T14:30:00Z,"SPY",2021-07-16T14:55:00Z,Sell,405.951932988,406.72030218,716,-550.15,7.16,-550.15,0,550.15,0,"	2529,2530" 
2021-07-16T15:00:00Z,"SPY",2021-07-16T15:55:00Z,Sell,406.504783992,406.373599008,712,93.4,7.12,-6.67,547.08,493.71,1,"	2531,2532" 
2021-07-16T17:30:00Z,"SPY",2021-07-16T19:58:00Z,Sell,406.25178438,404.021639652,713,1590.09,7.13,-13.36,1717.03,491.06,1,"	2533,2534" 
2021-07-19T14:00:00Z,"SPY",2021-07-19T14:50:00Z,Sell,397.546723656,397.81846398,736,-200,7.36,-200,1041.38,1241.38,0,"	2535,2536" 
2021-07-19T15:00:00Z,"SPY",2021-07-19T15:05:00Z,Sell,397.406168316,398.015241456,736,-448.28,7.36,-517.24,303.45,820.69,0,"	2537,2538" 
2021-07-19T15:30:00Z,"SPY",2021-07-19T15:35:00Z,Sell,397.612316148,398.230759644,733,-453.32,7.33,-556.35,27.47,583.82,0,"	2539,2540" 
2021-07-19T16:00:00Z,"SPY",2021-07-19T19:55:00Z,Sell,398.165167152,397.237501908,730,677.2,7.3,0,1956.34,1279.15,1,"	2541,2542" 
2021-07-20T14:00:00Z,"SPY",2021-07-20T19:58:00Z,Buy,401.2854957,404.293379976,727,2186.73,7.27,-194.15,2806.65,844.72,1,"	2543,2544" 
2021-07-21T14:00:00Z,"SPY",2021-07-21T14:20:00Z,Buy,406.364228652,405.980044056,729,-280.07,7.29,-382.54,0,382.54,0,"	2545,2546" 
2021-07-23T15:30:00Z,"SPY",2021-07-23T15:45:00Z,Buy,411.583516944,411.274295196,718,-222.02,7.18,-222.02,141.29,363.31,0,"	2547,2548" 
2021-07-23T17:30:00Z,"SPY",2021-07-23T19:05:00Z,Buy,412.126997592,411.883368336,716,-174.44,7.16,-187.86,87.22,268.37,0,"	2549,2550" 
2021-07-27T15:00:00Z,"SPY",2021-07-27T15:05:00Z,Sell,410.946332736,411.227443416,717,-201.56,7.17,-275.46,0,275.46,0,"	2551,2552" 
2021-07-27T15:30:00Z,"SPY",2021-07-27T18:50:00Z,Sell,410.168593188,410.309148528,718,-100.92,7.18,-114.37,1113.47,1227.84,0,"	2553,2554" 
2021-07-29T14:30:00Z,"SPY",2021-07-29T14:35:00Z,Buy,413.204588532,413.148366396,712,-40.03,7.12,-73.39,0,73.39,0,"	2555,2556" 
2021-07-29T15:00:00Z,"SPY",2021-07-29T15:25:00Z,Buy,413.7012174,413.588773128,711,-79.95,7.11,-146.57,103.27,249.84,0,"	2557,2558" 
2021-07-29T16:30:00Z,"SPY",2021-07-29T16:35:00Z,Buy,413.79492096,413.804291316,710,6.65,7.1,0,53.22,46.57,1,"	2559,2560" 
2021-08-03T14:00:00Z,"SPY",2021-08-03T14:05:00Z,Sell,408.92233584,409.353372216,719,-309.92,7.19,-336.86,0,336.86,0,"	2561,2562" 
2021-08-03T18:30:00Z,"SPY",2021-08-03T18:50:00Z,Buy,412.792292868,412.464330408,710,-232.85,7.1,-239.51,26.61,266.12,0,"	2563,2564" 
2021-08-03T19:00:00Z,"SPY",2021-08-03T19:58:00Z,Buy,412.736070732,413.251440312,709,365.4,7.09,0,372.04,225.88,1,"	2565,2566" 
2021-08-09T14:30:00Z,"SPY",2021-08-09T14:35:00Z,Sell,413.963587368,413.926105944,709,26.57,7.09,-79.72,26.57,86.37,1,"	2567,2568" 
2021-08-10T14:30:00Z,"SPY",2021-08-10T14:35:00Z,Buy,415.209844716,414.73195656,707,-337.87,7.07,-427.3,0,427.3,0,"	2569,2570" 
2021-08-12T19:00:00Z,"SPY",2021-08-12T19:58:00Z,Buy,416.849657016,417.140138052,703,204.21,7.03,0,227.26,194.33,1,"	2571,2572" 
2021-08-16T14:00:00Z,"SPY",2021-08-16T14:10:00Z,Sell,415.462844328,415.940732484,706,-337.39,7.06,-377.08,79.39,456.47,0,"	2573,2574" 
2021-08-16T14:30:00Z,"SPY",2021-08-16T15:20:00Z,Sell,415.181733648,415.706473584,705,-369.94,7.05,-416.18,92.49,508.67,0,"	2575,2576" 
2021-08-16T15:30:00Z,"SPY",2021-08-16T15:35:00Z,Sell,415.8095475,416.156250672,702,-243.39,7.02,-243.39,0,243.39,0,"	2577,2578" 
2021-08-17T16:00:00Z,"SPY",2021-08-17T19:05:00Z,Sell,415.15362258,415.322288988,702,-118.4,7.02,-164.45,1341.91,1506.36,0,"	2579,2580" 
2021-08-17T19:30:00Z,"SPY",2021-08-17T19:35:00Z,Sell,415.256696496,415.3410297,701,-59.12,7.01,-190.49,0,190.49,0,"	2581,2582" 
2021-08-18T19:30:00Z,"SPY",2021-08-18T19:58:00Z,Sell,413.738698824,411.667850148,703,1455.81,7.03,0,1455.81,434.77,1,"	2583,2584" 
2021-08-19T16:00:00Z,"SPY",2021-08-19T17:30:00Z,Buy,412.979699988,411.770924064,711,-859.44,7.11,-859.44,199.87,1059.31,0,"	2585,2586" 
2021-08-19T19:30:00Z,"SPY",2021-08-19T19:45:00Z,Buy,413.13899604,412.267552932,707,-616.11,7.07,-808.23,19.87,828.11,0,"	2587,2588" 
2021-08-20T14:00:00Z,"SPY",2021-08-20T15:05:00Z,Buy,414.02917986,414.225957336,703,138.33,7.03,-26.35,724.61,586.28,1,"	2589,2590" 
2021-08-20T15:30:00Z,"SPY",2021-08-20T19:58:00Z,Buy,414.347771964,415.706473584,703,955.17,7.03,-98.81,981.52,658.74,1,"	2591,2592" 
2021-08-23T14:00:00Z,"SPY",2021-08-23T19:58:00Z,Buy,418.24584006,419.0891721,701,591.18,7.01,-111.67,1215.19,663.43,1,"	2593,2594" 
2021-08-25T16:30:00Z,"SPY",2021-08-25T16:35:00Z,Buy,421.01009508,420.9632433,699,-32.75,6.99,-32.75,13.1,45.85,0,"	2595,2596" 
2021-08-26T14:30:00Z,"SPY",2021-08-26T15:20:00Z,Sell,419.37028278,419.426504916,701,-39.41,7.01,-105.1,781.67,821.08,0,"	2597,2598" 
2021-08-26T15:30:00Z,"SPY",2021-08-26T15:40:00Z,Sell,419.314060644,419.426504916,701,-78.82,7.01,-78.82,183.92,262.74,0,"	2599,2600" 
2021-08-26T16:00:00Z,"SPY",2021-08-26T16:05:00Z,Sell,419.304690288,419.801319156,701,-348.14,7.01,-348.14,0,348.14,0,"	2601,2602" 
2021-08-26T17:30:00Z,"SPY",2021-08-26T17:35:00Z,Sell,419.22972744,419.407764204,699,-124.45,6.99,-150.65,6.55,157.2,0,"	2603,2604" 
2021-08-26T18:00:00Z,"SPY",2021-08-26T19:58:00Z,Sell,419.304690288,418.348913976,698,667.13,6.98,0,827.37,474.19,1,"	2605,2606" 
2021-08-27T14:30:00Z,"SPY",2021-08-27T19:58:00Z,Buy,421.028835792,421.834686408,699,563.29,6.99,-242.35,818.73,366.79,1,"	2607,2608" 
2021-08-30T14:30:00Z,"SPY",2021-08-30T19:35:00Z,Buy,423.708757608,424.121053272,697,287.37,6.97,-52.25,548.62,411.46,1,"	2609,2610" 
2021-08-31T14:00:00Z,"SPY",2021-08-31T14:05:00Z,Sell,422.706129516,423.034091976,700,-229.57,7,-242.69,0,242.69,0,"	2611,2612" 
2021-09-07T14:00:00Z,"SPY",2021-09-07T14:50:00Z,Sell,423.296461944,423.16527696,698,91.57,6.98,-13.08,582.11,490.54,1,"	2613,2614" 
2021-09-07T15:30:00Z,"SPY",2021-09-07T15:40:00Z,Sell,422.687388804,423.062203044,699,-262,6.99,-281.64,0,281.64,0,"	2615,2616" 
2021-09-07T16:00:00Z,"SPY",2021-09-07T16:05:00Z,Sell,422.865425568,423.080943756,698,-150.43,6.98,-176.59,0,176.59,0,"	2617,2618" 
2021-09-08T15:00:00Z,"SPY",2021-09-08T15:05:00Z,Sell,421.122539352,421.722242136,700,-419.79,7,-446.03,0,446.03,0,"	2619,2620" 
2021-09-08T16:00:00Z,"SPY",2021-09-08T16:05:00Z,Sell,421.075687572,421.272465048,698,-137.35,6.98,-307.4,71.95,379.35,0,"	2621,2622" 
2021-09-09T14:00:00Z,"SPY",2021-09-09T14:50:00Z,Buy,423.362054436,423.49323942,693,90.91,6.93,-77.92,435.07,344.16,1,"	2623,2624" 
2021-09-09T18:00:00Z,"SPY",2021-09-09T18:10:00Z,Sell,421.019465436,421.169391132,698,-104.65,6.98,-104.65,372.81,477.46,0,"	2625,2626" 
2021-09-10T15:30:00Z,"SPY",2021-09-10T15:35:00Z,Sell,419.323431,419.726356308,700,-282.05,7,-282.05,0,282.05,0,"	2627,2628" 
2021-09-10T19:30:00Z,"SPY",2021-09-10T19:58:00Z,Sell,418.71435786,417.327545172,700,970.77,7,-26.24,997.01,157.42,1,"	2629,2630" 
2021-09-14T15:00:00Z,"SPY",2021-09-14T15:10:00Z,Sell,416.943360576,417.393137664,707,-317.99,7.07,-317.99,0,317.99,0,"	2631,2632" 
2021-09-14T17:00:00Z,"SPY",2021-09-14T19:58:00Z,Sell,416.868397728,415.987584264,706,621.85,7.06,-205.08,1032.01,648.32,1,"	2633,2634" 
2021-09-15T16:30:00Z,"SPY",2021-09-15T19:58:00Z,Buy,417.87102582,419.595171324,707,1218.97,7.07,0,1616.46,483.61,1,"	2635,2636" 
2021-09-16T14:00:00Z,"SPY",2021-09-16T16:20:00Z,Sell,418.049062584,417.786692616,712,186.81,7.12,0,1381.04,1194.23,1,"	2637,2638" 
2021-09-16T16:30:00Z,"SPY",2021-09-16T16:35:00Z,Sell,417.618026208,417.814803684,714,-140.5,7.14,-140.5,0,140.5,0,"	2639,2640" 
2021-09-16T17:00:00Z,"SPY",2021-09-16T17:05:00Z,Sell,417.889766532,417.627396564,713,187.07,7.13,0,190.41,36.75,1,"	2641,2642" 
2021-09-17T14:00:00Z,"SPY",2021-09-17T16:25:00Z,Sell,416.897319573,416.380298838,715,369.67,7.15,-100.82,1189.66,819.99,1,"	2643,2644" 
2021-09-17T16:30:00Z,"SPY",2021-09-17T16:40:00Z,Sell,416.032484889,416.596507509,719,-405.53,7.19,-410.94,0,410.94,0,"	2645,2646" 
2021-09-17T17:00:00Z,"SPY",2021-09-17T19:58:00Z,Sell,416.145289413,415.327456614,716,585.57,7.16,0,1103.83,747.1,1,"	2647,2648" 
2021-09-20T16:00:00Z,"SPY",2021-09-20T19:55:00Z,Sell,406.923519576,407.487542196,736,-415.12,7.36,-442.8,2725.96,3168.75,0,"	2649,2650" 
2021-09-22T14:30:00Z,"SPY",2021-09-22T14:55:00Z,Buy,411.17248998,411.285294504,726,81.9,7.26,-40.95,238.86,279.81,1,"	2651,2652" 
2021-09-22T15:00:00Z,"SPY",2021-09-22T17:50:00Z,Buy,411.698911092,411.661309584,725,-27.26,7.25,-95.41,817.83,913.25,0,"	2653,2654" 
2021-09-22T18:00:00Z,"SPY",2021-09-22T18:50:00Z,Buy,411.745912977,411.116087718,725,-456.62,7.25,-456.62,1349.42,1806.05,0,"	2655,2656" 
2021-09-22T19:30:00Z,"SPY",2021-09-22T19:50:00Z,Buy,412.6765503,411.839916747,721,-603.21,7.21,-603.21,142.33,745.54,0,"	2657,2658" 
2021-09-23T14:00:00Z,"SPY",2021-09-23T19:58:00Z,Buy,415.694071317,416.793915426,713,784.19,7.13,0,1770.12,1086.47,1,"	2659,2660" 
2021-09-28T14:00:00Z,"SPY",2021-09-28T18:45:00Z,Sell,411.745912977,409.320615711,724,1755.92,7.24,0,3396.13,1640.22,1,"	2661,2662" 
2021-09-28T19:00:00Z,"SPY",2021-09-28T19:05:00Z,Sell,409.715431545,409.8564372,736,-103.78,7.36,-197.18,41.51,238.69,0,"	2663,2664" 
2021-09-28T19:30:00Z,"SPY",2021-09-28T19:58:00Z,Sell,408.709591206,408.032764062,737,498.82,7.37,-374.12,879.87,381.04,1,"	2665,2666" 
2021-09-30T16:00:00Z,"SPY",2021-09-30T18:05:00Z,Sell,406.331295825,406.415899218,744,-62.94,7.44,-146.87,1549.14,1696.02,0,"	2667,2668" 
2021-10-01T18:30:00Z,"SPY",2021-10-01T19:58:00Z,Buy,408.013963308,408.455781027,740,326.95,7.4,-62.61,1355.78,1314.04,1,"	2669,2670" 
2021-10-04T14:30:00Z,"SPY",2021-10-04T19:05:00Z,Sell,404.178609492,403.247972169,749,697.05,7.49,0,2464.31,1767.26,1,"	2671,2672" 
2021-10-04T19:30:00Z,"SPY",2021-10-04T19:45:00Z,Sell,401.988321651,403.050564252,756,-803.06,7.56,-899,184.77,1083.77,0,"	2673,2674" 
2021-10-05T14:30:00Z,"SPY",2021-10-05T19:55:00Z,Buy,407.731951998,407.459341065,718,-195.73,7.18,-364.47,1140.66,1349.89,0,"	2675,2676" 
2021-10-07T14:00:00Z,"SPY",2021-10-07T16:30:00Z,Buy,414.255813636,414.5566257,687,206.66,6.87,-80.73,574.77,655.49,1,"	2677,2678" 
2021-10-11T14:00:00Z,"SPY",2021-10-11T14:35:00Z,Buy,413.05256538,413.625988377,732,419.75,7.32,-13.76,516.08,199.55,1,"	2679,2680" 
2021-10-14T15:30:00Z,"SPY",2021-10-14T15:35:00Z,Buy,414.688230978,414.697631355,731,6.87,7.31,-27.49,13.74,27.49,1,"	2681,2682" 
2021-10-14T16:00:00Z,"SPY",2021-10-14T19:58:00Z,Buy,415.271054352,415.675270563,730,295.08,7.3,-89.21,610.74,583.29,1,"	2683,2684" 
2021-10-28T14:00:00Z,"SPY",2021-10-28T14:15:00Z,Buy,429.381020229,429.099008919,708,-199.66,7.08,-359.4,86.52,445.92,0,"	2685,2686" 
2021-10-28T14:30:00Z,"SPY",2021-10-28T17:00:00Z,Buy,429.663031539,429.31521759,706,-245.56,7.06,-358.38,570.75,929.13,0,"	2687,2688" 
2021-10-28T17:30:00Z,"SPY",2021-10-28T19:58:00Z,Buy,429.653631162,430.744074894,705,768.76,7.05,0,775.39,483.79,1,"	2689,2690" 
2021-11-02T14:00:00Z,"SPY",2021-11-02T14:10:00Z,Buy,433.507785732,433.526586486,702,13.2,7.02,-79.19,131.98,211.17,1,"	2691,2692" 
2021-11-02T15:00:00Z,"SPY",2021-11-02T15:10:00Z,Buy,433.92140232,433.752195534,702,-118.78,7.02,-118.78,138.58,257.36,0,"	2693,2694" 
2021-11-02T15:30:00Z,"SPY",2021-11-02T16:00:00Z,Buy,434.10940986,433.742795157,701,-257,7.01,-257,270.18,527.17,0,"	2695,2696" 
2021-11-02T16:30:00Z,"SPY",2021-11-02T17:35:00Z,Buy,434.01540609,433.742795157,700,-190.83,7,-190.83,250.05,440.88,0,"	2697,2698" 
2021-11-02T18:00:00Z,"SPY",2021-11-02T18:05:00Z,Buy,433.968404205,433.912001943,699,-39.43,6.99,-72.28,19.71,91.99,0,"	2699,2700" 
2021-11-02T19:00:00Z,"SPY",2021-11-02T19:55:00Z,Buy,434.222214384,433.874400435,698,-242.77,6.98,-328.07,52.49,380.56,0,"	2701,2702" 
2021-11-03T19:00:00Z,"SPY",2021-11-03T19:58:00Z,Buy,436.111690161,437.061128238,694,658.91,6.94,0,760.03,309.88,1,"	2703,2704" 
2021-11-04T14:00:00Z,"SPY",2021-11-04T15:05:00Z,Buy,438.395981772,438.217374609,693,-123.77,6.93,-123.77,410.41,534.19,0,"	2705,2706" 
2021-11-05T14:00:00Z,"SPY",2021-11-05T14:10:00Z,Buy,442.062128802,441.921123147,687,-96.87,6.87,-96.87,245.41,342.28,0,"	2707,2708" 
2021-11-09T15:00:00Z,"SPY",2021-11-09T15:35:00Z,Sell,438.960004392,439.815438699,692,-591.96,6.92,-591.96,377.29,969.25,0,"	2709,2710" 
2021-11-09T16:00:00Z,"SPY",2021-11-09T20:45:00Z,Sell,439.242015702,439.251416079,688,-6.47,6.88,-226.36,776.1,798.73,0,"	2711,2712" 
2021-11-10T19:00:00Z,"SPY",2021-11-10T20:55:00Z,Sell,436.384301094,436.262096193,693,84.69,6.93,-32.57,1361.52,1394.09,1,"	2713,2714" 
2021-11-12T16:30:00Z,"SPY",2021-11-12T20:58:00Z,Buy,438.837799491,439.18561344,689,239.64,6.89,-330.32,602.35,680.07,1,"	2715,2716" 
2021-11-16T15:00:00Z,"SPY",2021-11-16T15:25:00Z,Buy,440.417062827,440.31365868,688,-71.14,6.88,-71.14,323.37,394.52,0,"	2717,2718" 
2021-11-16T16:30:00Z,"SPY",2021-11-16T20:50:00Z,Buy,441.582709575,441.178493364,686,-277.29,6.86,-277.29,457.85,735.15,0,"	2719,2720" 
2021-11-17T15:00:00Z,"SPY",2021-11-17T15:05:00Z,Sell,439.533427389,440.041047747,688,-349.24,6.88,-349.24,0,349.24,0,"	2721,2722" 
2021-11-18T15:30:00Z,"SPY",2021-11-18T15:35:00Z,Sell,438.818998737,439.232615325,687,-284.15,6.87,-355.19,0,355.19,0,"	2723,2724" 
2021-11-22T15:00:00Z,"SPY",2021-11-22T16:05:00Z,Buy,444.35582079,444.149012496,677,-140.01,6.77,-140.01,477.3,617.31,0,"	2725,2726" 
2021-11-22T16:30:00Z,"SPY",2021-11-22T16:35:00Z,Buy,443.876401563,444.008006841,677,89.1,6.77,-70,127.28,70,1,"	2727,2728" 
2021-11-23T15:00:00Z,"SPY",2021-11-23T15:05:00Z,Buy,440.482865466,439.975245108,683,-346.7,6.83,-423.75,0,423.75,0,"	2729,2730" 
2021-11-23T16:00:00Z,"SPY",2021-11-23T16:20:00Z,Sell,437.173932762,438.189173478,686,-696.46,6.86,-889.91,380.47,1270.39,0,"	2731,2732" 
2021-11-23T18:00:00Z,"SPY",2021-11-23T18:55:00Z,Sell,437.559348219,438.847199868,683,-879.6,6.83,-879.6,276.08,1155.68,0,"	2733,2734" 
2021-11-24T20:30:00Z,"SPY",2021-11-24T20:35:00Z,Buy,441.216094872,440.934083562,673,-189.79,6.73,-240.41,0,240.41,0,"	2735,2736" 
2021-11-26T15:00:00Z,"SPY",2021-11-26T17:30:00Z,Sell,433.808597796,433.009565751,684,546.54,6.84,0,2121.85,1575.32,1,"	2737,2738" 
2021-11-29T17:30:00Z,"SPY",2021-11-29T20:50:00Z,Buy,437.747355759,437.521746711,680,-153.41,6.8,-306.83,536.95,843.78,0,"	2739,2740" 
2021-11-30T16:00:00Z,"SPY",2021-11-30T20:58:00Z,Sell,430.546666977,428.732394216,690,1251.85,6.9,-1105.91,1628.05,2205.33,1,"	2741,2742" 
2021-12-01T16:00:00Z,"SPY",2021-12-01T16:55:00Z,Buy,435.669872442,435.33145887,688,-232.83,6.88,-232.83,763.16,995.99,0,"	2743,2744" 
2021-12-01T20:30:00Z,"SPY",2021-12-01T20:35:00Z,Sell,426.617309391,426.795916554,701,-125.2,7.01,-125.2,144.97,270.18,0,"	2745,2746" 
2021-12-02T15:00:00Z,"SPY",2021-12-02T15:35:00Z,Buy,428.553787053,426.476303736,698,-1450.08,6.98,-1450.08,275.58,1725.66,0,"	2747,2748" 
2021-12-02T16:00:00Z,"SPY",2021-12-02T20:58:00Z,Buy,427.641950484,429.428022114,692,1235.96,6.92,-396.81,2621.54,1691.32,1,"	2749,2750" 
2021-12-03T15:00:00Z,"SPY",2021-12-03T20:58:00Z,Sell,428.102568957,426.391700343,678,1159.97,6.78,-165.71,4104.51,2944.54,1,"	2751,2752" 
2021-12-06T15:30:00Z,"SPY",2021-12-06T15:45:00Z,Buy,430.640670747,429.578428146,686,-728.7,6.86,-728.7,0,728.7,0,"	2753,2754" 
2021-12-06T16:00:00Z,"SPY",2021-12-06T16:05:00Z,Buy,430.847479041,430.236454536,682,-416.72,6.82,-416.72,0,416.72,0,"	2755,2756" 
2021-12-06T17:30:00Z,"SPY",2021-12-06T20:05:00Z,Buy,431.19529299,431.129490351,680,-44.75,6.8,-172.59,1259.27,1310.41,0,"	2757,2758" 
2021-12-06T20:30:00Z,"SPY",2021-12-06T20:40:00Z,Buy,431.505505431,431.420902038,679,-57.45,6.79,-252.12,76.59,328.72,0,"	2759,2760" 
2021-12-07T15:00:00Z,"SPY",2021-12-07T20:25:00Z,Buy,439.232615325,439.383021357,629,94.61,6.29,-159.65,925.36,830.75,1,"	2761,2762" 
2021-12-13T15:00:00Z,"SPY",2021-12-13T15:10:00Z,Sell,440.59566999,440.623871121,542,-15.29,5.42,-71.33,99.35,170.68,0,"	2763,2764" 
2021-12-13T15:30:00Z,"SPY",2021-12-13T16:00:00Z,Sell,439.759036437,439.730835306,543,15.31,5.43,-247.56,229.7,477.26,1,"	2765,2766" 
2021-12-13T16:30:00Z,"SPY",2021-12-13T17:10:00Z,Sell,438.988205523,439.683833421,544,-378.42,5.44,-378.42,112.5,490.93,0,"	2767,2768" 
2021-12-13T18:00:00Z,"SPY",2021-12-13T18:05:00Z,Sell,439.486425504,439.674433044,542,-101.9,5.42,-127.38,68.78,196.16,0,"	2769,2770" 
2021-12-13T18:30:00Z,"SPY",2021-12-13T18:45:00Z,Sell,439.458224373,439.533427389,542,-40.76,5.42,-61.14,234.37,295.51,0,"	2771,2772" 
2021-12-15T15:00:00Z,"SPY",2021-12-15T15:05:00Z,Sell,434.024806467,434.212814007,535,-100.58,5.35,-176.02,70.41,246.43,0,"	2773,2774" 
2021-12-15T20:30:00Z,"SPY",2021-12-15T20:58:00Z,Buy,441.375901281,442.118531064,526,390.62,5.26,-613.13,395.57,904.86,1,"	2775,2776" 
2021-12-16T19:30:00Z,"SPY",2021-12-16T20:30:00Z,Sell,438.875400999,439.166812686,504,-146.87,5.04,-289.01,978.35,1205.77,0,"	2777,2778" 
2021-12-17T15:30:00Z,"SPY",2021-12-17T15:35:00Z,Sell,433.389860046,434.50300278,561,-624.47,5.61,-624.47,235.5,859.97,0,"	2779,2780" 
2021-12-20T15:30:00Z,"SPY",2021-12-20T15:40:00Z,Sell,426.720437055,427.295875248,570,-328,5.7,-360.26,129.05,489.31,0,"	2781,2782" 
2021-12-20T16:00:00Z,"SPY",2021-12-20T16:10:00Z,Sell,426.324233709,426.277066644,569,26.84,5.69,-16.1,252.28,230.81,1,"	2783,2784" 
2021-12-20T16:30:00Z,"SPY",2021-12-20T16:45:00Z,Sell,426.192165927,426.305366883,569,-64.41,5.69,-123.46,343.53,407.94,0,"	2785,2786" 
2021-12-21T18:00:00Z,"SPY",2021-12-21T20:45:00Z,Buy,435.691612818,435.474644319,596,-129.31,5.96,-314.85,545.36,674.68,0,"	2787,2788" 
2021-12-22T16:00:00Z,"SPY",2021-12-22T18:40:00Z,Buy,439.719680169,439.464978018,571,-145.43,5.71,-150.82,398.6,549.42,0,"	2789,2790" 
2021-12-22T20:00:00Z,"SPY",2021-12-22T20:58:00Z,Buy,439.898915016,441.20072601,570,742.03,5.7,-107.54,763.54,316.71,1,"	2791,2792" 
2021-12-23T15:00:00Z,"SPY",2021-12-23T15:05:00Z,Buy,443.530779021,443.445878304,586,-49.75,5.86,-49.75,110.56,160.31,0,"	2793,2794" 
2021-12-23T15:30:00Z,"SPY",2021-12-23T15:35:00Z,Buy,443.974149432,443.794914585,585,-104.85,5.85,-126.93,71.74,198.67,0,"	2795,2796" 
2021-12-23T16:00:00Z,"SPY",2021-12-23T16:05:00Z,Buy,444.398653017,444.379786191,584,-11.02,5.84,-85.39,44.07,129.46,0,"	2797,2798" 
2021-12-23T17:00:00Z,"SPY",2021-12-23T17:05:00Z,Buy,444.606188103,444.464686908,584,-82.64,5.84,-82.64,0,82.64,0,"	2799,2800" 
2021-12-23T19:30:00Z,"SPY",2021-12-23T20:05:00Z,Buy,444.842023428,444.587321277,583,-148.49,5.83,-153.99,131.99,285.98,0,"	2801,2802" 
2021-12-27T15:30:00Z,"SPY",2021-12-27T20:58:00Z,Buy,447.766381458,450.124734708,597,1407.94,5.97,-107,1407.94,456.17,1,"	2803,2804" 
2022-01-04T19:00:00Z,"SPY",2022-01-04T19:05:00Z,Sell,448.766323236,449.304027777,665,-357.57,6.65,-357.57,0,357.57,0,"	2805,2806" 
2022-01-05T19:30:00Z,"SPY",2022-01-05T20:58:00Z,Sell,446.57777142,442.23840144,667,2894.36,6.67,-251.68,2906.94,572.58,1,"	2807,2808" 
2022-01-06T15:00:00Z,"SPY",2022-01-06T15:25:00Z,Sell,440.578120752,440.955457272,689,-259.98,6.89,-259.98,948.94,1208.93,0,"	2809,2810" 
2022-01-07T16:00:00Z,"SPY",2022-01-07T16:50:00Z,Sell,438.889539825,441.021491163,690,-1471.05,6.9,-1471.05,240.84,1711.88,0,"	2811,2812" 
2022-01-10T15:00:00Z,"SPY",2022-01-10T16:20:00Z,Sell,433.314392742,433.427593698,692,-78.34,6.92,-117.5,1684.2,1762.54,0,"	2813,2814" 
2022-01-10T16:30:00Z,"SPY",2022-01-10T16:35:00Z,Sell,433.984165065,433.257792264,691,501.92,6.91,0,534.52,32.59,1,"	2815,2816" 
2022-01-10T17:00:00Z,"SPY",2022-01-10T17:55:00Z,Sell,433.437027111,433.682295849,694,-170.22,6.94,-294.61,942.74,1237.34,0,"	2817,2818" 
2022-01-10T18:00:00Z,"SPY",2022-01-10T18:05:00Z,Sell,433.210625199,433.455893937,694,-170.22,6.94,-202.95,0,202.95,0,"	2819,2820" 
2022-01-10T18:30:00Z,"SPY",2022-01-10T18:35:00Z,Sell,434.446402302,434.361501585,691,58.67,6.91,-228.15,110.81,228.15,1,"	2821,2822" 
2022-01-11T15:00:00Z,"SPY",2022-01-11T15:05:00Z,Sell,436.625520705,437.870731221,688,-856.7,6.88,-856.7,0,856.7,0,"	2823,2824" 
2022-01-11T16:00:00Z,"SPY",2022-01-11T16:05:00Z,Sell,437.172658659,438.08769972,683,-624.97,6.83,-631.42,0,631.42,0,"	2825,2826" 
2022-01-11T17:00:00Z,"SPY",2022-01-11T17:30:00Z,Buy,441.059224815,440.370585666,674,-464.14,6.74,-502.29,247.97,750.26,0,"	2827,2828" 
2022-01-11T18:00:00Z,"SPY",2022-01-11T18:10:00Z,Buy,441.257326488,440.691321708,672,-380.36,6.72,-481.78,0,481.78,0,"	2829,2830" 
2022-01-11T18:30:00Z,"SPY",2022-01-11T20:58:00Z,Buy,441.568629117,442.794972807,669,820.42,6.69,-119.91,1009.75,624.78,1,"	2831,2832" 
2022-01-13T17:30:00Z,"SPY",2022-01-13T20:58:00Z,Sell,441.219592836,438.031099242,674,2149.04,6.74,-877.42,2689.48,1297.06,1,"	2833,2834" 
2022-01-18T15:00:00Z,"SPY",2022-01-18T15:10:00Z,Sell,432.14464953,433.069124004,697,-644.36,6.97,-644.36,374.78,1019.14,0,"	2835,2836" 
2022-01-18T16:00:00Z,"SPY",2022-01-18T16:50:00Z,Sell,431.588078163,432.276717312,695,-478.6,6.95,-478.6,531.05,1009.66,0,"	2837,2838" 
2022-01-18T17:00:00Z,"SPY",2022-01-18T19:20:00Z,Sell,432.116349291,431.654112054,692,319.87,6.92,0,1658.09,1338.22,1,"	2839,2840" 
2022-01-18T19:30:00Z,"SPY",2022-01-18T19:35:00Z,Sell,431.286208947,431.95598127,695,-465.49,6.95,-494.99,0,494.99,0,"	2841,2842" 
2022-01-18T20:30:00Z,"SPY",2022-01-18T20:58:00Z,Sell,431.144707752,430.314567408,693,575.29,6.93,-13.07,1032.9,892.35,1,"	2843,2844" 
2022-01-19T15:00:00Z,"SPY",2022-01-19T15:05:00Z,Buy,433.46532735,432.833288679,692,-437.37,6.92,-450.43,0,450.43,0,"	2845,2846" 
2022-01-19T19:30:00Z,"SPY",2022-01-19T19:45:00Z,Sell,428.720320611,429.757996041,698,-724.3,6.98,-724.3,46.09,770.39,0,"	2847,2848" 
2022-01-20T15:00:00Z,"SPY",2022-01-20T18:05:00Z,Buy,430.842838536,430.154199387,691,-475.85,6.91,-736.59,1303.7,1779.55,0,"	2849,2850" 
2022-01-20T18:30:00Z,"SPY",2022-01-20T18:35:00Z,Buy,429.88063041,429.644795085,690,-162.73,6.9,-162.73,0,162.73,0,"	2851,2852" 
2022-01-21T15:00:00Z,"SPY",2022-01-21T15:35:00Z,Sell,418.485067506,419.852912391,708,-968.43,7.08,-981.79,1856.72,2838.51,0,"	2853,2854" 
2022-01-21T17:30:00Z,"SPY",2022-01-21T17:35:00Z,Sell,418.447333854,418.569968223,704,-86.33,7.04,-92.98,232.44,325.42,0,"	2855,2856" 
2022-01-21T18:00:00Z,"SPY",2022-01-21T18:15:00Z,Sell,417.758694705,418.824670374,704,-750.45,7.04,-773.69,172.67,946.36,0,"	2857,2858" 
2022-01-21T18:30:00Z,"SPY",2022-01-21T20:58:00Z,Sell,416.975721426,414.381532851,702,1821.12,7.02,-993.34,2615.79,1940.32,1,"	2859,2860" 
2022-01-24T15:00:00Z,"SPY",2022-01-24T15:40:00Z,Sell,404.759451591,405.655625826,732,-656,7.32,-1118.65,2154.44,3273.09,0,"	2861,2862" 
2022-01-24T16:00:00Z,"SPY",2022-01-24T18:15:00Z,Sell,404.485882614,403.816110291,729,488.26,7.29,0,5326.2,4837.94,1,"	2863,2864" 
2022-01-24T18:30:00Z,"SPY",2022-01-24T18:35:00Z,Sell,402.127529364,404.240613876,736,-1555.23,7.36,-1555.23,0,1555.23,0,"	2865,2866" 
2022-01-24T19:30:00Z,"SPY",2022-01-24T19:35:00Z,Sell,404.212313637,404.202880224,725,6.84,7.25,-848.06,6.84,848.06,1,"	2867,2868" 
2022-01-25T15:00:00Z,"SPY",2022-01-25T15:30:00Z,Sell,404.825485482,407.99511225,723,-2291.64,7.23,-2291.64,1186.74,3478.38,0,"	2869,2870" 
2022-01-25T16:00:00Z,"SPY",2022-01-25T16:05:00Z,Sell,406.693301256,407.193272145,709,-354.48,7.09,-361.17,120.39,481.56,0,"	2871,2872" 
2022-01-25T17:00:00Z,"SPY",2022-01-25T17:10:00Z,Sell,405.44809074,407.164971906,709,-1217.27,7.09,-1458.05,40.13,1498.18,0,"	2873,2874" 
2022-01-27T15:00:00Z,"SPY",2022-01-27T15:20:00Z,Buy,415.362607803,415.390908042,686,19.41,6.86,-1048.35,692.43,1048.35,1,"	2875,2876" 
2022-01-27T18:30:00Z,"SPY",2022-01-27T19:00:00Z,Sell,405.929194803,407.5234416,702,-1119.16,7.02,-1291.34,0,1291.34,0,"	2877,2878" 
2022-01-27T19:30:00Z,"SPY",2022-01-27T19:40:00Z,Sell,406.448032518,406.834802451,696,-269.19,6.96,-269.19,604.04,873.23,0,"	2879,2880" 
2022-01-28T15:00:00Z,"SPY",2022-01-28T15:10:00Z,Sell,404.212313637,405.080187633,699,-606.64,6.99,-606.64,283.54,890.18,0,"	2881,2882" 
2022-01-28T16:30:00Z,"SPY",2022-01-28T17:40:00Z,Buy,410.372332326,410.532700347,685,109.85,6.85,-277.86,1602.55,1596.09,1,"	2883,2884" 
2022-01-28T18:30:00Z,"SPY",2022-01-28T19:15:00Z,Buy,410.938337106,409.457291265,685,-1014.52,6.85,-1014.52,646.19,1660.71,0,"	2885,2886" 
2022-01-28T20:00:00Z,"SPY",2022-01-28T20:15:00Z,Buy,411.362840691,411.372274104,679,6.41,6.79,-256.21,365.1,621.31,1,"	2887,2888" 
2022-01-28T20:30:00Z,"SPY",2022-01-28T20:58:00Z,Buy,412.466550012,416.305949103,677,2599.27,6.77,-612.46,2605.66,612.46,1,"	2889,2890" 
2022-01-31T15:30:00Z,"SPY",2022-01-31T20:58:00Z,Buy,419.202006894,424.69225326,593,3255.72,5.93,-262.92,3261.31,1320.19,1,"	2891,2892" 
2022-02-04T18:30:00Z,"SPY",2022-02-04T20:45:00Z,Buy,424.277183088,425.295991692,498,507.37,4.98,-192.61,1329.49,822.12,1,"	2893,2894" 
2022-02-08T17:00:00Z,"SPY",2022-02-08T17:20:00Z,Buy,424.579052304,424.277183088,519,-156.67,5.19,-235.01,176.25,411.26,0,"	2895,2896" 
2022-02-08T17:30:00Z,"SPY",2022-02-08T19:25:00Z,Buy,424.616785956,423.786645612,519,-430.84,5.19,-445.53,536.11,981.64,0,"	2897,2898" 
2022-02-11T18:00:00Z,"SPY",2022-02-11T18:05:00Z,Sell,421.371691884,421.29622458,525,39.62,5.25,-84.19,94.1,84.19,1,"	2899,2900" 
2022-02-11T18:30:00Z,"SPY",2022-02-11T20:58:00Z,Sell,420.418917171,416.305949103,526,2163.42,5.26,0,3255.06,1622.57,1,"	2901,2902" 
2022-02-14T16:00:00Z,"SPY",2022-02-14T16:05:00Z,Sell,413.051421618,413.740060767,502,-345.7,5.02,-350.43,0,350.43,0,"	2903,2904" 
2022-02-14T19:00:00Z,"SPY",2022-02-14T19:30:00Z,Sell,411.523208712,412.71181875,502,-596.68,5.02,-596.68,312.55,909.23,0,"	2905,2906" 
2022-02-15T16:00:00Z,"SPY",2022-02-15T16:15:00Z,Buy,420.267982563,420.305716215,503,18.98,5.03,-9.49,208.78,189.8,1,"	2907,2908" 
2022-02-17T15:00:00Z,"SPY",2022-02-17T16:15:00Z,Sell,415.805978214,416.39084982,495,-289.51,4.95,-378.23,420.26,774.68,0,"	2909,2910" 
2022-02-17T16:30:00Z,"SPY",2022-02-17T16:50:00Z,Sell,416.447450298,416.975721426,494,-260.97,4.94,-260.97,202.71,463.68,0,"	2911,2912" 
2022-02-17T17:00:00Z,"SPY",2022-02-17T17:05:00Z,Sell,416.20218156,416.456883711,493,-125.57,4.93,-125.57,88.36,213.93,0,"	2913,2914" 
2022-02-17T18:00:00Z,"SPY",2022-02-17T20:58:00Z,Sell,416.145581082,412.2401481,493,1925.38,4.93,-46.51,2097.45,644.12,1,"	2915,2916" 
2022-02-18T16:00:00Z,"SPY",2022-02-18T19:20:00Z,Sell,410.787402498,410.268564783,512,265.64,5.12,-33.81,1700.13,1434.48,1,"	2917,2918" 
2022-02-22T18:00:00Z,"SPY",2022-02-22T19:50:00Z,Sell,405.099054459,405.54242487,558,-247.4,5.58,-263.19,1784.44,2031.84,0,"	2919,2920" 
2022-02-23T16:00:00Z,"SPY",2022-02-23T16:50:00Z,Sell,403.872710769,403.891577595,563,-10.62,5.63,-37.18,732.92,743.54,0,"	2921,2922" 
2022-02-23T18:30:00Z,"SPY",2022-02-23T20:58:00Z,Sell,401.599258236,397.514590407,566,2311.92,5.66,-726.15,2317.26,1019.81,1,"	2923,2924" 
2022-02-25T15:30:00Z,"SPY",2022-02-25T15:40:00Z,Buy,407.410240644,406.740468321,571,-382.44,5.71,-581.74,107.73,689.47,0,"	2925,2926" 
2022-02-25T16:00:00Z,"SPY",2022-02-25T20:58:00Z,Buy,408.721485051,412.532583903,567,2160.89,5.67,-262.09,2353.45,1337.19,1,"	2927,2928" 
2022-03-01T17:00:00Z,"SPY",2022-03-01T19:40:00Z,Sell,405.391490262,406.740468321,523,-705.52,5.23,-863.39,705.52,1420.9,0,"	2929,2930" 
2022-03-01T20:00:00Z,"SPY",2022-03-01T20:05:00Z,Sell,405.382056849,407.070637776,520,-878.06,5.2,-878.06,0,878.06,0,"	2931,2932" 
2022-03-01T20:30:00Z,"SPY",2022-03-01T20:58:00Z,Sell,405.127354698,405.287722719,517,-82.91,5.17,-229.22,990.05,1155.87,0,"	2933,2934" 
2022-03-02T15:30:00Z,"SPY",2022-03-02T15:35:00Z,Buy,409.749727068,409.296923244,507,-229.57,5.07,-272.62,0,272.62,0,"	2935,2936" 
2022-03-02T16:30:00Z,"SPY",2022-03-02T20:58:00Z,Buy,412.013746188,413.098588683,503,545.68,5.03,-194.55,1238.45,892.06,1,"	2937,2938" 
2022-03-03T16:00:00Z,"SPY",2022-03-03T16:05:00Z,Sell,410.249697957,410.598734238,495,-172.77,4.95,-205.46,0,205.46,0,"	2939,2940" 
2022-03-04T16:00:00Z,"SPY",2022-03-04T16:20:00Z,Sell,404.212313637,404.617950396,522,-211.74,5.22,-334.85,260.98,595.83,0,"	2941,2942" 
2022-03-07T15:00:00Z,"SPY",2022-03-07T20:58:00Z,Sell,403.56140814,396.552382281,550,3854.96,5.5,-337.24,4254.47,1022.11,1,"	2943,2944" 
2022-03-08T15:30:00Z,"SPY",2022-03-08T15:45:00Z,Sell,392.769583668,393.401622339,510,-322.34,5.1,-432.99,346.39,668.73,0,"	2945,2946" 
2022-03-08T17:30:00Z,"SPY",2022-03-08T18:30:00Z,Buy,399.825776592,399.740875875,500,-42.45,5,-259.42,1485.76,1547.08,0,"	2947,2948" 
2022-03-14T15:00:00Z,"SPY",2022-03-14T15:10:00Z,Buy,400.278580416,399.637108332,481,-308.55,4.81,-317.62,0,317.62,0,"	2949,2950" 
2022-03-15T16:30:00Z,"SPY",2022-03-15T16:50:00Z,Buy,400.052178504,399.297505464,483,-364.51,4.83,-364.51,104.8,469.3,0,"	2951,2952" 
2022-03-15T17:00:00Z,"SPY",2022-03-15T17:10:00Z,Buy,399.589941267,399.31637229,482,-131.86,4.82,-131.86,195.52,327.38,0,"	2953,2954" 
2022-03-15T19:30:00Z,"SPY",2022-03-15T19:58:00Z,Buy,401.655858714,401.740759431,480,40.75,4.8,-95.09,380.36,384.88,1,"	2955,2956" 
2022-03-16T14:00:00Z,"SPY",2022-03-16T14:05:00Z,Buy,407.457407709,406.995170472,459,-212.17,4.59,-212.17,142.89,355.05,0,"	2957,2958" 
2022-03-16T14:30:00Z,"SPY",2022-03-16T14:45:00Z,Buy,408.900719898,408.032845902,457,-396.62,4.57,-534.57,336.26,870.84,0,"	2959,2960" 
2022-03-16T15:00:00Z,"SPY",2022-03-16T15:10:00Z,Buy,408.759218703,408.37244877,456,-176.37,4.56,-262.4,4.3,262.4,0,"	2961,2962" 
2022-03-17T18:00:00Z,"SPY",2022-03-17T18:05:00Z,Buy,414.551334285,414.372099438,435,-77.97,4.35,-164.14,0,164.14,0,"	2963,2964" 
2022-03-22T14:30:00Z,"SPY",2022-03-22T15:35:00Z,Buy,424.469186183,424.838232224,455,167.92,4.55,-90.42,482.22,378.89,1,"	2965,2966" 
2022-03-24T16:00:00Z,"SPY",2022-03-24T16:05:00Z,Buy,424.327245398,423.816258572,456,-233.01,4.56,-254.58,17.26,271.84,0,"	2967,2968" 
2022-04-04T14:00:00Z,"SPY",2022-04-04T14:05:00Z,Buy,430.099503988,430.127892145,631,17.91,6.31,-29.85,23.88,29.85,1,"	2969,2970" 
2022-04-04T15:30:00Z,"SPY",2022-04-04T15:40:00Z,Buy,430.752431599,430.686192566,630,-41.73,6.3,-166.92,65.58,232.5,0,"	2971,2972" 
2022-04-04T16:00:00Z,"SPY",2022-04-04T16:40:00Z,Buy,431.045775888,430.724043442,629,-202.37,6.29,-202.37,95.23,297.6,0,"	2973,2974" 
2022-04-04T18:00:00Z,"SPY",2022-04-04T18:10:00Z,Buy,431.235030268,430.676729847,628,-350.61,6.28,-356.56,17.83,374.38,0,"	2975,2976" 
2022-04-04T18:30:00Z,"SPY",2022-04-04T19:20:00Z,Buy,431.386433772,431.518911838,627,83.06,6.27,-103.83,213.59,195.79,1,"	2977,2978" 
2022-04-05T16:30:00Z,"SPY",2022-04-05T16:40:00Z,Sell,428.443528163,428.822036923,683,-258.52,6.83,-258.52,3.23,261.75,0,"	2979,2980" 
2022-04-05T18:30:00Z,"SPY",2022-04-05T19:58:00Z,Sell,428.594931667,426.456357173,682,1458.51,6.82,-138.75,1883.8,670.53,1,"	2981,2982" 
2022-04-06T14:00:00Z,"SPY",2022-04-06T14:25:00Z,Sell,421.639833202,421.630370483,712,6.74,7.12,-121.27,592.9,714.17,1,"	2983,2984" 
2022-04-06T14:30:00Z,"SPY",2022-04-06T14:50:00Z,Sell,421.062607343,421.838550301,713,-553.25,7.13,-553.25,80.96,634.21,0,"	2985,2986" 
2022-04-06T15:00:00Z,"SPY",2022-04-06T15:30:00Z,Sell,421.053144624,421.526280574,711,-336.4,7.11,-403.68,111.01,514.69,0,"	2987,2988" 
2022-04-06T16:30:00Z,"SPY",2022-04-06T16:35:00Z,Sell,420.977442872,421.299175318,709,-228.11,7.09,-228.11,0,228.11,0,"	2989,2990" 
2022-04-06T18:30:00Z,"SPY",2022-04-06T18:35:00Z,Sell,420.674635864,422.690195011,709,-1429.03,7.09,-1429.03,13.42,1442.45,0,"	2991,2992" 
2022-04-07T19:00:00Z,"SPY",2022-04-07T19:55:00Z,Buy,425.112651075,425.084262918,687,-19.5,6.87,-19.5,877.62,897.12,0,"	2993,2994" 
2022-04-08T14:00:00Z,"SPY",2022-04-08T14:05:00Z,Sell,422.13189459,422.907837548,710,-550.92,7.1,-564.36,0,564.36,0,"	2995,2996" 
2022-04-11T14:30:00Z,"SPY",2022-04-11T19:00:00Z,Sell,418.971346444,418.678002155,713,209.15,7.13,-13.49,958.06,836.62,1,"	2997,2998" 
2022-04-11T19:30:00Z,"SPY",2022-04-11T19:58:00Z,Sell,417.258594305,416.066291711,716,853.69,7.16,-20.33,948.54,321.83,1,"	2999,3000" 
2022-04-12T14:00:00Z,"SPY",2022-04-12T14:30:00Z,Buy,421.157234533,419.775677559,683,-943.6,6.83,-956.53,0,956.53,0,"	3001,3002" 
2022-04-12T19:30:00Z,"SPY",2022-04-12T19:40:00Z,Sell,413.568133895,414.410315886,691,-581.95,6.91,-581.95,75.2,657.14,0,"	3003,3004" 
2022-04-13T15:00:00Z,"SPY",2022-04-13T19:58:00Z,Buy,416.198769777,419.529646865,715,2381.58,7.15,0,2855.19,832.2,1,"	3005,3006" 
2022-04-14T14:30:00Z,"SPY",2022-04-14T15:25:00Z,Sell,417.58978947,418.356269709,724,-554.93,7.24,-554.93,293.91,848.84,0,"	3007,3008" 
2022-04-14T16:00:00Z,"SPY",2022-04-14T18:05:00Z,Sell,417.088265363,417.949372792,723,-622.58,7.23,-622.58,841.51,1464.09,0,"	3009,3010" 
2022-04-14T18:30:00Z,"SPY",2022-04-14T19:58:00Z,Sell,417.220743429,414.363002291,719,2054.72,7.19,-136.07,2061.52,693.98,1,"	3011,3012" 
2022-04-19T14:00:00Z,"SPY",2022-04-19T19:58:00Z,Buy,417.703342098,420.750337616,728,2218.21,7.28,-110.22,2982.88,1095.33,1,"	3013,3014" 
2022-04-21T18:00:00Z,"SPY",2022-04-21T19:58:00Z,Sell,418.006149106,414.419778605,738,2646.74,7.38,0,3201.93,1218.62,1,"	3015,3016" 
2022-04-22T14:00:00Z,"SPY",2022-04-22T14:10:00Z,Sell,410.984811608,412.177114202,764,-910.92,7.64,-1098.89,7.23,1106.12,0,"	3017,3018" 
2022-04-22T14:30:00Z,"SPY",2022-04-22T19:58:00Z,Sell,409.669493667,403.367322813,762,4802.25,7.62,-735.48,4910.41,2393.92,1,"	3019,3020" 
2022-04-25T14:00:00Z,"SPY",2022-04-25T14:25:00Z,Sell,397.708616851,399.601160651,687,-1300.18,6.87,-1300.18,149.52,1449.7,0,"	3021,3022" 
2022-04-25T15:00:00Z,"SPY",2022-04-25T16:25:00Z,Sell,398.087125611,399.591697932,681,-1024.61,6.81,-1024.61,1127.72,2152.33,0,"	3023,3024" 
2022-04-26T14:00:00Z,"SPY",2022-04-26T17:00:00Z,Sell,401.077344815,399.553847056,683,1040.55,6.83,-452.41,2843.74,1816.11,1,"	3025,3026" 
2022-04-26T17:30:00Z,"SPY",2022-04-26T19:58:00Z,Sell,396.658255042,394.548068705,695,1466.58,6.95,-1216.67,1591.53,1348.2,1,"	3027,3028" 
2022-04-27T14:00:00Z,"SPY",2022-04-27T14:05:00Z,Buy,398.143901925,396.951599331,619,-738.04,6.19,-743.89,292.87,1036.76,0,"	3029,3030" 
2022-04-27T15:30:00Z,"SPY",2022-04-27T15:55:00Z,Buy,397.263869058,396.610941447,618,-403.51,6.18,-403.51,538.01,941.52,0,"	3031,3032" 
2022-04-27T16:30:00Z,"SPY",2022-04-27T18:20:00Z,Buy,399.440294428,398.030349297,613,-864.3,6.13,-1160.13,435.05,1595.18,0,"	3033,3034" 
2022-04-28T17:00:00Z,"SPY",2022-04-28T19:58:00Z,Buy,402.73332064,404.200042085,599,878.57,5.99,-28.34,2255.93,1649.44,1,"	3035,3036" 
2022-04-29T14:30:00Z,"SPY",2022-04-29T15:35:00Z,Sell,398.541336123,398.711665065,530,-90.27,5.3,-275.84,762.32,1038.15,0,"	3037,3038" 
2022-04-29T16:00:00Z,"SPY",2022-04-29T19:58:00Z,Sell,397.860020355,389.211095189,531,4592.58,5.31,0,4595.09,1241.1,1,"	3039,3040" 
2022-05-02T14:30:00Z,"SPY",2022-05-02T14:45:00Z,Buy,392.182388955,391.813342914,481,-177.51,4.81,-177.51,423.3,600.81,0,"	3041,3042" 
2022-05-02T18:00:00Z,"SPY",2022-05-02T18:05:00Z,Sell,385.709889159,386.523682993,488,-397.13,4.88,-397.13,263.21,660.35,0,"	3043,3044" 
2022-05-02T18:30:00Z,"SPY",2022-05-02T19:05:00Z,Sell,384.441884813,385.79505363,488,-660.35,4.88,-660.35,498.72,1159.07,0,"	3045,3046" 
2022-05-03T15:30:00Z,"SPY",2022-05-03T15:40:00Z,Buy,395.503803324,395.182070878,475,-152.82,4.75,-161.81,391.05,552.86,0,"	3047,3048" 
2022-05-03T16:00:00Z,"SPY",2022-05-03T16:10:00Z,Buy,395.456489729,393.93299197,474,-722.14,4.74,-793.9,269.12,1063.02,0,"	3049,3050" 
2022-05-04T19:00:00Z,"SPY",2022-05-04T19:58:00Z,Buy,400.944866749,405.439658274,462,2076.59,4.62,-122.41,2478.8,550.84,1,"	3051,3052" 
2022-05-05T14:00:00Z,"SPY",2022-05-05T19:58:00Z,Sell,398.919844883,390.914384609,427,3418.33,4.27,0,4812.33,2044.53,1,"	3053,3054" 
2022-05-06T14:00:00Z,"SPY",2022-05-06T14:15:00Z,Sell,384.508123846,386.17356239,415,-691.16,4.15,-820.75,164.94,985.68,0,"	3055,3056" 
2022-05-09T14:30:00Z,"SPY",2022-05-09T14:35:00Z,Sell,380.827126155,380.96906694,418,-59.33,4.18,-59.33,154.26,213.59,0,"	3057,3058" 
2022-05-09T15:00:00Z,"SPY",2022-05-09T15:55:00Z,Sell,379.417181024,380.533781866,419,-467.86,4.19,-527.33,523.36,1050.69,0,"	3059,3060" 
2022-05-09T17:00:00Z,"SPY",2022-05-09T17:30:00Z,Sell,379.180613049,380.003869602,418,-344.12,4.18,-359.94,207.66,567.6,0,"	3061,3062" 
2022-05-09T18:00:00Z,"SPY",2022-05-09T18:05:00Z,Sell,379.000821388,379.313091115,418,-130.53,4.18,-225.46,0,225.46,0,"	3063,3064" 
2022-05-09T18:30:00Z,"SPY",2022-05-09T18:50:00Z,Sell,378.593924471,378.556073595,418,15.82,4.18,-336.21,363.9,700.11,1,"	3065,3066" 
2022-05-11T14:00:00Z,"SPY",2022-05-11T14:10:00Z,Buy,380.656797213,378.565536314,408,-853.23,4.08,-872.54,7.72,880.26,0,"	3067,3068" 
2022-05-11T14:30:00Z,"SPY",2022-05-11T14:55:00Z,Buy,381.054231411,379.890316974,405,-471.39,4.05,-574.86,459.89,1034.75,0,"	3069,3070" 
2022-05-11T18:00:00Z,"SPY",2022-05-11T18:05:00Z,Sell,372.367455369,374.080207508,414,-709.08,4.14,-716.91,0,716.91,0,"	3071,3072" 
2022-05-13T14:00:00Z,"SPY",2022-05-13T17:45:00Z,Buy,377.231292935,378.60338719,419,574.91,4.19,0,1752.48,1225.15,1,"	3073,3074" 
2022-05-13T19:30:00Z,"SPY",2022-05-13T19:35:00Z,Buy,380.760887122,379.256314801,417,-627.41,4.17,-627.41,43.41,670.81,0,"	3075,3076" 
2022-05-18T14:00:00Z,"SPY",2022-05-18T14:05:00Z,Sell,379.587509966,379.956556007,399,-147.25,3.99,-207.66,0,207.66,0,"	3077,3078" 
2022-05-18T14:30:00Z,"SPY",2022-05-18T14:40:00Z,Sell,378.925119636,378.915656917,399,3.78,3.99,-79.29,151.02,147.25,1,"	3079,3080" 
2022-05-18T15:30:00Z,"SPY",2022-05-18T19:58:00Z,Sell,375.698332457,370.437060693,402,2115.03,4.02,-418.44,2396.53,669.13,1,"	3081,3082" 
2022-05-20T16:30:00Z,"SPY",2022-05-20T19:30:00Z,Sell,363.765843798,364.570174913,439,-353.1,4.39,-353.1,1557.8,1910.9,0,"	3083,3084" 
2022-05-23T16:30:00Z,"SPY",2022-05-23T16:35:00Z,Buy,375.225196507,375.045404846,427,-76.77,4.27,-214.15,0,214.15,0,"	3085,3086" 
2022-05-24T14:00:00Z,"SPY",2022-05-24T15:30:00Z,Sell,369.774670363,367.730723059,418,854.37,4.18,0,1423.95,569.58,1,"	3087,3088" 
2022-05-25T19:30:00Z,"SPY",2022-05-25T19:40:00Z,Buy,377.127203026,376.455349977,458,-307.71,4.58,-403.06,156.02,559.08,0,"	3089,3090" 
2022-05-26T14:00:00Z,"SPY",2022-05-26T19:58:00Z,Buy,380.950141502,383.382060285,493,1198.94,4.93,-27.99,1982.68,1042.65,1,"	3091,3092" 
2022-05-27T14:00:00Z,"SPY",2022-05-27T15:00:00Z,Buy,388.955601776,388.870437305,462,-39.35,4.62,-74.32,524.61,581.45,0,"	3093,3094" 
2022-05-27T16:00:00Z,"SPY",2022-05-27T19:58:00Z,Buy,390.356084188,392.60821131,460,1035.98,4.6,-304.7,1040.33,448.34,1,"	3095,3096" 
2022-05-31T14:00:00Z,"SPY",2022-05-31T14:15:00Z,Sell,389.078617123,389.10700528,494,-14.02,4.94,-74.79,514.2,528.23,0,"	3097,3098" 
2022-06-01T15:30:00Z,"SPY",2022-06-01T17:35:00Z,Sell,386.817027282,387.517268488,493,-345.22,4.93,-345.22,844.39,1189.61,0,"	3099,3100" 
2022-06-02T16:30:00Z,"SPY",2022-06-02T19:58:00Z,Buy,391.728178443,394.926577465,499,1596,4.99,-75.55,1600.72,500.52,1,"	3101,3102" 
2022-06-09T19:30:00Z,"SPY",2022-06-09T19:58:00Z,Sell,382.757520831,380.240437577,690,1736.79,6.9,-26.12,1736.79,306.88,1,"	3103,3104" 
2022-06-10T14:00:00Z,"SPY",2022-06-10T16:10:00Z,Sell,372.244440022,370.65470323,635,1009.48,6.35,0,2061.03,1117.64,1,"	3105,3106" 
2022-06-10T16:30:00Z,"SPY",2022-06-10T16:45:00Z,Sell,369.926073867,370.134253685,643,-133.86,6.43,-194.7,139.94,334.65,0,"	3107,3108" 
2022-06-10T17:00:00Z,"SPY",2022-06-10T17:30:00Z,Sell,369.575953264,370.484374288,643,-584.11,6.43,-584.11,340.73,924.85,0,"	3109,3110" 
2022-06-13T14:30:00Z,"SPY",2022-06-13T14:35:00Z,Sell,356.914835242,357.227104969,579,-180.8,5.79,-180.8,87.66,268.47,0,"	3111,3112" 
2022-06-13T15:00:00Z,"SPY",2022-06-13T15:20:00Z,Sell,355.911787028,356.981074275,580,-620.19,5.8,-620.19,625.67,1245.86,0,"	3113,3114" 
2022-06-13T19:30:00Z,"SPY",2022-06-13T19:58:00Z,Sell,354.908738814,354.833037062,580,43.91,5.8,-175.63,938.51,949.49,1,"	3115,3116" 
2022-06-15T19:30:00Z,"SPY",2022-06-15T19:40:00Z,Buy,361.750284651,360.794550032,514,-491.25,5.14,-496.11,627.44,1123.55,0,"	3117,3118" 
2022-06-16T14:00:00Z,"SPY",2022-06-16T14:25:00Z,Sell,348.98507672,348.975614001,522,4.94,5.22,-113.61,642.14,642.14,1,"	3119,3120" 
2022-06-16T15:00:00Z,"SPY",2022-06-16T15:30:00Z,Sell,346.382828995,348.388925423,526,-1055.21,5.26,-1328.96,0,1328.96,0,"	3121,3122" 
2022-06-16T16:00:00Z,"SPY",2022-06-16T16:50:00Z,Sell,348.095581134,348.152357448,520,-29.52,5.2,-34.44,767.62,802.06,0,"	3123,3124" 
2022-06-16T18:00:00Z,"SPY",2022-06-16T19:30:00Z,Sell,346.165186458,347.225010986,523,-554.29,5.23,-675.54,826.48,1502.02,0,"	3125,3126" 
2022-06-17T14:00:00Z,"SPY",2022-06-17T14:05:00Z,Buy,350.121832872,349.266509592,507,-433.65,5.07,-479.42,0,479.42,0,"	3127,3128" 
2022-06-21T14:00:00Z,"SPY",2022-06-21T15:55:00Z,Buy,356.232642528,355.785973704,552,-246.56,5.52,-262.3,713.45,975.75,0,"	3129,3130" 
2022-06-21T16:00:00Z,"SPY",2022-06-21T16:05:00Z,Buy,355.633916232,355.709944968,552,41.97,5.52,0,209.84,167.87,1,"	3131,3132" 
2022-06-21T16:30:00Z,"SPY",2022-06-21T19:58:00Z,Buy,356.156613792,356.261153304,551,57.6,5.51,-94.26,882.35,824.75,1,"	3133,3134" 
2022-06-24T14:00:00Z,"SPY",2022-06-24T19:58:00Z,Buy,364.74786096,369.670721616,498,2451.58,4.98,0,2584.1,643.66,1,"	3135,3136" 
2022-06-27T14:00:00Z,"SPY",2022-06-27T14:05:00Z,Sell,368.843909112,370.326469464,446,-661.22,4.46,-661.22,0,661.22,0,"	3137,3138" 
2022-06-28T15:30:00Z,"SPY",2022-06-28T15:35:00Z,Sell,366.610564992,367.000212264,449,-174.95,4.49,-179.22,0,179.22,0,"	3139,3140" 
2022-06-28T16:00:00Z,"SPY",2022-06-28T19:58:00Z,Sell,365.013961536,361.763733072,450,1462.6,4.5,-491.81,1464.74,774.07,1,"	3141,3142" 
2022-06-30T14:00:00Z,"SPY",2022-06-30T14:35:00Z,Sell,354.807103728,356.356189224,466,-721.87,4.66,-721.87,310.01,1031.88,0,"	3143,3144" 
2022-07-05T14:00:00Z,"SPY",2022-07-05T14:15:00Z,Sell,355.29178692,356.346685632,502,-529.56,5.02,-529.56,391.21,920.77,0,"	3145,3146" 
2022-07-07T14:00:00Z,"SPY",2022-07-07T14:05:00Z,Buy,368.159650488,367.26631284,574,-512.78,5.74,-600.06,0,600.06,0,"	3147,3148" 
2022-07-07T15:00:00Z,"SPY",2022-07-07T15:30:00Z,Buy,368.150146896,367.922060688,572,-130.47,5.72,-135.9,288.11,424.01,0,"	3149,3150" 
2022-07-07T16:00:00Z,"SPY",2022-07-07T17:05:00Z,Buy,368.634830088,368.625326496,571,-5.43,5.71,-108.53,255.05,322.88,0,"	3151,3152" 
2022-07-07T18:00:00Z,"SPY",2022-07-07T18:35:00Z,Buy,369.138520464,369.347599488,570,119.18,5.7,0,297.94,178.76,1,"	3153,3154" 
2022-07-07T19:00:00Z,"SPY",2022-07-07T19:40:00Z,Buy,369.566182104,369.433131816,570,-75.84,5.7,-75.84,476.7,552.54,0,"	3155,3156" 
2022-07-14T14:00:00Z,"SPY",2022-07-14T14:50:00Z,Sell,353.837737344,353.828233752,765,7.27,7.65,-36.35,857.89,894.24,1,"	3157,3158" 
2022-07-14T15:00:00Z,"SPY",2022-07-14T15:05:00Z,Sell,353.837737344,354.2463918,765,-312.62,7.65,-581.62,0,581.62,0,"	3159,3160" 
2022-07-19T14:30:00Z,"SPY",2022-07-19T19:58:00Z,Buy,368.796391152,372.949460856,886,3679.62,8.86,-202.08,3982.75,917.8,1,"	3161,3162" 
2022-07-20T15:00:00Z,"SPY",2022-07-20T16:50:00Z,Buy,376.285221648,374.080388304,818,-1803.55,8.18,-1803.55,233.22,2036.77,0,"	3163,3164" 
2022-07-20T17:00:00Z,"SPY",2022-07-20T17:05:00Z,Buy,375.097272648,374.118402672,812,-794.84,8.12,-794.84,0,794.84,0,"	3165,3166" 
2022-07-21T14:30:00Z,"SPY",2022-07-21T14:40:00Z,Sell,372.607331544,373.605208704,812,-810.28,8.12,-810.28,65.59,875.87,0,"	3167,3168" 
2022-07-21T16:30:00Z,"SPY",2022-07-21T17:35:00Z,Buy,377.62522812,376.266214464,798,-1084.49,7.98,-1084.49,204.76,1289.26,0,"	3169,3170" 
2022-07-22T15:30:00Z,"SPY",2022-07-22T19:58:00Z,Sell,377.00749464,375.002236728,814,1632.28,8.14,0,3009.27,1601.34,1,"	3171,3172" 
2022-07-26T15:30:00Z,"SPY",2022-07-26T17:05:00Z,Sell,371.92307292,372.550309992,807,-506.18,8.07,-506.18,704.82,1211,0,"	3173,3174" 
2022-07-26T18:00:00Z,"SPY",2022-07-26T18:05:00Z,Sell,371.847044184,372.58832436,805,-596.73,8.05,-612.03,0,612.03,0,"	3175,3176" 
2022-07-26T18:30:00Z,"SPY",2022-07-26T19:00:00Z,Sell,371.181792744,371.343353808,804,-129.9,8.04,-129.9,244.51,374.4,0,"	3177,3178" 
2022-07-27T15:00:00Z,"SPY",2022-07-27T15:10:00Z,Buy,376.465789896,376.408768344,753,-42.94,7.53,-50.09,386.44,436.53,0,"	3179,3180" 
2022-07-27T16:00:00Z,"SPY",2022-07-27T16:45:00Z,Buy,376.969480272,376.76990484,751,-149.88,7.51,-157.02,221.25,378.27,0,"	3181,3182" 
2022-07-27T19:00:00Z,"SPY",2022-07-27T19:58:00Z,Buy,380.010629712,381.531204432,745,1132.83,7.45,-77.88,2074.49,1090.35,1,"	3183,3184" 
2022-07-28T14:00:00Z,"SPY",2022-07-28T14:45:00Z,Sell,379.554457296,379.972615344,683,-285.6,6.83,-382.97,752.95,1038.55,0,"	3185,3186" 
2022-07-28T15:30:00Z,"SPY",2022-07-28T15:35:00Z,Buy,383.812066512,383.507951568,674,-204.97,6.74,-435.57,0,435.57,0,"	3187,3188" 
2022-07-28T16:30:00Z,"SPY",2022-07-28T19:45:00Z,Buy,384.1827066,385.684274136,673,1010.55,6.73,-377.36,1586.19,665.18,1,"	3189,3190" 
2022-07-29T14:00:00Z,"SPY",2022-07-29T15:05:00Z,Buy,388.896488232,388.658898432,657,-156.1,6.57,-156.1,1086.43,1242.53,0,"	3191,3192" 
2022-07-29T17:00:00Z,"SPY",2022-07-29T19:58:00Z,Buy,390.112948008,391.481465256,654,895.01,6.54,-261.04,1528.98,689.9,1,"	3193,3194" 
2022-08-03T14:00:00Z,"SPY",2022-08-03T14:20:00Z,Buy,391.110825168,390.464580912,690,-445.91,6.9,-478.7,511.48,957.39,0,"	3195,3196" 
2022-08-03T15:30:00Z,"SPY",2022-08-03T19:58:00Z,Buy,391.985155632,394.075945872,687,1436.37,6.87,-45.7,2043.57,607.19,1,"	3197,3198" 
2022-08-08T14:00:00Z,"SPY",2022-08-08T14:30:00Z,Buy,396.48985824,396.043189416,726,-324.28,7.26,-476.07,224.24,700.31,0,"	3199,3200" 
2022-08-12T16:30:00Z,"SPY",2022-08-12T19:58:00Z,Buy,403.180387008,405.641817336,776,1910.07,7.76,-162.25,1910.07,339.24,1,"	3201,3202" 
2022-08-19T14:00:00Z,"SPY",2022-08-19T16:40:00Z,Sell,402.14449548,402.38208528,859,-204.09,8.59,-285.73,1175.56,1379.65,0,"	3203,3204" 
2022-08-19T17:30:00Z,"SPY",2022-08-19T19:58:00Z,Sell,401.792862576,401.222647056,859,489.82,8.59,-130.62,1208.21,1155.15,1,"	3205,3206" 
2022-08-22T14:30:00Z,"SPY",2022-08-22T16:05:00Z,Sell,394.294528488,394.8742476,878,-508.99,8.78,-667.53,425.55,1093.08,0,"	3207,3208" 
2022-08-22T16:30:00Z,"SPY",2022-08-22T16:40:00Z,Sell,394.513111104,394.864744008,875,-307.68,8.75,-349.26,24.95,374.2,0,"	3209,3210" 
2022-08-22T17:30:00Z,"SPY",2022-08-22T19:58:00Z,Sell,393.54374472,392.669414256,875,765.04,8.75,0,1401.19,947.98,1,"	3211,3212" 
2022-08-24T15:30:00Z,"SPY",2022-08-24T16:45:00Z,Buy,393.866866848,392.526860376,864,-1157.77,8.64,-1165.98,517.3,1683.28,0,"	3213,3214" 
2022-08-25T14:00:00Z,"SPY",2022-08-25T14:10:00Z,Buy,395.72957088,395.758081656,851,24.26,8.51,-56.61,339.68,396.29,1,"	3215,3216" 
2022-08-25T14:30:00Z,"SPY",2022-08-25T15:15:00Z,Buy,396.651419304,395.44446312,849,-1024.71,8.49,-1032.77,342.91,1375.69,0,"	3217,3218" 
2022-08-26T14:30:00Z,"SPY",2022-08-26T19:58:00Z,Sell,394.285024896,385.570231032,801,6980.55,8.01,0,7224.15,1301.72,1,"	3219,3220" 
2022-08-30T14:00:00Z,"SPY",2022-08-30T19:10:00Z,Sell,381.892340928,378.984241776,659,1916.44,6.59,-256.78,3626.2,2104.32,1,"	3221,3222" 
2022-08-30T19:30:00Z,"SPY",2022-08-30T19:58:00Z,Sell,378.680126832,378.233458008,671,299.71,6.71,-133.92,841.75,644.07,1,"	3223,3224" 
2022-09-01T15:00:00Z,"SPY",2022-09-01T15:10:00Z,Sell,370.953706536,371.904065736,755,-717.52,7.55,-904.08,107.63,1011.7,0,"	3225,3226" 
2022-09-01T15:30:00Z,"SPY",2022-09-01T15:35:00Z,Sell,371.457396912,372.455274072,751,-749.41,7.51,-752.97,0,752.97,0,"	3227,3228" 
2022-09-02T17:30:00Z,"SPY",2022-09-02T17:45:00Z,Sell,373.947338016,374.403510432,819,-373.61,8.19,-443.66,163.45,607.11,0,"	3229,3230" 
2022-09-02T18:00:00Z,"SPY",2022-09-02T18:30:00Z,Sell,372.892439304,374.222942184,820,-1091.01,8.2,-1091.01,0,1091.01,0,"	3231,3232" 
2022-09-02T19:00:00Z,"SPY",2022-09-02T19:05:00Z,Sell,373.082511144,373.9663452,814,-719.44,8.14,-874.16,0,874.16,0,"	3233,3234" 
2022-09-02T19:30:00Z,"SPY",2022-09-02T19:58:00Z,Sell,373.130029104,372.236691456,811,724.5,8.11,0,1749.58,1310.26,1,"	3235,3236" 
2022-09-06T14:30:00Z,"SPY",2022-09-06T14:40:00Z,Sell,371.039238864,371.761511856,835,-603.1,8.35,-611.03,412.65,1023.68,0,"	3237,3238" 
2022-09-06T17:30:00Z,"SPY",2022-09-06T17:35:00Z,Sell,370.193419176,370.801649064,834,-507.26,8.34,-634.08,0,634.08,0,"	3239,3240" 
2022-09-07T14:00:00Z,"SPY",2022-09-07T14:05:00Z,Buy,372.284209416,372.654849504,842,312.08,8.42,-296.07,312.08,296.07,1,"	3241,3242" 
2022-09-07T15:00:00Z,"SPY",2022-09-07T19:58:00Z,Buy,373.30109376,378.0053718,841,3956.3,8.41,-159.85,4587.71,1158.92,1,"	3243,3244" 
2022-09-08T15:00:00Z,"SPY",2022-09-08T15:40:00Z,Buy,380.04864408,379.868075832,735,-132.72,7.35,-132.72,607.71,740.42,0,"	3245,3246" 
2022-09-09T14:00:00Z,"SPY",2022-09-09T14:25:00Z,Buy,384.201713784,384.46781436,716,190.53,7.16,0,598.8,408.27,1,"	3247,3248" 
2022-09-09T14:30:00Z,"SPY",2022-09-09T15:20:00Z,Buy,385.028526288,385.000015512,715,-20.39,7.15,-61.16,686.3,706.69,0,"	3249,3250" 
2022-09-09T15:30:00Z,"SPY",2022-09-09T16:05:00Z,Buy,385.389662784,384.638879016,715,-536.81,7.15,-536.81,319.37,856.18,0,"	3251,3252" 
2022-09-09T17:00:00Z,"SPY",2022-09-09T17:45:00Z,Buy,385.817324424,386.083425,712,189.46,7.12,-270.66,548.09,358.63,1,"	3253,3254" 
2022-09-09T18:00:00Z,"SPY",2022-09-09T18:05:00Z,Buy,386.36853276,385.997892672,711,-263.53,7.11,-364.88,0,364.88,0,"	3255,3256" 
2022-09-09T18:30:00Z,"SPY",2022-09-09T18:35:00Z,Buy,386.710662072,386.36853276,710,-242.91,7.1,-276.65,0,276.65,0,"	3257,3258" 
2022-09-09T19:30:00Z,"SPY",2022-09-09T19:40:00Z,Buy,386.900733912,386.74867644,708,-107.66,7.08,-107.66,53.83,161.49,0,"	3259,3260" 
2022-09-12T14:00:00Z,"SPY",2022-09-12T14:35:00Z,Buy,390.607134792,390.78770304,665,120.08,6.65,-202.24,429.75,319.15,1,"	3261,3262" 
2022-09-13T15:00:00Z,"SPY",2022-09-13T17:15:00Z,Sell,378.632608872,379.136299248,717,-361.15,7.17,-453.14,531.5,984.63,0,"	3263,3264" 
2022-09-13T18:30:00Z,"SPY",2022-09-13T19:58:00Z,Sell,377.511185016,374.317978104,718,2292.72,7.18,-13.65,3602.85,1310.13,1,"	3265,3266" 
2022-09-16T14:00:00Z,"SPY",2022-09-16T14:05:00Z,Sell,365.034646173,365.340010685,594,-181.39,5.94,-351.44,0,351.44,0,"	3267,3268" 
2022-09-20T18:00:00Z,"SPY",2022-09-20T18:05:00Z,Sell,363.95632774,364.443002431,666,-324.13,6.66,-406.75,0,406.75,0,"	3269,3270" 
2022-09-22T14:00:00Z,"SPY",2022-09-22T14:10:00Z,Sell,357.763153731,358.221200499,655,-300.02,6.55,-381.28,362.52,743.8,0,"	3271,3272" 
2022-09-22T15:00:00Z,"SPY",2022-09-22T15:50:00Z,Sell,356.971114528,357.982634474,655,-662.55,6.55,-725.05,331.27,1056.32,0,"	3273,3274" 
2022-09-22T16:00:00Z,"SPY",2022-09-22T16:25:00Z,Sell,357.305106963,358.698332549,652,-908.38,6.52,-908.38,56,964.38,0,"	3275,3276" 
2022-09-23T14:00:00Z,"SPY",2022-09-23T14:30:00Z,Sell,350.987878621,351.894429516,662,-600.14,6.62,-600.14,195.83,795.97,0,"	3277,3278" 
2022-09-23T15:00:00Z,"SPY",2022-09-23T15:25:00Z,Sell,350.644343545,351.732204619,660,-717.99,6.6,-717.99,151.16,869.14,0,"	3279,3280" 
2022-09-23T15:30:00Z,"SPY",2022-09-23T19:40:00Z,Sell,350.940165416,350.300808469,657,420.06,6.57,-225.7,2764.86,2344.8,1,"	3281,3282" 
2022-09-26T14:30:00Z,"SPY",2022-09-26T14:35:00Z,Buy,352.915492103,352.266592515,643,-417.24,6.43,-417.24,0,417.24,0,"	3283,3284" 
2022-09-26T17:30:00Z,"SPY",2022-09-26T17:50:00Z,Sell,347.018139965,347.380760323,653,-236.79,6.53,-405.04,6.23,411.27,0,"	3285,3286" 
2022-09-26T18:00:00Z,"SPY",2022-09-26T18:05:00Z,Sell,346.665062248,348.144171603,652,-964.38,6.52,-976.82,0,976.82,0,"	3287,3288" 
2022-09-27T16:30:00Z,"SPY",2022-09-27T16:35:00Z,Sell,345.63445702,346.073418506,648,-284.45,6.48,-284.45,0,284.45,0,"	3289,3290" 
2022-09-27T17:30:00Z,"SPY",2022-09-27T17:35:00Z,Sell,345.338635149,345.710798148,647,-240.79,6.47,-240.79,0,240.79,0,"	3291,3292" 
2022-09-28T14:30:00Z,"SPY",2022-09-28T19:58:00Z,Buy,349.670994163,354.165578074,694,3119.24,6.94,-291.39,3768.26,1125.84,1,"	3293,3294" 
2022-09-29T14:00:00Z,"SPY",2022-09-29T15:10:00Z,Sell,346.550550556,347.16127958,660,-403.08,6.6,-403.08,1467.47,1870.55,0,"	3295,3296" 
2022-09-29T15:30:00Z,"SPY",2022-09-29T15:35:00Z,Sell,346.178387557,346.340612454,659,-106.91,6.59,-106.91,232.68,339.58,0,"	3297,3298" 
2022-09-29T16:00:00Z,"SPY",2022-09-29T16:05:00Z,Sell,347.3521324,347.438016169,656,-56.34,6.56,-56.34,137.72,194.06,0,"	3299,3300" 
2022-09-29T16:30:00Z,"SPY",2022-09-29T16:35:00Z,Sell,346.226100762,346.731860735,658,-332.79,6.58,-339.07,0,339.07,0,"	3301,3302" 
2022-09-29T17:00:00Z,"SPY",2022-09-29T19:35:00Z,Sell,345.701255507,345.787139276,658,-56.51,6.58,-106.74,1569.76,1676.51,0,"	3303,3304" 
2022-09-30T15:30:00Z,"SPY",2022-09-30T15:45:00Z,Buy,348.59267573,346.941798837,680,-1122.6,6.8,-1122.6,90.85,1213.44,0,"	3305,3306" 
2022-10-03T14:30:00Z,"SPY",2022-10-03T19:58:00Z,Buy,347.705210117,349.566025112,716,1332.34,7.16,-628.59,2815,1550.98,1,"	3307,3308" 
2022-10-04T14:00:00Z,"SPY",2022-10-04T16:55:00Z,Buy,358.822386882,358.831929523,725,6.92,7.25,0,1086.19,1086.19,1,"	3309,3310" 
2022-10-04T17:00:00Z,"SPY",2022-10-04T17:05:00Z,Buy,358.975069138,358.841472164,725,-96.86,7.25,-193.72,62.27,255.98,0,"	3311,3312" 
2022-10-04T17:30:00Z,"SPY",2022-10-04T17:35:00Z,Buy,358.221200499,358.183029935,726,-27.71,7.26,-55.42,103.92,131.63,0,"	3313,3314" 
2022-10-04T18:00:00Z,"SPY",2022-10-04T18:30:00Z,Buy,359.08958083,358.402510678,724,-497.44,7.24,-497.44,214.18,711.61,0,"	3315,3316" 
2022-10-04T19:00:00Z,"SPY",2022-10-04T19:58:00Z,Buy,359.85299211,360.158356622,721,220.17,7.21,-908.19,385.29,983.87,1,"	3317,3318" 
2022-10-07T14:00:00Z,"SPY",2022-10-07T14:50:00Z,Sell,348.802613832,350.062242444,625,-787.27,6.25,-906.55,322.06,1228.62,0,"	3319,3320" 
2022-10-07T15:00:00Z,"SPY",2022-10-07T15:05:00Z,Sell,349.690079445,350.129040931,620,-272.16,6.2,-283.99,0,283.99,0,"	3321,3322" 
2022-10-07T15:30:00Z,"SPY",2022-10-07T19:58:00Z,Sell,349.098435703,346.483752069,620,1621.1,6.2,-35.5,2857.64,1295.7,1,"	3323,3324" 
2022-10-10T15:00:00Z,"SPY",2022-10-10T15:25:00Z,Sell,343.72592882,344.432084254,599,-422.99,5.99,-505.87,480.15,986.02,0,"	3325,3326" 
2022-10-10T15:30:00Z,"SPY",2022-10-10T15:50:00Z,Sell,343.849983153,344.288944639,597,-262.06,5.97,-262.06,262.06,524.12,0,"	3327,3328" 
2022-10-10T16:30:00Z,"SPY",2022-10-10T17:40:00Z,Sell,342.618982464,343.430106949,599,-485.86,5.99,-485.86,740.23,1226.09,0,"	3329,3330" 
2022-10-11T14:00:00Z,"SPY",2022-10-11T14:10:00Z,Sell,340.281035419,339.947042984,604,201.73,6.04,0,414.99,337.18,1,"	3331,3332" 
2022-10-13T15:30:00Z,"SPY",2022-10-13T19:58:00Z,Buy,343.802269948,349.508769266,613,3498.08,6.13,-76.05,4185.42,2380.8,1,"	3333,3334" 
2022-10-14T14:30:00Z,"SPY",2022-10-14T19:58:00Z,Sell,345.405433636,340.910849725,582,2615.85,5.82,-852.51,2621.4,1718.91,1,"	3335,3336" 
2022-10-17T14:00:00Z,"SPY",2022-10-17T14:10:00Z,Buy,349.117520985,349.413342856,559,165.36,5.59,-58.68,400.08,266.72,1,"	3337,3338" 
2022-10-17T14:30:00Z,"SPY",2022-10-17T14:35:00Z,Buy,349.966816034,349.537397189,559,-240.05,5.59,-240.05,85.35,325.39,0,"	3339,3340" 
2022-10-20T14:30:00Z,"SPY",2022-10-20T14:35:00Z,Buy,355.148470097,354.241919202,549,-497.7,5.49,-560.56,0,560.56,0,"	3341,3342" 
2022-10-20T15:00:00Z,"SPY",2022-10-20T15:20:00Z,Buy,354.957617277,353.879298844,548,-590.92,5.48,-590.92,47.06,637.98,0,"	3343,3344" 
2022-10-21T14:00:00Z,"SPY",2022-10-21T14:25:00Z,Buy,352.237964592,351.274157851,561,-540.7,5.61,-540.7,626.35,1167.05,0,"	3345,3346" 
2022-10-21T16:00:00Z,"SPY",2022-10-21T19:58:00Z,Buy,353.115887564,357.047455656,558,2193.81,5.58,-343.45,2486.68,828.01,1,"	3347,3348" 
2022-10-25T14:00:00Z,"SPY",2022-10-25T16:50:00Z,Buy,364.901049199,365.626289915,605,438.77,6.05,-629.29,1039.19,629.29,1,"	3349,3350" 
2022-10-25T18:30:00Z,"SPY",2022-10-25T18:45:00Z,Buy,366.456499682,366.227476298,604,-138.33,6.04,-138.33,247.84,386.17,0,"	3351,3352" 
2022-10-25T19:30:00Z,"SPY",2022-10-25T19:58:00Z,Buy,367.162655116,367.10539927,602,-34.47,6.02,-143.62,264.25,407.87,0,"	3353,3354" 
2022-10-28T14:00:00Z,"SPY",2022-10-28T14:05:00Z,Buy,365.072816737,364.519343559,671,-371.38,6.71,-499.44,358.57,858.02,0,"	3355,3356" 
2022-10-28T14:30:00Z,"SPY",2022-10-28T19:58:00Z,Buy,366.418329118,370.951083593,667,3023.35,6.67,-50.92,3363.87,751.06,1,"	3357,3358" 
2022-11-02T19:30:00Z,"SPY",2022-11-02T19:58:00Z,Sell,359.824364187,358.278456345,663,1024.94,6.63,-253.07,1271.68,708.6,1,"	3359,3360" 
2022-11-03T14:00:00Z,"SPY",2022-11-03T14:05:00Z,Sell,352.257049874,353.659818101,651,-913.2,6.51,-913.2,0,913.2,0,"	3361,3362" 
2022-11-08T16:30:00Z,"SPY",2022-11-08T17:55:00Z,Buy,366.4374144,366.656895143,717,157.37,7.17,-27.37,704.73,732.1,1,"	3363,3364" 
2022-11-08T18:00:00Z,"SPY",2022-11-08T18:25:00Z,Buy,366.895461168,365.359095967,716,-1100.04,7.16,-1291.35,321.13,1612.48,0,"	3365,3366" 
2022-11-09T19:00:00Z,"SPY",2022-11-09T19:10:00Z,Sell,358.927355933,359.385402701,738,-338.04,7.38,-338.04,246.49,584.52,0,"	3367,3368" 
2022-11-09T20:00:00Z,"SPY",2022-11-09T20:58:00Z,Sell,357.677269962,357.037913015,739,472.48,7.39,-828.61,747.51,828.61,1,"	3369,3370" 
2022-11-10T16:00:00Z,"SPY",2022-11-10T16:05:00Z,Buy,372.582875204,371.953060898,664,-418.2,6.64,-418.2,0,418.2,0,"	3371,3372" 
2022-11-10T16:30:00Z,"SPY",2022-11-10T16:45:00Z,Buy,372.92641028,373.155433664,662,151.61,6.62,0,574.87,423.25,1,"	3373,3374" 
2022-11-10T17:00:00Z,"SPY",2022-11-10T17:10:00Z,Buy,373.957015508,373.174518946,660,-516.45,6.6,-554.24,0,554.24,0,"	3375,3376" 
2022-11-10T19:00:00Z,"SPY",2022-11-10T19:20:00Z,Buy,373.393999689,373.49896874,659,69.17,6.59,0,308.14,238.97,1,"	3377,3378" 
2022-11-10T20:00:00Z,"SPY",2022-11-10T20:58:00Z,Buy,374.329178507,376.304505194,658,1299.76,6.58,-81.63,1657.67,357.91,1,"	3379,3380" 
2022-11-11T20:00:00Z,"SPY",2022-11-11T20:05:00Z,Buy,380.961314002,380.312414414,497,-322.5,4.97,-322.5,0,322.5,0,"	3381,3382" 
2022-11-22T20:30:00Z,"SPY",2022-11-22T20:58:00Z,Buy,381.180794745,381.70564,527,276.59,5.27,-7.54,281.62,75.43,1,"	3383,3384" 
2022-11-23T15:00:00Z,"SPY",2022-11-23T16:50:00Z,Buy,383.051152381,382.678989382,570,-212.13,5.7,-212.13,554.81,766.94,0,"	3385,3386" 
2022-11-23T20:30:00Z,"SPY",2022-11-23T20:35:00Z,Buy,383.99587384,383.6141682,567,-216.43,5.67,-216.43,0,216.43,0,"	3387,3388" 
2022-11-28T19:30:00Z,"SPY",2022-11-28T20:58:00Z,Sell,377.8885836,377.735901344,598,91.3,5.98,-199.73,496.47,462.23,1,"	3389,3390" 
2022-11-29T16:30:00Z,"SPY",2022-11-29T17:00:00Z,Sell,375.722404093,376.600327065,574,-503.93,5.74,-503.93,0,503.93,0,"	3391,3392" 
2022-11-29T17:30:00Z,"SPY",2022-11-29T17:40:00Z,Sell,376.228164066,376.905691577,572,-387.55,5.72,-453.05,0,453.05,0,"	3393,3394" 
2022-11-30T19:00:00Z,"SPY",2022-11-30T20:58:00Z,Buy,381.447988693,388.118294752,562,3748.71,5.62,0,3791.62,659.64,1,"	3395,3396" 
2022-12-01T15:30:00Z,"SPY",2022-12-01T15:50:00Z,Sell,386.725069166,388.00378306,558,-713.52,5.58,-713.52,271.56,985.09,0,"	3397,3398" 
2022-12-01T16:30:00Z,"SPY",2022-12-01T16:35:00Z,Sell,387.803387599,388.375946059,555,-317.77,5.55,-317.77,0,317.77,0,"	3399,3400" 
2022-12-05T16:30:00Z,"SPY",2022-12-05T20:58:00Z,Sell,384.09130025,381.581585667,891,2236.16,8.91,0,3579.55,1343.39,1,"	3401,3402" 
2022-12-06T15:00:00Z,"SPY",2022-12-06T20:58:00Z,Sell,379.014615238,375.665148247,847,2837,8.47,-88.91,4445.44,1988.32,1,"	3403,3404" 
2022-12-08T15:00:00Z,"SPY",2022-12-08T15:20:00Z,Buy,378.069893779,378.003095292,843,-56.31,8.43,-72.4,547.02,611.38,0,"	3405,3406" 
2022-12-08T15:30:00Z,"SPY",2022-12-08T16:05:00Z,Buy,378.823762418,378.003095292,841,-690.18,8.41,-690.18,96.3,786.49,0,"	3407,3408" 
2022-12-12T20:30:00Z,"SPY",2022-12-12T20:58:00Z,Buy,379.873452928,380.531895157,819,539.26,8.19,-93.79,547.08,547.08,1,"	3409,3410" 
2022-12-14T15:00:00Z,"SPY",2022-12-14T15:40:00Z,Buy,385.389099426,385.284130375,796,-83.56,7.96,-151.92,360.81,505.13,0,"	3411,3412" 
2022-12-14T16:00:00Z,"SPY",2022-12-14T17:05:00Z,Buy,385.780347707,385.5226964,795,-204.83,7.95,-220.01,508.29,728.29,0,"	3413,3414" 
2022-12-15T15:00:00Z,"SPY",2022-12-15T20:05:00Z,Sell,373.651650996,372.573332563,820,884.22,8.2,-187.8,2730.91,1987.54,1,"	3415,3416" 
2022-12-15T20:30:00Z,"SPY",2022-12-15T20:35:00Z,Sell,372.754642742,372.935952921,825,-149.58,8.25,-149.58,204.69,354.27,0,"	3417,3418" 
2022-12-16T15:30:00Z,"SPY",2022-12-16T16:00:00Z,Sell,366.797553402,367.228944597,752,-324.41,7.52,-346.03,410.91,735.32,0,"	3419,3420" 
2022-12-16T16:30:00Z,"SPY",2022-12-16T18:50:00Z,Sell,366.615410453,366.164846316,751,338.37,7.51,-439.17,971.92,856.73,1,"	3421,3422" 
2022-12-16T19:00:00Z,"SPY",2022-12-16T19:10:00Z,Sell,365.934771012,366.279883968,754,-260.22,7.54,-260.22,72.28,332.5,0,"	3423,3424" 
2022-12-19T19:00:00Z,"SPY",2022-12-19T20:58:00Z,Sell,364.19003329,364.506386833,770,-243.59,7.7,-243.59,1133.07,1376.67,0,"	3425,3426" 
2022-12-21T16:00:00Z,"SPY",2022-12-21T16:50:00Z,Buy,370.593795918,369.769359412,1009,-831.86,10.09,-831.86,604.55,1436.4,0,"	3427,3428" 
2022-12-21T18:00:00Z,"SPY",2022-12-21T18:20:00Z,Buy,370.411652969,370.315788259,1005,-96.34,10.05,-115.61,346.84,462.45,0,"	3429,3430" 
2022-12-22T15:00:00Z,"SPY",2022-12-22T20:00:00Z,Sell,365.800560418,362.838340879,915,2710.43,9.15,0,5955.93,3245.5,1,"	3431,3432" 
2022-12-23T15:00:00Z,"SPY",2022-12-23T15:05:00Z,Sell,362.819167937,363.221799719,911,-366.8,9.11,-1013.06,0,1013.06,0,"	3433,3434" 
2022-12-27T15:00:00Z,"SPY",2022-12-27T15:15:00Z,Sell,364.774808021,365.503379817,935,-681.21,9.35,-681.21,734.99,1416.21,0,"	3435,3436" 
2022-12-28T16:30:00Z,"SPY",2022-12-28T17:50:00Z,Sell,363.471047965,363.384769726,975,84.12,9.75,0,1701.12,1617,1,"	3437,3438" 
2022-12-28T19:30:00Z,"SPY",2022-12-28T19:35:00Z,Sell,362.723303227,362.684957343,977,37.46,9.77,-440.2,74.93,440.2,1,"	3439,3440" 
2022-12-28T20:00:00Z,"SPY",2022-12-28T20:58:00Z,Sell,362.771235582,361.256573164,978,1481.34,9.78,0,1696.98,473.47,1,"	3441,3442" 
2022-12-29T15:00:00Z,"SPY",2022-12-29T20:58:00Z,Buy,365.81973336,367.602816966,948,1690.36,9.48,-99.97,2449.21,904.25,1,"	3443,3444" 
2023-01-03T16:30:00Z,"SPY",2023-01-03T17:15:00Z,Sell,364.305070942,363.90243916,892,359.15,8.92,0,1085.99,795.26,1,"	3445,3446" 
2023-01-03T17:30:00Z,"SPY",2023-01-03T17:35:00Z,Sell,363.279318545,364.122927993,897,-756.72,8.97,-791.11,17.2,808.31,0,"	3447,3448" 
2023-01-03T18:00:00Z,"SPY",2023-01-03T18:30:00Z,Sell,362.953378531,363.825747392,894,-779.9,8.94,-805.61,214.26,1019.87,0,"	3449,3450" 
2023-01-05T15:00:00Z,"SPY",2023-01-05T15:05:00Z,Sell,364.391349181,364.602251543,952,-200.78,9.52,-255.54,337.67,593.21,0,"	3451,3452" 
2023-01-05T16:00:00Z,"SPY",2023-01-05T16:10:00Z,Sell,363.691536798,364.027063283,953,-319.76,9.53,-319.76,173.58,493.34,0,"	3453,3454" 
2023-01-05T16:30:00Z,"SPY",2023-01-05T16:40:00Z,Sell,363.595672088,363.643604443,952,-45.63,9.52,-255.54,27.38,282.92,0,"	3455,3456" 
2023-01-06T16:00:00Z,"SPY",2023-01-06T17:25:00Z,Buy,369.347554688,369.529697637,922,167.94,9.22,-141.42,1263.94,1096,1,"	3457,3458" 
2023-01-06T17:30:00Z,"SPY",2023-01-06T17:45:00Z,Buy,369.644735289,369.46259234,922,-167.94,9.22,-282.84,216.55,499.39,0,"	3459,3460" 
2023-01-06T18:30:00Z,"SPY",2023-01-06T20:58:00Z,Buy,370.171991194,371.801691264,919,1497.69,9.19,0,2669.42,1171.73,1,"	3461,3462" 
2023-01-09T15:00:00Z,"SPY",2023-01-09T15:15:00Z,Buy,375.425377302,375.166542585,895,-231.66,8.95,-231.66,343.2,574.85,0,"	3463,3464" 
2023-01-09T16:00:00Z,"SPY",2023-01-09T17:15:00Z,Buy,376.374437931,376.633272648,891,230.62,8.91,0,845.61,700.41,1,"	3465,3466" 
2023-01-12T15:00:00Z,"SPY",2023-01-12T15:05:00Z,Sell,377.428949741,378.387596841,918,-880.04,9.18,-880.04,0,880.04,0,"	3467,3468" 
2023-01-18T16:30:00Z,"SPY",2023-01-18T20:58:00Z,Sell,379.020303927,375.271993766,1030,3860.76,10.3,0,3870.63,1402.12,1,"	3469,3470" 
2023-01-20T16:30:00Z,"SPY",2023-01-20T16:40:00Z,Buy,376.125189685,375.578760838,1011,-552.44,10.11,-552.44,63,615.44,0,"	3471,3472" 
2023-01-20T19:00:00Z,"SPY",2023-01-20T20:58:00Z,Buy,377.150942082,379.43252218,1005,2292.99,10.05,-125.25,2451.96,881.55,1,"	3473,3474" 
2023-01-23T15:00:00Z,"SPY",2023-01-23T15:10:00Z,Buy,381.416921677,381.388162264,999,-28.73,9.99,-148.44,536.31,684.75,0,"	3475,3476" 
2023-01-23T15:30:00Z,"SPY",2023-01-23T19:40:00Z,Buy,382.730268204,383.535531768,995,801.24,9.95,-143.08,3243.1,2460.94,1,"	3477,3478" 
2023-01-23T20:00:00Z,"SPY",2023-01-23T20:05:00Z,Buy,383.008275863,382.768614088,998,-239.18,9.98,-239.18,0,239.18,0,"	3479,3480" 
2023-01-23T20:30:00Z,"SPY",2023-01-23T20:35:00Z,Buy,383.295869993,383.056208218,996,-238.7,9.96,-257.8,0,257.8,0,"	3481,3482" 
2023-01-25T15:00:00Z,"SPY",2023-01-25T15:10:00Z,Sell,378.080829769,379.125755108,1004,-1049.11,10.04,-1299.35,0,1299.35,0,"	3483,3484" 
2023-01-31T15:30:00Z,"SPY",2023-01-31T20:30:00Z,Buy,386.04718717,387.053766625,1036,1042.82,10.36,-178.77,2104.5,1061.69,1,"	3485,3486" 
2023-02-01T20:30:00Z,"SPY",2023-02-01T20:58:00Z,Buy,394.243619875,393.582153376,1019,-674.03,10.19,-1011.05,2105.14,3116.19,0,"	3487,3488" 
2023-02-02T16:00:00Z,"SPY",2023-02-02T16:20:00Z,Buy,399.410727744,398.806780071,1003,-605.76,10.03,-605.76,365.38,971.14,0,"	3489,3490" 
2023-02-02T19:00:00Z,"SPY",2023-02-02T19:15:00Z,Buy,400.772006626,398.912231252,996,-1852.34,9.96,-1852.34,133.67,1986.01,0,"	3491,3492" 
2023-02-07T18:00:00Z,"SPY",2023-02-07T18:25:00Z,Buy,397.196252943,394.349071056,903,-2571.01,9.03,-2605.63,424.17,3029.8,0,"	3493,3494" 
2023-02-07T19:30:00Z,"SPY",2023-02-07T20:58:00Z,Buy,395.05846991,398.097381217,896,2722.86,8.96,-17.18,3736.42,1262.65,1,"	3495,3496" 
2023-02-08T16:30:00Z,"SPY",2023-02-08T17:25:00Z,Sell,393.802642209,394.617492244,992,-808.33,9.92,-893.92,532.55,1426.47,0,"	3497,3498" 
2023-02-09T19:30:00Z,"SPY",2023-02-09T19:45:00Z,Sell,391.425197401,391.847002125,962,-405.78,9.62,-470.33,55.33,525.66,0,"	3499,3500" 
2023-02-09T20:30:00Z,"SPY",2023-02-09T20:55:00Z,Sell,389.958467338,391.003392677,964,-1007.31,9.64,-1155.17,776.27,1931.44,0,"	3501,3502" 
2023-02-13T15:00:00Z,"SPY",2023-02-13T19:50:00Z,Buy,393.352078072,394.234033404,995,877.55,9.95,-295.69,2384.63,1526.17,1,"	3503,3504" 
2023-02-13T20:00:00Z,"SPY",2023-02-13T20:58:00Z,Buy,394.713356954,395.422755808,996,706.56,9.96,-515.6,907.07,572.89,1,"	3505,3506" 
2023-02-14T17:00:00Z,"SPY",2023-02-14T17:05:00Z,Sell,392.613919805,392.843995109,1000,-230.08,10,-498.5,0,498.5,0,"	3507,3508" 
2023-02-17T15:00:00Z,"SPY",2023-02-17T15:05:00Z,Sell,388.012413725,388.740985521,964,-702.34,9.64,-711.58,0,711.58,0,"	3509,3510" 
2023-02-21T15:30:00Z,"SPY",2023-02-21T15:35:00Z,Sell,385.107713012,385.222750664,1019,-117.22,10.19,-175.84,146.53,322.36,0,"	3511,3512" 
2023-02-21T16:00:00Z,"SPY",2023-02-21T17:55:00Z,Sell,384.743427114,384.244930622,1020,508.47,10.2,-273.79,1124.49,664.92,1,"	3513,3514" 
2023-02-21T18:00:00Z,"SPY",2023-02-21T20:58:00Z,Sell,384.302449448,382.557711726,1023,1784.87,10.23,-68.65,1976.1,1220.97,1,"	3515,3516" 
2023-02-23T17:00:00Z,"SPY",2023-02-23T17:25:00Z,Sell,380.065229266,380.573312229,1037,-526.88,10.37,-606.41,129.24,735.65,0,"	3517,3518" 
2023-02-23T17:30:00Z,"SPY",2023-02-23T17:35:00Z,Sell,380.419928693,380.784214591,1033,-376.31,10.33,-376.31,168.35,544.66,0,"	3519,3520" 
2023-02-24T15:00:00Z,"SPY",2023-02-24T15:05:00Z,Sell,378.167108008,378.684777442,1045,-540.96,10.45,-571.02,130.23,701.25,0,"	3521,3522" 
2023-02-24T16:00:00Z,"SPY",2023-02-24T16:05:00Z,Sell,377.80282211,377.774062697,1043,30,10.43,-189.98,49.99,229.97,1,"	3523,3524" 
2023-03-02T19:30:00Z,"SPY",2023-03-02T19:40:00Z,Buy,380.534966345,380.151507505,1035,-396.88,10.35,-565.55,158.75,724.31,0,"	3525,3526" 
2023-03-02T20:30:00Z,"SPY",2023-03-02T20:58:00Z,Buy,381.004703424,381.06222225,1032,59.36,10.32,0,1157.51,1157.51,1,"	3527,3528" 
2023-03-03T15:00:00Z,"SPY",2023-03-03T15:05:00Z,Buy,383.995682376,383.324629406,1024,-687.16,10.24,-873.67,0,873.67,0,"	3529,3530" 
2023-03-03T15:30:00Z,"SPY",2023-03-03T15:55:00Z,Buy,384.772186527,384.196998267,1018,-585.54,10.18,-605.06,39.04,644.1,0,"	3531,3532" 
2023-03-03T16:30:00Z,"SPY",2023-03-03T16:40:00Z,Buy,384.628389462,384.484592397,1016,-146.1,10.16,-165.58,262.98,428.55,0,"	3533,3534" 
2023-03-03T17:00:00Z,"SPY",2023-03-03T20:58:00Z,Buy,385.309028903,387.38929311,1013,2107.31,10.13,-67.98,2418.06,825.44,1,"	3535,3536" 
2023-03-06T15:30:00Z,"SPY",2023-03-06T16:30:00Z,Buy,389.824256744,389.69004615,1012,-135.82,10.12,-203.73,751.87,955.6,0,"	3537,3538" 
2023-03-06T17:30:00Z,"SPY",2023-03-06T17:35:00Z,Buy,389.996813222,389.699632621,1011,-300.45,10.11,-300.45,0,300.45,0,"	3539,3540" 
2023-03-07T15:30:00Z,"SPY",2023-03-07T15:35:00Z,Sell,385.069367128,386.008841286,1022,-960.14,10.22,-1009.13,0,1009.13,0,"	3541,3542" 
2023-03-07T16:00:00Z,"SPY",2023-03-07T20:58:00Z,Sell,383.851885311,381.666169923,1020,2229.43,10.2,-1251.61,2698.78,1789.41,1,"	3543,3544" 
2023-03-09T15:00:00Z,"SPY",2023-03-09T15:15:00Z,Buy,384.206584738,383.602637065,1031,-622.67,10.31,-622.67,316.28,938.95,0,"	3545,3546" 
2023-03-09T18:30:00Z,"SPY",2023-03-09T20:58:00Z,Sell,380.065229266,375.367858476,1039,4880.57,10.39,0,5607.67,1872.54,1,"	3547,3548" 
2023-03-10T15:00:00Z,"SPY",2023-03-10T15:05:00Z,Sell,373.057518965,373.632707225,1084,-623.5,10.84,-1215.83,0,1215.83,0,"	3549,3550" 
2023-03-10T15:30:00Z,"SPY",2023-03-10T15:35:00Z,Sell,372.769924835,373.479323689,1082,-767.57,10.82,-871.3,0,871.3,0,"	3551,3552" 
2023-03-10T17:30:00Z,"SPY",2023-03-10T17:35:00Z,Sell,372.884962487,373.718985464,1077,-898.24,10.77,-1125.38,82.6,1207.98,0,"	3553,3554" 
2023-03-10T18:00:00Z,"SPY",2023-03-10T20:58:00Z,Sell,371.792104793,369.999434716,1076,1928.91,10.76,-371.34,3445.22,3816.57,1,"	3555,3556" 
2023-03-13T15:00:00Z,"SPY",2023-03-13T16:25:00Z,Buy,371.696240083,371.293608301,1053,-423.97,10.53,-423.97,2079.48,2503.45,0,"	3557,3558" 
2023-03-13T16:30:00Z,"SPY",2023-03-13T16:35:00Z,Buy,371.878383032,370.756765925,1050,-1177.7,10.5,-1177.7,0,1177.7,0,"	3559,3560" 
2023-03-13T18:30:00Z,"SPY",2023-03-13T18:40:00Z,Buy,372.348120111,372.05093951,1042,-309.66,10.42,-449.51,749.18,1198.69,0,"	3561,3562" 
2023-03-14T14:30:00Z,"SPY",2023-03-14T16:05:00Z,Buy,376.010152033,376.106016743,1063,101.9,10.63,-254.76,1161.71,1059.8,1,"	3563,3564" 
2023-03-16T15:00:00Z,"SPY",2023-03-16T19:58:00Z,Buy,375.396617889,379.739289252,1024,4446.9,10.24,-579.18,4692.31,2140.01,1,"	3565,3566" 
2023-03-17T14:30:00Z,"SPY",2023-03-17T17:10:00Z,Sell,376.463808502,376.203985828,967,251.25,9.67,-316.39,2363.6,2679.98,1,"	3567,3568" 
2023-03-17T18:30:00Z,"SPY",2023-03-17T19:00:00Z,Sell,374.414096296,374.952987768,973,-524.34,9.73,-720.97,393.26,1114.23,0,"	3569,3570" 
2023-03-20T14:30:00Z,"SPY",2023-03-20T14:40:00Z,Buy,377.589706756,377.108553656,934,-449.4,9.34,-449.4,215.71,665.11,0,"	3571,3572" 
2023-03-20T15:00:00Z,"SPY",2023-03-20T15:55:00Z,Buy,378.224828848,377.955383112,930,-250.58,9.3,-250.58,921.79,1172.38,0,"	3573,3574" 
2023-03-23T14:30:00Z,"SPY",2023-03-23T14:35:00Z,Buy,381.74686954,381.5544083,822,-158.2,8.22,-174.02,71.19,245.21,0,"	3575,3576" 
2023-03-23T15:00:00Z,"SPY",2023-03-23T16:45:00Z,Buy,383.402036204,382.285761012,818,-913.11,8.18,-1224.04,480.17,1704.22,0,"	3577,3578" 
2023-03-31T14:00:00Z,"SPY",2023-03-31T14:25:00Z,Buy,390.205541038,390.244033286,1022,39.34,10.22,-29.5,285.21,314.71,1,"	3579,3580" 
2023-03-31T14:30:00Z,"SPY",2023-03-31T14:35:00Z,Buy,390.378756154,390.64820189,1021,275.1,10.21,0,275.1,29.48,1,"	3581,3582" 
2023-03-31T16:00:00Z,"SPY",2023-03-31T19:58:00Z,Buy,391.783723206,393.958535218,1019,2216.13,10.19,-372.62,2216.13,1078.65,1,"	3583,3584" 
2023-04-03T14:00:00Z,"SPY",2023-04-03T14:40:00Z,Buy,394.680264868,394.872726108,999,192.27,9.99,0,1057.48,865.21,1,"	3585,3586" 
2023-04-04T15:30:00Z,"SPY",2023-04-04T19:55:00Z,Sell,393.448512932,392.948113708,1042,521.42,10.42,-411.12,1494.06,1905.17,1,"	3587,3588" 
2023-04-06T14:00:00Z,"SPY",2023-04-06T14:05:00Z,Sell,390.831040068,391.071616618,1052,-253.09,10.52,-394.81,0,394.81,0,"	3589,3590" 
2023-04-06T17:30:00Z,"SPY",2023-04-06T17:35:00Z,Buy,393.573612738,393.381151498,1043,-200.74,10.43,-210.77,180.66,391.44,0,"	3591,3592" 
2023-04-12T19:30:00Z,"SPY",2023-04-12T19:35:00Z,Sell,392.207137934,392.52469898,1046,-332.17,10.46,-422.76,0,422.76,0,"	3593,3594" 
2023-04-13T14:30:00Z,"SPY",2023-04-13T14:50:00Z,Buy,395.257648588,394.805364674,1036,-468.57,10.36,-573.25,19.94,593.18,0,"	3595,3596" 
2023-04-13T15:30:00Z,"SPY",2023-04-13T15:55:00Z,Buy,395.31538696,394.988202852,1033,-337.98,10.33,-347.92,228.63,576.56,0,"	3597,3598" 
2023-04-13T16:00:00Z,"SPY",2023-04-13T19:58:00Z,Buy,395.45973289,397.778890832,1031,2391.05,10.31,0,2743.26,505.99,1,"	3599,3600" 
2023-04-14T14:00:00Z,"SPY",2023-04-14T14:10:00Z,Buy,399.193480946,397.442083662,1033,-1809.19,10.33,-1809.19,99.41,1908.6,0,"	3601,3602" 
2023-04-14T15:30:00Z,"SPY",2023-04-14T15:35:00Z,Sell,396.056362734,396.27769316,1032,-228.41,10.32,-228.41,89.38,317.79,0,"	3603,3604" 
2023-04-14T16:30:00Z,"SPY",2023-04-14T17:20:00Z,Sell,395.642571068,395.873524556,1032,-238.34,10.32,-347.58,933.51,1281.1,0,"	3605,3606" 
2023-04-14T17:30:00Z,"SPY",2023-04-14T18:10:00Z,Sell,395.12292572,395.65219413,1032,-546.2,10.32,-585.93,456.83,1042.75,0,"	3607,3608" 
2023-04-21T14:00:00Z,"SPY",2023-04-21T14:15:00Z,Sell,395.450109828,395.960132114,1029,-524.81,10.29,-524.81,366.38,891.19,0,"	3609,3610" 
2023-04-25T14:30:00Z,"SPY",2023-04-25T14:50:00Z,Sell,394.20873483,394.430065256,1029,-227.75,10.29,-227.75,376.28,604.03,0,"	3611,3612" 
2023-04-25T16:00:00Z,"SPY",2023-04-25T19:58:00Z,Sell,393.602481924,390.84066313,1030,2844.67,10.3,-247.79,2859.54,733.47,1,"	3613,3614" 
2023-04-26T14:30:00Z,"SPY",2023-04-26T14:35:00Z,Sell,390.099687356,390.542348208,1053,-466.12,10.53,-496.52,0,496.52,0,"	3615,3616" 
2023-04-26T19:00:00Z,"SPY",2023-04-26T19:15:00Z,Sell,389.118135032,389.272104024,1054,-162.28,10.54,-253.57,344.85,598.42,0,"	3617,3618" 
2023-04-27T14:00:00Z,"SPY",2023-04-27T15:00:00Z,Buy,392.197514872,392.33223774,1044,140.65,10.44,-80.37,979.53,899.16,1,"	3619,3620" 
2023-04-27T15:30:00Z,"SPY",2023-04-27T19:58:00Z,Buy,393.381151498,396.71073095,1042,3469.42,10.42,-240.65,3880.54,501.36,1,"	3621,3622" 
2023-04-28T14:30:00Z,"SPY",2023-04-28T15:00:00Z,Buy,399.06838114,397.653791026,1044,-1476.83,10.44,-1657.67,60.28,1717.95,0,"	3623,3624" 
2023-04-28T15:30:00Z,"SPY",2023-04-28T18:50:00Z,Buy,398.15419025,398.664212536,1039,529.91,10.39,0,1769.71,1349.78,1,"	3625,3626" 
2023-04-28T19:00:00Z,"SPY",2023-04-28T19:58:00Z,Buy,399.174234822,399.98257203,1039,839.86,10.39,-89.99,844.86,794.87,1,"	3627,3628" 
2023-05-02T14:00:00Z,"SPY",2023-05-02T17:25:00Z,Sell,398.25042087,394.728380178,1046,3684.05,10.46,-30.2,5797.86,2113.8,1,"	3629,3630" 
2023-05-02T17:30:00Z,"SPY",2023-05-02T17:35:00Z,Sell,394.78611855,394.766872426,1074,20.67,10.74,-134.36,155.03,134.36,1,"	3631,3632" 
2023-05-02T18:00:00Z,"SPY",2023-05-02T18:05:00Z,Sell,395.334633084,395.017072038,1072,340.43,10.72,0,557.06,257.9,1,"	3633,3634" 
2023-05-02T18:30:00Z,"SPY",2023-05-02T18:40:00Z,Sell,394.73800324,395.036318162,1075,-320.69,10.75,-362.07,103.45,465.52,0,"	3635,3636" 
2023-05-02T19:00:00Z,"SPY",2023-05-02T19:05:00Z,Sell,395.575209634,395.325010022,1071,267.96,10.71,-72.14,288.58,82.45,1,"	3637,3638" 
2023-05-02T19:30:00Z,"SPY",2023-05-02T19:35:00Z,Sell,395.825409246,395.344256146,1072,515.8,10.72,0,515.8,144.42,1,"	3639,3640" 
2023-05-03T14:00:00Z,"SPY",2023-05-03T14:05:00Z,Buy,396.66261564,396.547138896,1072,-123.79,10.72,-216.63,226.95,443.58,0,"	3641,3642" 
2023-05-04T14:00:00Z,"SPY",2023-05-04T14:55:00Z,Sell,390.31139472,390.11893348,1089,209.59,10.89,-220.07,1676.72,1571.93,1,"	3643,3644" 
2023-05-04T15:00:00Z,"SPY",2023-05-04T15:10:00Z,Sell,389.599288132,390.79254782,1092,-1303.04,10.92,-1303.04,157.63,1460.67,0,"	3645,3646" 
2023-05-04T15:30:00Z,"SPY",2023-05-04T16:25:00Z,Sell,389.955341426,390.013079798,1084,-62.59,10.84,-62.59,1481.26,1543.85,0,"	3647,3648" 
2023-05-05T14:00:00Z,"SPY",2023-05-05T16:15:00Z,Buy,394.661018744,395.17104103,1071,546.23,10.71,0,1484.11,937.87,1,"	3649,3650" 
2023-05-05T16:30:00Z,"SPY",2023-05-05T16:45:00Z,Buy,395.305763898,395.142171844,1072,-175.37,10.72,-175.37,92.84,268.21,0,"	3651,3652" 
2023-05-05T17:00:00Z,"SPY",2023-05-05T19:58:00Z,Buy,395.594455758,396.80696157,1070,1297.38,10.7,0,2584.47,1287.08,1,"	3653,3654" 
2023-05-11T14:00:00Z,"SPY",2023-05-11T14:25:00Z,Sell,394.843856922,395.132548782,1079,-311.5,10.79,-353.03,269.97,581.46,0,"	3655,3656" 
2023-05-12T16:30:00Z,"SPY",2023-05-12T17:25:00Z,Sell,394.622526496,395.103679596,1078,-518.68,10.78,-518.68,736.53,1255.21,0,"	3657,3658" 
2023-05-12T18:00:00Z,"SPY",2023-05-12T19:05:00Z,Sell,393.881550722,394.545542,1077,-715.12,10.77,-808.39,186.55,994.95,0,"	3659,3660" 
2023-05-17T17:00:00Z,"SPY",2023-05-17T19:58:00Z,Buy,398.808558466,399.59764955,1060,836.44,10.6,0,1377.06,1275.06,1,"	3661,3662" 
2023-05-18T14:30:00Z,"SPY",2023-05-18T14:45:00Z,Buy,401.175831718,401.031485788,1058,-152.72,10.58,-152.72,600.69,753.41,0,"	3663,3664" 
2023-05-18T15:00:00Z,"SPY",2023-05-18T16:10:00Z,Buy,401.551131136,400.877516796,1056,-711.34,10.56,-792.63,741.82,1534.45,0,"	3665,3666" 
2023-05-18T19:00:00Z,"SPY",2023-05-18T19:58:00Z,Buy,401.320177648,403.514235784,1053,2310.34,10.53,-152,2502.87,496.52,1,"	3667,3668" 
2023-05-23T18:30:00Z,"SPY",2023-05-23T19:58:00Z,Sell,398.721950908,398.481374358,1072,257.9,10.72,-680.85,371.37,1052.22,1,"	3669,3670" 
2023-05-24T14:00:00Z,"SPY",2023-05-24T15:25:00Z,Sell,395.632948006,395.873524556,1081,-260.06,10.81,-260.06,946.63,1206.69,0,"	3671,3672" 
2023-05-24T15:30:00Z,"SPY",2023-05-24T17:40:00Z,Sell,395.709932502,395.55596351,1080,166.29,10.8,-124.71,1278.33,1158.81,1,"	3673,3674" 
2023-05-24T18:30:00Z,"SPY",2023-05-24T18:40:00Z,Sell,394.824610798,395.31538696,1083,-531.51,10.83,-552.35,93.8,646.15,0,"	3675,3676" 
2023-05-24T19:00:00Z,"SPY",2023-05-24T19:15:00Z,Sell,394.97857979,395.401994518,1080,-457.29,10.8,-457.29,280.61,737.9,0,"	3677,3678" 
2023-05-26T14:00:00Z,"SPY",2023-05-26T19:58:00Z,Buy,401.2816854,404.438049736,1060,3345.75,10.6,-25.5,3738.46,1382.16,1,"	3679,3680" 
2023-05-31T14:30:00Z,"SPY",2023-05-31T15:55:00Z,Sell,401.146962532,401.349046834,1077,-217.64,10.77,-342.01,611.48,839.49,0,"	3681,3682" 
2023-05-31T16:00:00Z,"SPY",2023-05-31T16:05:00Z,Sell,401.04110885,401.435654392,1077,-424.93,10.77,-424.93,0,424.93,0,"	3683,3684" 
2023-05-31T16:30:00Z,"SPY",2023-05-31T16:35:00Z,Sell,401.060354974,401.243193152,1074,-196.37,10.74,-196.37,46.51,242.88,0,"	3685,3686" 
2023-06-01T15:00:00Z,"SPY",2023-06-01T19:58:00Z,Buy,403.571974156,405.554324928,1067,2115.17,10.67,-112.95,3583.46,1940.62,1,"	3687,3688" 
2023-06-02T15:00:00Z,"SPY",2023-06-02T19:58:00Z,Buy,410.750778408,411.895922786,1058,1211.56,10.58,-40.72,1883.52,845.04,1,"	3689,3690" 
2023-06-07T14:00:00Z,"SPY",2023-06-07T14:05:00Z,Buy,413.127674722,412.68501387,1058,-468.34,10.58,-570.15,81.45,651.6,0,"	3691,3692" 
2023-06-08T15:30:00Z,"SPY",2023-06-08T15:35:00Z,Buy,412.117253212,412.021022592,1058,-101.81,10.58,-101.81,0,101.81,0,"	3693,3694" 
2023-06-08T16:30:00Z,"SPY",2023-06-08T16:50:00Z,Buy,412.92559042,412.213483832,1056,-751.98,10.56,-762.15,0,762.15,0,"	3695,3696" 
2023-06-08T17:00:00Z,"SPY",2023-06-08T17:35:00Z,Buy,412.463683444,412.117253212,1053,-364.79,10.53,-374.92,172.26,547.19,0,"	3697,3698" 
2023-06-08T18:30:00Z,"SPY",2023-06-08T19:58:00Z,Buy,412.521421816,413.050690226,1051,556.26,10.51,0,707.97,374.21,1,"	3699,3700" 
2023-06-09T14:00:00Z,"SPY",2023-06-09T14:45:00Z,Buy,414.696233828,414.917564254,1048,231.95,10.48,0,968.16,816.88,1,"	3701,3702" 
2023-06-12T19:30:00Z,"SPY",2023-06-12T19:58:00Z,Buy,416.91916115,417.044260956,1044,130.6,10.44,-150.7,462.14,432,1,"	3703,3704" 
2023-06-13T15:30:00Z,"SPY",2023-06-13T15:35:00Z,Buy,420.258363664,419.911933432,1036,-358.9,10.36,-358.9,109.66,468.57,0,"	3705,3706" 
2023-06-13T17:30:00Z,"SPY",2023-06-13T17:40:00Z,Buy,420.566301648,420.364217346,1034,-208.96,10.34,-258.71,29.85,288.56,0,"	3707,3708" 
2023-06-14T15:30:00Z,"SPY",2023-06-14T15:45:00Z,Buy,422.11561463,421.884661142,1029,-237.65,10.29,-237.65,49.51,287.16,0,"	3709,3710" 
2023-06-14T18:30:00Z,"SPY",2023-06-14T18:40:00Z,Sell,418.112420838,418.814904364,1037,-728.48,10.37,-1137.62,279.42,1417.03,0,"	3711,3712" 
2023-06-15T14:00:00Z,"SPY",2023-06-15T19:58:00Z,Buy,422.182976064,425.77237819,1024,3675.55,10.24,-197.08,5015.69,1369.71,1,"	3713,3714" 
2023-06-20T14:30:00Z,"SPY",2023-06-20T15:30:00Z,Sell,420.428942848,421.02778944,1045,-625.79,10.45,-1004.3,171.59,1175.89,0,"	3715,3716" 
2023-06-21T14:00:00Z,"SPY",2023-06-21T14:15:00Z,Sell,420.370989952,420.428942848,1043,-60.44,10.43,-60.44,705.19,765.64,0,"	3717,3718" 
2023-06-26T14:00:00Z,"SPY",2023-06-26T14:20:00Z,Buy,419.453402432,419.279543744,1045,-181.68,10.45,-413.83,211.96,600.56,0,"	3719,3720" 
2023-06-27T15:30:00Z,"SPY",2023-06-27T19:58:00Z,Buy,419.028414528,421.327212736,1045,2402.24,10.45,-30.28,2962.43,560.19,1,"	3721,3722" 
2023-06-29T16:30:00Z,"SPY",2023-06-29T17:00:00Z,Buy,423.143070144,422.737399872,1046,-424.33,10.46,-575.88,181.86,757.73,0,"	3723,3724" 
2023-06-30T14:00:00Z,"SPY",2023-06-30T14:50:00Z,Buy,427.238408128,427.103184704,1034,-139.82,10.34,-139.82,928.81,1068.63,0,"	3725,3726" 
2023-06-30T15:00:00Z,"SPY",2023-06-30T15:30:00Z,Buy,427.557149056,427.576466688,1032,19.94,10.32,-49.84,408.68,458.52,1,"	3727,3728" 
2023-06-30T16:30:00Z,"SPY",2023-06-30T19:58:00Z,Buy,427.943501696,428.600301184,1031,677.16,10.31,-64.73,1234.82,557.66,1,"	3729,3730" 
2023-07-06T14:00:00Z,"SPY",2023-07-06T15:50:00Z,Sell,423.529422784,423.143070144,1045,403.74,10.45,0,1372.71,989.16,1,"	3731,3732" 
2023-07-07T17:00:00Z,"SPY",2023-07-07T18:45:00Z,Buy,427.170796416,426.117985472,1038,-1092.82,10.38,-1092.82,350.9,1443.72,0,"	3733,3734" 
2023-07-13T19:00:00Z,"SPY",2023-07-13T19:58:00Z,Buy,433.951285248,434.395590784,1017,451.86,10.17,-19.65,1060.89,682.7,1,"	3735,3736" 
2023-07-17T15:30:00Z,"SPY",2023-07-17T16:20:00Z,Buy,435.023413824,434.975119744,1016,-49.07,10.16,-78.51,274.77,323.84,0,"	3737,3738" 
2023-07-17T17:00:00Z,"SPY",2023-07-17T17:10:00Z,Buy,435.22624896,435.023413824,1016,-206.08,10.16,-206.08,0,206.08,0,"	3739,3740" 
2023-07-17T18:00:00Z,"SPY",2023-07-17T19:58:00Z,Buy,435.41942528,435.544989888,1014,127.32,10.14,-117.53,1028.37,901.05,1,"	3741,3742" 
2023-07-18T15:00:00Z,"SPY",2023-07-18T19:58:00Z,Buy,436.839271232,438.790352064,1012,1974.49,10.12,-156.4,2482.78,840.63,1,"	3743,3744" 
2023-07-19T14:00:00Z,"SPY",2023-07-19T14:30:00Z,Buy,440.461327232,440.24883328,1012,-215.04,10.12,-215.04,278.58,493.62,0,"	3745,3746" 
2023-07-20T18:30:00Z,"SPY",2023-07-20T19:58:00Z,Sell,436.665412544,436.655753728,1020,9.85,10.2,-630.53,571.42,798.01,1,"	3747,3748" 
2023-07-24T15:30:00Z,"SPY",2023-07-24T15:35:00Z,Buy,438.790352064,438.626152192,1015,-166.66,10.15,-176.47,4.9,181.37,0,"	3749,3750" 
2023-07-24T16:00:00Z,"SPY",2023-07-24T16:10:00Z,Buy,438.9931872,438.925575488,1014,-68.56,10.14,-132.22,68.56,200.78,0,"	3751,3752" 
2023-07-24T16:30:00Z,"SPY",2023-07-24T16:40:00Z,Buy,439.002846016,438.809669696,1013,-195.69,10.13,-195.69,97.84,293.53,0,"	3753,3754" 
2023-07-24T18:00:00Z,"SPY",2023-07-24T18:30:00Z,Buy,439.253975232,439.08977536,1012,-166.17,10.12,-175.94,195.49,371.44,0,"	3755,3756" 
2023-07-25T16:00:00Z,"SPY",2023-07-25T16:05:00Z,Buy,439.852821824,439.727257216,1010,-126.82,10.1,-136.58,0,136.58,0,"	3757,3758" 
2023-07-25T16:30:00Z,"SPY",2023-07-25T19:58:00Z,Buy,439.843163008,439.988045248,1009,146.19,10.09,-53.6,1296.18,1198.73,1,"	3759,3760" 
2023-07-27T18:30:00Z,"SPY",2023-07-27T19:58:00Z,Sell,438.432975872,437.080741632,1013,1369.81,10.13,-332.67,2221.05,1066.5,1,"	3761,3762" 
2023-07-28T15:00:00Z,"SPY",2023-07-28T17:10:00Z,Buy,441.205056064,440.97324448,1013,-234.83,10.13,-264.18,939.3,1203.48,0,"	3763,3764" 
2023-08-02T14:30:00Z,"SPY",2023-08-02T19:58:00Z,Sell,436.539847936,435.03307264,1022,1539.92,10.22,-197.43,2566.54,1342.5,1,"	3765,3766" 
2023-08-04T16:30:00Z,"SPY",2023-08-04T17:30:00Z,Buy,437.061424,436.24042464,1028,-843.99,10.28,-978.03,367.38,1345.42,0,"	3767,3768" 
2023-08-07T14:30:00Z,"SPY",2023-08-07T14:55:00Z,Buy,434.279684992,433.719473664,1031,-577.58,10.31,-587.54,253.94,841.47,0,"	3769,3770" 
2023-08-07T18:00:00Z,"SPY",2023-08-07T18:15:00Z,Buy,434.859213952,434.530814208,1027,-337.27,10.27,-337.27,168.63,505.9,0,"	3771,3772" 
2023-08-08T14:00:00Z,"SPY",2023-08-08T16:10:00Z,Sell,431.343404928,431.07295808,1034,279.64,10.34,-134.83,1248.4,968.76,1,"	3773,3774" 
2023-08-08T16:30:00Z,"SPY",2023-08-08T16:35:00Z,Sell,431.227499136,431.60419296,1035,-389.88,10.35,-389.88,0,389.88,0,"	3775,3776" 
2023-08-08T17:00:00Z,"SPY",2023-08-08T17:05:00Z,Sell,431.353063744,431.662145856,1033,-319.28,10.33,-339.24,0,339.24,0,"	3777,3778" 
2023-08-08T17:30:00Z,"SPY",2023-08-08T17:35:00Z,Sell,431.681463488,431.594534144,1031,89.62,10.31,-189.21,89.62,189.21,1,"	3779,3780" 
2023-08-09T15:00:00Z,"SPY",2023-08-09T17:10:00Z,Sell,432.125769024,431.816686912,1030,318.35,10.3,-268.61,2263.3,1944.95,1,"	3781,3782" 
2023-08-09T17:30:00Z,"SPY",2023-08-09T17:35:00Z,Sell,432.145086656,432.28031008,1031,-139.42,10.31,-278.83,0,278.83,0,"	3783,3784" 
2023-08-09T18:00:00Z,"SPY",2023-08-09T18:05:00Z,Sell,432.251333632,432.492804032,1030,-248.71,10.3,-248.71,124.36,373.07,0,"	3785,3786" 
2023-08-10T14:00:00Z,"SPY",2023-08-10T14:40:00Z,Buy,435.825095552,434.98477856,1021,-857.96,10.21,-936.86,394.47,1331.32,0,"	3787,3788" 
2023-08-10T15:00:00Z,"SPY",2023-08-10T15:05:00Z,Buy,434.202414464,433.449026816,1020,-768.46,10.2,-896.53,0,896.53,0,"	3789,3790" 
2023-08-14T15:00:00Z,"SPY",2023-08-14T16:15:00Z,Buy,431.980886784,431.642828224,1022,-345.5,10.22,-572.54,508.37,883.48,0,"	3791,3792" 
2023-08-14T17:00:00Z,"SPY",2023-08-14T17:50:00Z,Buy,431.971227968,431.691122304,1020,-285.71,10.2,-285.71,384.23,669.94,0,"	3793,3794" 
2023-08-14T18:00:00Z,"SPY",2023-08-14T18:05:00Z,Buy,431.864980992,431.758734016,1019,-108.27,10.19,-187,0,187,0,"	3795,3796" 
2023-08-15T14:00:00Z,"SPY",2023-08-15T15:10:00Z,Sell,430.049123584,429.585500416,1023,474.29,10.23,0,1679.76,1245,1,"	3797,3798" 
2023-08-15T15:30:00Z,"SPY",2023-08-15T15:35:00Z,Sell,429.662770944,429.701406208,1026,-39.64,10.26,-39.64,39.64,79.28,0,"	3799,3800" 
2023-08-15T16:30:00Z,"SPY",2023-08-15T18:45:00Z,Sell,429.488912256,429.3343712,1026,158.56,10.26,0,896.85,763.07,1,"	3801,3802" 
2023-08-15T19:00:00Z,"SPY",2023-08-15T19:58:00Z,Sell,429.0929008,428.001454592,1028,1122.01,10.28,-39.72,1846.84,848.95,1,"	3803,3804" 
2023-08-16T19:30:00Z,"SPY",2023-08-16T19:35:00Z,Sell,425.103809792,425.461185984,1043,-372.74,10.43,-413.04,221.63,634.67,0,"	3805,3806" 
2023-08-17T19:00:00Z,"SPY",2023-08-17T19:58:00Z,Sell,422.273776704,421.771518272,1048,526.37,10.48,-212.57,1386.77,1356.41,1,"	3807,3808" 
2023-08-21T14:00:00Z,"SPY",2023-08-21T14:10:00Z,Buy,423.751575552,423.606693312,1047,-151.69,10.47,-343.83,55.62,343.83,0,"	3809,3810" 
2023-08-23T14:00:00Z,"SPY",2023-08-23T19:58:00Z,Buy,425.364597824,427.653737216,1042,2385.28,10.42,-181.16,3270.96,1147.35,1,"	3811,3812" 
2023-08-24T15:00:00Z,"SPY",2023-08-24T19:58:00Z,Sell,426.069691392,422.650470528,1051,3593.6,10.51,0,4060.57,1563.32,1,"	3813,3814" 
2023-08-25T19:00:00Z,"SPY",2023-08-25T19:05:00Z,Buy,425.750950464,425.635044672,1069,-123.9,10.69,-309.76,464.64,774.4,0,"	3815,3816" 
2023-08-29T14:00:00Z,"SPY",2023-08-29T19:58:00Z,Buy,428.725865792,433.6808384,1061,5257.23,10.61,0,5626.15,1219.51,1,"	3817,3818" 
2023-08-30T14:00:00Z,"SPY",2023-08-30T14:20:00Z,Buy,435.844413184,435.255225408,1068,-629.25,10.68,-639.57,330.1,969.67,0,"	3819,3820" 
2023-09-05T14:00:00Z,"SPY",2023-09-05T14:10:00Z,Sell,434.231390912,434.299002624,1069,-72.28,10.69,-154.88,108.42,263.29,0,"	3821,3822" 
2023-09-06T14:30:00Z,"SPY",2023-09-06T18:40:00Z,Sell,430.860464128,430.792852416,1077,72.82,10.77,-317.28,2278.16,2231.35,1,"	3823,3824" 
2023-09-06T19:00:00Z,"SPY",2023-09-06T19:20:00Z,Sell,430.715581888,430.841146496,1077,-135.23,10.77,-176.84,582.54,759.39,0,"	3825,3826" 
2023-09-08T14:00:00Z,"SPY",2023-09-08T14:45:00Z,Buy,430.618993728,431.208181504,1077,634.56,10.77,0,1269.11,863.41,1,"	3827,3828" 
2023-09-15T14:30:00Z,"SPY",2023-09-15T14:35:00Z,Sell,432.29320111,432.37074423,1076,-83.44,10.76,-114.73,260.74,375.46,0,"	3829,3830" 
2023-09-15T15:00:00Z,"SPY",2023-09-15T19:58:00Z,Sell,430.89742495,429.69550659,1079,1296.87,10.79,-831.46,1547.88,1119.07,1,"	3831,3832" 
2023-09-19T14:30:00Z,"SPY",2023-09-19T17:20:00Z,Sell,428.05740818,427.62122813,1092,476.31,10.92,0,1726.35,1271.21,1,"	3833,3834" 
2023-09-20T19:30:00Z,"SPY",2023-09-20T19:58:00Z,Sell,427.33044143,425.23677719,1096,2294.66,10.96,0,2305.28,552.42,1,"	3835,3836" 
2023-09-21T14:00:00Z,"SPY",2023-09-21T14:20:00Z,Sell,420.80712646,422.09628083,1124,-1449.01,11.24,-1459.9,87.16,1547.06,0,"	3837,3838" 
2023-09-21T14:30:00Z,"SPY",2023-09-21T14:40:00Z,Sell,421.33054252,421.95088748,1115,-691.68,11.15,-697.09,248.57,945.66,0,"	3839,3840" 
2023-09-21T15:00:00Z,"SPY",2023-09-21T17:20:00Z,Sell,420.7683549,421.24330651,1113,-528.62,11.13,-604.14,679.66,1283.79,0,"	3841,3842" 
2023-09-21T18:00:00Z,"SPY",2023-09-21T19:58:00Z,Sell,421.07852738,418.37421107,1110,3001.79,11.1,0,3012.55,532.58,1,"	3843,3844" 
2023-09-22T15:30:00Z,"SPY",2023-09-22T15:35:00Z,Buy,420.55511132,420.44848953,1126,-120.06,11.26,-163.71,0,163.71,0,"	3845,3846" 
2023-09-25T16:30:00Z,"SPY",2023-09-25T16:40:00Z,Buy,418.6359191,418.10281015,1130,-602.41,11.3,-602.41,10.95,613.37,0,"	3847,3848" 
2023-09-26T14:30:00Z,"SPY",2023-09-26T14:45:00Z,Sell,414.78784177,415.2434076,1138,-518.43,11.38,-518.43,380.55,898.99,0,"	3849,3850" 
2023-09-26T15:30:00Z,"SPY",2023-09-26T16:25:00Z,Sell,413.67315942,414.62306264,1138,-1080.99,11.38,-1080.99,88.24,1169.23,0,"	3851,3852" 
2023-09-26T17:00:00Z,"SPY",2023-09-26T17:05:00Z,Sell,414.42920484,414.5649053,1131,-153.48,11.31,-334.36,131.55,465.91,0,"	3853,3854" 
2023-09-26T17:30:00Z,"SPY",2023-09-26T19:58:00Z,Sell,413.86701722,412.8201851,1132,1185.01,11.32,-142.64,2029.89,888.76,1,"	3855,3856" 
2023-09-27T16:30:00Z,"SPY",2023-09-27T16:45:00Z,Sell,411.16270091,411.61826674,1145,-521.62,11.45,-532.72,0,532.72,0,"	3857,3858" 
2023-09-27T17:00:00Z,"SPY",2023-09-27T18:35:00Z,Sell,411.03669334,412.08352546,1143,-1196.53,11.43,-1329.48,1916.66,3246.14,0,"	3859,3860" 
2023-09-28T14:00:00Z,"SPY",2023-09-28T14:20:00Z,Buy,413.60530919,413.61500208,1130,10.95,11.3,-492.88,575.03,1067.91,1,"	3861,3862" 
2023-09-28T15:00:00Z,"SPY",2023-09-28T15:05:00Z,Buy,414.23534704,413.95425323,1128,-317.07,11.28,-317.07,0,317.07,0,"	3863,3864" 
2023-09-28T15:30:00Z,"SPY",2023-09-28T17:35:00Z,Buy,415.15617159,414.74907021,1124,-457.58,11.24,-479.37,1982.86,2462.23,0,"	3865,3866" 
2023-09-28T18:00:00Z,"SPY",2023-09-28T18:40:00Z,Buy,415.01077824,414.79753466,1122,-239.26,11.22,-674.28,891.78,1566.06,0,"	3867,3868" 
2023-09-28T19:00:00Z,"SPY",2023-09-28T19:40:00Z,Buy,415.23371471,414.90415645,1120,-369.11,11.2,-369.11,1433,1802.1,0,"	3869,3870" 
2023-09-29T18:00:00Z,"SPY",2023-09-29T18:45:00Z,Sell,413.08189313,414.04148924,1124,-1078.59,11.24,-1089.48,119.84,1209.32,0,"	3871,3872" 
2023-10-02T17:00:00Z,"SPY",2023-10-02T17:05:00Z,Sell,411.76366009,412.00598234,1122,-271.89,11.22,-489.39,0,489.39,0,"	3873,3874" 
2023-10-03T14:30:00Z,"SPY",2023-10-03T19:58:00Z,Sell,409.53429539,408.37114859,1127,1310.87,11.27,-535.27,2512.49,2108.31,1,"	3875,3876" 
2023-10-04T14:30:00Z,"SPY",2023-10-04T14:35:00Z,Sell,407.69264629,408.93333621,1139,-1413.15,11.39,-1413.15,0,1413.15,0,"	3877,3878" 
2023-10-04T16:00:00Z,"SPY",2023-10-04T16:05:00Z,Buy,410.92037866,410.41634838,1123,-566.03,11.23,-620.45,0,620.45,0,"	3879,3880" 
2023-10-04T16:30:00Z,"SPY",2023-10-04T16:40:00Z,Buy,410.96884311,410.82344976,1120,-162.84,11.2,-162.84,217.12,379.96,0,"	3881,3882" 
2023-10-04T19:30:00Z,"SPY",2023-10-04T19:58:00Z,Buy,411.38563738,412.17076147,1118,877.77,11.18,0,975.3,796.49,1,"	3883,3884" 
2023-10-05T14:30:00Z,"SPY",2023-10-05T15:55:00Z,Sell,410.41634838,409.61183851,1125,905.07,11.25,0,2257.23,1363.06,1,"	3885,3886" 
2023-10-05T16:00:00Z,"SPY",2023-10-05T16:10:00Z,Sell,409.05934378,409.48583094,1133,-483.21,11.33,-582.05,0,582.05,0,"	3887,3888" 
2023-10-06T16:00:00Z,"SPY",2023-10-06T19:58:00Z,Buy,415.70866632,416.37747573,1112,743.72,11.12,-1217.97,2382.05,1638.33,1,"	3889,3890" 
2023-10-09T18:00:00Z,"SPY",2023-10-09T18:20:00Z,Buy,418.84916268,418.89762713,1108,53.7,11.08,-311.45,451.07,429.59,1,"	3891,3892" 
2023-10-09T18:30:00Z,"SPY",2023-10-09T19:20:00Z,Buy,419.15933516,418.80069823,1107,-397.01,11.07,-718.91,461.39,858.4,0,"	3893,3894" 
2023-10-10T14:00:00Z,"SPY",2023-10-10T17:10:00Z,Buy,420.32248196,421.94119459,1102,1783.82,11.02,0,3706.5,1997.45,1,"	3895,3896" 
2023-10-10T17:30:00Z,"SPY",2023-10-10T17:35:00Z,Buy,422.03812349,421.71825812,1106,-353.77,11.06,-589.62,0,589.62,0,"	3897,3898" 
2023-10-12T14:00:00Z,"SPY",2023-10-12T14:10:00Z,Sell,422.04781638,422.27075285,1104,-246.12,11.04,-374.53,385.23,759.77,0,"	3899,3900" 
2023-10-12T17:30:00Z,"SPY",2023-10-12T19:20:00Z,Sell,420.09954549,420.45818242,1108,-397.37,11.08,-397.37,2201.64,2599.01,0,"	3901,3902" 
2023-10-12T19:30:00Z,"SPY",2023-10-12T19:35:00Z,Sell,420.07046682,420.52603265,1106,-503.86,11.06,-653.94,0,653.94,0,"	3903,3904" 
2023-10-13T14:00:00Z,"SPY",2023-10-13T14:05:00Z,Buy,422.56153955,422.01873771,1097,-595.45,10.97,-871.91,0,871.91,0,"	3905,3906" 
2023-10-13T17:30:00Z,"SPY",2023-10-13T17:45:00Z,Sell,416.96874202,418.28697506,1109,-1461.92,11.09,-1499.54,204.24,1703.78,0,"	3907,3908" 
2023-10-16T14:30:00Z,"SPY",2023-10-16T15:40:00Z,Buy,422.54215377,422.53246088,1087,-10.54,10.87,-10.54,1169.52,1180.05,0,"	3909,3910" 
2023-10-18T15:00:00Z,"SPY",2023-10-18T15:05:00Z,Sell,419.26595695,419.77968012,1096,-563.04,10.96,-722.39,0,722.39,0,"	3911,3912" 
2023-10-18T19:00:00Z,"SPY",2023-10-18T19:58:00Z,Sell,417.93803102,416.92027757,1096,1115.46,10.96,0,2103.43,987.98,1,"	3913,3914" 
2023-10-19T19:00:00Z,"SPY",2023-10-19T19:05:00Z,Sell,413.82824566,414.31289016,1113,-539.41,11.13,-593.35,0,593.35,0,"	3915,3916" 
2023-10-19T19:30:00Z,"SPY",2023-10-19T19:35:00Z,Sell,413.66346653,414.05118213,1111,-430.75,11.11,-430.75,0,430.75,0,"	3917,3918" 
2023-10-20T14:00:00Z,"SPY",2023-10-20T16:00:00Z,Sell,412.01567523,410.38726971,1113,1812.42,11.13,-302.07,3354.05,1908.43,1,"	3919,3920" 
2023-10-20T16:30:00Z,"SPY",2023-10-20T16:35:00Z,Sell,409.98986122,410.51327728,1127,-589.89,11.27,-600.81,0,600.81,0,"	3921,3922" 
2023-10-20T18:30:00Z,"SPY",2023-10-20T19:20:00Z,Sell,409.61183851,409.98986122,1125,-425.28,11.25,-610.65,468.89,954.14,0,"	3923,3924" 
2023-10-20T19:30:00Z,"SPY",2023-10-20T19:58:00Z,Sell,409.35013048,408.4583846,1124,1002.32,11.24,-119.84,1242.01,463.03,1,"	3925,3926" 
2023-10-23T17:00:00Z,"SPY",2023-10-23T17:15:00Z,Buy,411.37594449,410.4938915,1123,-990.55,11.23,-1044.97,0,1044.97,0,"	3927,3928" 
2023-10-24T14:00:00Z,"SPY",2023-10-24T14:05:00Z,Buy,410.82344976,409.90262521,1120,-1031.32,11.2,-1118.17,0,1118.17,0,"	3929,3930" 
2023-10-24T14:30:00Z,"SPY",2023-10-24T14:55:00Z,Buy,411.39533027,411.18208669,1113,-237.34,11.13,-539.41,307.46,577.17,0,"	3931,3932" 
2023-10-25T14:00:00Z,"SPY",2023-10-25T14:40:00Z,Sell,407.27585202,407.47940271,1123,-228.59,11.23,-228.59,1251.79,1480.38,0,"	3933,3934" 
2023-10-25T16:30:00Z,"SPY",2023-10-25T19:58:00Z,Sell,406.33564169,404.65877172,1125,1886.48,11.25,-457.99,2311.75,1373.97,1,"	3935,3936" 
2023-10-26T14:00:00Z,"SPY",2023-10-26T14:30:00Z,Sell,402.63295771,402.6426506,1144,-11.09,11.44,-399.19,942.54,1341.73,0,"	3937,3938" 
2023-10-26T16:30:00Z,"SPY",2023-10-26T17:50:00Z,Sell,400.316357,400.63622237,1151,-368.17,11.51,-502.04,1283,1785.04,0,"	3939,3940" 
2023-10-27T18:30:00Z,"SPY",2023-10-27T18:35:00Z,Sell,397.23401798,397.88344161,1158,-752.03,11.58,-886.72,123.47,1010.19,0,"	3941,3942" 
2023-10-27T19:00:00Z,"SPY",2023-10-27T19:15:00Z,Sell,396.95292417,397.35033266,1155,-459.01,11.55,-587.75,134.34,722.1,0,"	3943,3944" 
2023-10-30T14:00:00Z,"SPY",2023-10-30T14:05:00Z,Buy,402.1580061,401.52796825,1137,-716.35,11.37,-716.35,0,716.35,0,"	3945,3946" 
2023-11-01T14:30:00Z,"SPY",2023-11-01T15:20:00Z,Buy,408.22575524,407.67326051,1117,-617.14,11.17,-725.41,671.27,1396.68,0,"	3947,3948" 
2023-11-01T19:30:00Z,"SPY",2023-11-01T19:58:00Z,Buy,409.83477498,409.80569631,1109,-32.25,11.09,-204.24,569.72,773.96,0,"	3949,3950" 
2023-11-02T14:00:00Z,"SPY",2023-11-02T14:10:00Z,Buy,414.38074039,413.95425323,1097,-467.86,10.97,-467.86,180.76,648.62,0,"	3951,3952" 
2023-11-02T14:30:00Z,"SPY",2023-11-02T19:58:00Z,Buy,415.07862847,417.34676473,1093,2479.07,10.93,0,2839.28,943.95,1,"	3953,3954" 
2023-11-03T14:00:00Z,"SPY",2023-11-03T14:10:00Z,Buy,421.32084963,420.88466958,1015,-442.72,10.15,-442.72,186.93,629.65,0,"	3955,3956" 
2023-11-03T16:00:00Z,"SPY",2023-11-03T17:15:00Z,Buy,421.62132922,421.88303725,1012,264.85,10.12,-117.71,853.4,588.55,1,"	3957,3958" 
2023-11-03T18:00:00Z,"SPY",2023-11-03T18:05:00Z,Buy,422.27075285,422.08658794,1012,-186.37,10.12,-186.37,0,186.37,0,"	3959,3960" 
2023-11-03T18:30:00Z,"SPY",2023-11-03T19:10:00Z,Buy,422.35798886,422.49368932,1011,137.19,10.11,-156.79,514.47,377.28,1,"	3961,3962" 
2023-11-07T16:00:00Z,"SPY",2023-11-07T16:05:00Z,Buy,423.74407213,423.579293,1015,-167.25,10.15,-231.2,0,231.2,0,"	3963,3964" 
2023-11-07T16:30:00Z,"SPY",2023-11-07T16:50:00Z,Buy,423.61806456,423.3854352,1015,-236.12,10.15,-285.31,432.88,718.19,0,"	3965,3966" 
2023-11-09T19:30:00Z,"SPY",2023-11-09T20:58:00Z,Sell,421.45655009,420.52603265,1085,1009.61,10.85,-131.46,1430.28,809.79,1,"	3967,3968" 
2023-11-10T18:00:00Z,"SPY",2023-11-10T20:58:00Z,Buy,425.31432031,427.03965473,1080,1863.36,10.8,-570.52,2177.41,586.23,1,"	3969,3970" 
2023-11-14T15:00:00Z,"SPY",2023-11-14T17:10:00Z,Buy,434.18331466,434.4353298,1066,268.65,10.66,-268.65,1818.54,1611.89,1,"	3971,3972" 
2023-11-14T17:30:00Z,"SPY",2023-11-14T18:55:00Z,Buy,434.35778668,434.78427384,1067,455.06,10.67,0,1013.55,558.48,1,"	3973,3974" 
2023-11-14T20:00:00Z,"SPY",2023-11-14T20:50:00Z,Buy,435.63724816,435.36584724,1066,-289.31,10.66,-289.31,578.63,867.94,0,"	3975,3976" 
2023-11-20T15:00:00Z,"SPY",2023-11-20T15:25:00Z,Buy,438.28340713,437.81814841,1058,-492.24,10.58,-687.09,71.79,758.88,0,"	3977,3978" 
2023-11-20T15:30:00Z,"SPY",2023-11-20T15:40:00Z,Buy,438.07016355,438.05077777,1056,-20.47,10.56,-174.01,81.89,214.95,0,"	3979,3980" 
2023-11-20T16:00:00Z,"SPY",2023-11-20T20:58:00Z,Buy,438.71958718,440.06689889,1055,1421.41,10.55,-112.49,2525.82,1165.76,1,"	3981,3982" 
2023-11-28T15:00:00Z,"SPY",2023-11-28T15:05:00Z,Sell,439.6694904,439.99904866,1059,-349,10.59,-349,0,349,0,"	3983,3984" 
2023-11-28T16:30:00Z,"SPY",2023-11-28T17:35:00Z,Buy,441.57898973,441.05557367,1052,-550.63,10.52,-723.98,693.39,1417.37,0,"	3985,3986" 
2023-11-29T15:00:00Z,"SPY",2023-11-29T15:05:00Z,Buy,444.05067668,443.57572507,1044,-495.85,10.44,-495.85,25.3,521.15,0,"	3987,3988" 
2023-11-30T17:30:00Z,"SPY",2023-11-30T17:40:00Z,Sell,439.64041173,439.77611219,1052,-142.76,10.52,-285.51,50.98,300.81,0,"	3989,3990" 
2023-12-01T17:00:00Z,"SPY",2023-12-01T20:58:00Z,Buy,444.26392026,445.14597325,1041,918.22,10.41,-141.26,1220.93,1362.19,1,"	3991,3992" 
2023-12-04T15:30:00Z,"SPY",2023-12-04T15:45:00Z,Sell,440.84233009,440.86171587,1053,-20.41,10.53,-183.72,204.13,306.2,0,"	3993,3994" 
2023-12-04T16:00:00Z,"SPY",2023-12-04T16:15:00Z,Sell,440.59031495,440.81325142,1053,-234.75,10.53,-234.75,91.86,326.61,0,"	3995,3996" 
2023-12-06T20:30:00Z,"SPY",2023-12-06T20:58:00Z,Sell,441.01680211,440.43522871,1051,611.23,10.51,-142.62,641.8,387.11,1,"	3997,3998" 
2023-12-07T15:30:00Z,"SPY",2023-12-07T16:15:00Z,Buy,443.90528333,443.21708814,1047,-720.54,10.47,-720.54,81.19,801.73,0,"	3999,4000" 
2023-12-07T17:00:00Z,"SPY",2023-12-07T17:15:00Z,Buy,444.0312909,443.63388241,1043,-414.5,10.43,-414.5,40.44,454.94,0,"	4001,4002" 
2023-12-07T17:30:00Z,"SPY",2023-12-07T20:35:00Z,Buy,444.18637714,443.94405489,1041,-252.26,10.41,-292.62,464.15,716.41,0,"	4003,4004" 
2023-12-08T15:30:00Z,"SPY",2023-12-08T15:40:00Z,Buy,445.73723954,444.6128643,1036,-1164.85,10.36,-1164.85,0,1164.85,0,"	4005,4006" 
2023-12-08T16:00:00Z,"SPY",2023-12-08T16:15:00Z,Buy,445.89232578,444.83580077,1031,-1089.28,10.31,-1229.18,0,1229.18,0,"	4007,4008" 
2023-12-08T18:30:00Z,"SPY",2023-12-08T18:35:00Z,Buy,445.34952394,445.2913666,1027,-59.73,10.27,-159.27,0,159.27,0,"	4009,4010" 
2023-12-08T19:00:00Z,"SPY",2023-12-08T20:58:00Z,Buy,445.3882955,446.13464803,1027,766.5,10.27,0,1199.53,492.75,1,"	4011,4012" 
2023-12-11T19:00:00Z,"SPY",2023-12-11T19:20:00Z,Buy,447.46257396,447.29779483,1025,-168.9,10.25,-168.9,168.9,337.8,0,"	4013,4014" 
2023-12-11T19:30:00Z,"SPY",2023-12-11T19:40:00Z,Buy,447.55950286,447.4238024,1024,-138.96,10.24,-208.44,49.63,258.06,0,"	4015,4016" 
2023-12-12T20:00:00Z,"SPY",2023-12-12T20:40:00Z,Buy,449.33330173,449.51746664,1020,187.85,10.2,0,533.88,346.04,1,"	4017,4018" 
2023-12-13T19:30:00Z,"SPY",2023-12-13T20:58:00Z,Buy,453.10383594,455.69183757,1012,2619.06,10.12,-392.37,3138.95,2393.45,1,"	4019,4020" 
2023-12-14T15:00:00Z,"SPY",2023-12-14T15:05:00Z,Buy,458.61909035,458.07628851,1011,-548.77,10.11,-568.37,0,568.37,0,"	4021,4022" 
2023-12-18T15:30:00Z,"SPY",2023-12-18T15:40:00Z,Buy,459.1647242,458.81436536,1007,-352.81,10.07,-352.81,9.8,362.61,0,"	4023,4024" 
2023-12-18T17:30:00Z,"SPY",2023-12-18T18:05:00Z,Buy,459.83624531,459.46642209,1004,-371.3,10.04,-371.3,58.63,429.93,0,"	4025,4026" 
2023-12-18T18:30:00Z,"SPY",2023-12-18T18:45:00Z,Buy,459.87517407,459.69999465,1003,-175.7,10.03,-244.03,73.21,317.25,0,"	4027,4028" 
2023-12-18T19:00:00Z,"SPY",2023-12-18T19:10:00Z,Buy,459.83624531,459.78758436,1002,-48.76,10.02,-87.76,82.89,170.65,0,"	4029,4030" 
2023-12-19T15:00:00Z,"SPY",2023-12-19T17:15:00Z,Buy,460.80946431,461.04303687,999,233.34,9.99,-369.45,933.36,738.91,1,"	4031,4032" 
2023-12-19T17:30:00Z,"SPY",2023-12-19T18:10:00Z,Buy,461.15982315,461.02357249,1000,-136.25,10,-136.25,311.43,447.68,0,"	4033,4034" 
2023-12-19T18:30:00Z,"SPY",2023-12-19T19:15:00Z,Buy,461.28634162,461.44205666,999,155.56,9.99,-175,340.29,281.95,1,"	4035,4036" 
2023-12-19T19:30:00Z,"SPY",2023-12-19T19:45:00Z,Buy,461.62696827,461.45178885,999,-175,9.99,-194.45,68.06,262.51,0,"	4037,4038" 
2023-12-20T20:00:00Z,"SPY",2023-12-20T20:58:00Z,Sell,457.88007512,455.55408171,1006,2339.95,10.06,-479.74,2349.74,1752.51,1,"	4039,4040" 
2023-12-22T15:00:00Z,"SPY",2023-12-22T15:25:00Z,Buy,462.20116748,462.07464901,1007,-127.4,10.07,-274.41,166.61,382.21,0,"	4041,4042" 
2023-12-22T15:30:00Z,"SPY",2023-12-22T15:50:00Z,Buy,462.42500785,462.03572025,1006,-391.62,10.06,-460.16,137.07,597.23,0,"	4043,4044" 
2023-12-26T15:00:00Z,"SPY",2023-12-26T15:05:00Z,Buy,461.96759492,461.96759492,1005,0,10.05,-63.58,9.78,63.58,0,"	4045,4046" 
2023-12-26T17:00:00Z,"SPY",2023-12-26T17:05:00Z,Buy,462.35688252,462.22063186,1004,-136.8,10.04,-136.8,0,136.8,0,"	4047,4048" 
2023-12-29T16:00:00Z,"SPY",2023-12-29T18:50:00Z,Sell,462.70724136,462.55152632,1003,156.18,10.03,-204.99,2059.65,1903.47,1,"	4049,4050" 
2023-12-29T19:00:00Z,"SPY",2023-12-29T19:05:00Z,Sell,462.32768595,462.35688252,1004,-29.31,10.04,-97.71,39.08,97.71,0,"	4051,4052" 
2024-01-03T15:00:00Z,"SPY",2024-01-03T15:05:00Z,Sell,457.36426905,458.05525454,1015,-701.35,10.15,-701.35,79.03,780.38,0,"	4053,4054" 
2024-01-03T15:30:00Z,"SPY",2024-01-03T16:30:00Z,Sell,456.90685612,457.13069649,1013,-226.75,10.13,-394.35,685.18,1079.53,0,"	4055,4056" 
2024-01-03T17:00:00Z,"SPY",2024-01-03T17:30:00Z,Sell,456.68301575,457.01391021,1012,-334.87,10.12,-334.87,256.07,590.94,0,"	4057,4058" 
2024-01-04T15:30:00Z,"SPY",2024-01-04T17:05:00Z,Buy,457.18908963,456.98471364,1009,-206.22,10.09,-343.69,1114.54,1458.24,0,"	4059,4060" 
2024-01-05T15:00:00Z,"SPY",2024-01-05T16:30:00Z,Buy,455.63193923,456.55649728,1012,935.65,10.12,0,2156.93,1240.97,1,"	4061,4062" 
2024-01-05T17:00:00Z,"SPY",2024-01-05T17:05:00Z,Buy,456.22560282,456.01149464,1015,-217.32,10.15,-227.2,0,227.2,0,"	4063,4064" 
2024-01-05T19:00:00Z,"SPY",2024-01-05T19:20:00Z,Buy,455.82658303,455.67086799,1015,-158.05,10.15,-246.95,543.3,790.25,0,"	4065,4066" 
2024-01-08T15:00:00Z,"SPY",2024-01-08T20:58:00Z,Buy,457.15016087,461.84107645,1011,4742.52,10.11,-354.21,4781.87,782.22,1,"	4067,4068" 
2024-01-10T16:00:00Z,"SPY",2024-01-10T16:05:00Z,Buy,462.49313318,462.40554347,1020,-89.34,10.2,-109.2,0,109.2,0,"	4069,4070" 
2024-01-10T18:00:00Z,"SPY",2024-01-10T18:15:00Z,Buy,462.65858041,462.46393661,1019,-198.34,10.19,-436.35,426.44,862.79,0,"	4071,4072" 
2024-01-10T19:00:00Z,"SPY",2024-01-10T20:50:00Z,Buy,463.01867144,462.81429545,1017,-207.85,10.17,-207.85,1573.72,1781.57,0,"	4073,4074" 
2024-01-11T15:30:00Z,"SPY",2024-01-11T18:05:00Z,Sell,462.25956062,461.77295112,1018,495.37,10.18,-411.16,2575.92,2080.55,1,"	4075,4076" 
2024-01-11T18:30:00Z,"SPY",2024-01-11T18:35:00Z,Sell,462.03572025,462.12330996,1021,-89.43,10.21,-139.11,109.3,198.73,0,"	4077,4078" 
2024-01-16T15:00:00Z,"SPY",2024-01-16T15:10:00Z,Sell,461.78268331,462.02598806,1021,-248.41,10.21,-298.1,223.57,471.99,0,"	4079,4080" 
2024-01-16T18:00:00Z,"SPY",2024-01-16T18:05:00Z,Sell,461.24741286,461.47125323,1021,-228.54,10.21,-228.54,0,228.54,0,"	4081,4082" 
2024-01-16T19:00:00Z,"SPY",2024-01-16T19:50:00Z,Sell,461.36419914,461.49071761,1019,-128.92,10.19,-128.92,952.04,1080.96,0,"	4083,4084" 
2024-01-17T19:00:00Z,"SPY",2024-01-17T19:05:00Z,Sell,458.05525454,458.21096958,1026,-159.76,10.26,-269.6,0,269.6,0,"	4085,4086" 
2024-01-18T19:30:00Z,"SPY",2024-01-18T20:58:00Z,Buy,462.88242078,463.68046036,1015,810.01,10.15,-563.06,1313.8,834.71,1,"	4087,4088" 
2024-01-19T17:30:00Z,"SPY",2024-01-19T20:58:00Z,Buy,466.52225984,469.3835237,1010,2889.88,10.1,-24.57,3125.78,1091.08,1,"	4089,4090" 
2024-01-22T15:00:00Z,"SPY",2024-01-22T15:05:00Z,Buy,472.03067938,471.39808703,1011,-639.55,10.11,-639.55,108.23,747.78,0,"	4091,4092" 
2024-01-29T20:30:00Z,"SPY",2024-01-29T20:58:00Z,Buy,477.79213586,477.91865433,996,126.01,9.96,-474.97,193.87,668.84,1,"	4093,4094" 
2024-01-31T15:00:00Z,"SPY",2024-01-31T18:05:00Z,Sell,474.68756725,474.33720841,1003,351.41,10.03,-39.05,1347.07,1073.75,1,"	4095,4096" 
2024-01-31T18:30:00Z,"SPY",2024-01-31T18:50:00Z,Sell,474.14256461,474.58051316,1005,-440.14,10.05,-440.14,146.71,586.85,0,"	4097,4098" 
2024-01-31T19:00:00Z,"SPY",2024-01-31T19:40:00Z,Sell,474.3469406,474.92113981,1003,-575.92,10.03,-585.68,1556.94,2142.62,0,"	4099,4100" 
2024-01-31T20:00:00Z,"SPY",2024-01-31T20:58:00Z,Sell,473.45157912,470.91147753,1002,2545.18,10.02,0,3266.8,1101.94,1,"	4101,4102" 
2024-02-01T15:30:00Z,"SPY",2024-02-01T15:50:00Z,Buy,473.15961342,472.4005026,1014,-769.74,10.14,-769.74,0,769.74,0,"	4103,4104" 
2024-02-01T17:00:00Z,"SPY",2024-02-01T20:58:00Z,Buy,472.67300392,475.72891158,1011,3089.52,10.11,0,3276.47,1958.01,1,"	4105,4106" 
2024-02-02T15:00:00Z,"SPY",2024-02-02T20:58:00Z,Buy,477.42231264,481.5487612,1015,4188.35,10.15,-493.91,5334.21,2064.54,1,"	4107,4108" 
2024-02-05T15:30:00Z,"SPY",2024-02-05T16:35:00Z,Sell,478.23008441,478.76535486,1030,-551.33,10.3,-551.33,992.39,1543.72,0,"	4109,4110" 
2024-02-05T17:00:00Z,"SPY",2024-02-05T17:05:00Z,Sell,478.95026647,479.0183918,1026,-69.9,10.26,-69.9,79.88,149.78,0,"	4111,4112" 
2024-02-07T15:30:00Z,"SPY",2024-02-07T16:05:00Z,Buy,484.63386543,483.80662928,1014,-838.82,10.14,-1016.45,0,1016.45,0,"	4113,4114" 
2024-02-07T17:00:00Z,"SPY",2024-02-07T17:25:00Z,Buy,484.26404221,484.08886279,1011,-177.11,10.11,-255.82,167.27,398.49,0,"	4115,4116" 
2024-02-07T18:00:00Z,"SPY",2024-02-07T18:05:00Z,Buy,484.24457783,483.86502242,1010,-383.35,10.1,-383.35,452.16,835.51,0,"	4117,4118" 
2024-02-07T18:30:00Z,"SPY",2024-02-07T19:20:00Z,Buy,484.86743799,484.51707915,1007,-352.81,10.07,-529.22,98,627.22,0,"	4119,4120" 
2024-02-07T20:00:00Z,"SPY",2024-02-07T20:15:00Z,Buy,484.98422427,484.8577058,1006,-127.28,10.06,-127.28,137.07,264.35,0,"	4121,4122" 
2024-02-09T15:00:00Z,"SPY",2024-02-09T15:15:00Z,Buy,486.13262269,486.08396174,1003,-48.81,10.03,-224.51,68.33,224.51,0,"	4123,4124" 
2024-02-09T16:00:00Z,"SPY",2024-02-09T16:30:00Z,Buy,486.58030343,486.36619525,1002,-214.54,10.02,-292.55,204.78,497.33,0,"	4125,4126" 
2024-02-09T17:30:00Z,"SPY",2024-02-09T20:58:00Z,Buy,486.74575066,487.64111214,1000,895.36,10,-184.91,1411.17,822.37,1,"	4127,4128" 
2024-02-12T16:30:00Z,"SPY",2024-02-12T18:35:00Z,Buy,489.4318351,488.90629684,998,-524.49,9.98,-524.49,524.49,1048.97,0,"	4129,4130" 
2024-02-13T15:00:00Z,"SPY",2024-02-13T15:25:00Z,Sell,480.59500658,480.98429418,1015,-395.13,10.15,-395.13,444.52,839.64,0,"	4131,4132" 
2024-02-13T19:30:00Z,"SPY",2024-02-13T20:50:00Z,Sell,478.9210699,479.74830605,1016,-840.47,10.16,-840.47,1334.87,2175.34,0,"	4133,4134" 
2024-02-14T15:30:00Z,"SPY",2024-02-14T15:40:00Z,Buy,484.39056068,484.00127308,1001,-389.68,10.01,-409.16,97.42,506.58,0,"	4135,4136" 
2024-02-15T18:30:00Z,"SPY",2024-02-15T20:25:00Z,Buy,488.04013193,487.7773628,992,-260.67,9.92,-434.44,656.49,917.16,0,"	4137,4138" 
2024-02-15T20:30:00Z,"SPY",2024-02-15T20:40:00Z,Buy,488.19584697,487.85522032,991,-337.56,9.91,-337.56,57.87,395.43,0,"	4139,4140" 
2024-02-16T15:00:00Z,"SPY",2024-02-16T15:20:00Z,Sell,486.26887335,487.02798417,993,-753.8,9.93,-792.45,531.52,1323.98,0,"	4141,4142" 
2024-02-16T15:30:00Z,"SPY",2024-02-16T15:40:00Z,Sell,486.84307256,487.40753958,989,-558.26,9.89,-558.26,346.5,904.76,0,"	4143,4144" 
2024-02-20T15:00:00Z,"SPY",2024-02-20T15:55:00Z,Sell,483.37841292,483.48546701,994,-106.41,9.94,-203.15,773.9,977.05,0,"	4145,4146" 
2024-02-20T17:00:00Z,"SPY",2024-02-20T19:20:00Z,Sell,482.46358706,482.73608838,995,-271.14,9.95,-271.14,1142.66,1413.8,0,"	4147,4148" 
2024-02-20T19:30:00Z,"SPY",2024-02-20T19:50:00Z,Sell,482.72635619,483.36868073,993,-637.83,9.93,-637.83,280.26,918.09,0,"	4149,4150" 
2024-02-22T15:00:00Z,"SPY",2024-02-22T15:15:00Z,Buy,491.475595,491.26148682,973,-208.33,9.73,-303.02,151.51,454.53,0,"	4151,4152" 
2024-02-22T15:30:00Z,"SPY",2024-02-22T15:45:00Z,Buy,491.81622165,491.41720186,972,-387.85,9.72,-387.85,255.41,643.26,0,"	4153,4154" 
2024-02-22T16:30:00Z,"SPY",2024-02-22T20:58:00Z,Buy,491.85515041,494.25900134,970,2331.74,9.7,-283.21,2860.39,1397.15,1,"	4155,4156" 
2024-02-26T18:30:00Z,"SPY",2024-02-26T19:00:00Z,Sell,493.05220978,493.31497891,977,-256.73,9.77,-256.73,427.88,684.6,0,"	4157,4158" 
2024-03-01T15:30:00Z,"SPY",2024-03-01T20:58:00Z,Buy,496.70178103,499.21268605,969,2433.07,9.69,-537.54,2631.11,886.47,1,"	4159,4160" 
2024-03-05T15:00:00Z,"SPY",2024-03-05T15:05:00Z,Sell,496.01079554,496.77963855,980,-753.47,9.8,-886.99,0,886.99,0,"	4161,4162" 
2024-03-05T15:30:00Z,"SPY",2024-03-05T20:58:00Z,Sell,494.79427179,493.52908709,979,1238.62,9.79,-47.64,3306.15,2067.54,1,"	4163,4164" 
2024-03-07T15:30:00Z,"SPY",2024-03-07T16:45:00Z,Buy,500.40974542,500.48760294,973,75.76,9.73,-246.2,577.63,823.84,1,"	4165,4166" 
2024-03-07T17:00:00Z,"SPY",2024-03-07T20:05:00Z,Buy,500.84769397,500.89635492,972,47.3,9.72,-539.2,1154.08,1475.71,1,"	4167,4168" 
2024-03-08T15:00:00Z,"SPY",2024-03-08T16:05:00Z,Buy,503.89386944,502.67734569,967,-1176.38,9.67,-1176.38,301.15,1477.53,0,"	4169,4170" 
2024-03-08T18:00:00Z,"SPY",2024-03-08T19:25:00Z,Sell,498.80393407,499.67983117,972,-851.37,9.72,-889.21,1210.84,2100.05,0,"	4171,4172" 
2024-03-08T20:30:00Z,"SPY",2024-03-08T20:58:00Z,Sell,498.22000267,498.26866362,970,-47.2,9.7,-698.58,66.08,698.58,0,"	4173,4174" 
2024-03-11T14:00:00Z,"SPY",2024-03-11T14:35:00Z,Sell,495.77722298,496.15677839,974,-369.69,9.74,-369.69,782.03,1151.72,0,"	4175,4176" 
2024-03-12T14:30:00Z,"SPY",2024-03-12T16:40:00Z,Buy,501.24671376,500.76983645,962,-458.76,9.62,-458.76,1310.73,1769.49,0,"	4177,4178" 
2024-03-12T18:00:00Z,"SPY",2024-03-12T19:58:00Z,Buy,501.80144859,503.30020585,959,1437.31,9.59,-28,1567.97,1045.32,1,"	4179,4180" 
2024-03-13T14:00:00Z,"SPY",2024-03-13T14:10:00Z,Sell,502.24912933,502.52163065,964,-262.69,9.64,-262.69,234.55,497.24,0,"	4181,4182" 
2024-03-14T14:00:00Z,"SPY",2024-03-14T14:15:00Z,Sell,500.21510162,501.39269661,967,-1138.73,9.67,-1138.73,348.21,1486.94,0,"	4183,4184" 
2024-03-14T15:00:00Z,"SPY",2024-03-14T15:05:00Z,Sell,500.84769397,501.25644595,961,-392.81,9.61,-635.98,0,635.98,0,"	4185,4186" 
2024-03-14T15:30:00Z,"SPY",2024-03-14T15:40:00Z,Sell,500.60438922,500.97421244,960,-355.03,9.6,-541.89,224.23,766.12,0,"	4187,4188" 
2024-03-14T16:30:00Z,"SPY",2024-03-14T18:00:00Z,Sell,500.9158193,500.76010426,958,149.18,9.58,-195.79,1668.9,1538.37,1,"	4189,4190" 
2024-03-14T19:00:00Z,"SPY",2024-03-14T19:55:00Z,Sell,500.12751191,500.61412141,960,-467.15,9.6,-476.49,1868.58,2345.07,0,"	4191,4192" 
2024-03-15T17:00:00Z,"SPY",2024-03-15T17:10:00Z,Sell,496.380363242,497.00515857,965,-602.93,9.65,-602.93,0,602.93,0,"	4193,4194" 
2024-03-18T14:30:00Z,"SPY",2024-03-18T14:35:00Z,Buy,502.940714186,502.784515354,950,-148.39,9.5,-166.94,0,166.94,0,"	4195,4196" 
2024-03-19T17:00:00Z,"SPY",2024-03-19T19:15:00Z,Buy,502.452592836,502.325681285,950,-120.57,9.5,-241.13,593.56,806.86,0,"	4197,4198" 
2024-03-20T18:30:00Z,"SPY",2024-03-20T18:35:00Z,Buy,505.352033655,503.809570189,944,-1456.09,9.44,-1456.09,0,1456.09,0,"	4199,4200" 
2024-03-20T19:00:00Z,"SPY",2024-03-20T19:58:00Z,Buy,506.621149165,507.675491281,936,986.86,9.36,0,1379.78,1114.79,1,"	4201,4202" 
2024-03-22T15:00:00Z,"SPY",2024-03-22T15:05:00Z,Sell,508.681021262,509.061755915,936,-356.37,9.36,-383.78,0,383.78,0,"	4203,4204" 
2024-04-01T15:30:00Z,"SPY",2024-04-01T18:40:00Z,Sell,509.667026389,509.676788816,933,-9.11,9.33,-118.41,938.16,1056.57,0,"	4205,4206" 
2024-04-02T14:00:00Z,"SPY",2024-04-02T14:05:00Z,Sell,505.283696666,505.683956173,941,-376.64,9.41,-376.64,192.92,569.56,0,"	4207,4208" 
2024-04-02T14:30:00Z,"SPY",2024-04-02T14:45:00Z,Sell,504.883437159,505.117735407,940,-220.24,9.4,-367.07,128.47,495.54,0,"	4209,4210" 
2024-04-02T15:00:00Z,"SPY",2024-04-02T15:15:00Z,Sell,504.678426192,505.361796082,940,-642.37,9.4,-642.37,0,642.37,0,"	4211,4212" 
2024-04-02T16:00:00Z,"SPY",2024-04-02T16:30:00Z,Sell,504.834625024,505.147022688,937,-292.72,9.37,-292.72,164.65,457.37,0,"	4213,4214" 
2024-04-03T14:30:00Z,"SPY",2024-04-03T16:40:00Z,Buy,508.046463507,507.15808265,930,-826.19,9.3,-880.67,472.11,1352.78,0,"	4215,4216" 
2024-04-03T17:00:00Z,"SPY",2024-04-03T18:50:00Z,Buy,507.948839237,507.685253708,927,-244.34,9.27,-289.59,416.29,705.88,0,"	4217,4218" 
2024-04-04T18:30:00Z,"SPY",2024-04-04T19:58:00Z,Sell,505.683956173,500.939416651,930,4412.42,9.3,0,4730.19,1289.23,1,"	4219,4220" 
2024-04-05T14:00:00Z,"SPY",2024-04-05T18:50:00Z,Buy,503.672896211,505.215359677,951,1466.88,9.51,-872.7,4089.63,2984.83,1,"	4221,4222" 
2024-04-05T19:00:00Z,"SPY",2024-04-05T19:58:00Z,Buy,505.566807049,506.494237614,953,883.84,9.53,-9.3,1209.47,758.24,1,"	4223,4224" 
2024-04-09T14:30:00Z,"SPY",2024-04-09T16:15:00Z,Sell,505.283696666,505.117735407,957,158.82,9.57,0,2905.56,2896.22,1,"	4225,4226" 
2024-04-09T16:30:00Z,"SPY",2024-04-09T16:35:00Z,Sell,504.971299002,505.449657925,958,-458.27,9.58,-458.27,0,458.27,0,"	4227,4228" 
2024-04-09T17:00:00Z,"SPY",2024-04-09T17:05:00Z,Sell,504.502702506,504.902962013,957,-383.05,9.57,-383.05,0,383.05,0,"	4229,4230" 
2024-04-09T17:30:00Z,"SPY",2024-04-09T17:40:00Z,Sell,504.883437159,505.186072396,955,-289.02,9.55,-289.02,102.55,391.57,0,"	4231,4232" 
2024-04-09T18:00:00Z,"SPY",2024-04-09T19:20:00Z,Sell,504.395315809,504.483177652,955,-83.91,9.55,-503.45,783.14,867.05,0,"	4233,4234" 
2024-04-11T14:30:00Z,"SPY",2024-04-11T14:40:00Z,Sell,500.382958312,501.193239753,962,-779.49,9.62,-779.49,0,779.49,0,"	4235,4236" 
2024-04-11T17:30:00Z,"SPY",2024-04-11T19:58:00Z,Buy,505.225122104,506.259939366,950,983.08,9.5,-417.34,1762.12,862.51,1,"	4237,4238" 
2024-04-12T15:00:00Z,"SPY",2024-04-12T15:05:00Z,Sell,500.138897637,500.802742673,963,-639.28,9.63,-658.09,0,658.09,0,"	4239,4240" 
2024-04-12T16:30:00Z,"SPY",2024-04-12T19:58:00Z,Sell,499.64101386,498.391423204,962,1202.11,9.62,-131.48,2526.3,1887.68,1,"	4241,4242" 
2024-04-15T17:30:00Z,"SPY",2024-04-15T19:58:00Z,Sell,494.535264539,492.963513792,976,1534.03,9.76,-257.26,2772.69,1448.28,1,"	4243,4244" 
2024-04-17T16:00:00Z,"SPY",2024-04-17T17:30:00Z,Sell,489.790725017,489.849299579,992,-58.11,9.92,-67.79,2392.03,2459.82,0,"	4245,4246" 
2024-04-19T16:00:00Z,"SPY",2024-04-19T17:05:00Z,Sell,485.280483743,485.397632867,1001,-117.27,10.01,-439.75,1866.49,2022.84,0,"	4247,4248" 
2024-04-19T17:30:00Z,"SPY",2024-04-19T17:35:00Z,Sell,484.733787831,485.153572192,1002,-420.62,10.02,-508.66,0,508.66,0,"	4249,4250" 
2024-04-19T18:30:00Z,"SPY",2024-04-19T19:58:00Z,Sell,483.689208142,483.53300931,1002,156.51,10.02,-352.15,1418.38,1398.82,1,"	4251,4252" 
2024-04-22T18:00:00Z,"SPY",2024-04-22T18:50:00Z,Buy,489.517377061,489.068305419,991,-445.03,9.91,-483.73,880.39,1364.11,0,"	4253,4254" 
2024-04-22T19:00:00Z,"SPY",2024-04-22T19:05:00Z,Buy,489.429515218,489.136642408,989,-289.65,9.89,-289.65,0,289.65,0,"	4255,4256" 
2024-04-23T14:00:00Z,"SPY",2024-04-23T19:05:00Z,Buy,491.128177516,493.19781204,984,2036.52,9.84,-230.55,2795.41,1037.47,1,"	4257,4258" 
2024-04-24T16:00:00Z,"SPY",2024-04-24T16:05:00Z,Sell,491.762735271,492.280143902,991,-512.75,9.91,-512.75,0,512.75,0,"	4259,4260" 
2024-04-25T14:00:00Z,"SPY",2024-04-25T14:10:00Z,Sell,486.344588286,486.432450129,1000,-87.86,10,-156.2,497.88,654.08,0,"	4261,4262" 
2024-04-26T14:00:00Z,"SPY",2024-04-26T15:15:00Z,Buy,495.775092768,495.999628589,981,220.27,9.81,0,1513.16,1407.81,1,"	4263,4264" 
2024-04-26T16:00:00Z,"SPY",2024-04-26T18:05:00Z,Buy,496.536562074,497.073495559,980,526.19,9.8,-353.99,1138.49,612.3,1,"	4265,4266" 
2024-04-30T16:00:00Z,"SPY",2024-04-30T16:20:00Z,Sell,494.56455182,494.710988225,986,-144.39,9.86,-154.01,356.15,510.16,0,"	4267,4268" 
2024-04-30T17:00:00Z,"SPY",2024-04-30T17:50:00Z,Sell,493.29543631,493.803082514,988,-501.55,9.88,-501.55,477.44,979,0,"	4269,4270" 
2024-04-30T18:30:00Z,"SPY",2024-04-30T18:35:00Z,Sell,493.178287186,493.627358828,986,-442.78,9.86,-442.78,0,442.78,0,"	4271,4272" 
2024-04-30T19:00:00Z,"SPY",2024-04-30T19:05:00Z,Sell,492.797552533,493.10018777,985,-298.1,9.85,-394.26,0,394.26,0,"	4273,4274" 
2024-04-30T19:30:00Z,"SPY",2024-04-30T19:58:00Z,Sell,492.768265252,490.679105874,984,2055.73,9.84,-297.79,2065.34,537.95,1,"	4275,4276" 
2024-05-01T19:00:00Z,"SPY",2024-05-01T19:35:00Z,Buy,495.296733845,492.699928263,987,-2563.05,9.87,-2659.4,520.32,3179.72,0,"	4277,4278" 
2024-05-09T15:00:00Z,"SPY",2024-05-09T15:55:00Z,Buy,506.835922559,506.328276355,955,-484.8,9.55,-484.8,279.69,764.5,0,"	4279,4280" 
2024-05-09T17:00:00Z,"SPY",2024-05-09T18:05:00Z,Buy,506.884734694,506.777347997,953,-102.34,9.53,-279.11,362.84,641.95,0,"	4281,4282" 
2024-05-14T14:30:00Z,"SPY",2024-05-14T14:40:00Z,Buy,509.823225221,508.700546116,947,-1063.18,9.47,-1100.16,0,1100.16,0,"	4283,4284" 
2024-05-14T19:00:00Z,"SPY",2024-05-14T19:05:00Z,Buy,510.828755202,510.77018064,941,-55.12,9.41,-55.12,91.86,146.98,0,"	4285,4286" 
2024-05-14T19:30:00Z,"SPY",2024-05-14T19:58:00Z,Buy,511.014241315,511.316876552,940,284.48,9.4,-183.53,312.01,339.54,1,"	4287,4288" 
2024-05-15T15:00:00Z,"SPY",2024-05-15T19:58:00Z,Buy,514.636101732,517.437918281,934,2616.9,9.34,0,2616.9,665.62,1,"	4289,4290" 
2024-05-16T15:00:00Z,"SPY",2024-05-16T15:15:00Z,Buy,518.755845926,518.170100306,937,-548.84,9.37,-594.58,91.47,686.05,0,"	4291,4292" 
2024-05-20T14:00:00Z,"SPY",2024-05-20T16:20:00Z,Buy,518.550834959,518.228674868,935,-301.22,9.35,-346.86,337.73,684.59,0,"	4293,4294" 
2024-05-20T16:30:00Z,"SPY",2024-05-20T16:35:00Z,Buy,518.179862733,518.170100306,935,-9.13,9.35,-9.13,82.15,91.28,0,"	4295,4296" 
2024-05-20T17:00:00Z,"SPY",2024-05-20T17:25:00Z,Buy,518.599647094,518.209150014,934,-364.72,9.34,-364.72,36.47,401.2,0,"	4297,4298" 
2024-05-22T18:30:00Z,"SPY",2024-05-22T19:35:00Z,Sell,515.26089706,516.940034504,938,-1575.03,9.38,-1593.35,9.16,1602.5,0,"	4299,4300" 
2024-05-23T18:00:00Z,"SPY",2024-05-23T19:58:00Z,Sell,514.196792517,513.30841166,934,829.75,9.34,0,1668.61,966.52,1,"	4301,4302" 
2024-05-24T15:30:00Z,"SPY",2024-05-24T17:10:00Z,Buy,517.125520617,516.53001257,932,-555.01,9.32,-564.11,282.06,846.17,0,"	4303,4304" 
2024-05-24T17:30:00Z,"SPY",2024-05-24T18:25:00Z,Buy,517.047421201,516.793598099,930,-236.06,9.3,-317.77,408.56,644.61,0,"	4305,4306" 
2024-05-31T14:30:00Z,"SPY",2024-05-31T17:30:00Z,Sell,508.710308543,508.446723014,944,248.82,9.44,0,2377.66,2211.78,1,"	4307,4308" 
2024-05-31T18:00:00Z,"SPY",2024-05-31T18:15:00Z,Sell,508.476010295,508.583396992,946,-101.59,9.46,-267.82,212.41,480.23,0,"	4309,4310" 
2024-05-31T18:30:00Z,"SPY",2024-05-31T18:40:00Z,Sell,508.397910879,508.690783689,946,-277.06,9.46,-277.06,73.88,350.94,0,"	4311,4312" 
2024-06-03T16:00:00Z,"SPY",2024-06-03T18:25:00Z,Sell,513.581759616,513.093638266,935,456.39,9.35,-255.58,3094.35,2729.23,1,"	4313,4314" 
2024-06-03T18:30:00Z,"SPY",2024-06-03T18:35:00Z,Sell,512.62504177,512.956964288,938,-311.34,9.38,-338.81,0,338.81,0,"	4315,4316" 
2024-06-05T17:00:00Z,"SPY",2024-06-05T19:58:00Z,Buy,520.005436582,521.791960723,924,1650.75,9.24,-387.88,1691.34,667.52,1,"	4317,4318" 
2024-06-07T17:00:00Z,"SPY",2024-06-07T17:05:00Z,Buy,523.607772145,523.16846293,924,-405.92,9.24,-496.13,0,496.13,0,"	4319,4320" 
2024-06-07T17:30:00Z,"SPY",2024-06-07T17:45:00Z,Buy,523.441810886,523.314899335,922,-117.01,9.22,-256.53,121.51,378.04,0,"	4321,4322" 
2024-06-11T14:00:00Z,"SPY",2024-06-11T14:10:00Z,Sell,520.103060852,520.425220943,928,-298.96,9.28,-308.02,99.65,407.68,0,"	4323,4324" 
2024-06-12T14:00:00Z,"SPY",2024-06-12T15:15:00Z,Buy,529.797150863,529.933824841,910,124.37,9.1,-62.19,1128.24,1003.87,1,"	4325,4326" 
2024-06-12T15:30:00Z,"SPY",2024-06-12T15:45:00Z,Buy,530.324321921,529.943587268,909,-346.09,9.09,-346.09,0,346.09,0,"	4327,4328" 
2024-06-12T16:00:00Z,"SPY",2024-06-12T16:05:00Z,Buy,530.109548527,529.992399403,908,-106.37,9.08,-203.88,0,203.88,0,"	4329,4330" 
2024-06-17T16:30:00Z,"SPY",2024-06-17T19:58:00Z,Buy,532.462293434,533.975469619,904,1367.91,9.04,-194.16,2594.62,1226.71,1,"	4331,4332" 
2024-06-20T17:30:00Z,"SPY",2024-06-20T18:00:00Z,Sell,533.0285142,534.034044181,908,-913.02,9.08,-913.02,638.23,1551.25,0,"	4333,4334" 
2024-06-24T14:00:00Z,"SPY",2024-06-24T14:50:00Z,Buy,534.424941774,533.62184017,902,-724.4,9.02,-724.4,1086.6,1810.99,0,"	4335,4336" 
2024-06-24T15:00:00Z,"SPY",2024-06-24T16:10:00Z,Buy,534.728553356,534.571850604,899,-140.88,8.99,-264.14,281.75,545.89,0,"	4337,4338" 
2024-06-27T14:30:00Z,"SPY",2024-06-27T14:50:00Z,Buy,535.277012988,534.904843952,897,-333.84,8.97,-333.84,122.99,456.83,0,"	4339,4340" 
2024-06-28T14:00:00Z,"SPY",2024-06-28T14:55:00Z,Buy,536.765689132,537.510027204,894,665.44,8.94,0,1908.76,1243.32,1,"	4341,4342" 
2024-06-28T15:00:00Z,"SPY",2024-06-28T15:05:00Z,Buy,537.333736608,536.569810692,895,-683.71,8.95,-754.71,0,754.71,0,"	4343,4344" 
2024-06-28T19:30:00Z,"SPY",2024-06-28T19:58:00Z,Sell,533.553282716,533.269258978,899,255.34,8.99,-528.28,1417.56,1945.85,1,"	4345,4346" 
2024-07-01T15:00:00Z,"SPY",2024-07-01T15:15:00Z,Sell,532.142957948,532.681623658,902,-485.88,9.02,-485.88,335.7,821.57,0,"	4347,4348" 
2024-07-02T17:30:00Z,"SPY",2024-07-02T19:58:00Z,Buy,535.394540052,537.382706218,895,1779.41,8.95,-113.95,1788.17,341.86,1,"	4349,4350" 
2024-07-03T15:30:00Z,"SPY",2024-07-03T15:50:00Z,Buy,538.695091766,538.71467961,896,17.55,8.96,-87.75,96.53,96.53,1,"	4351,4352" 
2024-07-03T16:00:00Z,"SPY",2024-07-05T13:35:00Z,Buy,539.047672958,540.585318712,895,1376.19,8.95,-43.83,1376.19,464.57,1,"	4353,4354" 
2024-07-05T14:00:00Z,"SPY",2024-07-05T14:05:00Z,Buy,541.16316011,541.06522089,897,-87.85,8.97,-202.06,175.7,377.76,0,"	4355,4356" 
2024-07-05T15:30:00Z,"SPY",2024-07-05T19:58:00Z,Buy,541.515741302,543.425556092,896,1711.19,8.96,0,1834.05,548.46,1,"	4357,4358" 
2024-07-10T16:30:00Z,"SPY",2024-07-10T19:58:00Z,Buy,547.43127019,549.97768991,893,2273.95,8.93,-174.92,2273.95,476.66,1,"	4359,4360" 
2024-07-11T14:30:00Z,"SPY",2024-07-11T19:58:00Z,Sell,548.224577872,545.403928336,899,2535.76,8.99,-475.46,3442.65,1443.98,1,"	4361,4362" 
2024-07-12T14:00:00Z,"SPY",2024-07-12T19:45:00Z,Buy,547.362712736,548.919946334,910,1417.08,9.1,-133.69,4215.6,2869.82,1,"	4363,4364" 
2024-07-15T15:00:00Z,"SPY",2024-07-15T15:35:00Z,Buy,552.03441353,551.721008026,907,-284.26,9.07,-284.26,968.26,1252.52,0,"	4365,4366" 
2024-07-15T16:00:00Z,"SPY",2024-07-15T16:05:00Z,Buy,552.161734516,551.750389792,906,-372.68,9.06,-399.3,0,399.3,0,"	4367,4368" 
2024-07-17T16:30:00Z,"SPY",2024-07-17T16:55:00Z,Sell,545.86424267,546.118884642,915,-233,9.15,-233,250.92,483.92,0,"	4369,4370" 
2024-07-18T15:30:00Z,"SPY",2024-07-18T19:58:00Z,Sell,542.38740036,540.91831206,920,1351.56,9.2,-1009.17,2856.3,2892.34,1,"	4371,4372" 
2024-07-19T14:30:00Z,"SPY",2024-07-19T14:40:00Z,Sell,539.74304142,540.340470662,930,-555.61,9.3,-555.61,182.17,737.78,0,"	4373,4374" 
2024-07-19T15:30:00Z,"SPY",2024-07-19T16:00:00Z,Sell,538.313128808,539.713659654,930,-1302.49,9.3,-1302.49,355.23,1657.72,0,"	4375,4376" 
2024-07-19T16:30:00Z,"SPY",2024-07-19T19:20:00Z,Sell,538.724473532,538.86158844,924,-126.69,9.24,-126.69,1873.26,1999.96,0,"	4377,4378" 
2024-07-23T14:00:00Z,"SPY",2024-07-23T14:40:00Z,Buy,544.091542788,544.111130632,915,17.92,9.15,-98.58,752.76,851.34,1,"	4379,4380" 
2024-07-24T14:00:00Z,"SPY",2024-07-24T19:58:00Z,Sell,535.48268535,529.841386278,930,5246.41,9.3,0,5756.48,1188.64,1,"	4381,4382" 
2024-07-25T14:00:00Z,"SPY",2024-07-25T14:25:00Z,Sell,528.72487917,529.008902908,961,-272.95,9.61,-272.95,2117.69,2390.64,0,"	4383,4384" 
2024-07-25T15:00:00Z,"SPY",2024-07-25T15:05:00Z,Buy,531.61408616,531.163565748,955,-430.25,9.55,-462.98,0,462.98,0,"	4385,4386" 
2024-07-25T15:30:00Z,"SPY",2024-07-25T15:35:00Z,Buy,532.035224806,532.00584304,953,-28,9.53,-280.01,84,280.01,0,"	4387,4388" 
2024-07-25T16:00:00Z,"SPY",2024-07-25T18:10:00Z,Buy,532.769768956,532.093988338,951,-642.67,9.51,-642.67,3166.77,3809.43,0,"	4389,4390" 
2024-07-26T14:30:00Z,"SPY",2024-07-26T14:35:00Z,Buy,532.436775608,530.654281804,949,-1691.59,9.49,-1691.59,0,1691.59,0,"	4391,4392" 
2024-07-26T16:00:00Z,"SPY",2024-07-26T17:40:00Z,Buy,533.631634092,533.102762304,941,-497.67,9.41,-497.67,2119.7,2617.37,0,"	4393,4394" 
2024-07-26T18:00:00Z,"SPY",2024-07-26T18:20:00Z,Buy,533.729573312,533.288846822,939,-413.84,9.39,-413.84,395.45,809.29,0,"	4395,4396" 
2024-07-30T15:30:00Z,"SPY",2024-07-30T18:20:00Z,Sell,530.948099464,531.17335967,942,-212.2,9.42,-267.55,3229.06,3496.61,0,"	4397,4398" 
2024-07-30T18:30:00Z,"SPY",2024-07-30T18:40:00Z,Sell,530.742427102,530.967687308,942,-212.2,9.42,-221.42,212.2,433.62,0,"	4399,4400" 
2024-07-30T19:00:00Z,"SPY",2024-07-30T19:50:00Z,Sell,530.262524924,532.142957948,942,-1771.37,9.42,-1808.27,562.78,2371.05,0,"	4401,4402" 
2024-07-31T14:30:00Z,"SPY",2024-07-31T14:55:00Z,Buy,538.95952766,538.37189234,920,-540.62,9.2,-576.67,801.93,1378.59,0,"	4403,4404" 
2024-07-31T19:00:00Z,"SPY",2024-07-31T19:20:00Z,Buy,541.65285621,539.35128454,913,-2101.33,9.13,-2101.33,107.3,2208.64,0,"	4405,4406" 
2024-08-01T14:00:00Z,"SPY",2024-08-01T14:05:00Z,Buy,542.612660566,541.79976504,891,-724.29,8.91,-724.29,200.71,925,0,"	4407,4408" 
2024-08-01T15:00:00Z,"SPY",2024-08-01T19:58:00Z,Sell,536.158465968,531.56511655,899,4129.42,8.99,0,6964.55,3284.17,1,"	4409,4410" 
2024-08-02T14:00:00Z,"SPY",2024-08-02T15:45:00Z,Sell,523.112961864,521.0366504,905,1879.06,9.05,-611.58,4830.61,2951.55,1,"	4411,4412" 
2024-08-02T16:00:00Z,"SPY",2024-08-02T16:05:00Z,Sell,521.203147074,521.614491798,915,-376.38,9.15,-376.38,134.42,510.8,0,"	4413,4414" 
2024-08-02T16:30:00Z,"SPY",2024-08-02T16:35:00Z,Sell,521.72222494,521.761400628,913,-35.77,9.13,-35.77,473.92,509.69,0,"	4415,4416" 
2024-08-02T17:00:00Z,"SPY",2024-08-02T17:15:00Z,Sell,520.282518406,520.928917258,915,-591.45,9.15,-618.34,439.11,1057.45,0,"	4417,4418" 
2024-08-02T17:30:00Z,"SPY",2024-08-02T18:30:00Z,Sell,519.636119554,520.79180235,914,-1056.29,9.14,-1065.25,769.84,1835.09,0,"	4419,4420" 
2024-08-02T19:00:00Z,"SPY",2024-08-02T19:15:00Z,Sell,519.939731136,520.782008428,910,-766.47,9.1,-766.47,71.3,837.77,0,"	4421,4422" 
2024-08-02T19:30:00Z,"SPY",2024-08-02T19:35:00Z,Sell,521.37943767,521.271704528,904,97.39,9.04,-327.59,97.39,327.59,1,"	4423,4424" 
2024-08-06T14:00:00Z,"SPY",2024-08-06T15:30:00Z,Buy,511.115407414,511.63448528,768,398.65,7.68,-233.17,3234.34,2835.69,1,"	4425,4426" 
2024-08-06T16:00:00Z,"SPY",2024-08-06T19:50:00Z,Buy,515.072151902,513.730384588,764,-1025.11,7.64,-1032.59,2753.58,3786.17,0,"	4427,4428" 
2024-08-07T14:00:00Z,"SPY",2024-08-07T14:05:00Z,Buy,520.096433888,519.254156596,731,-615.7,7.31,-615.7,322.17,937.88,0,"	4429,4430" 
2024-08-08T14:30:00Z,"SPY",2024-08-08T15:15:00Z,Buy,516.991760614,515.757726442,734,-905.78,7.34,-905.78,323.49,1229.27,0,"	4431,4432" 
2024-08-08T15:30:00Z,"SPY",2024-08-08T15:50:00Z,Buy,516.942791004,516.100513712,732,-616.55,7.32,-623.72,344.12,967.84,0,"	4433,4434" 
2024-08-08T16:00:00Z,"SPY",2024-08-08T16:35:00Z,Buy,516.805676096,516.707736876,730,-71.5,7.3,-71.5,907.99,979.49,0,"	4435,4436" 
2024-08-08T17:30:00Z,"SPY",2024-08-08T19:58:00Z,Buy,519.038690312,518.83301795,727,-149.52,7.27,-1224.67,875.78,2100.45,0,"	4437,4438" 
2024-08-12T14:00:00Z,"SPY",2024-08-12T14:05:00Z,Sell,520.439221158,521.046444322,649,-394.09,6.49,-406.8,0,406.8,0,"	4439,4440" 
2024-08-13T19:00:00Z,"SPY",2024-08-13T19:10:00Z,Buy,530.262524924,529.958913342,635,-192.79,6.35,-223.89,155.48,379.37,0,"	4441,4442" 
2024-08-13T19:30:00Z,"SPY",2024-08-13T19:58:00Z,Buy,530.056852562,530.477991208,635,267.42,6.35,-136.82,497.53,466.44,1,"	4443,4444" 
2024-08-22T16:00:00Z,"SPY",2024-08-22T16:05:00Z,Sell,546.25599955,546.84363487,671,-394.3,6.71,-400.88,13.14,414.02,0,"	4445,4446" 
2024-08-22T18:00:00Z,"SPY",2024-08-22T18:20:00Z,Sell,544.062161022,545.531249322,673,-988.7,6.73,-988.7,158.19,1146.89,0,"	4447,4448" 
2024-08-22T19:00:00Z,"SPY",2024-08-22T19:05:00Z,Sell,544.5420632,545.541043244,670,-669.32,6.7,-708.69,0,708.69,0,"	4449,4450" 
2024-08-22T19:30:00Z,"SPY",2024-08-22T19:58:00Z,Sell,544.326596916,543.680198064,668,431.79,6.68,-294.41,438.34,477.59,1,"	4451,4452" 
2024-08-23T14:30:00Z,"SPY",2024-08-23T14:40:00Z,Buy,551.10399094,549.860162846,712,-885.61,7.12,-892.58,27.89,920.47,0,"	4453,4454" 
2024-08-26T16:00:00Z,"SPY",2024-08-26T16:05:00Z,Sell,548.440044156,548.55757122,882,-103.66,8.82,-103.66,120.94,224.59,0,"	4455,4456" 
2024-08-28T15:30:00Z,"SPY",2024-08-28T19:05:00Z,Sell,546.814253104,547.03951331,884,-199.13,8.84,-406.92,2744.53,2952.32,0,"	4457,4458" 
2024-08-29T14:00:00Z,"SPY",2024-08-29T14:10:00Z,Buy,549.556551264,549.203970072,879,-309.92,8.79,-318.53,439.05,757.58,0,"	4459,4460" 
2024-08-29T14:30:00Z,"SPY",2024-08-29T15:25:00Z,Buy,550.134392662,550.398828556,877,231.91,8.77,-85.89,1108.02,1193.91,1,"	4461,4462" 
2024-08-29T15:30:00Z,"SPY",2024-08-29T15:45:00Z,Buy,550.535943464,550.428210322,877,-94.48,8.77,-120.25,322.1,442.35,0,"	4463,4464" 
2024-08-29T16:00:00Z,"SPY",2024-08-29T17:30:00Z,Buy,550.888524656,550.868936812,876,-17.16,8.76,-171.59,986.64,1158.23,0,"	4465,4466" 
2024-08-30T14:00:00Z,"SPY",2024-08-30T14:10:00Z,Buy,550.163774428,550.046247364,877,-103.07,8.77,-146.02,300.62,446.64,0,"	4467,4468" 
2024-09-03T14:00:00Z,"SPY",2024-09-03T19:58:00Z,Sell,547.558591176,540.1347983,881,6540.36,8.81,0,7808.74,1380.55,1,"	4469,4470" 
2024-09-04T15:00:00Z,"SPY",2024-09-04T15:10:00Z,Buy,542.553897034,541.985849558,913,-518.63,9.13,-518.63,357.67,876.3,0,"	4471,4472" 
2024-09-05T14:00:00Z,"SPY",2024-09-05T14:15:00Z,Buy,540.595112634,540.42861596,914,-152.18,9.14,-152.18,1297.99,1450.17,0,"	4473,4474" 
2024-09-05T14:30:00Z,"SPY",2024-09-05T14:45:00Z,Buy,541.584298756,540.77140323,912,-741.36,9.12,-768.16,401.94,1170.1,0,"	4475,4476" 
2024-09-05T15:30:00Z,"SPY",2024-09-05T16:45:00Z,Sell,536.60898638,537.470851516,918,-791.19,9.18,-809.17,593.39,1402.57,0,"	4477,4478" 
2024-09-05T17:30:00Z,"SPY",2024-09-05T17:40:00Z,Sell,536.51104716,537.500233282,915,-905.11,9.15,-1164.99,0,1164.99,0,"	4479,4480" 
2024-09-06T14:00:00Z,"SPY",2024-09-06T19:58:00Z,Sell,536.599192458,529.06766644,911,6861.22,9.11,-115.99,7396.56,3140.64,1,"	4481,4482" 
2024-09-09T17:00:00Z,"SPY",2024-09-09T17:25:00Z,Buy,536.207435578,535.913617918,937,-275.31,9.37,-321.19,183.54,504.73,0,"	4483,4484" 
2024-09-11T14:00:00Z,"SPY",2024-09-11T15:40:00Z,Sell,533.455343496,532.88729602,941,534.53,9.41,0,4303.91,3815.46,1,"	4485,4486" 
2024-09-11T16:00:00Z,"SPY",2024-09-11T16:05:00Z,Sell,533.239877212,534.591438448,944,-1275.87,9.44,-1275.87,0,1275.87,0,"	4487,4488" 
2024-09-11T19:00:00Z,"SPY",2024-09-11T19:58:00Z,Buy,540.311088896,543.425556092,926,2884,9.26,-172.31,2884,952.26,1,"	4489,4490" 
2024-09-12T17:30:00Z,"SPY",2024-09-12T19:55:00Z,Buy,546.363732692,546.804459182,927,408.55,9.27,-762.63,1307.37,2070,1,"	4491,4492" 
2024-09-13T14:00:00Z,"SPY",2024-09-13T14:05:00Z,Buy,549.419436356,549.448818122,923,27.12,9.23,-153.68,36.16,153.68,1,"	4493,4494" 
2024-09-13T16:00:00Z,"SPY",2024-09-13T16:10:00Z,Buy,551.074609174,550.731821904,920,-315.36,9.2,-333.39,207.24,540.62,0,"	4495,4496" 
2024-09-13T17:30:00Z,"SPY",2024-09-13T18:00:00Z,Buy,551.15296055,550.976669954,919,-162.01,9.19,-207.01,189.01,351.02,0,"	4497,4498" 
2024-10-01T14:00:00Z,"SPY",2024-10-01T15:40:00Z,Sell,559.503709115,558.855328085,905,586.78,9.05,0,3067.28,2480.5,1,"	4499,4500" 
2024-10-01T16:00:00Z,"SPY",2024-10-01T16:05:00Z,Sell,558.344482425,559.012511365,909,-607.24,9.09,-607.24,151.81,759.05,0,"	4501,4502" 
2024-10-01T16:30:00Z,"SPY",2024-10-01T17:55:00Z,Sell,558.757088535,558.364130335,906,356.02,9.06,-71.2,2091.62,1735.6,1,"	4503,4504" 
2024-10-01T18:00:00Z,"SPY",2024-10-01T18:05:00Z,Sell,559.29740606,559.660892395,906,-329.32,9.06,-373.82,0,373.82,0,"	4505,4506" 
2024-10-01T18:30:00Z,"SPY",2024-10-01T18:35:00Z,Sell,560.43698484,560.564696255,903,-115.32,9.03,-301.62,0,301.62,0,"	4507,4508" 
2024-10-01T19:00:00Z,"SPY",2024-10-01T19:05:00Z,Sell,560.33874529,560.12261828,903,195.16,9.03,0,217.34,93.15,1,"	4509,4510" 
2024-10-01T19:30:00Z,"SPY",2024-10-01T19:35:00Z,Sell,560.230681785,559.346525835,904,799.28,9.04,0,799.28,0,1,"	4511,4512" 
2024-10-07T18:30:00Z,"SPY",2024-10-07T19:58:00Z,Sell,559.51353307,557.39155879,908,1926.75,9.08,0,2497.64,1507.51,1,"	4513,4514" 
2024-10-08T15:00:00Z,"SPY",2024-10-08T15:15:00Z,Buy,561.75339481,561.45867616,911,-268.49,9.11,-268.49,214.79,483.28,0,"	4515,4516" 
2024-10-08T16:00:00Z,"SPY",2024-10-08T16:05:00Z,Buy,562.20529674,561.723922945,909,-437.57,9.09,-437.57,0,437.57,0,"	4517,4518" 
2024-10-08T16:30:00Z,"SPY",2024-10-08T16:50:00Z,Buy,561.959697865,561.664979215,908,-267.6,9.08,-267.6,169.48,437.09,0,"	4519,4520" 
2024-10-08T17:00:00Z,"SPY",2024-10-08T17:05:00Z,Buy,561.81233854,561.43902825,907,-338.59,9.07,-338.59,35.64,374.23,0,"	4521,4522" 
2024-10-08T18:00:00Z,"SPY",2024-10-08T18:05:00Z,Buy,561.684627125,561.81233854,906,115.71,9.06,0,124.61,53.4,1,"	4523,4524" 
2024-10-08T18:30:00Z,"SPY",2024-10-08T19:58:00Z,Buy,561.89093018,563.42346716,906,1388.48,9.06,-169.11,1477.48,311.52,1,"	4525,4526" 
2024-10-09T15:00:00Z,"SPY",2024-10-09T19:58:00Z,Buy,564.77917295,567.264633565,906,2251.83,9.06,0,2394.24,1335.08,1,"	4527,4528" 
2024-10-11T14:00:00Z,"SPY",2024-10-11T16:30:00Z,Buy,567.2351617,568.541747715,910,1188.99,9.1,-263.72,2315.41,1287.33,1,"	4529,4530" 
2024-10-11T17:00:00Z,"SPY",2024-10-11T17:05:00Z,Buy,568.679283085,568.51227585,912,-152.31,9.12,-152.31,71.68,223.99,0,"	4531,4532" 
2024-10-11T17:30:00Z,"SPY",2024-10-11T17:35:00Z,Buy,568.679283085,568.57121958,912,-98.55,9.12,-98.55,134.39,232.95,0,"	4533,4534" 
2024-10-11T18:00:00Z,"SPY",2024-10-11T19:58:00Z,Buy,568.94452987,569.51431926,911,519.08,9.11,-304.29,993.41,863.64,1,"	4535,4536" 
2024-10-14T14:00:00Z,"SPY",2024-10-14T15:05:00Z,Buy,573.03129515,572.30432248,906,-658.64,9.06,-658.64,427.22,1085.86,0,"	4537,4538" 
2024-10-14T16:00:00Z,"SPY",2024-10-14T19:58:00Z,Buy,573.18847843,574.219993705,904,932.49,9.04,-44.4,1491.98,603.9,1,"	4539,4540" 
2024-10-15T15:00:00Z,"SPY",2024-10-15T15:20:00Z,Sell,571.705061225,572.24537875,909,-491.15,9.09,-677.79,71.44,749.22,0,"	4541,4542" 
2024-10-15T15:30:00Z,"SPY",2024-10-15T15:35:00Z,Sell,572.039075695,572.36326621,907,-294.04,9.07,-294.04,17.82,311.86,0,"	4543,4544" 
2024-10-15T16:00:00Z,"SPY",2024-10-15T16:35:00Z,Sell,571.154919745,572.20608293,907,-953.41,9.07,-997.96,26.73,1024.69,0,"	4545,4546" 
2024-10-15T17:00:00Z,"SPY",2024-10-15T19:58:00Z,Sell,571.547877945,569.14100897,903,2173.4,9.03,-141.94,2674.62,1104.44,1,"	4547,4548" 
2024-10-16T18:30:00Z,"SPY",2024-10-16T19:50:00Z,Buy,572.36326621,572.1471392,909,-196.46,9.09,-357.2,160.74,517.94,0,"	4549,4550" 
2024-10-21T15:30:00Z,"SPY",2024-10-21T15:50:00Z,Sell,570.61460222,571.724709135,911,-1011.31,9.11,-1011.31,170.04,1181.35,0,"	4551,4552" 
2024-10-23T15:30:00Z,"SPY",2024-10-23T16:00:00Z,Sell,568.68910704,569.63220672,911,-859.16,9.11,-877.06,35.8,912.86,0,"	4553,4554" 
2024-10-23T16:30:00Z,"SPY",2024-10-23T19:58:00Z,Sell,568.00143019,567.716535495,909,258.97,9.09,-517.94,3241.58,3152.28,1,"	4555,4556" 
2024-10-25T14:00:00Z,"SPY",2024-10-25T15:15:00Z,Buy,573.041119105,573.05094306,902,8.86,9.02,0,939.29,939.29,1,"	4557,4558" 
2024-10-31T14:00:00Z,"SPY",2024-10-31T19:50:00Z,Sell,563.63959417,561.69445108,917,1783.7,9.17,0,3432.26,1648.57,1,"	4559,4560" 
2024-11-01T14:00:00Z,"SPY",2024-11-01T16:00:00Z,Buy,563.040332915,563.52170671,924,444.79,9.24,-304.09,2115.02,2205.79,1,"	4561,4562" 
2024-11-01T16:30:00Z,"SPY",2024-11-01T16:45:00Z,Buy,563.295755745,562.883149635,925,-381.66,9.25,-390.75,745.15,1135.89,0,"	4563,4564" 
2024-11-01T17:30:00Z,"SPY",2024-11-01T17:35:00Z,Buy,563.60029835,562.20529674,923,-1287.59,9.23,-1287.59,0,1287.59,0,"	4565,4566" 
2024-11-04T17:00:00Z,"SPY",2024-11-04T17:25:00Z,Sell,558.82585622,559.5724768,927,-692.12,9.27,-692.12,801.4,1493.52,0,"	4567,4568" 
2024-11-05T15:00:00Z,"SPY",2024-11-05T20:58:00Z,Buy,563.91466491,565.987519415,916,1898.73,9.16,-377.95,2114.7,1498.29,1,"	4569,4570" 
2024-11-07T17:00:00Z,"SPY",2024-11-07T17:05:00Z,Buy,584.66285787,584.38778713,890,-244.81,8.9,-297.27,0,297.27,0,"	4571,4572" 
2024-11-07T17:30:00Z,"SPY",2024-11-07T18:15:00Z,Buy,584.76109742,584.417258995,889,-305.67,8.89,-393.01,209.6,602.61,0,"	4573,4574" 
2024-11-07T20:00:00Z,"SPY",2024-11-07T20:58:00Z,Buy,585.537189865,584.76109742,887,-688.39,8.87,-697.11,470.55,1167.66,0,"	4575,4576" 
2024-11-08T18:00:00Z,"SPY",2024-11-08T18:20:00Z,Buy,587.560924595,587.57074855,881,8.65,8.81,-51.93,164.44,155.79,1,"	4577,4578" 
2024-11-08T19:00:00Z,"SPY",2024-11-08T20:30:00Z,Buy,588.47455241,587.718107875,880,-665.67,8.8,-665.67,492.77,1158.44,0,"	4579,4580" 
2024-11-12T17:00:00Z,"SPY",2024-11-12T17:05:00Z,Sell,585.930148065,586.185570895,881,-225.03,8.81,-225.03,69.24,294.27,0,"	4581,4582" 
2024-11-12T17:30:00Z,"SPY",2024-11-12T18:45:00Z,Sell,585.989091795,586.23469067,880,-216.13,8.8,-216.13,1711.73,1927.85,0,"	4583,4584" 
2024-11-14T17:30:00Z,"SPY",2024-11-14T17:40:00Z,Sell,584.3288434,584.70215369,882,-329.26,8.82,-359.59,667.18,1026.77,0,"	4585,4586" 
2024-11-14T18:00:00Z,"SPY",2024-11-14T18:05:00Z,Sell,584.554794365,584.770921375,881,-190.41,8.81,-190.41,207.72,398.13,0,"	4587,4588" 
2024-11-14T18:30:00Z,"SPY",2024-11-14T19:40:00Z,Sell,584.633386005,584.908456745,880,-242.06,8.8,-242.06,1089.28,1331.34,0,"	4589,4590" 
2024-11-14T20:00:00Z,"SPY",2024-11-14T20:58:00Z,Sell,584.790569285,582.81595433,879,1735.69,8.79,0,2098.37,1018.96,1,"	4591,4592" 
2024-11-15T15:30:00Z,"SPY",2024-11-15T20:58:00Z,Sell,576.479503355,575.42834017,897,942.89,8.97,-449.42,2476.2,1912.22,1,"	4593,4594" 
2024-11-18T16:00:00Z,"SPY",2024-11-18T16:55:00Z,Buy,577.874504965,578.06116011,876,163.51,8.76,-86.06,1049.91,1075.72,1,"	4595,4596" 
2024-11-18T18:00:00Z,"SPY",2024-11-18T18:05:00Z,Buy,578.287111075,578.090631975,876,-172.12,8.76,-185.02,0,185.02,0,"	4597,4598" 
2024-11-19T19:00:00Z,"SPY",2024-11-19T19:30:00Z,Buy,580.49750095,579.73123246,869,-665.89,8.69,-665.89,0,665.89,0,"	4599,4600" 
2024-11-20T15:00:00Z,"SPY",2024-11-20T15:50:00Z,Sell,577.07876461,576.90193342,875,154.73,8.75,-412.61,2320.91,2217.76,1,"	4601,4602" 
2024-11-20T16:00:00Z,"SPY",2024-11-20T16:45:00Z,Sell,577.0591167,577.029644835,875,25.79,8.75,-232.09,1538.68,1512.89,1,"	4603,4604" 
2024-11-20T17:30:00Z,"SPY",2024-11-20T17:35:00Z,Sell,576.8626376,577.167180205,876,-266.78,8.76,-283.99,17.21,301.2,0,"	4605,4606" 
2024-11-20T18:00:00Z,"SPY",2024-11-20T18:05:00Z,Sell,576.72510223,577.068940655,875,-300.86,8.75,-326.65,0,326.65,0,"	4607,4608" 
2024-11-20T18:30:00Z,"SPY",2024-11-20T19:45:00Z,Sell,577.245771845,577.324363485,873,-68.61,8.73,-68.61,1174.95,1243.57,0,"	4609,4610" 
2024-11-20T20:00:00Z,"SPY",2024-11-20T20:05:00Z,Sell,577.15735625,577.09841252,873,51.46,8.73,0,180.1,128.64,1,"	4611,4612" 
2024-11-21T15:30:00Z,"SPY",2024-11-21T15:45:00Z,Sell,577.344011395,578.660421365,895,-1178.19,8.95,-1186.98,79.13,1266.11,0,"	4613,4614" 
2024-11-22T15:00:00Z,"SPY",2024-11-22T15:05:00Z,Buy,585.497894045,584.44673086,879,-923.97,8.79,-923.97,0,923.97,0,"	4615,4616" 
2024-11-22T16:00:00Z,"SPY",2024-11-22T16:05:00Z,Buy,585.3112389,584.83968906,876,-413.08,8.76,-486.23,17.21,503.44,0,"	4617,4618" 
2024-11-27T16:30:00Z,"SPY",2024-11-27T16:40:00Z,Sell,587.894939065,588.484376365,871,-513.4,8.71,-513.4,68.45,581.85,0,"	4619,4620" 
2024-11-27T17:00:00Z,"SPY",2024-11-27T17:55:00Z,Sell,587.62969228,587.72793183,869,-85.37,8.69,-179.28,682.96,862.24,0,"	4621,4622" 
2024-11-29T15:00:00Z,"SPY",2024-12-02T14:35:00Z,Buy,590.14462476,592.787268655,865,2285.89,8.65,0,2353.87,730.8,1,"	4623,4624" 
2024-12-06T15:00:00Z,"SPY",2024-12-06T15:25:00Z,Buy,598.288683455,597.876077345,861,-355.25,8.61,-482.13,0,482.13,0,"	4625,4626" 
2024-12-09T16:00:00Z,"SPY",2024-12-09T18:40:00Z,Sell,594.70293988,595.400440685,865,-603.34,8.65,-637.33,586.34,1223.67,0,"	4627,4628" 
2024-12-09T19:30:00Z,"SPY",2024-12-09T20:58:00Z,Sell,594.70293988,593.691072515,863,873.24,8.63,0,1017.37,394.23,1,"	4629,4630" 
2024-12-10T20:30:00Z,"SPY",2024-12-10T20:58:00Z,Sell,592.099591805,591.7950492,870,264.95,8.7,-162.39,401.7,564.09,1,"	4631,4632" 
2024-12-11T16:30:00Z,"SPY",2024-12-11T20:58:00Z,Buy,596.795442295,596.84456207,864,42.44,8.64,-59.42,763.91,738.45,1,"	4633,4634" 
2024-12-12T19:30:00Z,"SPY",2024-12-12T19:35:00Z,Sell,594.280509815,594.56540451,867,-247,8.67,-247,0,247,0,"	4635,4636" 
2024-12-12T20:30:00Z,"SPY",2024-12-12T20:35:00Z,Sell,594.23139004,594.62434824,867,-340.69,8.67,-340.69,0,340.69,0,"	4637,4638" 
2024-12-13T18:00:00Z,"SPY",2024-12-13T18:05:00Z,Sell,592.28624695,592.630085375,868,-298.45,8.68,-298.45,38.37,336.82,0,"	4639,4640" 
2024-12-16T18:30:00Z,"SPY",2024-12-16T19:35:00Z,Buy,597.02139326,596.7070267,860,-270.36,8.6,-337.94,21.12,359.07,0,"	4641,4642" 
2024-12-16T20:00:00Z,"SPY",2024-12-16T20:05:00Z,Buy,596.815090205,596.775794385,860,-33.79,8.6,-59.14,0,59.14,0,"	4643,4644" 
2024-12-17T15:30:00Z,"SPY",2024-12-17T15:40:00Z,Sell,592.571141645,593.003395665,866,-374.33,8.66,-374.33,0,374.33,0,"	4645,4646" 
2024-12-18T15:30:00Z,"SPY",2024-12-18T16:15:00Z,Buy,594.752059655,594.72258779,861,-25.38,8.61,-25.38,786.63,812.01,0,"	4647,4648" 
2024-12-18T16:30:00Z,"SPY",2024-12-18T17:40:00Z,Buy,594.968186665,594.811003385,861,-135.33,8.61,-169.17,515.96,651.3,0,"	4649,4650" 
2024-12-18T18:00:00Z,"SPY",2024-12-18T18:05:00Z,Buy,594.909242935,594.68329197,860,-194.32,8.6,-194.32,0,194.32,0,"	4651,4652" 
2024-12-18T19:00:00Z,"SPY",2024-12-18T19:05:00Z,Buy,594.87977107,593.081987305,860,-1546.09,8.6,-1546.09,0,1546.09,0,"	4653,4654" 
2024-12-18T19:30:00Z,"SPY",2024-12-18T20:58:00Z,Sell,589.51589164,577.776265415,862,10119.56,8.62,-736.74,11203.49,2989.29,1,"	4655,4656" 
2024-12-20T15:30:00Z,"SPY",2024-12-20T20:58:00Z,Buy,578.6065457,581.317223725,914,2477.56,9.14,0,7775.03,5297.47,1,"	4657,4658" 
2024-12-23T15:00:00Z,"SPY",2024-12-23T15:40:00Z,Sell,581.967786451,581.612934055,917,325.4,9.17,0,2368.19,2087.98,1,"	4659,4660" 
2024-12-23T16:00:00Z,"SPY",2024-12-23T16:05:00Z,Sell,580.646946977,581.66221911,920,-934.05,9.2,-934.05,0,934.05,0,"	4661,4662" 
2024-12-23T18:30:00Z,"SPY",2024-12-23T19:40:00Z,Buy,584.806605619,584.698178498,910,-98.67,9.1,-98.67,896.99,995.66,0,"	4663,4664" 
2024-12-24T15:00:00Z,"SPY",2024-12-26T14:35:00Z,Buy,588.690267953,591.331946901,904,2388.08,9.04,-8.91,3626.67,1390.08,1,"	4665,4666" 
2024-12-27T15:00:00Z,"SPY",2024-12-27T18:55:00Z,Sell,588.286130502,585.437454323,912,2597.99,9.12,0,5366.79,2768.79,1,"	4667,4668" 
2024-12-27T19:00:00Z,"SPY",2024-12-27T19:05:00Z,Sell,585.476882367,585.329027202,926,136.91,9.26,0,200.81,73.02,1,"	4669,4670" 
2024-12-27T19:30:00Z,"SPY",2024-12-27T19:35:00Z,Sell,585.476882367,585.772592697,926,-273.83,9.26,-273.83,109.53,383.36,0,"	4671,4672" 
2024-12-27T20:30:00Z,"SPY",2024-12-27T20:50:00Z,Sell,585.171315026,585.171315026,926,0,9.26,0,857.99,857.99,0,"	4673,4674" 
2024-12-30T15:00:00Z,"SPY",2024-12-30T15:40:00Z,Sell,576.842140731,578.093981128,926,-1159.2,9.26,-1159.2,684.57,1843.77,0,"	4675,4676" 
2024-12-31T18:30:00Z,"SPY",2024-12-31T18:45:00Z,Sell,576.645000511,577.52227449,896,-786.04,8.96,-786.04,0,786.04,0,"	4677,4678" 
2024-12-31T19:00:00Z,"SPY",2024-12-31T19:10:00Z,Sell,576.970281874,577.591273567,893,-554.55,8.93,-554.55,448.92,1003.46,0,"	4679,4680" 
2024-12-31T19:30:00Z,"SPY",2024-12-31T19:55:00Z,Sell,576.556287412,577.206850138,892,-580.3,8.92,-773.74,378.08,1151.81,0,"	4681,4682" 
2025-01-02T15:00:00Z,"SPY",2025-01-02T15:10:00Z,Buy,581.721361176,582.017071506,881,260.52,8.81,-225.78,390.78,329.99,1,"	4683,4684" 
2025-01-02T18:00:00Z,"SPY",2025-01-02T19:30:00Z,Sell,574.525743146,574.929880597,893,-360.89,8.93,-440.12,1910.1,2350.22,0,"	4685,4686" 
2025-01-02T20:00:00Z,"SPY",2025-01-02T20:05:00Z,Sell,573.825895365,575.422731147,893,-1425.97,8.93,-1425.97,0,1425.97,0,"	4687,4688" 
2025-01-03T16:30:00Z,"SPY",2025-01-03T17:15:00Z,Buy,581.208796604,581.839645308,906,571.55,9.06,0,1169.89,598.34,1,"	4689,4690" 
2025-01-03T18:30:00Z,"SPY",2025-01-03T20:45:00Z,Buy,583.04220065,583.091485705,905,44.6,9.05,-196.25,954.5,1052.63,1,"	4691,4692" 
2025-01-06T15:00:00Z,"SPY",2025-01-06T15:40:00Z,Buy,589.35068769,589.626683998,840,231.84,8.4,-49.68,819.71,587.87,1,"	4693,4694" 
2025-01-06T16:00:00Z,"SPY",2025-01-06T16:05:00Z,Buy,590.316674768,590.277246724,840,-33.12,8.4,-198.72,0,198.72,0,"	4695,4696" 
2025-01-06T16:30:00Z,"SPY",2025-01-06T17:15:00Z,Buy,590.937666461,590.356102812,839,-487.93,8.39,-487.93,140.59,628.52,0,"	4697,4698" 
2025-01-07T17:00:00Z,"SPY",2025-01-07T18:20:00Z,Sell,582.243782759,583.485766145,838,-1040.78,8.38,-1057.3,772.33,1829.63,0,"	4699,4700" 
2025-01-07T19:00:00Z,"SPY",2025-01-07T20:58:00Z,Sell,582.5493501,580.321665614,834,1857.89,8.34,-345.27,3428.05,1570.16,1,"	4701,4702" 
2025-01-08T15:00:00Z,"SPY",2025-01-08T15:05:00Z,Sell,578.912113041,580.124525394,828,-1003.88,8.28,-1003.88,0,1003.88,0,"	4703,4704" 
2025-01-10T15:00:00Z,"SPY",2025-01-10T15:35:00Z,Sell,574.614456245,573.717468244,831,745.4,8.31,0,3014.35,2555.65,1,"	4705,4706" 
2025-01-10T16:00:00Z,"SPY",2025-01-10T17:55:00Z,Sell,572.751481166,572.928907364,836,-148.33,8.36,-173.05,1961.23,2134.28,0,"	4707,4708" 
2025-01-10T18:00:00Z,"SPY",2025-01-10T18:10:00Z,Sell,573.234474705,573.756896288,835,-436.22,8.35,-436.22,337.45,773.68,0,"	4709,4710" 
2025-01-10T20:30:00Z,"SPY",2025-01-10T20:58:00Z,Sell,572.031919363,572.672625078,835,-534.99,8.35,-613.18,452.68,1065.86,0,"	4711,4712" 
2025-01-15T15:00:00Z,"SPY",2025-01-15T15:05:00Z,Buy,583.495623156,583.682906365,911,170.62,9.11,0,404.09,242.45,1,"	4713,4714" 
2025-01-28T15:30:00Z,"SPY",2025-01-28T15:35:00Z,Buy,593.865198728,593.323063123,896,-485.75,8.96,-485.75,0,485.75,0,"	4715,4716" 
2025-01-28T16:00:00Z,"SPY",2025-01-28T16:25:00Z,Buy,594.446762377,593.401919211,893,-933.04,8.93,-933.04,308.08,1241.13,0,"	4717,4718" 
2025-01-28T17:30:00Z,"SPY",2025-01-28T20:58:00Z,Buy,595.097325103,595.885885983,889,701.03,8.89,-403.09,1419.59,1318.81,1,"	4719,4720" 
2025-01-29T19:30:00Z,"SPY",2025-01-29T19:40:00Z,Sell,590.819382329,592.987924749,898,-1947.35,8.98,-1947.35,0,1947.35,0,"	4721,4722" 
2025-01-31T15:30:00Z,"SPY",2025-01-31T15:45:00Z,Buy,600.252541856,600.2919699,877,34.58,8.77,0,475.45,440.87,1,"	4723,4724" 
2025-01-31T16:00:00Z,"SPY",2025-01-31T16:40:00Z,Buy,600.735535395,600.213113812,877,-458.16,8.77,-458.16,414.94,873.1,0,"	4725,4726" 
2025-01-31T20:30:00Z,"SPY",2025-01-31T20:50:00Z,Sell,593.056923826,593.855341717,886,-707.4,8.86,-794.73,471.6,1266.33,0,"	4727,4728" 
2025-02-04T15:00:00Z,"SPY",2025-02-04T17:30:00Z,Buy,590.444815911,591.174234725,888,647.72,8.88,0,2643.41,1995.69,1,"	4729,4730" 
2025-02-04T18:00:00Z,"SPY",2025-02-04T20:58:00Z,Buy,592.4063611,593.313206112,887,804.37,8.87,-778.14,1057.92,996.72,1,"	4731,4732" 
2025-02-07T15:00:00Z,"SPY",2025-02-07T15:05:00Z,Buy,599.148556624,596.102740225,880,-2680.32,8.8,-2680.32,0,2680.32,0,"	4733,4734" 
2025-02-07T15:30:00Z,"SPY",2025-02-07T15:50:00Z,Sell,595.925314027,596.181596313,875,-224.25,8.75,-698.62,276,741.74,0,"	4735,4736" 
2025-02-07T16:00:00Z,"SPY",2025-02-07T18:20:00Z,Sell,594.821328795,594.949469938,876,-112.25,8.76,-431.74,1873.74,2063.7,0,"	4737,4738" 
2025-02-07T18:30:00Z,"SPY",2025-02-07T18:40:00Z,Sell,594.703044663,594.939612927,876,-207.23,8.76,-224.5,0,224.5,0,"	4739,4740" 
2025-02-07T19:00:00Z,"SPY",2025-02-07T20:58:00Z,Sell,592.633072353,592.297933979,878,294.25,8.78,-302.91,856.79,917.37,1,"	4741,4742" 
2025-02-13T16:00:00Z,"SPY",2025-02-13T16:55:00Z,Buy,598.41913781,597.660147963,871,-661.08,8.71,-661.08,317.66,978.74,0,"	4743,4744" 
2025-02-13T19:00:00Z,"SPY",2025-02-13T20:58:00Z,Buy,598.527564931,601.070673769,869,2209.96,8.69,-77.09,2218.53,453.98,1,"	4745,4746" 
2025-02-20T15:00:00Z,"SPY",2025-02-20T17:20:00Z,Sell,599.690692229,600.065258647,874,-327.37,8.74,-870.12,1076.88,1593.78,0,"	4747,4748" 
2025-02-20T17:30:00Z,"SPY",2025-02-20T17:35:00Z,Sell,600.075115658,600.153971746,872,-68.76,8.72,-146.12,0,146.12,0,"	4749,4750" 
2025-02-20T18:00:00Z,"SPY",2025-02-20T18:45:00Z,Sell,599.335839833,599.907546471,873,-499.1,8.73,-499.1,249.55,748.65,0,"	4751,4752" 
2025-02-20T19:00:00Z,"SPY",2025-02-20T19:05:00Z,Sell,599.887832449,600.015973592,871,-111.61,8.71,-163.12,0,163.12,0,"	4753,4754" 
2025-02-21T15:00:00Z,"SPY",2025-02-21T20:58:00Z,Sell,599.739977284,591.262947824,871,7383.49,8.71,-17.17,7598.13,1416.6,1,"	4755,4756" 
2025-02-24T15:00:00Z,"SPY",2025-02-24T15:15:00Z,Sell,590.178676614,590.405387867,910,-206.31,9.1,-233.22,1883.67,2107.92,0,"	4757,4758" 
2025-02-24T15:30:00Z,"SPY",2025-02-24T15:50:00Z,Sell,589.380258723,589.459114811,910,-71.76,9.1,-313.95,466.43,538.19,0,"	4759,4760" 
2025-02-24T16:00:00Z,"SPY",2025-02-24T16:05:00Z,Sell,589.143690459,589.488685844,910,-313.95,9.1,-313.95,0,313.95,0,"	4761,4762" 
2025-02-25T15:00:00Z,"SPY",2025-02-25T17:00:00Z,Sell,586.738579775,584.71789252,913,1844.89,9.13,0,5003.69,3581.78,1,"	4763,4764" 
2025-02-25T17:30:00Z,"SPY",2025-02-25T17:35:00Z,Sell,585.181172037,585.279742147,922,-90.88,9.22,-190.85,118.15,309,0,"	4765,4766" 
2025-02-25T18:00:00Z,"SPY",2025-02-25T18:05:00Z,Sell,586.275300258,586.994862061,919,-661.28,9.19,-688.45,0,688.45,0,"	4767,4768" 
2025-02-25T18:30:00Z,"SPY",2025-02-25T18:35:00Z,Sell,585.200886059,585.634594543,919,-398.58,9.19,-425.75,0,425.75,0,"	4769,4770" 
2025-02-25T19:30:00Z,"SPY",2025-02-25T19:35:00Z,Sell,584.579894366,585.467025356,918,-814.39,9.18,-814.39,0,814.39,0,"	4771,4772" 
2025-02-26T15:00:00Z,"SPY",2025-02-26T15:30:00Z,Buy,589.163404481,589.370401712,909,188.16,9.09,-268.8,1326.08,1137.92,1,"	4773,4774" 
2025-02-26T16:00:00Z,"SPY",2025-02-26T17:00:00Z,Buy,590.306817757,589.4492578,907,-777.81,9.07,-786.75,581.12,1367.87,0,"	4775,4776" 
2025-02-26T17:30:00Z,"SPY",2025-02-26T17:35:00Z,Buy,590.050535471,589.330973668,905,-651.2,9.05,-651.2,71.36,722.57,0,"	4777,4778" 
2025-02-27T15:00:00Z,"SPY",2025-02-27T15:15:00Z,Sell,583.958902673,585.565595466,912,-1465.3,9.12,-1492.27,1366.42,2858.69,0,"	4779,4780" 
2025-02-27T19:30:00Z,"SPY",2025-02-27T20:58:00Z,Sell,582.302924825,576.704142577,910,5094.89,9.1,0,5099.38,1148.14,1,"	4781,4782" 
2025-02-28T15:30:00Z,"SPY",2025-02-28T15:45:00Z,Buy,579.956956207,579.030397173,931,-862.63,9.31,-1119.58,146.83,1266.41,0,"	4783,4784" 
2025-02-28T16:00:00Z,"SPY",2025-02-28T16:15:00Z,Buy,580.449806757,579.188109349,927,-1169.59,9.27,-1242.69,109.65,1352.34,0,"	4785,4786" 
2025-02-28T20:30:00Z,"SPY",2025-02-28T20:35:00Z,Buy,581.198939593,579.966813218,922,-1136.02,9.22,-1136.02,0,1136.02,0,"	4787,4788" 
2025-03-03T18:00:00Z,"SPY",2025-03-03T20:58:00Z,Sell,583.5350512,574.979165652,914,7820.08,9.14,0,10594.95,2774.87,1,"	4789,4790" 
2025-03-04T15:00:00Z,"SPY",2025-03-04T16:50:00Z,Sell,567.458266259,567.458266259,968,0,9.68,-209.91,2910.18,3101.02,0,"	4791,4792" 
2025-03-04T17:00:00Z,"SPY",2025-03-04T17:05:00Z,Sell,567.734262567,568.039829908,967,-295.48,9.67,-314.55,233.53,548.07,0,"	4793,4794" 
2025-03-04T18:00:00Z,"SPY",2025-03-04T18:05:00Z,Sell,568.236970128,568.631250568,965,-380.48,9.65,-656.33,109.39,765.72,0,"	4795,4796" 
2025-03-05T18:00:00Z,"SPY",2025-03-05T18:10:00Z,Buy,572.445913825,570.03094613,957,-2311.12,9.57,-2320.56,292.43,2612.99,0,"	4797,4798" 
2025-03-05T19:00:00Z,"SPY",2025-03-05T20:58:00Z,Buy,573.155618617,574.752454399,948,1513.8,9.48,-327.06,3111.7,2700.55,1,"	4799,4800" 
2025-03-06T17:30:00Z,"SPY",2025-03-06T18:20:00Z,Sell,564.343450783,565.59529118,947,-1185.49,9.47,-1288.17,1222.83,2511,0,"	4801,4802" 
2025-03-06T18:30:00Z,"SPY",2025-03-06T19:50:00Z,Sell,564.323736761,565.536149114,943,-1143.3,9.43,-1459.34,2063.53,3522.87,0,"	4803,4804" 
2025-03-06T20:00:00Z,"SPY",2025-03-06T20:05:00Z,Sell,562.825471089,563.978741376,941,-1085.23,9.41,-1085.23,0,1085.23,0,"	4805,4806" 
2025-03-07T16:30:00Z,"SPY",2025-03-07T17:35:00Z,Sell,559.523372404,561.25820634,940,-1630.74,9.4,-1630.74,1797.52,3428.27,0,"	4807,4808" 
2025-03-07T19:30:00Z,"SPY",2025-03-07T19:45:00Z,Buy,568.365111271,567.517408325,919,-779.04,9.19,-779.04,398.58,1177.62,0,"	4809,4810" 
2025-03-10T15:00:00Z,"SPY",2025-03-10T15:10:00Z,Sell,555.83685029,557.246402863,913,-1286.92,9.13,-1286.92,0,1286.92,0,"	4811,4812" 
2025-03-10T16:00:00Z,"SPY",2025-03-10T19:58:00Z,Sell,555.73828018,552.367182418,909,3064.33,9.09,-1120,7033.62,5393.93,1,"	4813,4814" 
2025-03-11T14:30:00Z,"SPY",2025-03-11T14:55:00Z,Sell,548.000526545,549.0355127,831,-860.07,8.31,-876.46,1400.69,2277.15,0,"	4815,4816" 
2025-03-11T15:00:00Z,"SPY",2025-03-11T15:10:00Z,Sell,546.837399247,550.060641844,830,-2675.29,8.3,-2675.29,49.09,2724.38,0,"	4817,4818" 
2025-03-11T16:30:00Z,"SPY",2025-03-11T18:05:00Z,Sell,547.911813446,548.424378018,820,-420.3,8.2,-695.12,2966.37,3661.49,0,"	4819,4820" 
2025-03-13T14:00:00Z,"SPY",2025-03-13T14:10:00Z,Sell,547.0641105,548.483520084,808,-1146.88,8.08,-1242.46,0,1242.46,0,"	4821,4822" 
2025-03-13T15:30:00Z,"SPY",2025-03-13T18:45:00Z,Sell,546.354405708,546.117837444,805,190.44,8.05,-238.05,3523.09,3348.53,1,"	4823,4824" 
2025-03-13T19:30:00Z,"SPY",2025-03-13T19:58:00Z,Sell,543.584585617,543.1213061,810,375.26,8.1,-391.22,846.32,734.54,1,"	4825,4826" 
2025-03-14T14:00:00Z,"SPY",2025-03-14T14:05:00Z,Buy,550.445065273,549.804359558,815,-522.18,8.15,-1365.69,0,1365.69,0,"	4827,4828" 
2025-03-14T15:00:00Z,"SPY",2025-03-14T19:58:00Z,Buy,552.268612308,555.501711916,811,2622.04,8.11,-183.86,2701.98,1894.59,1,"	4829,4830" 
2025-03-17T14:00:00Z,"SPY",2025-03-17T14:05:00Z,Buy,557.601255259,556.645125192,701,-670.25,7.01,-863.72,0,863.72,0,"	4831,4832" 
2025-03-17T18:00:00Z,"SPY",2025-03-17T19:55:00Z,Buy,559.020664843,559.986651921,697,673.29,6.97,0,1738.2,1064.9,1,"	4833,4834" 
2025-03-18T14:00:00Z,"SPY",2025-03-18T14:40:00Z,Sell,552.741748836,553.816163035,690,-741.35,6.9,-754.95,265.25,1020.2,0,"	4835,4836" 
2025-03-18T15:00:00Z,"SPY",2025-03-18T16:30:00Z,Sell,552.741748836,553.648593848,688,-623.91,6.88,-623.91,1125.75,1749.66,0,"	4837,4838" 
2025-03-18T17:00:00Z,"SPY",2025-03-18T17:15:00Z,Sell,552.830461935,553.027602155,686,-135.24,6.86,-162.29,682.95,845.24,0,"	4839,4840" 
2025-03-18T17:30:00Z,"SPY",2025-03-18T17:40:00Z,Sell,552.524894594,553.362740529,686,-574.76,6.86,-574.76,304.29,879.05,0,"	4841,4842" 
2025-03-19T19:00:00Z,"SPY",2025-03-19T19:30:00Z,Buy,560.134507086,559.08966392,671,-701.09,6.71,-892.9,1484.86,2377.75,0,"	4843,4844" 
2025-03-26T16:00:00Z,"SPY",2025-03-26T19:58:00Z,Sell,564.19185423,562.53089619,716,1189.25,7.16,-481.36,2413.89,1557.35,1,"	4845,4846" 
2025-03-28T14:30:00Z,"SPY",2025-03-28T19:58:00Z,Sell,553.21766718,549.786997895,767,2631.32,7.67,-303.32,3344.13,1463.53,1,"	4847,4848" 
2025-04-01T14:30:00Z,"SPY",2025-04-01T14:35:00Z,Sell,548.837879015,549.44096497,847,-510.81,8.47,-510.81,0,510.81,0,"	4849,4850" 
2025-04-02T17:00:00Z,"SPY",2025-04-02T17:45:00Z,Buy,559.26830004,558.151108025,833,-930.62,8.33,-1045.92,1321.81,2367.73,0,"	4851,4852" 
2025-04-03T15:00:00Z,"SPY",2025-04-03T15:20:00Z,Sell,534.05732979,536.0544341,917,-1831.34,9.17,-1980.93,453.3,2434.24,0,"	4853,4854" 
2025-04-03T18:30:00Z,"SPY",2025-04-03T18:40:00Z,Sell,534.65052909,535.10531522,910,-413.86,9.1,-413.86,629.78,1043.64,0,"	4855,4856" 
2025-04-03T19:30:00Z,"SPY",2025-04-03T19:58:00Z,Sell,532.900591155,531.62521266,911,1161.87,9.11,-396.3,1170.88,1224.92,1,"	4857,4858" 
2025-04-04T14:30:00Z,"SPY",2025-04-04T15:05:00Z,Sell,510.40845103,514.452092925,649,-2624.32,6.49,-2624.32,3837.03,6461.35,0,"	4859,4860" 
2025-04-04T15:30:00Z,"SPY",2025-04-04T19:58:00Z,Sell,510.48754427,499.483697255,643,7075.47,6.43,-902.71,7088.19,4723.34,1,"	4861,4862" 
2025-04-07T18:00:00Z,"SPY",2025-04-07T18:05:00Z,Buy,503.34937936,502.47935372,507,-441.1,5.07,-651.63,40.1,691.73,0,"	4863,4864" 
2025-04-08T19:30:00Z,"SPY",2025-04-08T19:58:00Z,Sell,491.86108625,490.06171504,517,930.27,5.17,0,4176.01,3373.52,1,"	4865,4866" 
2025-04-09T14:00:00Z,"SPY",2025-04-09T14:10:00Z,Buy,494.19433683,492.721225235,529,-779.28,5.29,-868.19,1396.42,2264.61,0,"	4867,4868" 
2025-04-09T17:30:00Z,"SPY",2025-04-09T19:58:00Z,Buy,518.070608655,537.47811242,504,9781.38,5.04,0,10832.77,4619.12,1,"	4869,4870" 
2025-04-10T14:00:00Z,"SPY",2025-04-10T14:25:00Z,Sell,522.974389535,523.903735105,296,-275.09,2.96,-280.94,614.55,895.49,0,"	4871,4872" 
2025-04-10T14:30:00Z,"SPY",2025-04-10T14:35:00Z,Sell,522.09447724,524.84296733,297,-816.3,2.97,-816.3,0,816.3,0,"	4873,4874" 
2025-04-10T15:00:00Z,"SPY",2025-04-10T15:10:00Z,Sell,520.324765995,522.519603405,297,-651.87,2.97,-651.87,0,651.87,0,"	4875,4876" 
2025-04-10T15:30:00Z,"SPY",2025-04-10T17:45:00Z,Sell,517.78389566,516.73591023,297,311.25,2.97,0,3884.77,3699.78,1,"	4877,4878" 
2025-04-11T17:00:00Z,"SPY",2025-04-11T17:15:00Z,Buy,525.742652935,525.426279975,281,-88.9,2.81,-266.7,308.37,575.08,0,"	4879,4880" 
2025-04-11T18:00:00Z,"SPY",2025-04-11T18:10:00Z,Buy,528.61966954,527.304744425,279,-366.86,2.79,-369.62,2.76,372.38,0,"	4881,4882" 
2025-04-21T14:00:00Z,"SPY",2025-04-21T19:20:00Z,Sell,511.644282905,504.723624405,287,1986.23,2.87,0,2531.02,618.57,1,"	4883,4884" 
2025-04-22T15:00:00Z,"SPY",2025-04-22T15:40:00Z,Buy,518.723127885,518.6539213,283,-19.59,2.83,-19.59,288.19,307.77,0,"	4885,4886" 
2025-04-22T16:00:00Z,"SPY",2025-04-22T17:15:00Z,Buy,520.2357861,519.72168004,282,-144.98,2.82,-144.98,775.07,920.05,0,"	4887,4888" 
2025-04-23T14:00:00Z,"SPY",2025-04-23T14:05:00Z,Buy,537.4385658,537.250719355,267,-50.16,2.67,-263.97,0,263.97,0,"	4889,4890" 
2025-04-24T14:30:00Z,"SPY",2025-04-24T16:10:00Z,Buy,536.11375403,536.21262058,266,26.3,2.66,-244.58,423.41,444.44,1,"	4891,4892" 
2025-04-24T16:30:00Z,"SPY",2025-04-24T17:20:00Z,Buy,538.298704785,538.0317651,265,-70.74,2.65,-115.28,335.36,450.63,0,"	4893,4894" 
2025-04-30T14:00:00Z,"SPY",2025-04-30T14:10:00Z,Sell,535.71828783,537.75493876,319,-649.69,3.19,-649.69,0,649.69,0,"	4895,4896" 
2025-05-01T15:00:00Z,"SPY",2025-05-01T15:15:00Z,Buy,556.97459608,557.083349285,536,58.29,5.36,-243.77,58.29,243.77,1,"	4897,4898" 
2025-05-08T17:00:00Z,"SPY",2025-05-08T17:35:00Z,Buy,563.667861515,562.184863265,806,-1195.3,8.06,-1219.2,0,1219.2,0,"	4899,4900" 
