Entry Time,Symbols,Exit Time,Direction,Entry Price,Exit Price,Quantity,P&L,Fees,MAE,MFE,Drawdown,IsWin,Order Ids
2017-05-12T18:30:00Z,"SPY",2017-05-12T19:00:00Z,Sell,207.139440657,207.217478874,963,-75.15,9.63,-150.3,8.35,158.65,0,"	1,2" 
2017-05-12T19:30:00Z,"SPY",2017-05-12T19:58:00Z,Sell,207.087415179,207.226149787,962,-133.46,9.62,-133.46,58.39,191.85,0,"	3,4" 
2017-05-15T14:00:00Z,"SPY",2017-05-15T18:30:00Z,Buy,208.127924739,208.049886522,956,-74.6,9.56,-74.6,323.29,397.89,0,"	5,6" 
2017-05-16T18:00:00Z,"SPY",2017-05-16T19:30:00Z,Sell,208.084570174,208.171279304,955,-82.81,9.55,-82.81,99.37,182.18,0,"	7,8" 
2017-05-17T15:00:00Z,"SPY",2017-05-17T16:00:00Z,Sell,205.535321752,206.142285662,966,-586.33,9.66,-586.33,100.51,686.84,0,"	9,10" 
2017-05-17T16:30:00Z,"SPY",2017-05-17T19:58:00Z,Sell,205.795449142,204.512154018,959,1230.68,9.59,-257.78,1230.68,631.97,1,"	11,12" 
2017-05-18T14:30:00Z,"SPY",2017-05-18T16:00:00Z,Buy,205.292536188,204.780952321,973,-497.77,9.73,-497.77,177.17,674.94,0,"	13,14" 
2017-05-18T17:00:00Z,"SPY",2017-05-18T17:30:00Z,Buy,204.971712407,204.815635973,970,-151.39,9.7,-235.5,50.46,285.97,0,"	15,16" 
2017-05-18T18:00:00Z,"SPY",2017-05-18T19:58:00Z,Buy,205.266523449,205.361903492,967,92.23,9.67,0,830.09,737.86,1,"	17,18" 
2017-05-19T14:00:00Z,"SPY",2017-05-19T19:30:00Z,Buy,206.3677294,206.575831312,963,200.4,9.63,0,876.76,701.41,1,"	19,20" 
2017-05-22T14:00:00Z,"SPY",2017-05-22T14:30:00Z,Buy,207.442922612,207.382226221,960,-58.27,9.6,-141.51,99.89,241.4,0,"	21,22" 
2017-05-22T16:30:00Z,"SPY",2017-05-22T17:00:00Z,Buy,207.659695437,207.572986307,958,-83.07,9.58,-83.07,24.92,107.99,0,"	23,24" 
2017-05-25T15:30:00Z,"SPY",2017-05-25T16:00:00Z,Buy,209.697359992,209.359194385,948,-320.58,9.48,-320.58,32.88,353.46,0,"	25,26" 
2017-05-25T17:00:00Z,"SPY",2017-05-25T17:30:00Z,Buy,209.723372731,209.567296297,944,-147.34,9.44,-155.52,0,155.52,0,"	27,28" 
2017-05-25T18:00:00Z,"SPY",2017-05-25T18:30:00Z,Buy,209.680018166,209.654005427,943,-24.53,9.43,-89.94,32.71,89.94,0,"	29,30" 
2017-05-31T14:00:00Z,"SPY",2017-05-31T15:00:00Z,Sell,208.942990561,209.272485255,946,-311.7,9.46,-319.9,237.88,557.78,0,"	31,32" 
2017-05-31T16:00:00Z,"SPY",2017-05-31T16:30:00Z,Sell,209.038370604,209.05571243,943,-16.35,9.43,-139,0,139,0,"	33,34" 
2017-05-31T17:00:00Z,"SPY",2017-05-31T17:30:00Z,Sell,208.9690033,209.003686952,943,-32.71,9.43,-245.3,8.18,245.3,0,"	35,36" 
2017-06-01T17:00:00Z,"SPY",2017-06-01T19:58:00Z,Buy,210.417045771,210.815907769,936,373.33,9.36,0,381.45,211.02,1,"	37,38" 
2017-06-02T16:00:00Z,"SPY",2017-06-02T18:30:00Z,Buy,211.604960852,211.535593548,934,-64.79,9.34,-121.48,186.27,251.06,0,"	39,40" 
2017-06-02T19:30:00Z,"SPY",2017-06-02T19:58:00Z,Buy,211.709011808,211.604960852,933,-97.08,9.33,-129.44,129.44,258.88,0,"	41,42" 
2017-06-08T14:30:00Z,"SPY",2017-06-08T15:00:00Z,Sell,210.96331329,211.206098854,935,-227,9.35,-308.08,0,308.08,0,"	43,44" 
2017-06-09T14:00:00Z,"SPY",2017-06-09T16:30:00Z,Buy,211.986481024,211.839075503,928,-136.79,9.28,-233.35,402.33,635.68,0,"	45,46" 
2017-06-09T18:00:00Z,"SPY",2017-06-09T18:30:00Z,Sell,210.945971464,211.076035159,932,-121.22,9.32,-323.25,0,323.25,0,"	47,48" 
2017-06-09T19:00:00Z,"SPY",2017-06-09T19:30:00Z,Sell,210.234956598,211.128060637,933,-833.27,9.33,-833.27,0,833.27,0,"	49,50" 
2017-06-12T14:00:00Z,"SPY",2017-06-12T15:00:00Z,Sell,210.365020293,210.772553204,925,-376.97,9.25,-401.03,120.31,521.34,0,"	51,52" 
2017-06-12T16:30:00Z,"SPY",2017-06-12T17:30:00Z,Sell,210.425716684,210.581793118,921,-143.75,9.21,-143.75,159.72,303.46,0,"	53,54" 
2017-06-12T18:00:00Z,"SPY",2017-06-12T19:00:00Z,Sell,210.278311163,210.677173161,920,-366.95,9.2,-430.77,0,430.77,0,"	55,56" 
2017-06-13T17:30:00Z,"SPY",2017-06-13T18:00:00Z,Buy,211.934455546,211.839075503,909,-86.7,9.09,-189.16,0,189.16,0,"	57,58" 
2017-06-13T18:30:00Z,"SPY",2017-06-13T19:00:00Z,Buy,211.891100981,211.847746416,909,-39.41,9.09,-94.58,55.17,149.76,0,"	59,60" 
2017-06-13T19:30:00Z,"SPY",2017-06-13T19:58:00Z,Buy,212.073190154,211.813062764,907,-235.94,9.07,-235.94,7.86,243.8,0,"	61,62" 
2017-06-14T15:00:00Z,"SPY",2017-06-14T16:00:00Z,Sell,211.682999069,211.865088242,907,-165.15,9.07,-173.02,31.46,204.48,0,"	63,64" 
2017-06-14T19:00:00Z,"SPY",2017-06-14T19:58:00Z,Sell,211.318820723,211.74369546,907,-385.36,9.07,-503.33,235.94,739.26,0,"	65,66" 
2017-06-16T14:00:00Z,"SPY",2017-06-16T16:00:00Z,Sell,211.01361362,211.10074452,904,-78.77,9.04,-78.77,409.58,488.35,0,"	67,68" 
2017-06-19T14:30:00Z,"SPY",2017-06-19T19:00:00Z,Buy,212.92178033,212.79979707,895,-109.18,8.95,-218.35,226.15,374.31,0,"	69,70" 
2017-06-19T19:30:00Z,"SPY",2017-06-19T19:58:00Z,Buy,212.96534578,213.05247668,894,77.9,8.94,-31.16,202.53,124.63,1,"	71,72" 
2017-06-20T14:00:00Z,"SPY",2017-06-20T14:30:00Z,Sell,212.45998656,212.49483892,897,-31.26,8.97,-187.58,46.89,234.47,0,"	73,74" 
2017-06-20T15:30:00Z,"SPY",2017-06-20T17:00:00Z,Sell,212.40770802,212.40770802,897,0,8.97,-93.79,273.55,281.36,0,"	75,76" 
2017-06-20T17:30:00Z,"SPY",2017-06-20T19:58:00Z,Sell,212.31186403,211.79779172,897,461.12,8.97,-101.6,523.65,242.28,1,"	77,78" 
2017-06-22T15:30:00Z,"SPY",2017-06-22T16:30:00Z,Buy,212.10274987,211.95462734,902,-133.61,9.02,-212.2,0,212.2,0,"	79,80" 
2017-06-22T17:30:00Z,"SPY",2017-06-22T18:00:00Z,Buy,212.10274987,212.06789751,901,-31.4,9.01,-62.8,7.85,70.65,0,"	81,82" 
2017-06-23T15:00:00Z,"SPY",2017-06-23T15:30:00Z,Buy,211.93720116,211.96334043,901,23.55,9.01,-39.25,78.5,117.76,1,"	83,84" 
2017-06-23T16:00:00Z,"SPY",2017-06-23T17:00:00Z,Buy,211.99819279,211.99819279,901,0,9.01,-39.25,125.61,125.61,0,"	85,86" 
2017-06-23T17:30:00Z,"SPY",2017-06-23T18:30:00Z,Buy,212.02433206,211.93720116,901,-78.5,9.01,-78.5,133.46,211.96,0,"	87,88" 
2017-06-26T14:00:00Z,"SPY",2017-06-26T14:30:00Z,Buy,212.91306724,212.74751853,896,-148.33,8.96,-265.44,0,265.44,0,"	89,90" 
2017-06-27T18:00:00Z,"SPY",2017-06-27T19:58:00Z,Sell,210.96133508,210.42983659,903,479.94,9.03,-196.7,511.41,472.08,1,"	91,92" 
2017-06-28T15:00:00Z,"SPY",2017-06-28T19:58:00Z,Buy,211.84135717,212.12888914,904,259.93,9.04,-39.38,448.97,259.93,1,"	93,94" 
2017-06-29T14:00:00Z,"SPY",2017-06-29T19:58:00Z,Sell,211.65838228,210.46468895,907,1082.68,9.07,-47.42,2299.71,1525.24,1,"	95,96" 
2017-07-06T14:00:00Z,"SPY",2017-07-06T15:30:00Z,Sell,210.23814861,210.43854968,923,-184.97,9.23,-297.56,281.48,579.04,0,"	97,98" 
2017-07-06T18:30:00Z,"SPY",2017-07-06T19:58:00Z,Sell,210.10745226,209.66308467,922,409.71,9.22,0,602.51,232.97,1,"	99,100" 
2017-07-07T15:30:00Z,"SPY",2017-07-07T19:58:00Z,Buy,210.61281148,211.02232671,924,378.39,9.24,-8.05,442.8,257.63,1,"	101,102" 
2017-07-11T15:30:00Z,"SPY",2017-07-11T16:00:00Z,Sell,210.22072243,210.69122929,929,-437.1,9.29,-485.67,0,485.67,0,"	103,104" 
2017-07-12T14:00:00Z,"SPY",2017-07-12T15:00:00Z,Buy,212.49483892,212.28572476,915,-191.34,9.15,-191.34,143.5,334.84,0,"	105,106" 
2017-07-12T18:00:00Z,"SPY",2017-07-12T19:58:00Z,Buy,212.66038763,212.59068291,912,-63.57,9.12,-95.36,87.41,182.77,0,"	107,108" 
2017-07-14T14:00:00Z,"SPY",2017-07-14T14:30:00Z,Buy,213.23545157,213.23545157,909,0,9.09,-110.88,55.44,110.88,0,"	109,110" 
2017-07-14T15:00:00Z,"SPY",2017-07-14T15:30:00Z,Buy,213.34000865,213.27901702,908,-55.38,9.08,-118.67,23.73,126.58,0,"	111,112" 
2017-07-14T17:00:00Z,"SPY",2017-07-14T19:58:00Z,Buy,213.6449668,214.00220349,906,323.66,9.06,-15.79,584.16,292.08,1,"	113,114" 
2017-07-19T14:00:00Z,"SPY",2017-07-19T14:30:00Z,Buy,214.68182451,214.6034067,905,-70.97,9.05,-126.17,86.74,212.9,0,"	115,116" 
2017-07-19T18:30:00Z,"SPY",2017-07-19T19:58:00Z,Buy,215.06520047,215.10005283,903,31.47,9.03,-55.08,102.28,94.42,1,"	117,118" 
2017-07-24T14:30:00Z,"SPY",2017-07-24T16:00:00Z,Sell,214.73410305,214.83866013,904,-94.52,9.04,-102.4,86.64,189.04,0,"	119,120" 
2017-07-27T17:30:00Z,"SPY",2017-07-27T19:58:00Z,Sell,214.62954597,215.10876592,904,-433.21,9.04,-527.73,425.34,953.07,0,"	121,122" 
2017-07-28T14:30:00Z,"SPY",2017-07-28T15:30:00Z,Sell,214.64697215,214.74281614,900,-86.26,9,-188.2,86.26,274.46,0,"	123,124" 
2017-08-02T14:30:00Z,"SPY",2017-08-02T17:30:00Z,Sell,214.93450412,215.16104446,897,-203.21,8.97,-226.65,218.84,445.49,0,"	125,126" 
2017-08-03T14:00:00Z,"SPY",2017-08-03T14:30:00Z,Sell,215.19589682,215.40501098,894,-186.95,8.94,-186.95,46.74,233.69,0,"	127,128" 
2017-08-03T16:00:00Z,"SPY",2017-08-03T16:30:00Z,Sell,215.16104446,215.3004539,893,-124.49,8.93,-124.49,23.34,147.83,0,"	129,130" 
2017-08-07T19:30:00Z,"SPY",2017-08-07T19:58:00Z,Buy,215.97136183,215.95393565,888,-15.47,8.88,-108.32,0,108.32,0,"	131,132" 
2017-08-08T15:00:00Z,"SPY",2017-08-08T17:30:00Z,Buy,216.35473779,216.11948436,886,-208.43,8.86,-208.43,424.59,633.02,0,"	133,134" 
2017-08-10T14:00:00Z,"SPY",2017-08-10T19:58:00Z,Sell,214.22874383,212.4251342,893,1610.62,8.93,0,1641.75,723.61,1,"	135,136" 
2017-08-11T14:30:00Z,"SPY",2017-08-11T15:30:00Z,Buy,212.98277196,212.66038763,913,-294.34,9.13,-294.34,270.47,564.81,0,"	137,138" 
2017-08-14T14:00:00Z,"SPY",2017-08-14T19:00:00Z,Buy,214.50756271,214.65568524,904,133.9,9.04,-15.75,456.84,370.2,1,"	139,140" 
2017-08-14T19:30:00Z,"SPY",2017-08-14T19:58:00Z,Buy,214.93450412,214.89093867,903,-39.34,9.03,-149.49,62.94,157.36,0,"	141,142" 
2017-08-17T14:30:00Z,"SPY",2017-08-17T19:58:00Z,Sell,213.85408096,211.94591425,908,1732.62,9.08,-427.22,1764.26,561.72,1,"	143,144" 
2017-08-18T14:00:00Z,"SPY",2017-08-18T14:30:00Z,Sell,211.03975289,211.45798121,936,-391.46,9.36,-627.97,0,627.97,0,"	145,146" 
2017-08-18T17:00:00Z,"SPY",2017-08-18T17:30:00Z,Buy,212.43384729,212.18988077,926,-225.91,9.26,-274.32,40.34,314.66,0,"	147,148" 
2017-08-21T14:00:00Z,"SPY",2017-08-21T15:00:00Z,Sell,211.13559688,211.30114559,929,-153.79,9.29,-186.17,364.25,550.42,0,"	149,150" 
2017-08-22T14:00:00Z,"SPY",2017-08-22T19:58:00Z,Buy,212.83464943,213.8192286,921,906.8,9.21,0,1075.32,192.59,1,"	151,152" 
2017-08-24T14:00:00Z,"SPY",2017-08-24T14:30:00Z,Sell,212.76494471,213.07861595,929,-291.4,9.29,-323.78,97.13,420.91,0,"	153,154" 
2017-08-24T15:30:00Z,"SPY",2017-08-24T16:00:00Z,Sell,212.66910072,212.79979707,927,-121.16,9.27,-121.16,210,331.16,0,"	155,156" 
2017-08-25T14:00:00Z,"SPY",2017-08-25T15:00:00Z,Buy,213.71467152,213.36614792,921,-320.99,9.21,-345.06,208.64,553.71,0,"	157,158" 
2017-08-30T15:00:00Z,"SPY",2017-08-30T16:00:00Z,Buy,213.88893332,213.91507259,917,23.97,9.17,-111.86,71.91,143.82,1,"	159,160" 
2017-08-30T17:00:00Z,"SPY",2017-08-30T19:58:00Z,Buy,214.17646529,214.27230928,916,87.79,9.16,-55.87,407.04,462.91,1,"	161,162" 
2017-08-31T19:00:00Z,"SPY",2017-08-31T19:30:00Z,Buy,215.68382986,215.68382986,911,0,9.11,-142.88,31.75,142.88,0,"	163,164" 
2017-09-05T15:30:00Z,"SPY",2017-09-05T16:00:00Z,Sell,214.87351249,215.00420884,914,-119.46,9.14,-167.24,0,167.24,0,"	165,166" 
2017-09-05T16:30:00Z,"SPY",2017-09-05T19:58:00Z,Sell,214.10676057,214.41171872,916,-279.34,9.16,-391.08,590.61,981.69,0,"	167,168" 
2017-09-11T14:00:00Z,"SPY",2017-09-11T19:58:00Z,Buy,216.54642577,217.03435881,903,440.6,9.03,-15.74,574.36,212.43,1,"	169,170" 
2017-09-18T14:00:00Z,"SPY",2017-09-18T14:30:00Z,Buy,218.903875,218.842581915,897,-54.98,8.97,-125.67,39.27,164.94,0,"	171,172" 
2017-09-20T18:30:00Z,"SPY",2017-09-20T19:00:00Z,Sell,218.212138755,218.579897265,899,-330.61,8.99,-385.72,94.46,480.18,0,"	173,174" 
2017-09-21T14:00:00Z,"SPY",2017-09-21T15:00:00Z,Sell,218.369749545,218.562384955,896,-172.6,8.96,-235.37,149.06,384.43,0,"	175,176" 
2017-09-25T15:00:00Z,"SPY",2017-09-25T19:30:00Z,Sell,217.6780133,217.87064871,897,-172.79,8.97,-204.21,337.73,541.94,0,"	177,178" 
2017-09-27T19:00:00Z,"SPY",2017-09-27T19:58:00Z,Buy,219.105266565,218.965168085,889,-124.55,8.89,-124.55,194.61,319.15,0,"	179,180" 
2017-09-28T18:00:00Z,"SPY",2017-09-28T18:30:00Z,Buy,219.262877355,219.11402272,888,-132.18,8.88,-132.18,15.55,147.73,0,"	181,182" 
2017-09-29T15:00:00Z,"SPY",2017-09-29T19:58:00Z,Buy,219.560586625,219.928345135,885,325.47,8.85,-54.24,356.46,201.48,1,"	183,184" 
2017-10-02T14:00:00Z,"SPY",2017-10-02T15:30:00Z,Buy,220.541275985,220.40993366,884,-116.11,8.84,-170.29,185.77,356.06,0,"	185,186" 
2017-10-02T16:30:00Z,"SPY",2017-10-02T19:58:00Z,Buy,220.49749521,220.81271679,883,278.34,8.83,0,286.07,115.98,1,"	187,188" 
2017-10-04T16:00:00Z,"SPY",2017-10-04T18:00:00Z,Buy,221.77589384,221.60077074,880,-154.11,8.8,-277.39,107.88,385.27,0,"	189,190" 
2017-10-04T19:30:00Z,"SPY",2017-10-04T19:58:00Z,Buy,221.68833229,221.58325843,879,-92.36,8.79,-123.15,15.39,138.54,0,"	191,192" 
2017-10-05T15:30:00Z,"SPY",2017-10-05T19:58:00Z,Buy,222.33628776,222.91419399,876,506.25,8.76,0,567.61,161.08,1,"	193,194" 
2017-10-09T19:30:00Z,"SPY",2017-10-09T19:58:00Z,Sell,222.31877545,222.31877545,880,0,8.8,-30.82,184.93,215.75,0,"	195,196" 
2017-10-19T14:00:00Z,"SPY",2017-10-19T14:30:00Z,Sell,222.905437835,223.150610175,878,-215.26,8.78,-215.26,161.45,376.71,0,"	197,198" 
2017-10-20T18:30:00Z,"SPY",2017-10-20T19:00:00Z,Buy,225.111988895,224.971890415,867,-121.47,8.67,-121.47,30.37,151.83,0,"	199,200" 
2017-10-23T18:00:00Z,"SPY",2017-10-23T19:58:00Z,Sell,224.8580604,224.236373395,867,539,8.67,-30.37,584.55,220.16,1,"	201,202" 
2017-10-25T14:00:00Z,"SPY",2017-10-25T18:00:00Z,Sell,223.9824449,223.360757895,875,543.98,8.75,-153.23,1379.09,858.1,1,"	203,204" 
2017-10-27T14:30:00Z,"SPY",2017-10-27T19:58:00Z,Buy,224.849304245,225.479747405,877,552.9,8.77,-23.04,844.71,330.2,1,"	205,206" 
2017-10-30T16:30:00Z,"SPY",2017-10-30T17:00:00Z,Sell,224.71796192,224.866816555,882,-131.29,8.82,-154.46,0,154.46,0,"	207,208" 
2017-10-30T18:00:00Z,"SPY",2017-10-30T18:30:00Z,Sell,224.77049885,224.919353485,880,-130.99,8.8,-192.64,23.12,215.75,0,"	209,210" 
2017-11-02T14:30:00Z,"SPY",2017-11-02T15:00:00Z,Sell,224.709205765,224.98064657,879,-238.6,8.79,-346.35,0,346.35,0,"	211,212" 
2017-11-02T15:30:00Z,"SPY",2017-11-02T16:00:00Z,Sell,224.87557271,225.06820812,877,-168.94,8.77,-168.94,107.51,276.45,0,"	213,214" 
2017-11-03T17:30:00Z,"SPY",2017-11-03T19:58:00Z,Buy,226.127702875,226.13645903,870,7.62,8.7,-7.62,175.21,182.83,1,"	215,216" 
2017-11-06T20:00:00Z,"SPY",2017-11-06T20:58:00Z,Buy,226.73187757,226.66182833,868,-60.8,8.68,-60.8,38,98.8,0,"	217,218" 
2017-11-07T17:00:00Z,"SPY",2017-11-07T18:30:00Z,Sell,226.13645903,226.4341683,869,-258.71,8.69,-266.32,76.09,342.41,0,"	219,220" 
2017-11-07T20:00:00Z,"SPY",2017-11-07T20:58:00Z,Sell,226.197752115,226.460436765,867,-227.75,8.67,-227.75,68.32,296.07,0,"	221,222" 
2017-11-09T17:30:00Z,"SPY",2017-11-09T18:30:00Z,Sell,224.71796192,225.40094201,871,-594.88,8.71,-610.13,167.79,777.91,0,"	223,224" 
2017-11-14T15:00:00Z,"SPY",2017-11-14T16:00:00Z,Sell,225.234575065,225.64611435,863,-355.16,8.63,-460.95,460.95,921.9,0,"	225,226" 
2017-11-15T15:00:00Z,"SPY",2017-11-15T15:30:00Z,Sell,224.078762605,224.446521115,864,-317.74,8.64,-431.22,30.26,461.48,0,"	227,228" 
2017-11-16T15:30:00Z,"SPY",2017-11-16T20:58:00Z,Buy,225.935067465,226.4341683,854,426.23,8.54,0,747.78,343.98,1,"	229,230" 
2017-11-21T15:00:00Z,"SPY",2017-11-21T20:58:00Z,Buy,227.371076885,227.581224605,853,179.26,8.53,-22.41,343.57,231.54,1,"	231,232" 
2017-11-28T16:30:00Z,"SPY",2017-11-28T19:00:00Z,Buy,228.702012445,228.90340401,849,170.98,8.49,-22.3,773.13,602.15,1,"	233,234" 
2017-11-28T19:30:00Z,"SPY",2017-11-28T20:58:00Z,Buy,229.244894055,229.97165492,849,617.02,8.49,-22.3,802.87,260.19,1,"	235,236" 
2017-11-29T15:00:00Z,"SPY",2017-11-29T15:30:00Z,Buy,230.74219656,230.190558795,848,-467.79,8.48,-519.77,0,519.77,0,"	237,238" 
2017-11-29T17:00:00Z,"SPY",2017-11-29T17:30:00Z,Sell,229.67394565,229.90160568,848,-193.06,8.48,-267.31,51.98,319.28,0,"	239,240" 
2017-11-30T16:00:00Z,"SPY",2017-11-30T20:58:00Z,Buy,231.49522589,232.064375965,840,478.09,8.4,-14.71,1176.83,1191.54,1,"	241,242" 
2017-12-01T16:30:00Z,"SPY",2017-12-01T17:30:00Z,Sell,229.139820195,230.56707346,852,-1216.02,8.52,-1395.07,477.46,1872.52,0,"	243,244" 
2017-12-05T16:00:00Z,"SPY",2017-12-05T17:00:00Z,Buy,231.871740555,231.714129765,832,-131.13,8.32,-145.7,225.84,371.54,0,"	245,246" 
2017-12-06T16:00:00Z,"SPY",2017-12-06T16:30:00Z,Buy,230.785977335,230.56707346,835,-182.78,8.35,-190.1,43.87,233.96,0,"	247,248" 
2017-12-07T15:00:00Z,"SPY",2017-12-07T20:00:00Z,Buy,230.77722118,231.07493045,833,247.99,8.33,-175.05,590.8,510.57,1,"	249,250" 
2017-12-07T20:30:00Z,"SPY",2017-12-07T20:58:00Z,Buy,231.18000431,231.188760465,834,7.3,8.34,-160.66,43.82,204.47,1,"	251,252" 
2017-12-11T15:00:00Z,"SPY",2017-12-11T15:30:00Z,Buy,232.887454535,232.659794505,827,-188.27,8.27,-195.52,79.65,275.17,0,"	253,254" 
2017-12-11T19:00:00Z,"SPY",2017-12-11T19:30:00Z,Buy,233.05382148,233.01879686,825,-28.9,8.25,-28.9,21.67,50.57,0,"	255,256" 
2017-12-12T19:30:00Z,"SPY",2017-12-12T20:00:00Z,Buy,234.008242375,233.973217755,822,-28.79,8.22,-115.16,21.59,122.36,0,"	257,258" 
2017-12-13T15:00:00Z,"SPY",2017-12-13T16:30:00Z,Buy,234.1395847,234.165853165,821,21.57,8.21,-136.59,79.08,165.34,1,"	259,260" 
2017-12-14T19:00:00Z,"SPY",2017-12-14T20:00:00Z,Sell,233.062577635,232.98377224,825,65.01,8.25,-93.91,390.09,325.07,1,"	261,262" 
2017-12-14T20:30:00Z,"SPY",2017-12-14T20:58:00Z,Sell,232.817405295,232.72108759,826,79.56,8.26,-282.07,137.42,282.07,1,"	263,264" 
2017-12-15T15:30:00Z,"SPY",2017-12-15T16:00:00Z,Buy,234.235429554,234.041802912,822,-159.16,8.22,-180.86,0,180.86,0,"	265,266" 
2017-12-15T16:30:00Z,"SPY",2017-12-15T20:58:00Z,Buy,234.508267095,234.358646508,819,-122.54,8.19,-122.54,403.66,526.2,0,"	267,268" 
2017-12-18T15:00:00Z,"SPY",2017-12-18T15:30:00Z,Buy,236.268509295,236.162894763,812,-85.76,8.12,-85.76,35.73,121.49,0,"	269,270" 
2017-12-19T15:00:00Z,"SPY",2017-12-19T16:30:00Z,Sell,235.758039057,235.69643058,813,50.09,8.13,-121.64,214.66,207.51,1,"	271,272" 
2017-12-19T17:00:00Z,"SPY",2017-12-19T18:00:00Z,Sell,235.379586984,235.546809993,815,-136.29,8.15,-136.29,71.73,208.02,0,"	273,274" 
2017-12-19T20:00:00Z,"SPY",2017-12-19T20:58:00Z,Sell,235.326779718,235.273972452,814,42.99,8.14,-114.63,179.1,293.73,1,"	275,276" 
2017-12-21T18:30:00Z,"SPY",2017-12-21T19:00:00Z,Buy,236.189298396,236.039677809,811,-121.34,8.11,-121.34,0,121.34,0,"	277,278" 
2018-01-02T15:30:00Z,"SPY",2018-01-02T16:30:00Z,Buy,236.242105662,236.013274176,810,-185.35,8.1,-242.39,14.26,256.64,0,"	279,280" 
2018-01-02T20:30:00Z,"SPY",2018-01-02T20:58:00Z,Buy,236.31251535,236.418129882,808,85.34,8.08,-99.56,149.34,99.56,1,"	281,282" 
2018-01-03T15:00:00Z,"SPY",2018-01-03T20:58:00Z,Buy,237.254244927,238.107962394,805,687.24,8.05,0,751.01,318.82,1,"	283,284" 
2018-01-04T15:00:00Z,"SPY",2018-01-04T16:30:00Z,Buy,239.234517402,238.996884705,804,-191.06,8.04,-191.06,219.36,410.42,0,"	285,286" 
2018-01-04T18:00:00Z,"SPY",2018-01-04T19:30:00Z,Buy,239.278523457,239.225716191,802,-42.35,8.02,-77.64,91.76,134.11,0,"	287,288" 
2018-01-04T20:00:00Z,"SPY",2018-01-04T20:58:00Z,Buy,239.313728301,239.093698026,802,-176.46,8.02,-218.82,35.29,254.11,0,"	289,290" 
2018-01-09T16:30:00Z,"SPY",2018-01-09T17:30:00Z,Buy,242.050904922,241.874880702,791,-139.24,7.91,-160.12,0,160.12,0,"	291,292" 
2018-01-09T18:00:00Z,"SPY",2018-01-09T19:30:00Z,Buy,242.006898867,241.94529039,790,-48.67,7.9,-83.44,180.78,264.21,0,"	293,294" 
2018-01-10T15:00:00Z,"SPY",2018-01-10T15:30:00Z,Sell,240.598705107,240.845139015,794,-195.67,7.94,-293.5,146.75,440.25,0,"	295,296" 
2018-01-11T15:00:00Z,"SPY",2018-01-11T15:30:00Z,Buy,242.094910977,241.910085546,788,-145.64,7.88,-194.19,97.09,291.28,0,"	297,298" 
2018-01-11T17:00:00Z,"SPY",2018-01-11T20:58:00Z,Buy,242.20932672,242.869417545,786,518.83,7.86,-41.51,560.34,214.45,1,"	299,300" 
2018-01-12T15:00:00Z,"SPY",2018-01-12T20:58:00Z,Buy,243.819948333,244.444834314,785,490.54,7.85,-103.63,711.62,442.17,1,"	301,302" 
2018-01-16T15:00:00Z,"SPY",2018-01-16T15:30:00Z,Buy,246.433908,246.099461982,781,-261.2,7.81,-302.44,0,302.44,0,"	303,304" 
2018-01-16T19:30:00Z,"SPY",2018-01-16T20:30:00Z,Sell,243.758339856,244.268810094,787,-401.74,7.87,-401.74,505.64,907.38,0,"	305,306" 
2018-01-17T17:30:00Z,"SPY",2018-01-17T20:58:00Z,Buy,245.245744515,245.923437762,779,527.92,7.79,0,932.44,425.08,1,"	307,308" 
2018-01-18T15:30:00Z,"SPY",2018-01-18T17:30:00Z,Sell,245.632997799,245.773817175,782,-110.12,7.82,-254.65,344.13,461.13,0,"	309,310" 
2018-01-22T15:30:00Z,"SPY",2018-01-22T16:30:00Z,Buy,247.57806543,247.243619412,775,-259.2,7.75,-259.2,40.93,300.12,0,"	311,312" 
2018-01-22T17:00:00Z,"SPY",2018-01-22T20:58:00Z,Buy,247.710083595,248.537397429,772,638.69,7.72,-33.97,665.86,298.96,1,"	313,314" 
2018-01-23T16:00:00Z,"SPY",2018-01-23T17:00:00Z,Buy,249.470325795,249.118277355,772,-271.78,7.72,-332.93,101.92,434.85,0,"	315,316" 
2018-01-24T18:30:00Z,"SPY",2018-01-24T19:00:00Z,Sell,248.643011961,249.197488254,772,-428.06,7.72,-577.54,0,577.54,0,"	317,318" 
2018-01-26T18:00:00Z,"SPY",2018-01-26T20:58:00Z,Buy,250.931326821,251.908261242,762,744.42,7.62,0,858.43,201.2,1,"	319,320" 
2018-01-29T16:00:00Z,"SPY",2018-01-29T17:00:00Z,Sell,251.054543775,251.239369206,767,-141.76,7.67,-405.03,243.02,648.05,0,"	321,322" 
2018-01-30T15:00:00Z,"SPY",2018-01-30T15:30:00Z,Sell,248.176547778,248.414180475,775,-184.17,7.75,-184.17,477.47,661.63,0,"	323,324" 
2018-01-30T16:30:00Z,"SPY",2018-01-30T20:58:00Z,Sell,248.422981686,248.211752622,773,163.28,7.73,-272.13,578.28,707.55,1,"	325,326" 
2018-02-01T17:00:00Z,"SPY",2018-02-01T19:00:00Z,Buy,248.951054346,248.211752622,772,-570.74,7.72,-591.12,122.3,713.43,0,"	327,328" 
2018-02-02T15:00:00Z,"SPY",2018-02-02T15:30:00Z,Sell,245.897034129,245.81782323,777,61.55,7.77,0,574.44,512.89,1,"	329,330" 
2018-02-02T16:30:00Z,"SPY",2018-02-02T20:58:00Z,Sell,245.448172368,242.543772738,779,2262.53,7.79,-143.98,2269.38,781.6,1,"	331,332" 
2018-02-05T18:30:00Z,"SPY",2018-02-05T19:00:00Z,Sell,238.961679861,239.965017915,819,-821.73,8.19,-821.73,259.49,1081.23,0,"	333,334" 
2018-02-05T19:30:00Z,"SPY",2018-02-05T20:58:00Z,Sell,238.433607201,234.191423499,814,3453.14,8.14,0,5079.41,3947.47,1,"	335,336" 
2018-02-06T17:30:00Z,"SPY",2018-02-06T18:30:00Z,Buy,233.557736307,232.924049115,639,-404.93,6.39,-1023.56,573.65,1597.21,0,"	337,338" 
2018-02-06T20:00:00Z,"SPY",2018-02-06T20:58:00Z,Buy,234.781104636,236.620557735,633,1164.37,6.33,0,1610.07,1203.37,1,"	339,340" 
2018-02-07T15:00:00Z,"SPY",2018-02-07T18:00:00Z,Buy,237.685504266,237.799920009,592,67.73,5.92,-104.21,1104.59,1036.85,1,"	341,342" 
2018-02-08T15:30:00Z,"SPY",2018-02-08T20:58:00Z,Sell,234.165019866,227.9513649,601,3734.41,6.01,-206.29,3744.99,1824.89,1,"	343,344" 
2018-02-09T17:30:00Z,"SPY",2018-02-09T18:00:00Z,Sell,224.281259913,225.636646407,559,-757.66,5.59,-767.5,462.47,1229.97,0,"	345,346" 
2018-02-09T18:30:00Z,"SPY",2018-02-09T19:30:00Z,Sell,223.489150923,227.713732203,557,-2353.09,5.57,-3112.94,382.38,3495.32,0,"	347,348" 
2018-02-12T19:00:00Z,"SPY",2018-02-12T20:00:00Z,Buy,234.385050141,234.033001701,504,-177.43,5.04,-314.94,141.95,456.89,0,"	349,350" 
2018-02-12T20:30:00Z,"SPY",2018-02-12T20:58:00Z,Buy,234.499465884,233.425718142,503,-540.1,5.03,-734.88,70.83,805.72,0,"	351,352" 
2018-02-14T18:00:00Z,"SPY",2018-02-14T20:58:00Z,Buy,235.978069332,237.412666725,477,684.3,4.77,-25.19,772.46,352.65,1,"	353,354" 
2018-02-21T19:30:00Z,"SPY",2018-02-21T20:00:00Z,Buy,241.179585033,240.484289364,456,-317.05,4.56,-473.58,68.23,541.8,0,"	355,356" 
2018-02-28T15:00:00Z,"SPY",2018-02-28T15:30:00Z,Buy,243.063044187,242.904622389,590,-93.47,5.9,-306.37,0,306.37,0,"	357,358" 
2018-03-01T15:00:00Z,"SPY",2018-03-01T15:30:00Z,Sell,237.826323642,239.3929392,593,-929,5.93,-929,0,929,0,"	359,360" 
2018-03-01T18:30:00Z,"SPY",2018-03-01T20:58:00Z,Sell,236.814184377,235.8724548,590,555.62,5.9,-83.08,1573.39,1422.8,1,"	361,362" 
2018-03-05T16:30:00Z,"SPY",2018-03-05T20:58:00Z,Buy,238.327992669,239.771391273,831,1199.46,8.31,-65.82,1521.27,841.09,1,"	363,364" 
2018-03-09T15:30:00Z,"SPY",2018-03-09T20:58:00Z,Buy,243.291875673,245.210539671,840,1611.68,8.4,-51.75,1611.68,332.69,1,"	365,366" 
2018-03-13T19:30:00Z,"SPY",2018-03-13T19:58:00Z,Sell,243.344682939,243.485502315,853,-120.12,8.53,-240.24,315.31,555.55,0,"	367,368" 
2018-03-14T16:00:00Z,"SPY",2018-03-14T16:30:00Z,Sell,242.314941252,242.402953362,856,-75.34,8.56,-188.35,301.35,489.7,0,"	369,370" 
2018-03-14T17:30:00Z,"SPY",2018-03-14T18:00:00Z,Sell,242.226929142,243.115851453,855,-760.03,8.55,-940.63,0,940.63,0,"	371,372" 
2018-03-16T14:30:00Z,"SPY",2018-03-16T15:00:00Z,Buy,243.09368307,243.120192741,846,22.43,8.46,-119.61,97.18,216.8,1,"	373,374" 
2018-03-19T14:00:00Z,"SPY",2018-03-19T19:58:00Z,Sell,240.97290939,239.249780775,854,1471.55,8.54,-22.64,2980.84,1509.28,1,"	375,376" 
2018-03-22T15:00:00Z,"SPY",2018-03-22T16:30:00Z,Sell,235.688648304,236.342553522,885,-578.71,8.85,-578.71,954.08,1532.79,0,"	377,378" 
2018-03-22T19:00:00Z,"SPY",2018-03-22T19:58:00Z,Sell,234.928704402,233.258595129,883,1474.71,8.83,-366.73,1896.05,710.04,1,"	379,380" 
2018-03-23T16:00:00Z,"SPY",2018-03-23T16:30:00Z,Sell,231.367571931,232.445631885,909,-979.96,9.09,-979.96,0,979.96,0,"	381,382" 
2018-03-23T17:00:00Z,"SPY",2018-03-23T17:30:00Z,Sell,231.579649299,232.631199582,900,-946.4,9,-1057.74,95.43,1153.17,0,"	383,384" 
2018-03-23T19:00:00Z,"SPY",2018-03-23T19:58:00Z,Sell,229.909540026,228.433835007,898,1325.18,8.98,-357.09,1793.36,936.36,1,"	385,386" 
2018-03-26T14:00:00Z,"SPY",2018-03-26T14:30:00Z,Buy,232.074496491,231.084802107,869,-860.04,8.69,-860.04,168.94,1028.98,0,"	387,388" 
2018-03-26T19:30:00Z,"SPY",2018-03-26T19:58:00Z,Buy,233.771115435,234.539895894,855,657.31,8.55,-68,657.31,287.1,1,"	389,390" 
2018-03-27T19:00:00Z,"SPY",2018-03-27T19:58:00Z,Sell,232.436795328,230.404387218,689,1400.33,6.89,0,2514.5,1114.17,1,"	391,392" 
2018-03-28T15:00:00Z,"SPY",2018-03-28T16:00:00Z,Sell,229.538404632,230.059761495,677,-352.96,6.77,-711.9,346.98,1058.88,0,"	393,394" 
2018-03-29T15:00:00Z,"SPY",2018-03-29T19:58:00Z,Buy,232.162862061,233.090700546,676,627.22,6.76,-358.41,1421.7,967.71,1,"	395,396" 
2018-04-02T14:00:00Z,"SPY",2018-04-02T19:58:00Z,Sell,231.288042918,227.488323408,707,2686.4,7.07,0,4341.97,1899.22,1,"	397,398" 
2018-04-04T19:30:00Z,"SPY",2018-04-04T19:58:00Z,Buy,232.852113507,233.585547738,645,473.07,6.45,-22.8,478.76,153.89,1,"	399,400" 
2018-04-06T16:30:00Z,"SPY",2018-04-06T17:00:00Z,Sell,231.349898817,232.719565152,621,-850.56,6.21,-850.56,0,850.56,0,"	401,402" 
2018-04-06T18:00:00Z,"SPY",2018-04-06T19:58:00Z,Sell,230.086271166,229.909540026,620,109.57,6.2,-142.45,1254.61,1397.06,1,"	403,404" 
2018-04-09T14:00:00Z,"SPY",2018-04-09T19:00:00Z,Buy,231.60615897,233.152556445,584,903.1,5.84,-252.87,1403.67,815.37,1,"	405,406" 
2018-04-12T14:00:00Z,"SPY",2018-04-12T15:00:00Z,Buy,235.49424405,234.902194731,559,-330.96,5.59,-335.9,49.4,385.29,0,"	407,408" 
2018-04-19T17:30:00Z,"SPY",2018-04-19T18:00:00Z,Sell,236.607650232,237.093660867,788,-382.98,7.88,-487.42,0,487.42,0,"	409,410" 
2018-04-20T15:00:00Z,"SPY",2018-04-20T18:30:00Z,Sell,236.351390079,235.803523545,796,436.1,7.96,0,914.41,759.66,1,"	411,412" 
2018-04-20T19:00:00Z,"SPY",2018-04-20T19:58:00Z,Sell,235.538426835,235.476570936,802,49.61,8.02,0,659.08,609.48,1,"	413,414" 
2018-04-24T16:30:00Z,"SPY",2018-04-24T19:58:00Z,Sell,234.08039493,232.180535175,931,1768.77,9.31,0,2936.98,1530.19,1,"	415,416" 
2018-04-25T14:00:00Z,"SPY",2018-04-25T14:30:00Z,Sell,230.660647371,231.544303071,958,-846.54,9.58,-956.59,42.33,998.92,0,"	417,418" 
2018-04-25T16:00:00Z,"SPY",2018-04-25T16:30:00Z,Sell,231.394081602,231.915438465,948,-494.25,9.48,-552.89,100.52,653.41,0,"	419,420" 
2018-04-26T15:00:00Z,"SPY",2018-04-26T15:30:00Z,Buy,235.043579643,234.592915236,931,-419.57,9.31,-542.97,0,542.97,0,"	421,422" 
2018-04-26T17:30:00Z,"SPY",2018-04-26T19:30:00Z,Buy,235.423551594,235.450061265,926,24.55,9.26,-98.19,630.06,630.06,1,"	423,424" 
2018-04-30T19:30:00Z,"SPY",2018-04-30T19:58:00Z,Sell,234.106904601,234.018539031,931,82.27,9.31,-444.25,90.5,444.25,1,"	425,426" 
2018-05-01T15:00:00Z,"SPY",2018-05-01T16:30:00Z,Sell,232.366102872,232.48981467,939,-116.17,9.39,-190.84,389.98,580.83,0,"	427,428" 
2018-05-01T17:30:00Z,"SPY",2018-05-01T18:00:00Z,Sell,231.800563224,232.993498419,940,-1121.36,9.4,-1121.36,0,1121.36,0,"	429,430" 
2018-05-02T14:00:00Z,"SPY",2018-05-02T14:30:00Z,Sell,233.399980041,233.532528396,924,-122.47,9.24,-489.9,0,489.9,0,"	431,432" 
2018-05-03T14:30:00Z,"SPY",2018-05-03T16:00:00Z,Sell,230.165800179,230.209982964,936,-41.36,9.36,-190.23,1108.32,1298.55,0,"	433,434" 
2018-05-03T16:30:00Z,"SPY",2018-05-03T17:00:00Z,Sell,229.776991671,232.039150263,937,-2119.64,9.37,-2119.64,0,2119.64,0,"	435,436" 
2018-05-04T14:30:00Z,"SPY",2018-05-04T19:58:00Z,Buy,233.064190875,234.937540959,905,1695.38,9.05,-8,2399.13,911.67,1,"	437,438" 
2018-05-07T14:00:00Z,"SPY",2018-05-07T14:30:00Z,Buy,236.598813675,236.298370737,906,-272.2,9.06,-408.3,0,408.3,0,"	439,440" 
2018-05-09T17:00:00Z,"SPY",2018-05-09T19:58:00Z,Buy,237.747566085,237.986153124,899,214.49,8.99,-15.89,611.69,611.69,1,"	441,442" 
2018-05-10T15:30:00Z,"SPY",2018-05-10T18:00:00Z,Buy,239.82415698,240.106926804,893,252.51,8.93,-47.35,741.76,591.83,1,"	443,444" 
2018-05-11T14:00:00Z,"SPY",2018-05-11T14:30:00Z,Buy,241.017092175,241.008255618,891,-7.87,8.91,-70.86,196.83,267.69,0,"	445,446" 
2018-05-15T14:00:00Z,"SPY",2018-05-15T15:00:00Z,Sell,238.896318495,239.426511915,899,-476.64,8.99,-897.68,0,897.68,0,"	447,448" 
2018-05-15T18:00:00Z,"SPY",2018-05-15T18:30:00Z,Sell,238.684241127,239.126068977,895,-395.44,8.95,-466.61,0,466.61,0,"	449,450" 
2018-05-15T19:30:00Z,"SPY",2018-05-15T19:58:00Z,Sell,238.781443254,239.232107661,892,-401.99,8.92,-449.29,0,449.29,0,"	451,452" 
2018-05-16T14:00:00Z,"SPY",2018-05-16T14:30:00Z,Buy,240.204128931,239.947868778,883,-226.28,8.83,-382.33,7.8,390.13,0,"	453,454" 
2018-05-16T16:30:00Z,"SPY",2018-05-16T19:30:00Z,Buy,240.690139566,240.504571869,879,-163.11,8.79,-240.79,233.02,473.81,0,"	455,456" 
2018-05-17T15:00:00Z,"SPY",2018-05-17T15:30:00Z,Buy,241.361717898,241.14964053,875,-185.57,8.75,-262.89,30.93,293.82,0,"	457,458" 
2018-05-24T14:00:00Z,"SPY",2018-05-24T15:30:00Z,Sell,240.239475159,240.283657944,878,-38.79,8.78,-263.79,822.4,915.5,0,"	459,460" 
2018-05-29T16:00:00Z,"SPY",2018-05-29T19:58:00Z,Sell,237.623854287,237.844768212,887,-195.95,8.87,-376.23,854.34,1136.51,0,"	461,462" 
2018-05-30T15:00:00Z,"SPY",2018-05-30T19:58:00Z,Buy,240.142273032,240.946399719,876,704.41,8.76,-170.3,1029.53,603.78,1,"	463,464" 
2018-05-31T14:00:00Z,"SPY",2018-05-31T14:30:00Z,Sell,240.151109589,240.106926804,882,38.97,8.82,-171.46,241.61,296.17,1,"	465,466" 
2018-05-31T15:00:00Z,"SPY",2018-05-31T15:30:00Z,Sell,239.638589283,240.230638602,884,-523.37,8.84,-523.37,70.3,593.68,0,"	467,468" 
2018-05-31T16:30:00Z,"SPY",2018-05-31T17:00:00Z,Sell,239.832993537,240.045070905,879,-186.42,8.79,-186.42,77.67,264.09,0,"	469,470" 
2018-05-31T17:30:00Z,"SPY",2018-05-31T19:58:00Z,Sell,239.788810752,239.400002244,877,340.99,8.77,-38.75,805.96,798.22,1,"	471,472" 
2018-06-01T14:00:00Z,"SPY",2018-06-01T14:30:00Z,Buy,241.193823315,241.282188885,875,77.32,8.75,-378.87,502.58,518.04,1,"	473,474" 
2018-06-01T15:00:00Z,"SPY",2018-06-01T19:58:00Z,Buy,241.467756582,241.67983395,875,185.57,8.75,-162.37,487.12,610.83,1,"	475,476" 
2018-06-04T14:00:00Z,"SPY",2018-06-04T14:30:00Z,Buy,243.040663728,242.572326207,870,-407.45,8.7,-415.14,15.38,430.52,0,"	477,478" 
2018-06-06T19:00:00Z,"SPY",2018-06-06T19:58:00Z,Buy,244.7726289,245.028889053,861,220.64,8.61,-83.69,228.25,159.77,1,"	479,480" 
2018-06-07T18:00:00Z,"SPY",2018-06-07T18:30:00Z,Sell,244.33080105,244.799138571,864,-404.64,8.64,-435.18,99.25,534.43,0,"	481,482" 
2018-06-11T16:00:00Z,"SPY",2018-06-11T18:00:00Z,Buy,246.610632756,246.672488655,853,52.76,8.53,-45.23,218.59,241.2,1,"	483,484" 
2018-06-15T14:30:00Z,"SPY",2018-06-15T15:00:00Z,Sell,245.085286404,245.182926408,858,-83.78,8.58,-159.93,533.11,693.05,0,"	485,486" 
2018-06-15T15:30:00Z,"SPY",2018-06-15T16:00:00Z,Sell,244.996522764,245.307195504,858,-266.56,8.58,-281.79,99.01,380.8,0,"	487,488" 
2018-06-21T14:00:00Z,"SPY",2018-06-21T16:00:00Z,Sell,244.552704564,244.14439182,857,349.92,8.57,0,1118.24,928.06,1,"	489,490" 
2018-06-21T16:30:00Z,"SPY",2018-06-21T18:00:00Z,Sell,243.736079076,244.01124636,863,-237.47,8.63,-237.47,298.75,536.22,0,"	491,492" 
2018-06-21T18:30:00Z,"SPY",2018-06-21T19:58:00Z,Sell,243.851471808,243.4342827,861,359.2,8.61,-99.35,748.97,473.84,1,"	493,494" 
2018-06-25T14:00:00Z,"SPY",2018-06-25T19:58:00Z,Sell,241.454853528,240.931148052,872,456.67,8.72,-85.14,2229.17,1803.46,1,"	495,496" 
2018-06-26T17:30:00Z,"SPY",2018-06-26T18:30:00Z,Buy,241.818784452,241.579122624,874,-209.46,8.74,-240.5,77.58,318.08,0,"	497,498" 
2018-06-27T14:00:00Z,"SPY",2018-06-27T15:30:00Z,Buy,242.582151756,241.685638992,870,-779.97,8.7,-787.69,401.57,1189.26,0,"	499,500" 
2018-06-27T18:30:00Z,"SPY",2018-06-27T19:58:00Z,Sell,240.087893472,239.404413444,872,595.99,8.72,-379.27,797.24,874.64,1,"	501,502" 
2018-06-28T15:30:00Z,"SPY",2018-06-28T16:30:00Z,Buy,239.8837371,239.155875252,878,-639.06,8.78,-779.34,155.87,935.21,0,"	503,504" 
2018-06-28T17:30:00Z,"SPY",2018-06-28T19:58:00Z,Buy,239.83935528,240.442948032,873,526.94,8.73,-69.74,1170.11,666.42,1,"	505,506" 
2018-06-29T14:00:00Z,"SPY",2018-06-29T16:00:00Z,Buy,242.111704464,242.253726288,869,123.42,8.69,-138.84,601.66,570.8,1,"	507,508" 
2018-06-29T16:30:00Z,"SPY",2018-06-29T17:00:00Z,Buy,242.484511752,242.173839012,868,-269.66,8.68,-362.12,0,362.12,0,"	509,510" 
2018-07-06T14:00:00Z,"SPY",2018-07-06T19:58:00Z,Buy,242.963835408,244.392930012,864,1234.74,8.64,-84.36,1618.2,644.21,1,"	511,512" 
2018-07-09T16:00:00Z,"SPY",2018-07-09T17:30:00Z,Buy,246.327977364,246.18595554,862,-122.42,8.62,-229.54,191.29,420.83,0,"	513,514" 
2018-07-12T17:00:00Z,"SPY",2018-07-12T18:00:00Z,Buy,247.819206516,247.570668324,856,-212.75,8.56,-212.75,75.98,288.73,0,"	515,516" 
2018-07-17T16:00:00Z,"SPY",2018-07-17T19:00:00Z,Buy,248.706842916,248.84886474,851,120.86,8.51,-113.31,415.46,294.6,1,"	517,518" 
2018-07-17T19:30:00Z,"SPY",2018-07-17T19:58:00Z,Buy,249.2039193,248.9820102,851,-188.84,8.51,-211.51,113.31,324.81,0,"	519,520" 
2018-07-19T14:00:00Z,"SPY",2018-07-19T14:30:00Z,Sell,248.342911992,248.440551996,852,-83.19,8.52,-294.94,22.69,317.63,0,"	521,522" 
2018-07-24T14:30:00Z,"SPY",2018-07-24T15:00:00Z,Buy,250.686272088,250.526497536,843,-134.69,8.43,-134.69,89.79,224.48,0,"	523,524" 
2018-07-25T17:00:00Z,"SPY",2018-07-25T17:30:00Z,Buy,250.704024816,250.419981168,842,-239.16,8.42,-239.16,14.95,254.11,0,"	525,526" 
2018-07-25T18:00:00Z,"SPY",2018-07-25T19:58:00Z,Buy,250.783912092,252.04435578,840,1058.77,8.4,-37.28,1275,275.88,1,"	527,528" 
2018-07-27T14:00:00Z,"SPY",2018-07-27T14:30:00Z,Sell,251.254359384,251.192224836,847,52.63,8.47,-157.88,90.22,195.48,1,"	529,530" 
2018-07-27T15:00:00Z,"SPY",2018-07-27T19:58:00Z,Sell,251.032450284,249.843017508,848,1008.64,8.48,-22.58,1768.88,812.93,1,"	531,532" 
2018-07-30T14:00:00Z,"SPY",2018-07-30T14:30:00Z,Sell,249.354817488,249.567850224,861,-183.42,8.61,-183.42,221.63,405.06,0,"	533,534" 
2018-07-30T15:00:00Z,"SPY",2018-07-30T18:00:00Z,Sell,249.061897476,248.964257472,861,84.07,8.61,-107,909.46,825.4,1,"	535,536" 
2018-07-30T19:00:00Z,"SPY",2018-07-30T19:58:00Z,Sell,248.635832004,248.254148352,863,329.39,8.63,-76.6,390.68,367.69,1,"	537,538" 
2018-07-31T16:00:00Z,"SPY",2018-07-31T19:30:00Z,Buy,249.95841024,249.727624776,861,-198.71,8.61,-298.06,313.34,611.4,0,"	539,540" 
2018-08-01T14:30:00Z,"SPY",2018-08-01T15:00:00Z,Buy,250.26908298,250.162566612,858,-91.39,8.58,-99.01,99.01,198.01,0,"	541,542" 
2018-08-01T16:30:00Z,"SPY",2018-08-01T17:00:00Z,Sell,248.999762928,249.195042936,862,-168.33,8.62,-260.15,99.47,359.62,0,"	543,544" 
2018-08-02T16:30:00Z,"SPY",2018-08-02T19:58:00Z,Buy,250.0915557,250.650766632,857,479.24,8.57,-106.5,593.35,327.1,1,"	545,546" 
2018-08-03T14:30:00Z,"SPY",2018-08-03T15:00:00Z,Buy,251.263235748,250.961439372,856,-258.34,8.56,-258.34,60.79,319.12,0,"	547,548" 
2018-08-06T16:30:00Z,"SPY",2018-08-06T18:00:00Z,Buy,252.701206716,252.497050344,849,-173.33,8.49,-218.54,180.86,399.41,0,"	549,550" 
2018-08-13T14:00:00Z,"SPY",2018-08-13T15:00:00Z,Buy,251.99997396,251.893457592,850,-90.54,8.5,-105.63,188.62,294.25,0,"	551,552" 
2018-08-13T16:00:00Z,"SPY",2018-08-13T17:30:00Z,Sell,250.686272088,250.783912092,854,-83.38,8.54,-234.99,454.82,538.21,0,"	553,554" 
2018-08-14T15:00:00Z,"SPY",2018-08-14T16:00:00Z,Buy,251.857952136,251.715930312,849,-120.58,8.49,-195.94,113.04,308.98,0,"	555,556" 
2018-08-14T16:30:00Z,"SPY",2018-08-14T17:00:00Z,Buy,252.0887376,251.786941224,847,-255.62,8.47,-255.62,45.11,300.73,0,"	557,558" 
2018-08-14T18:00:00Z,"SPY",2018-08-14T18:30:00Z,Buy,252.13311942,251.95559214,845,-150.01,8.45,-210.01,22.5,232.52,0,"	559,560" 
2018-08-14T19:00:00Z,"SPY",2018-08-14T19:58:00Z,Buy,252.097613964,251.902333956,844,-164.82,8.44,-172.31,104.88,277.19,0,"	561,562" 
2018-08-15T14:00:00Z,"SPY",2018-08-15T15:30:00Z,Sell,249.727624776,249.496839312,851,196.4,8.51,0,861.13,755.38,1,"	563,564" 
2018-08-15T16:00:00Z,"SPY",2018-08-15T16:30:00Z,Sell,249.07077384,249.718748412,854,-553.37,8.54,-553.37,0,553.37,0,"	565,566" 
2018-08-15T18:00:00Z,"SPY",2018-08-15T19:00:00Z,Sell,249.434704764,249.656613864,849,-188.4,8.49,-188.4,399.41,587.81,0,"	567,568" 
2018-08-16T15:00:00Z,"SPY",2018-08-16T18:30:00Z,Buy,252.04435578,252.328399428,838,238.03,8.38,0,803.35,565.32,1,"	569,570" 
2018-08-16T19:30:00Z,"SPY",2018-08-16T19:58:00Z,Buy,252.48817398,251.95559214,839,-446.84,8.39,-513.86,0,513.86,0,"	571,572" 
2018-08-17T18:30:00Z,"SPY",2018-08-17T19:58:00Z,Buy,253.15390128,253.100643096,833,-44.36,8.33,-170.06,244,414.06,0,"	573,574" 
2018-08-21T14:00:00Z,"SPY",2018-08-21T14:30:00Z,Buy,254.600748612,254.458726788,828,-117.59,8.28,-169.04,0,169.04,0,"	575,576" 
2018-08-21T16:00:00Z,"SPY",2018-08-21T18:00:00Z,Buy,254.733894072,254.849286804,826,95.31,8.26,0,234.62,219.96,1,"	577,578" 
2018-08-23T14:00:00Z,"SPY",2018-08-23T15:00:00Z,Buy,254.281199508,254.192435868,829,-73.59,8.29,-73.59,316.42,390,0,"	579,580" 
2018-08-24T15:00:00Z,"SPY",2018-08-24T19:58:00Z,Buy,254.92917408,255.213217728,826,234.62,8.26,-87.98,337.27,425.25,1,"	581,582" 
2018-08-27T14:00:00Z,"SPY",2018-08-27T19:58:00Z,Buy,256.802086884,257.01511962,822,175.11,8.22,-58.37,415.89,321.04,1,"	583,584" 
2018-08-29T15:00:00Z,"SPY",2018-08-29T19:58:00Z,Buy,258.204552396,258.65724696,818,370.3,8.18,-79.87,617.17,341.26,1,"	585,586" 
2018-08-30T19:00:00Z,"SPY",2018-08-30T19:58:00Z,Sell,257.485566912,257.627588736,823,-116.88,8.23,-116.88,321.43,438.31,0,"	587,588" 
2018-09-04T16:30:00Z,"SPY",2018-09-04T17:00:00Z,Sell,256.491414144,256.757705064,826,-219.96,8.26,-241.95,51.32,293.28,0,"	589,590" 
2018-09-05T14:00:00Z,"SPY",2018-09-05T15:00:00Z,Sell,256.402650504,256.21624686,824,153.6,8.24,-95.08,694.84,643.64,1,"	591,592" 
2018-09-05T15:30:00Z,"SPY",2018-09-05T16:00:00Z,Sell,255.799057752,256.26062868,827,-381.72,8.27,-469.81,29.36,499.17,0,"	593,594" 
2018-09-06T15:00:00Z,"SPY",2018-09-06T19:30:00Z,Sell,255.399621372,256.136359584,825,-607.81,8.25,-637.1,519.93,1157.03,0,"	595,596" 
2018-09-11T16:00:00Z,"SPY",2018-09-11T19:58:00Z,Buy,256.88197416,256.668941424,816,-173.83,8.16,-296.97,108.65,405.61,0,"	597,598" 
2018-09-13T14:00:00Z,"SPY",2018-09-13T14:30:00Z,Buy,258.018148752,257.831745108,811,-151.17,8.11,-194.37,251.96,446.32,0,"	599,600" 
2018-09-17T14:00:00Z,"SPY",2018-09-17T14:30:00Z,Sell,257.840621472,257.716352376,810,100.66,8.1,0,186.94,179.75,1,"	601,602" 
2018-09-17T15:00:00Z,"SPY",2018-09-17T16:00:00Z,Sell,257.254781448,257.565454188,813,-252.58,8.13,-303.09,0,303.09,0,"	603,604" 
2018-09-17T17:30:00Z,"SPY",2018-09-17T19:58:00Z,Sell,257.263657812,256.642312332,811,503.91,8.11,-165.57,561.5,309.55,1,"	605,606" 
2018-09-18T14:00:00Z,"SPY",2018-09-18T19:58:00Z,Buy,257.671970556,258.319945128,813,526.8,8.13,-180.41,916.49,497.94,1,"	607,608" 
2018-09-20T16:00:00Z,"SPY",2018-09-20T19:58:00Z,Buy,260.494654308,260.512407036,808,14.34,8.08,-114.75,322.74,322.74,1,"	609,610" 
2018-09-24T14:30:00Z,"SPY",2018-09-24T15:00:00Z,Sell,259.32613108,259.33504784,812,-7.24,8.12,-101.37,289.62,296.86,0,"	611,612" 
2018-09-24T17:30:00Z,"SPY",2018-09-24T18:00:00Z,Sell,259.17454616,259.48663276,812,-253.41,8.12,-275.14,0,275.14,0,"	613,614" 
2018-09-26T18:30:00Z,"SPY",2018-09-26T19:00:00Z,Buy,260.31589144,259.81655288,807,-402.97,8.07,-460.53,50.37,510.9,0,"	615,616" 
2018-09-27T14:30:00Z,"SPY",2018-09-27T18:30:00Z,Buy,259.6560512,259.66496796,806,7.19,8.06,-57.5,495.9,553.39,1,"	617,618" 
2018-10-01T14:00:00Z,"SPY",2018-10-01T15:00:00Z,Buy,260.89548084,260.97573168,802,64.36,8.02,-35.76,221.69,257.44,1,"	619,620" 
2018-10-04T14:00:00Z,"SPY",2018-10-04T19:58:00Z,Sell,259.23696348,258.06886792,808,943.82,8.08,0,2183.04,1376.11,1,"	621,622" 
2018-10-05T15:30:00Z,"SPY",2018-10-05T19:58:00Z,Sell,256.94535616,256.7581042,822,153.92,8.22,-95.28,1399.95,1495.23,1,"	623,624" 
2018-10-08T16:00:00Z,"SPY",2018-10-08T16:30:00Z,Sell,255.13525388,255.465174,829,-273.5,8.29,-273.5,199.58,473.09,0,"	625,626" 
2018-10-08T17:00:00Z,"SPY",2018-10-08T18:00:00Z,Sell,254.65374884,255.36708964,828,-590.65,8.28,-767.84,0,767.84,0,"	627,628" 
2018-10-09T14:30:00Z,"SPY",2018-10-09T15:00:00Z,Buy,257.248526,256.82052152,815,-348.82,8.15,-348.82,210.75,559.57,0,"	629,630" 
2018-10-10T14:00:00Z,"SPY",2018-10-10T19:58:00Z,Sell,253.88690748,248.26934868,823,4623.25,8.23,-176.12,4828.73,1034.73,1,"	631,632" 
2018-10-11T15:00:00Z,"SPY",2018-10-11T16:00:00Z,Sell,245.91532404,246.20957712,887,-261,8.87,-703.92,1471.1,2175.02,0,"	633,634" 
2018-10-11T18:00:00Z,"SPY",2018-10-11T19:58:00Z,Sell,246.07582572,243.13329492,885,2604.14,8.85,-47.35,4253.43,3874.64,1,"	635,636" 
2018-10-16T15:00:00Z,"SPY",2018-10-16T19:58:00Z,Buy,247.95726208,250.07945096,840,1782.64,8.4,-179.76,1954.91,471.87,1,"	637,638" 
2018-10-17T14:00:00Z,"SPY",2018-10-17T15:30:00Z,Sell,248.89352188,248.99160624,720,-70.62,7.2,-205.44,930.91,1001.53,0,"	639,640" 
2018-10-18T14:00:00Z,"SPY",2018-10-18T14:30:00Z,Sell,248.53685148,248.93810568,724,-290.51,7.24,-361.52,219.49,581.02,0,"	641,642" 
2018-10-18T15:30:00Z,"SPY",2018-10-18T19:58:00Z,Sell,248.08209672,246.18282684,724,1375.07,7.24,0,2059.38,1310.51,1,"	643,644" 
2018-10-19T14:00:00Z,"SPY",2018-10-19T15:30:00Z,Buy,248.26934868,247.82351068,713,-317.88,7.13,-317.88,495.9,813.78,0,"	645,646" 
2018-10-22T14:00:00Z,"SPY",2018-10-22T15:00:00Z,Sell,245.53190336,246.45032964,725,-665.86,7.25,-833.94,607.68,1441.62,0,"	647,648" 
2018-10-22T16:30:00Z,"SPY",2018-10-22T17:00:00Z,Sell,245.17523296,245.54973688,722,-270.39,7.22,-334.77,128.76,463.53,0,"	649,650" 
2018-10-23T14:30:00Z,"SPY",2018-10-23T15:00:00Z,Sell,240.28884848,240.71685296,736,-315.01,7.36,-590.65,380.64,971.28,0,"	651,652" 
2018-10-24T14:30:00Z,"SPY",2018-10-24T16:00:00Z,Sell,242.69637368,242.535872,731,117.33,7.31,-319.39,1512.21,1518.73,1,"	653,654" 
2018-10-24T16:30:00Z,"SPY",2018-10-24T19:58:00Z,Sell,242.0008664,236.39222436,733,4111.13,7.33,0,4117.67,1196.09,1,"	655,656" 
2018-10-25T14:30:00Z,"SPY",2018-10-25T19:58:00Z,Buy,239.61117472,241.08244012,680,1000.46,6.8,-424.44,1861.46,1182.36,1,"	657,658" 
2018-10-26T14:30:00Z,"SPY",2018-10-26T15:30:00Z,Sell,235.7591344,236.35655732,640,-382.35,6.4,-382.35,1124.23,1506.58,0,"	659,660" 
2018-10-29T19:30:00Z,"SPY",2018-10-29T19:58:00Z,Sell,234.05603324,234.97445952,630,-578.61,6.3,-623.55,1269.57,1893.12,0,"	661,662" 
2018-10-30T14:00:00Z,"SPY",2018-10-30T15:00:00Z,Buy,237.82782272,235.92855284,619,-1175.65,6.19,-1390.91,33.12,1424.02,0,"	663,664" 
2018-10-30T15:30:00Z,"SPY",2018-10-30T17:00:00Z,Buy,237.06098136,236.00880368,615,-647.09,6.15,-647.09,493.54,1140.63,0,"	665,666" 
2018-10-30T19:30:00Z,"SPY",2018-10-30T19:58:00Z,Buy,238.17557636,238.89783392,608,439.13,6.08,-168.06,444.55,303.6,1,"	667,668" 
2018-10-31T14:30:00Z,"SPY",2018-10-31T15:00:00Z,Buy,242.535872,242.05436696,635,-305.76,6.35,-305.76,220.82,526.58,0,"	669,670" 
2018-10-31T18:30:00Z,"SPY",2018-10-31T19:00:00Z,Buy,243.34729716,243.30271336,631,-28.13,6.31,-236.31,50.64,286.95,0,"	671,672" 
2018-11-02T15:30:00Z,"SPY",2018-11-02T18:30:00Z,Sell,242.38428708,242.70529044,673,-216.04,6.73,-216.04,1242.2,1458.24,0,"	673,674" 
2018-11-06T15:00:00Z,"SPY",2018-11-06T15:30:00Z,Buy,244.8542296,244.55105976,731,-221.62,7.31,-241.17,13.04,241.17,0,"	675,676" 
2018-11-07T17:00:00Z,"SPY",2018-11-07T19:00:00Z,Buy,249.12535764,248.98268948,708,-101.01,7.08,-227.27,202.02,429.29,0,"	677,678" 
2018-11-07T19:30:00Z,"SPY",2018-11-07T20:58:00Z,Buy,249.65144648,250.560956,706,642.11,7.06,-81.84,654.7,314.76,1,"	679,680" 
2018-11-09T17:00:00Z,"SPY",2018-11-09T20:00:00Z,Sell,247.11016988,247.50250732,681,-267.18,6.81,-473.64,540.44,1014.08,0,"	681,682" 
2018-11-12T15:00:00Z,"SPY",2018-11-12T20:58:00Z,Sell,245.75482236,242.76770776,672,2007.34,6.72,-149.8,2121.19,1090.56,1,"	683,684" 
2018-11-14T18:00:00Z,"SPY",2018-11-14T20:00:00Z,Sell,240.95760548,241.97411612,797,-810.16,7.97,-810.16,1165.49,1975.65,0,"	685,686" 
2018-11-15T19:00:00Z,"SPY",2018-11-15T20:30:00Z,Buy,242.94604296,242.30403624,831,-533.51,8.31,-763.21,763.21,1526.42,0,"	687,688" 
2018-11-19T15:30:00Z,"SPY",2018-11-19T20:58:00Z,Sell,241.90278204,239.66467528,915,2047.87,9.15,-465.05,2594.51,1656.24,1,"	689,690" 
2018-11-20T15:00:00Z,"SPY",2018-11-20T15:30:00Z,Sell,235.94638636,236.32089028,907,-339.68,9.07,-388.2,986.68,1374.88,0,"	691,692" 
2018-11-26T15:00:00Z,"SPY",2018-11-26T16:30:00Z,Buy,238.22907692,237.78323892,878,-391.45,8.78,-587.17,46.97,634.14,0,"	693,694" 
2018-11-28T17:30:00Z,"SPY",2018-11-28T20:58:00Z,Buy,242.85687536,244.61347708,807,1417.58,8.07,-352.6,1482.34,662.02,1,"	695,696" 
2018-11-30T20:30:00Z,"SPY",2018-11-30T20:58:00Z,Buy,246.00449164,246.28982796,791,225.7,7.91,-282.13,232.75,387.92,1,"	697,698" 
2018-12-04T15:00:00Z,"SPY",2018-12-04T15:30:00Z,Sell,247.663009,247.52034084,838,119.56,8.38,-52.31,425.92,306.36,1,"	699,700" 
2018-12-04T16:00:00Z,"SPY",2018-12-04T20:58:00Z,Sell,247.19933748,240.72576972,840,5437.8,8.4,-179.76,5467.76,1984.87,1,"	701,702" 
2018-12-06T15:00:00Z,"SPY",2018-12-06T15:30:00Z,Sell,236.32980704,237.06098136,727,-531.56,7.27,-680.66,12.96,693.63,0,"	703,704" 
2018-12-06T16:00:00Z,"SPY",2018-12-06T17:00:00Z,Sell,235.63429976,236.18713888,726,-401.36,7.26,-440.2,1087.56,1527.76,0,"	705,706" 
2018-12-07T15:30:00Z,"SPY",2018-12-07T20:58:00Z,Sell,239.20100376,235.33112992,718,2778.57,7.18,-102.44,3553.24,1651.78,1,"	707,708" 
2018-12-10T15:00:00Z,"SPY",2018-12-10T18:00:00Z,Sell,233.31594216,233.8866148,710,-405.18,7.1,-892.66,1772.65,2469.05,0,"	709,710" 
2018-12-14T17:00:00Z,"SPY",2018-12-14T17:30:00Z,Sell,232.92360472,233.55669468,777,-491.91,7.77,-540.41,0,540.41,0,"	711,712" 
2018-12-14T20:00:00Z,"SPY",2018-12-14T20:58:00Z,Sell,232.48668348,232.4153494,776,55.36,7.76,-352.89,553.55,560.47,1,"	713,714" 
2018-12-17T18:00:00Z,"SPY",2018-12-17T20:58:00Z,Sell,229.74923816,227.3327962,746,1802.67,7.46,-259.42,2607.55,804.88,1,"	715,716" 
2018-12-19T15:00:00Z,"SPY",2018-12-19T18:30:00Z,Buy,229.08048116,229.28556664,766,157.1,7.66,-163.93,915.25,942.57,1,"	717,718" 
2018-12-19T19:00:00Z,"SPY",2018-12-19T19:30:00Z,Buy,230.88166668,228.54547556,761,-1777.84,7.61,-3352.11,0,3352.11,0,"	719,720" 
2018-12-19T20:00:00Z,"SPY",2018-12-19T20:58:00Z,Sell,224.91635424,224.479433,770,336.43,7.7,0,1778.27,1743.94,1,"	721,722" 
2018-12-20T17:00:00Z,"SPY",2018-12-20T17:30:00Z,Sell,220.8235614,222.05407428,897,-1103.77,8.97,-1103.77,479.9,1583.67,0,"	723,724" 
2018-12-20T18:30:00Z,"SPY",2018-12-20T20:00:00Z,Sell,220.84139492,221.06431392,889,-198.17,8.89,-1244.54,2338.46,3583,0,"	725,726" 
2018-12-21T15:30:00Z,"SPY",2018-12-21T16:00:00Z,Buy,222.866829405,221.7098484,866,-1001.95,8.66,-1033.01,23.3,1056.31,0,"	727,728" 
2018-12-21T17:30:00Z,"SPY",2018-12-21T18:30:00Z,Sell,218.418282285,218.73219186,876,-274.98,8.76,-1131.37,604.97,1736.33,0,"	729,730" 
2018-12-21T19:30:00Z,"SPY",2018-12-21T20:58:00Z,Sell,218.24787423,216.29266602,875,1710.81,8.75,-266.82,2566.21,1153.62,1,"	731,732" 
2018-12-24T15:00:00Z,"SPY",2018-12-24T15:30:00Z,Sell,212.893473765,213.17150796,920,-255.79,9.2,-462.07,1130.43,1592.51,0,"	733,734" 
2018-12-24T16:30:00Z,"SPY",2018-12-26T15:00:00Z,Sell,212.52575112,211.297019355,920,1130.43,9.2,-627.1,2161.85,2780.7,1,"	735,736" 
2018-12-26T17:00:00Z,"SPY",2018-12-26T20:58:00Z,Buy,213.754482885,220.25689551,995,6469.9,9.95,-62.47,6496.67,1766.95,1,"	737,738" 
2018-12-27T15:30:00Z,"SPY",2018-12-27T16:00:00Z,Sell,216.13122681,216.72317058,649,-384.17,6.49,-1001.17,162.98,1164.16,0,"	739,740" 
2018-12-27T19:30:00Z,"SPY",2018-12-27T20:00:00Z,Sell,215.10877848,217.108830915,650,-1300.03,6.5,-1300.03,204.04,1504.08,0,"	741,742" 
2019-01-03T15:00:00Z,"SPY",2019-01-03T17:00:00Z,Sell,221.736754935,221.647066485,627,56.23,6.27,-410.51,1687.04,2097.55,1,"	743,744" 
2019-01-03T18:30:00Z,"SPY",2019-01-03T19:30:00Z,Sell,220.373490495,220.893683505,631,-328.24,6.31,-328.24,430.11,758.35,0,"	745,746" 
2019-01-03T20:00:00Z,"SPY",2019-01-03T20:58:00Z,Sell,219.64701405,219.10888335,632,340.1,6.32,-198.39,442.13,566.83,1,"	747,748" 
2019-01-04T15:00:00Z,"SPY",2019-01-04T20:58:00Z,Buy,223.43186664,226.400554335,605,1796.06,6.05,-455.8,2143.33,770.51,1,"	749,750" 
2019-01-07T17:00:00Z,"SPY",2019-01-07T19:00:00Z,Buy,229.0643013,228.56204598,530,-266.2,5.3,-280.46,228.17,494.36,0,"	751,752" 
2019-01-15T15:00:00Z,"SPY",2019-01-15T15:30:00Z,Buy,232.41864933,232.248241275,602,-102.59,6.02,-237.57,415.74,653.31,0,"	753,754" 
2019-01-15T16:00:00Z,"SPY",2019-01-15T19:00:00Z,Buy,232.768434285,233.306564985,601,323.42,6.01,-161.71,603.71,398.88,1,"	755,756" 
2019-01-18T17:30:00Z,"SPY",2019-01-18T18:00:00Z,Buy,239.2887846,239.21703384,937,-67.23,9.37,-252.11,84.04,336.15,0,"	757,758" 
2019-01-22T17:00:00Z,"SPY",2019-01-22T18:00:00Z,Sell,235.77299736,235.835779275,942,-59.14,9.42,-278.81,92.94,329.5,0,"	759,760" 
2019-01-22T18:30:00Z,"SPY",2019-01-22T20:58:00Z,Sell,235.1631159,234.87611286,944,270.93,9.44,-381,888.99,1269.99,1,"	761,762" 
2019-01-28T15:00:00Z,"SPY",2019-01-28T15:30:00Z,Sell,235.620526995,236.104844625,1120,-542.44,11.2,-582.62,351.58,934.19,0,"	763,764" 
2019-01-29T16:00:00Z,"SPY",2019-01-29T16:30:00Z,Sell,235.62949584,235.93443657,1116,-340.31,11.16,-400.37,80.07,480.44,0,"	765,766" 
2019-01-30T19:30:00Z,"SPY",2019-01-30T20:58:00Z,Buy,239.889697215,239.75516454,1093,-147.04,10.93,-352.91,999.9,1352.81,0,"	767,768" 
2019-01-31T15:30:00Z,"SPY",2019-01-31T20:58:00Z,Buy,241.324712415,242.40994266,1085,1177.47,10.85,-204.36,1284.52,1372.1,1,"	769,770" 
2019-02-01T15:30:00Z,"SPY",2019-02-01T16:00:00Z,Buy,243.0556995,242.28437883,1087,-838.43,10.87,-838.43,97.49,935.92,0,"	771,772" 
2019-02-04T19:00:00Z,"SPY",2019-02-04T20:00:00Z,Buy,243.405484455,243.423422145,1078,19.34,10.78,-154.69,154.69,309.39,1,"	773,774" 
2019-02-07T16:00:00Z,"SPY",2019-02-07T20:58:00Z,Sell,242.042220015,242.149846155,1085,-116.77,10.85,-175.16,1518.07,1693.23,0,"	775,776" 
2019-02-12T15:00:00Z,"SPY",2019-02-12T20:58:00Z,Buy,244.86740619,245.845010295,1071,1047.01,10.71,-240.14,1431.24,557.13,1,"	777,778" 
2019-02-13T15:00:00Z,"SPY",2019-02-13T15:30:00Z,Buy,247.118586285,247.12755513,1070,9.6,10.7,-374.27,86.37,441.45,1,"	779,780" 
2019-02-21T15:00:00Z,"SPY",2019-02-21T16:30:00Z,Sell,248.697103005,248.6163834,1063,85.8,10.63,-343.22,352.75,695.97,1,"	781,782" 
2019-02-21T20:00:00Z,"SPY",2019-02-21T20:58:00Z,Sell,248.087221545,248.7957603,1066,-755.3,10.66,-755.3,191.22,946.52,0,"	783,784" 
2019-02-22T16:00:00Z,"SPY",2019-02-22T19:30:00Z,Buy,249.99758553,249.99758553,1052,0,10.52,-103.79,556.68,622.72,0,"	785,786" 
2019-02-27T15:30:00Z,"SPY",2019-02-27T16:00:00Z,Sell,249.17245179,249.432548295,1055,-274.4,10.55,-416.33,37.85,454.18,0,"	787,788" 
2019-03-01T15:00:00Z,"SPY",2019-03-01T15:30:00Z,Buy,251.8451676,250.903438875,1042,-981.28,10.42,-1140.16,0,1140.16,0,"	789,790" 
2019-03-04T16:30:00Z,"SPY",2019-03-04T20:58:00Z,Sell,250.724061975,250.329432795,1039,410.02,10.39,0,2497.39,2199.2,1,"	791,792" 
2019-03-05T15:00:00Z,"SPY",2019-03-05T16:30:00Z,Sell,249.970678995,250.490872005,1045,-543.6,10.45,-637.33,131.21,768.54,0,"	793,794" 
2019-03-06T15:00:00Z,"SPY",2019-03-06T20:58:00Z,Sell,249.845115165,248.74194723,1041,1148.4,10.41,-149.39,1409.82,774.94,1,"	795,796" 
2019-03-07T15:00:00Z,"SPY",2019-03-07T16:30:00Z,Sell,246.89436516,246.957147075,1063,-66.74,10.63,-171.61,772.24,943.85,0,"	797,798" 
2019-03-07T19:30:00Z,"SPY",2019-03-07T20:58:00Z,Sell,246.78673902,246.759832485,1062,28.57,10.62,-57.15,952.49,923.92,1,"	799,800" 
2019-03-11T14:00:00Z,"SPY",2019-03-11T19:58:00Z,Buy,247.80918735,249.773364405,1058,2078.1,10.58,0,2163.5,341.61,1,"	801,802" 
2019-03-13T15:00:00Z,"SPY",2019-03-13T19:30:00Z,Buy,252.32948523,252.320516385,1056,-9.47,10.56,-94.71,937.64,1032.35,0,"	803,804" 
2019-03-15T16:30:00Z,"SPY",2019-03-15T18:30:00Z,Buy,253.864424074,253.531114976,1049,-349.64,10.49,-425.24,217.34,642.58,0,"	805,806" 
2019-03-18T14:00:00Z,"SPY",2019-03-18T15:30:00Z,Buy,254.422942022,253.729298764,1044,-724.16,10.44,-818.21,150.48,968.69,0,"	807,808" 
2019-03-20T14:00:00Z,"SPY",2019-03-20T15:00:00Z,Sell,253.40499802,253.702273702,1042,-309.76,10.42,-431.79,150.19,506.88,0,"	809,810" 
2019-03-20T16:00:00Z,"SPY",2019-03-20T16:30:00Z,Sell,252.90953855,253.26987271,1042,-375.47,10.42,-422.4,0,422.4,0,"	811,812" 
2019-03-20T17:00:00Z,"SPY",2019-03-20T18:00:00Z,Sell,253.053672214,253.350947896,1038,-308.57,10.38,-308.57,65.45,374.03,0,"	813,814" 
2019-03-21T14:00:00Z,"SPY",2019-03-21T19:58:00Z,Buy,254.152691402,256.42279661,1031,2340.48,10.31,0,2786.28,845.17,1,"	815,816" 
2019-03-22T14:00:00Z,"SPY",2019-03-22T19:00:00Z,Sell,253.963515968,253.305906126,1050,690.49,10.5,-983.71,2430.9,1939.05,1,"	817,818" 
2019-03-22T19:30:00Z,"SPY",2019-03-22T19:58:00Z,Sell,252.513170974,251.684402406,1062,880.15,10.62,0,880.15,430.51,1,"	819,820" 
2019-03-25T14:00:00Z,"SPY",2019-03-25T14:30:00Z,Sell,250.423232846,250.765550298,1077,-368.68,10.77,-436.59,184.34,553.01,0,"	821,822" 
2019-03-26T14:00:00Z,"SPY",2019-03-26T14:30:00Z,Buy,254.017566092,253.747315472,1059,-286.2,10.59,-496.07,0,496.07,0,"	823,824" 
2019-03-26T15:00:00Z,"SPY",2019-03-26T15:30:00Z,Buy,254.12566634,253.603181808,1056,-551.74,10.56,-665.9,66.59,732.49,0,"	825,826" 
2019-03-27T15:00:00Z,"SPY",2019-03-27T17:30:00Z,Sell,252.342012248,251.981678088,1059,381.59,10.59,-162.18,2003.37,1726.71,1,"	827,828" 
2019-04-01T19:30:00Z,"SPY",2019-04-01T19:58:00Z,Buy,257.431732258,257.665949462,1041,243.82,10.41,-121.91,356.35,121.91,1,"	829,830" 
2019-04-11T18:30:00Z,"SPY",2019-04-11T19:00:00Z,Sell,259.089269394,259.26042812,1037,-177.49,10.37,-261.57,0,261.57,0,"	831,832" 
2019-04-15T14:30:00Z,"SPY",2019-04-15T17:30:00Z,Sell,260.809865008,261.026065504,1028,-222.25,10.28,-222.25,361.16,583.42,0,"	833,834" 
2019-04-17T15:00:00Z,"SPY",2019-04-17T19:58:00Z,Sell,261.06209892,260.818873362,1025,249.31,10.25,-369.34,720.22,710.98,1,"	835,836" 
2019-04-18T14:30:00Z,"SPY",2019-04-18T15:00:00Z,Sell,260.314405538,260.638706282,1030,-334.03,10.3,-334.03,250.52,584.55,0,"	837,838" 
2019-04-23T14:30:00Z,"SPY",2019-04-23T19:58:00Z,Buy,262.602527454,263.80964689,1019,1230.05,10.19,-220.31,1487.08,486.51,1,"	839,840" 
2019-04-25T14:30:00Z,"SPY",2019-04-25T15:00:00Z,Sell,262.296243418,262.764677826,1029,-482.02,10.29,-491.29,370.78,862.07,0,"	841,842" 
2019-04-26T14:00:00Z,"SPY",2019-04-26T14:30:00Z,Sell,262.5935191,263.17906211,1024,-599.6,10.24,-599.6,110.69,710.29,0,"	843,844" 
2019-04-26T19:30:00Z,"SPY",2019-04-26T19:58:00Z,Buy,263.818655244,264.178989404,1015,365.74,10.15,0,374.88,283.45,1,"	845,846" 
2019-04-29T16:30:00Z,"SPY",2019-04-29T18:00:00Z,Buy,265.016766326,265.02577468,1013,9.13,10.13,-109.51,82.13,191.63,1,"	847,848" 
2019-04-29T18:30:00Z,"SPY",2019-04-29T19:00:00Z,Buy,265.124866574,265.007757972,1013,-118.63,10.13,-146.01,0,146.01,0,"	849,850" 
2019-04-30T14:00:00Z,"SPY",2019-04-30T16:00:00Z,Sell,263.962788908,264.016839032,1016,-54.91,10.16,-219.66,961.01,1180.67,0,"	851,852" 
2019-05-01T19:30:00Z,"SPY",2019-05-01T19:58:00Z,Sell,264.251056236,263.0439368,1014,1224.02,10.14,0,1287.96,173.55,1,"	853,854" 
2019-05-02T15:30:00Z,"SPY",2019-05-02T17:30:00Z,Sell,261.674666992,262.170126462,1034,-512.31,10.34,-633.4,801.06,1434.45,0,"	855,856" 
2019-05-02T19:00:00Z,"SPY",2019-05-02T19:30:00Z,Sell,261.926900904,262.296243418,1029,-380.05,10.29,-463.48,74.16,537.64,0,"	857,858" 
2019-05-03T16:00:00Z,"SPY",2019-05-03T19:58:00Z,Buy,264.467256732,265.016766326,1016,558.3,10.16,-27.46,658.98,475.93,1,"	859,860" 
2019-05-07T15:00:00Z,"SPY",2019-05-07T19:58:00Z,Sell,259.863987838,259.341503306,1038,542.34,10.38,-561.04,2421.82,1879.48,1,"	861,862" 
2019-05-08T15:00:00Z,"SPY",2019-05-08T15:30:00Z,Buy,260.089196688,259.990104794,1041,-103.15,10.41,-178.18,590.79,768.97,0,"	863,864" 
2019-05-08T17:00:00Z,"SPY",2019-05-08T17:30:00Z,Buy,260.305397184,260.080188334,1040,-234.22,10.4,-384.12,56.21,440.33,0,"	865,866" 
2019-05-08T19:30:00Z,"SPY",2019-05-08T19:58:00Z,Buy,260.530606034,259.089269394,1037,-1494.67,10.37,-1494.67,0,1494.67,0,"	867,868" 
2019-05-09T14:00:00Z,"SPY",2019-05-09T16:00:00Z,Sell,256.350729778,256.341721424,1042,9.39,10.42,-131.41,1135.79,1267.21,1,"	869,870" 
2019-05-10T14:30:00Z,"SPY",2019-05-10T16:30:00Z,Sell,256.134529282,256.64800546,1043,-535.56,10.43,-535.56,1832.16,2367.72,0,"	871,872" 
2019-05-10T19:30:00Z,"SPY",2019-05-10T19:58:00Z,Buy,260.062171626,258.999185854,1023,-1087.43,10.23,-1400.76,0,1400.76,0,"	873,874" 
2019-05-13T14:30:00Z,"SPY",2019-05-13T15:00:00Z,Sell,253.774340534,253.909465844,1039,-140.4,10.39,-636.46,299.51,935.97,0,"	875,876" 
2019-05-13T15:30:00Z,"SPY",2019-05-13T16:00:00Z,Sell,253.332931188,253.5851651,1040,-262.32,10.4,-271.69,505.91,768.23,0,"	877,878" 
2019-05-13T16:30:00Z,"SPY",2019-05-13T18:30:00Z,Sell,252.873505134,253.639215224,1040,-796.34,10.4,-1105.51,712.02,1817.53,0,"	879,880" 
2019-05-13T19:30:00Z,"SPY",2019-05-13T19:58:00Z,Sell,252.963588674,253.22483094,1033,-269.86,10.33,-269.86,455.98,725.84,0,"	881,882" 
2019-05-14T14:30:00Z,"SPY",2019-05-14T19:58:00Z,Buy,255.34179413,255.449894378,1021,110.37,10.21,-266.73,1508.39,1517.59,1,"	883,884" 
2019-05-15T15:30:00Z,"SPY",2019-05-15T19:58:00Z,Buy,256.69304723,256.82817254,1017,137.42,10.17,-219.88,732.92,705.44,1,"	885,886" 
2019-05-16T14:00:00Z,"SPY",2019-05-16T18:00:00Z,Buy,259.107286102,259.548695448,1008,444.94,10.08,-27.24,1407.47,1035.17,1,"	887,888" 
2019-05-16T18:30:00Z,"SPY",2019-05-16T19:30:00Z,Buy,259.98109644,259.404561784,1008,-581.15,10.08,-853.56,63.56,917.12,0,"	889,890" 
2019-05-23T14:00:00Z,"SPY",2019-05-23T14:30:00Z,Sell,254.044591154,254.242774942,1022,-202.54,10.22,-368.26,386.67,589.22,0,"	891,892" 
2019-05-23T16:00:00Z,"SPY",2019-05-23T19:30:00Z,Sell,253.395989666,254.107649632,1023,-728.03,10.23,-866.26,589.79,1456.06,0,"	893,894" 
2019-05-28T14:00:00Z,"SPY",2019-05-28T14:30:00Z,Buy,255.738161706,255.215677174,1013,-529.28,10.13,-556.65,127.76,684.41,0,"	895,896" 
2019-05-29T16:00:00Z,"SPY",2019-05-29T16:30:00Z,Sell,249.5314058,250.216040704,1034,-707.91,10.34,-735.86,0,735.86,0,"	897,898" 
2019-05-29T17:00:00Z,"SPY",2019-05-29T17:30:00Z,Sell,249.918765022,250.666458404,1026,-767.13,10.26,-979.71,101.67,1081.38,0,"	899,900" 
2019-05-30T14:00:00Z,"SPY",2019-05-30T14:30:00Z,Buy,251.999694796,251.96366138,1012,-36.47,10.12,-227.91,145.86,373.77,0,"	901,902" 
2019-06-03T14:00:00Z,"SPY",2019-06-03T14:30:00Z,Sell,247.351384132,248.702637232,1030,-1391.79,10.3,-1391.79,501.04,1892.84,0,"	903,904" 
2019-06-03T16:30:00Z,"SPY",2019-06-03T17:00:00Z,Sell,246.747824414,246.864933016,1022,-119.68,10.22,-543.19,147.3,690.49,0,"	905,906" 
2019-06-03T19:30:00Z,"SPY",2019-06-03T19:58:00Z,Sell,246.459557086,247.495517796,1022,-1058.75,10.22,-1058.75,331.44,1390.19,0,"	907,908" 
2019-06-04T15:30:00Z,"SPY",2019-06-04T19:58:00Z,Buy,251.297043184,252.747388178,994,1441.64,9.94,-232.81,1450.6,528.3,1,"	909,910" 
2019-06-06T19:30:00Z,"SPY",2019-06-06T19:58:00Z,Buy,256.738089,256.440813318,984,-292.52,9.84,-327.98,425.48,753.46,0,"	911,912" 
2019-06-07T14:00:00Z,"SPY",2019-06-07T19:58:00Z,Buy,258.58480157,259.269436474,974,666.83,9.74,-35.1,1544.25,1079.22,1,"	913,914" 
2019-06-10T16:00:00Z,"SPY",2019-06-10T16:30:00Z,Buy,261.87285078,261.368382956,967,-487.82,9.67,-505.24,0,505.24,0,"	915,916" 
2019-06-14T14:00:00Z,"SPY",2019-06-14T14:30:00Z,Sell,260.008121502,260.143246812,970,-131.07,9.7,-270.88,96.12,367,0,"	917,918" 
2019-06-18T14:00:00Z,"SPY",2019-06-18T16:00:00Z,Buy,263.728571704,263.332204128,956,-378.93,9.56,-378.93,594.23,973.15,0,"	919,920" 
2019-06-18T18:30:00Z,"SPY",2019-06-18T19:00:00Z,Buy,263.701546642,263.476337792,953,-214.62,9.53,-231.79,68.68,300.47,0,"	921,922" 
2019-06-25T14:30:00Z,"SPY",2019-06-25T19:58:00Z,Sell,265.029052646,263.363455758,946,1575.65,9.46,-94.2,1781.17,839.21,1,"	923,924" 
2019-06-27T14:00:00Z,"SPY",2019-06-27T14:30:00Z,Buy,264.132889103,263.969950277,961,-156.58,9.61,-330.57,0,330.57,0,"	925,926" 
2019-07-02T16:30:00Z,"SPY",2019-07-02T17:00:00Z,Sell,267.020527186,267.120100913,950,-94.6,9.5,-103.19,171.99,275.19,0,"	927,928" 
2019-07-03T15:00:00Z,"SPY",2019-07-05T14:00:00Z,Buy,269.672809187,268.568446033,939,-1037,9.39,-1037,756.5,1793.49,0,"	929,930" 
2019-07-05T14:30:00Z,"SPY",2019-07-05T15:30:00Z,Sell,268.387402893,268.867167214,936,-449.06,9.36,-457.53,372.8,830.34,0,"	931,932" 
2019-07-08T14:00:00Z,"SPY",2019-07-08T14:30:00Z,Sell,268.459820149,268.695176231,933,-219.59,9.33,-624.98,0,624.98,0,"	933,934" 
2019-07-10T14:00:00Z,"SPY",2019-07-10T14:30:00Z,Buy,271.012528423,270.333616648,922,-625.96,9.22,-625.96,25.04,650.99,0,"	935,936" 
2019-07-16T16:00:00Z,"SPY",2019-07-16T17:30:00Z,Sell,271.628075099,271.709544512,915,-74.54,9.15,-173.94,463.83,637.77,0,"	937,938" 
2019-07-16T18:00:00Z,"SPY",2019-07-16T19:58:00Z,Sell,271.193571563,271.456084116,916,-240.46,9.16,-447.76,82.92,530.67,0,"	939,940" 
2019-07-17T14:30:00Z,"SPY",2019-07-17T16:00:00Z,Sell,270.695702928,270.740963713,916,-41.46,9.16,-157.54,555.55,713.09,0,"	941,942" 
2019-07-17T16:30:00Z,"SPY",2019-07-17T18:00:00Z,Sell,270.514659788,270.650442143,916,-124.38,9.16,-207.29,66.33,273.63,0,"	943,944" 
2019-07-17T18:30:00Z,"SPY",2019-07-17T19:58:00Z,Sell,270.351720962,269.709017815,916,588.72,9.16,-91.21,597.01,298.5,1,"	945,946" 
2019-07-18T18:30:00Z,"SPY",2019-07-18T19:58:00Z,Buy,270.20688645,270.514659788,921,283.46,9.21,-91.71,591.93,683.64,1,"	947,948" 
2019-07-19T19:30:00Z,"SPY",2019-07-19T19:58:00Z,Sell,269.564183303,269.066314668,925,460.53,9.25,-259.57,468.9,276.32,1,"	949,950" 
2019-07-22T14:00:00Z,"SPY",2019-07-22T14:30:00Z,Buy,269.826695856,269.428400948,927,-369.22,9.27,-537.05,0,537.05,0,"	951,952" 
2019-07-24T19:00:00Z,"SPY",2019-07-24T19:58:00Z,Buy,272.397508444,272.641916683,916,223.88,9.16,-74.63,315.09,116.08,1,"	953,954" 
2019-07-25T14:00:00Z,"SPY",2019-07-25T14:30:00Z,Sell,271.56471,271.890587652,920,-299.81,9.2,-349.78,33.31,383.09,0,"	955,956" 
2019-07-25T16:00:00Z,"SPY",2019-07-25T19:58:00Z,Sell,271.582814314,271.220728034,918,332.4,9.18,-199.44,689.72,889.16,1,"	957,958" 
2019-07-26T14:00:00Z,"SPY",2019-07-26T14:30:00Z,Buy,272.696229625,272.542342956,916,-140.96,9.16,-157.54,49.75,207.29,0,"	959,960" 
2019-07-26T15:30:00Z,"SPY",2019-07-26T19:58:00Z,Buy,272.895377079,273.3751414,915,438.98,9.15,0,612.92,182.22,1,"	961,962" 
2019-07-29T14:00:00Z,"SPY",2019-07-29T15:30:00Z,Sell,272.578551584,272.949690021,919,-341.08,9.19,-349.4,207.97,557.37,0,"	963,964" 
2019-07-31T19:00:00Z,"SPY",2019-07-31T19:58:00Z,Sell,269.401244477,269.437453105,927,-33.57,9.27,-1367.79,251.74,1619.53,0,"	965,966" 
2019-08-01T14:00:00Z,"SPY",2019-08-01T17:30:00Z,Buy,270.369825276,269.962478211,924,-376.39,9.24,-376.39,1815.03,2191.42,0,"	967,968" 
2019-08-01T18:00:00Z,"SPY",2019-08-01T19:58:00Z,Sell,268.30593348,266.830431889,928,1369.27,9.28,-84,2041.3,1638.08,1,"	969,970" 
2019-08-02T14:00:00Z,"SPY",2019-08-02T16:30:00Z,Sell,265.164835001,265.083365588,949,77.31,9.49,-274.9,1718.1,1640.78,1,"	971,972" 
2019-08-02T17:00:00Z,"SPY",2019-08-02T18:30:00Z,Sell,264.160045574,264.522131854,953,-345.07,9.53,-534.86,526.23,1061.08,0,"	973,974" 
2019-08-05T14:00:00Z,"SPY",2019-08-05T19:58:00Z,Sell,260.059418453,257.425240766,965,2541.98,9.65,0,4734.55,2472.1,1,"	975,976" 
2019-08-06T18:30:00Z,"SPY",2019-08-06T19:00:00Z,Buy,260.276670221,259.787853743,984,-481,9.84,-481,400.83,881.82,0,"	977,978" 
2019-08-08T14:30:00Z,"SPY",2019-08-08T19:58:00Z,Buy,263.064734577,265.373034612,954,2202.12,9.54,0,2452.56,595.87,1,"	979,980" 
2019-08-09T14:30:00Z,"SPY",2019-08-09T17:30:00Z,Sell,263.435873014,264.286775772,849,-722.42,8.49,-783.9,983.72,1767.61,0,"	981,982" 
2019-08-12T18:00:00Z,"SPY",2019-08-12T19:58:00Z,Sell,261.145677293,260.865060426,847,237.68,8.47,-176.35,1027.4,789.72,1,"	983,984" 
2019-08-13T14:00:00Z,"SPY",2019-08-13T19:58:00Z,Buy,265.191991472,264.494975383,833,-580.61,8.33,-1070.74,889.77,1960.52,0,"	985,986" 
2019-08-14T15:00:00Z,"SPY",2019-08-14T19:58:00Z,Sell,259.425767463,257.235145469,793,1737.16,7.93,-64.61,2002.76,1363.89,1,"	987,988" 
2019-08-16T15:00:00Z,"SPY",2019-08-16T19:00:00Z,Buy,261.580180829,261.281459648,702,-209.7,7.02,-457.53,63.55,514.72,0,"	989,990" 
2019-08-20T14:00:00Z,"SPY",2019-08-20T14:30:00Z,Sell,263.155256147,263.680281253,638,-334.97,6.38,-358.07,69.3,427.37,0,"	991,992" 
2019-08-22T15:00:00Z,"SPY",2019-08-22T15:30:00Z,Sell,263.037578106,263.698385567,639,-422.26,6.39,-624.71,0,624.71,0,"	993,994" 
2019-08-23T15:30:00Z,"SPY",2019-08-23T19:58:00Z,Sell,260.810747484,256.918319974,648,2522.29,6.48,0,2633.74,580.71,1,"	995,996" 
2019-08-27T17:00:00Z,"SPY",2019-08-27T17:30:00Z,Sell,259.117994125,259.670175702,699,-385.97,6.99,-385.97,50.62,436.59,0,"	997,998" 
2019-08-28T15:30:00Z,"SPY",2019-08-28T16:00:00Z,Buy,261.163781607,261.145677293,690,-12.49,6.9,-87.44,174.89,187.38,0,"	999,1000" 
2019-08-28T17:00:00Z,"SPY",2019-08-28T17:30:00Z,Buy,261.344824747,261.06420788,689,-193.35,6.89,-411.64,0,411.64,0,"	1001,1002" 
2019-08-28T19:00:00Z,"SPY",2019-08-28T19:30:00Z,Buy,261.562076515,261.172833764,688,-267.8,6.88,-267.8,49.82,317.62,0,"	1003,1004" 
2019-09-05T14:00:00Z,"SPY",2019-09-05T16:00:00Z,Buy,269.346931535,269.636600559,917,265.63,9.17,0,1045.9,821.78,1,"	1005,1006" 
2019-09-05T19:30:00Z,"SPY",2019-09-05T19:58:00Z,Buy,269.962478211,269.564183303,917,-365.24,9.17,-398.44,49.8,448.24,0,"	1007,1008" 
2019-09-10T14:00:00Z,"SPY",2019-09-10T14:30:00Z,Sell,268.233516224,268.613706818,964,-366.5,9.64,-366.5,226.88,593.39,0,"	1009,1010" 
2019-09-10T15:00:00Z,"SPY",2019-09-10T16:00:00Z,Sell,268.161098968,268.767593487,962,-583.45,9.62,-809.86,95.79,905.65,0,"	1011,1012" 
2019-09-12T14:30:00Z,"SPY",2019-09-12T15:00:00Z,Buy,273.393245714,272.325091188,950,-1014.75,9.5,-1100.74,25.8,1126.54,0,"	1013,1014" 
2019-09-18T18:30:00Z,"SPY",2019-09-18T19:30:00Z,Sell,270.451294689,271.573762157,953,-1069.71,9.53,-1078.34,388.2,1466.54,0,"	1015,1016" 
2019-09-19T14:30:00Z,"SPY",2019-09-19T16:30:00Z,Buy,273.583341011,273.058315905,935,-490.9,9.35,-490.9,330.09,820.99,0,"	1017,1018" 
2019-09-20T17:30:00Z,"SPY",2019-09-20T19:00:00Z,Sell,271.618038864,271.854481512,938,-221.78,9.38,-435.04,469.16,904.19,0,"	1019,1020" 
2019-09-20T19:30:00Z,"SPY",2019-09-20T19:58:00Z,Sell,271.645320708,271.599850968,936,42.56,9.36,-119.17,306.43,425.6,1,"	1021,1022" 
2019-09-24T16:00:00Z,"SPY",2019-09-24T19:58:00Z,Sell,270.535859052,269.053545528,940,1393.37,9.4,-307.74,2248.21,1726.76,1,"	1023,1024" 
2019-09-25T14:00:00Z,"SPY",2019-09-25T14:30:00Z,Sell,268.435157064,268.753445244,958,-304.92,9.58,-409.46,487.87,897.34,0,"	1025,1026" 
2019-09-25T16:30:00Z,"SPY",2019-09-25T17:00:00Z,Buy,269.762873472,269.599182408,951,-155.67,9.51,-181.62,95.13,276.75,0,"	1027,1028" 
2019-09-25T18:30:00Z,"SPY",2019-09-25T19:58:00Z,Buy,270.308510352,270.7723017,947,439.21,9.47,-111.96,602.84,223.91,1,"	1029,1030" 
2019-09-26T14:00:00Z,"SPY",2019-09-26T16:30:00Z,Sell,269.8629069,269.790155316,952,69.26,9.52,-354.95,1116.81,1056.21,1,"	1031,1032" 
2019-09-26T17:30:00Z,"SPY",2019-09-26T18:00:00Z,Sell,269.380927656,269.981128224,954,-572.59,9.54,-572.59,17.35,589.94,0,"	1033,1034" 
2019-09-27T16:30:00Z,"SPY",2019-09-27T19:58:00Z,Sell,269.289988176,268.444251012,950,803.45,9.5,-25.92,2073.42,1365,1,"	1035,1036" 
2019-09-30T14:00:00Z,"SPY",2019-09-30T14:30:00Z,Buy,269.617370304,269.462773188,955,-147.64,9.55,-165.01,182.38,347.39,0,"	1037,1038" 
2019-09-30T15:00:00Z,"SPY",2019-09-30T19:00:00Z,Buy,269.708309784,270.153913236,954,425.11,9.54,-147.49,832.86,407.75,1,"	1039,1040" 
2019-10-01T14:00:00Z,"SPY",2019-10-01T14:30:00Z,Buy,271.172435412,269.380927656,951,-1703.72,9.51,-2274.51,0,2274.51,0,"	1041,1042" 
2019-10-01T15:00:00Z,"SPY",2019-10-01T19:58:00Z,Sell,268.626129972,266.643649308,948,1879.39,9.48,-163.8,2025.95,939.7,1,"	1043,1044" 
2019-10-02T14:00:00Z,"SPY",2019-10-02T19:00:00Z,Sell,263.524425144,262.351305852,980,1149.66,9.8,-178.24,2700.36,1559.61,1,"	1045,1046" 
2019-10-03T18:00:00Z,"SPY",2019-10-03T19:30:00Z,Buy,263.715398052,263.333452236,988,-377.36,9.88,-548.07,206.65,754.72,0,"	1047,1048" 
2019-10-04T14:00:00Z,"SPY",2019-10-04T14:30:00Z,Buy,265.81610004,265.461436068,977,-346.51,9.77,-346.51,293.2,639.7,0,"	1049,1050" 
2019-10-04T15:30:00Z,"SPY",2019-10-04T19:58:00Z,Buy,266.007072948,267.798580704,974,1744.93,9.74,0,1806.93,318.87,1,"	1051,1052" 
2019-10-08T14:00:00Z,"SPY",2019-10-08T15:00:00Z,Sell,263.415297768,263.869995168,997,-453.33,9.97,-471.47,471.47,942.93,0,"	1053,1054" 
2019-10-08T15:30:00Z,"SPY",2019-10-08T16:30:00Z,Sell,263.22432486,263.724492,994,-497.17,9.94,-587.56,424.85,1012.41,0,"	1055,1056" 
2019-10-10T14:00:00Z,"SPY",2019-10-10T17:30:00Z,Buy,266.625461412,266.489052192,978,-133.41,9.78,-551.42,889.39,1236.25,0,"	1057,1058" 
2019-10-10T18:00:00Z,"SPY",2019-10-10T18:30:00Z,Buy,266.825528268,266.325361128,976,-488.16,9.76,-967.45,88.76,1056.21,0,"	1059,1060" 
2019-10-10T19:30:00Z,"SPY",2019-10-10T19:58:00Z,Buy,266.734588788,266.6800251,972,-53.04,9.72,-327.05,106.07,406.61,0,"	1061,1062" 
2019-10-11T14:00:00Z,"SPY",2019-10-11T16:00:00Z,Buy,270.344886144,270.763207752,959,401.17,9.59,0,1186.07,880.83,1,"	1063,1064" 
2019-10-11T18:30:00Z,"SPY",2019-10-11T19:58:00Z,Buy,271.18152936,269.790155316,959,-1334.33,9.59,-1438.98,313.96,1752.94,0,"	1065,1066" 
2019-10-15T14:30:00Z,"SPY",2019-10-15T19:58:00Z,Buy,271.381596216,271.881763356,948,474.16,9.48,-17.24,1077.63,629.34,1,"	1067,1068" 
2019-10-25T15:00:00Z,"SPY",2019-10-25T19:58:00Z,Buy,274.037029032,274.400786952,942,342.66,9.42,-94.23,685.32,719.59,1,"	1069,1070" 
2019-10-31T14:00:00Z,"SPY",2019-10-31T19:58:00Z,Sell,275.792160996,275.482966764,939,290.33,9.39,0,1195.49,999.09,1,"	1071,1072" 
2019-11-01T14:30:00Z,"SPY",2019-11-01T15:00:00Z,Buy,277.901956932,277.929238776,934,25.48,9.34,-101.92,59.46,161.38,1,"	1073,1074" 
2019-11-01T18:00:00Z,"SPY",2019-11-01T19:58:00Z,Buy,278.13839958,278.156587476,933,16.97,9.33,-237.57,118.79,339.39,1,"	1075,1076" 
2019-11-07T17:00:00Z,"SPY",2019-11-07T17:30:00Z,Buy,281.357657172,281.103026628,922,-234.77,9.22,-410.85,0,410.85,0,"	1077,1078" 
2019-11-08T15:00:00Z,"SPY",2019-11-08T15:30:00Z,Sell,279.475209936,280.102692348,927,-581.68,9.27,-581.68,92.73,674.41,0,"	1079,1080" 
2019-11-12T15:00:00Z,"SPY",2019-11-12T17:00:00Z,Buy,281.421314808,281.348563224,916,-66.64,9.16,-133.28,424.83,524.79,0,"	1081,1082" 
2019-11-19T16:00:00Z,"SPY",2019-11-19T16:30:00Z,Sell,283.14007098,283.59476838,910,-413.77,9.1,-430.33,0,430.33,0,"	1083,1084" 
2019-11-20T18:00:00Z,"SPY",2019-11-20T20:58:00Z,Sell,282.057891168,282.521682516,911,-422.51,9.11,-546.78,894.74,1441.52,0,"	1085,1086" 
2019-11-21T15:00:00Z,"SPY",2019-11-21T16:00:00Z,Sell,282.176112492,281.985139584,907,173.21,9.07,-189.71,692.85,536.13,1,"	1087,1088" 
2019-11-21T16:30:00Z,"SPY",2019-11-21T17:30:00Z,Sell,281.930575896,282.1397367,909,-190.13,9.09,-247.99,206.66,454.65,0,"	1089,1090" 
2019-11-25T15:00:00Z,"SPY",2019-11-25T20:58:00Z,Buy,284.385941856,284.858827152,900,425.6,9,-8.18,523.81,327.38,1,"	1091,1092" 
2019-11-26T17:30:00Z,"SPY",2019-11-26T18:00:00Z,Buy,285.659094576,285.577249044,899,-73.58,8.99,-98.11,24.53,122.63,0,"	1093,1094" 
2019-11-27T19:00:00Z,"SPY",2019-11-27T20:58:00Z,Buy,286.73218044,286.786744128,895,48.83,8.95,-56.97,113.95,162.78,1,"	1095,1096" 
2019-12-02T15:00:00Z,"SPY",2019-12-02T19:30:00Z,Sell,284.722417932,284.113123416,902,549.58,9.02,0,1525.71,1008.94,1,"	1097,1098" 
2019-12-02T20:30:00Z,"SPY",2019-12-02T20:58:00Z,Sell,283.522016796,283.331043888,909,173.59,9.09,-355.46,173.59,438.12,1,"	1099,1100" 
2019-12-03T15:30:00Z,"SPY",2019-12-03T16:00:00Z,Sell,280.057222608,280.075410504,921,-16.75,9.21,-435.53,142.38,435.53,0,"	1101,1102" 
2019-12-04T15:00:00Z,"SPY",2019-12-04T17:30:00Z,Buy,283.431077316,283.203728616,910,-206.89,9.1,-281.37,206.89,488.25,0,"	1103,1104" 
2019-12-04T18:00:00Z,"SPY",2019-12-04T20:58:00Z,Buy,283.440171264,283.349231784,909,-82.66,9.09,-181.86,347.19,495.98,0,"	1105,1106" 
2019-12-06T16:00:00Z,"SPY",2019-12-06T20:58:00Z,Buy,286.386610416,286.241107248,899,-130.81,8.99,-196.21,302.49,498.7,0,"	1107,1108" 
2019-12-12T15:00:00Z,"SPY",2019-12-12T16:30:00Z,Buy,288.14174238,287.73251472,892,-365.03,8.92,-365.03,851.74,1216.77,0,"	1109,1110" 
2019-12-12T20:00:00Z,"SPY",2019-12-12T20:58:00Z,Buy,288.014427108,288.523688196,890,453.24,8.9,-32.37,720.33,275.18,1,"	1111,1112" 
2019-12-16T17:00:00Z,"SPY",2019-12-16T18:00:00Z,Buy,291.015429948,290.979054156,884,-32.16,8.84,-32.16,96.47,128.62,0,"	1113,1114" 
2019-12-16T18:30:00Z,"SPY",2019-12-16T19:30:00Z,Buy,290.988148104,290.751705456,884,-209.02,8.84,-209.02,96.47,305.48,0,"	1115,1116" 
2019-12-19T17:00:00Z,"SPY",2019-12-19T20:58:00Z,Buy,291.470127348,291.670194204,881,176.26,8.81,-32.05,368.54,336.49,1,"	1117,1118" 
2019-12-20T20:00:00Z,"SPY",2019-12-20T20:30:00Z,Buy,293.679945624,293.497172444,875,-159.93,8.75,-167.92,0,167.92,0,"	1119,1120" 
2019-12-26T16:00:00Z,"SPY",2019-12-26T17:30:00Z,Buy,294.529840911,294.310513095,872,-191.25,8.72,-223.13,95.63,318.76,0,"	1121,1122" 
2019-12-26T18:30:00Z,"SPY",2019-12-26T20:00:00Z,Buy,294.557256888,294.438454321,870,-103.36,8.7,-103.36,79.51,182.86,0,"	1123,1124" 
2019-12-30T15:00:00Z,"SPY",2019-12-30T17:00:00Z,Sell,293.771332214,293.780470873,872,-7.97,8.72,-95.63,645.48,741.11,0,"	1125,1126" 
2019-12-30T19:30:00Z,"SPY",2019-12-30T20:58:00Z,Sell,293.597697693,293.277844628,872,278.91,8.72,-111.56,286.88,262.97,1,"	1127,1128" 
2020-01-08T15:00:00Z,"SPY",2020-01-08T15:30:00Z,Buy,295.845807807,295.553370719,868,-253.84,8.68,-253.84,166.58,420.41,0,"	1129,1130" 
2020-01-08T16:30:00Z,"SPY",2020-01-08T20:58:00Z,Buy,296.129106236,296.36671137,865,205.53,8.65,-403.15,1375.46,1185.74,1,"	1131,1132" 
2020-01-13T17:00:00Z,"SPY",2020-01-13T19:00:00Z,Buy,299.080893093,299.035199798,858,-39.2,8.58,-39.2,188.18,227.39,0,"	1133,1134" 
2020-01-13T19:30:00Z,"SPY",2020-01-13T20:30:00Z,Buy,299.281943591,299.163141024,857,-101.81,8.57,-109.65,78.32,187.96,0,"	1135,1136" 
2020-01-15T15:00:00Z,"SPY",2020-01-15T18:00:00Z,Buy,300.305473399,299.885095085,853,-358.58,8.53,-358.58,311.81,670.39,0,"	1137,1138" 
2020-01-15T19:30:00Z,"SPY",2020-01-15T20:00:00Z,Buy,300.332889376,299.976481675,851,-303.3,8.51,-303.3,15.55,318.86,0,"	1139,1140" 
2020-01-23T16:30:00Z,"SPY",2020-01-23T17:00:00Z,Sell,301.274171253,301.731104203,846,-386.57,8.46,-402.03,0,402.03,0,"	1141,1142" 
2020-01-24T15:30:00Z,"SPY",2020-01-24T20:58:00Z,Sell,302.462196923,300.488246579,840,1658.12,8.4,-429.88,2755.85,1381.77,1,"	1143,1144" 
2020-01-28T15:30:00Z,"SPY",2020-01-28T20:58:00Z,Buy,298.249275124,298.971229185,863,623.05,8.63,-47.32,1151.45,607.27,1,"	1145,1146" 
2020-01-30T16:00:00Z,"SPY",2020-01-30T16:30:00Z,Sell,295.836669148,296.951585546,874,-974.44,8.74,-1014.37,0,1014.37,0,"	1147,1148" 
2020-01-31T15:00:00Z,"SPY",2020-01-31T20:58:00Z,Sell,297.956838036,294.310513095,861,3139.49,8.61,0,4075.82,1117.31,1,"	1149,1150" 
2020-02-03T15:00:00Z,"SPY",2020-02-03T16:30:00Z,Buy,297.161774703,296.723119071,885,-388.21,8.85,-388.21,760.25,1148.46,0,"	1151,1152" 
2020-02-03T20:30:00Z,"SPY",2020-02-03T20:58:00Z,Buy,296.969862864,296.220492826,882,-660.94,8.82,-838.27,4.03,842.3,0,"	1153,1154" 
2020-02-04T15:00:00Z,"SPY",2020-02-04T16:00:00Z,Buy,300.433414625,300.634465123,868,174.51,8.68,-313.33,444.21,368.85,1,"	1155,1156" 
2020-02-04T16:30:00Z,"SPY",2020-02-04T20:58:00Z,Buy,301.018288801,300.607049146,867,-356.54,8.67,-356.54,483.32,839.86,0,"	1157,1158" 
2020-02-10T16:00:00Z,"SPY",2020-02-10T17:30:00Z,Buy,304.618920447,304.445285926,855,-148.46,8.55,-210.97,281.29,492.25,0,"	1159,1160" 
2020-02-10T20:00:00Z,"SPY",2020-02-10T20:58:00Z,Buy,305.04843742,305.651588914,852,513.89,8.52,0,521.67,163.51,1,"	1161,1162" 
2020-02-18T17:00:00Z,"SPY",2020-02-18T17:30:00Z,Sell,306.373542975,306.87616922,852,-428.24,8.52,-443.81,0,443.81,0,"	1163,1164" 
2020-02-19T18:30:00Z,"SPY",2020-02-19T19:00:00Z,Buy,309.581212284,309.471548376,840,-92.12,8.4,-126.66,15.35,142.01,0,"	1165,1166" 
2020-02-20T16:30:00Z,"SPY",2020-02-20T18:30:00Z,Sell,307.031526423,307.269131557,847,-201.25,8.47,-417.98,1238.47,1656.46,0,"	1167,1168" 
2020-02-20T19:00:00Z,"SPY",2020-02-20T19:30:00Z,Sell,306.921862515,307.442766078,846,-440.68,8.46,-672.62,0,672.62,0,"	1169,1170" 
2020-02-21T15:00:00Z,"SPY",2020-02-21T16:30:00Z,Sell,305.313458531,305.477954393,847,-139.33,8.47,-317.36,774.04,959.82,0,"	1171,1172" 
2020-02-21T18:00:00Z,"SPY",2020-02-21T20:58:00Z,Sell,305.203794623,304.68289106,846,440.68,8.46,-208.75,1051.46,943.22,1,"	1173,1174" 
2020-02-25T15:30:00Z,"SPY",2020-02-25T20:58:00Z,Sell,292.665554475,285.884669497,790,5356.9,7.9,-606.44,6064.41,2440.2,1,"	1175,1176" 
2020-02-26T15:30:00Z,"SPY",2020-02-26T17:00:00Z,Buy,289.083200147,288.23330486,733,-622.97,7.33,-787.09,1178.96,1966.05,0,"	1177,1178" 
2020-02-26T19:00:00Z,"SPY",2020-02-26T19:30:00Z,Sell,284.294542831,285.30893398,742,-752.68,7.42,-1322.27,81.37,1403.64,0,"	1179,1180" 
2020-02-27T15:30:00Z,"SPY",2020-02-27T16:00:00Z,Sell,276.499266704,279.222587086,803,-2186.83,8.03,-2186.83,1276.87,3463.7,0,"	1181,1182" 
2020-02-27T20:00:00Z,"SPY",2020-02-27T20:58:00Z,Sell,277.065863562,272.990021648,788,3211.76,7.88,-799.34,3218.96,1490.66,1,"	1183,1184" 
2020-02-28T15:00:00Z,"SPY",2020-02-28T16:00:00Z,Sell,262.782139545,264.984556364,655,-1442.58,6.55,-1717.93,1170.23,2888.16,0,"	1185,1186" 
2020-03-02T16:30:00Z,"SPY",2020-03-02T20:00:00Z,Buy,275.62195544,274.214601954,618,-869.74,6.18,-1378.04,1344.15,2722.19,0,"	1187,1188" 
2020-03-02T20:30:00Z,"SPY",2020-03-02T20:58:00Z,Buy,277.221220765,281.753995629,610,2764.99,6.1,0,2948.95,529.59,1,"	1189,1190" 
2020-03-03T16:30:00Z,"SPY",2020-03-03T20:58:00Z,Sell,277.212082106,273.949580843,481,1569.26,4.81,-2048.39,2487.96,2848.41,1,"	1191,1192" 
2020-03-04T18:30:00Z,"SPY",2020-03-04T20:58:00Z,Buy,282.284037851,285.665341681,462,1562.16,4.62,-236.44,1629.72,552.25,1,"	1193,1194" 
2020-03-05T18:00:00Z,"SPY",2020-03-05T18:30:00Z,Sell,276.426157432,276.974476972,410,-224.81,4.1,-224.81,325.98,550.79,0,"	1195,1196" 
2020-03-05T19:30:00Z,"SPY",2020-03-05T20:00:00Z,Sell,275.457459578,276.298216206,410,-344.71,4.1,-569.52,0,569.52,0,"	1197,1198" 
2020-03-05T20:30:00Z,"SPY",2020-03-05T20:58:00Z,Sell,274.744644176,276.407880114,410,-681.93,4.1,-756.86,0,756.86,0,"	1199,1200" 
2020-03-11T14:30:00Z,"SPY",2020-03-11T16:00:00Z,Sell,254.813228897,254.027304223,306,240.49,3.06,-220.92,715.89,528.53,1,"	1201,1202" 
2020-03-11T17:00:00Z,"SPY",2020-03-11T19:58:00Z,Sell,252.693060009,251.514172998,309,364.28,3.09,-127.07,1567.23,1485.34,1,"	1203,1204" 
2020-03-12T16:00:00Z,"SPY",2020-03-12T17:00:00Z,Sell,231.016160861,237.623411318,327,-2160.57,3.27,-2193.44,708.24,2901.68,0,"	1205,1206" 
2020-03-12T19:00:00Z,"SPY",2020-03-12T19:58:00Z,Sell,230.349038754,228.630970862,323,554.94,3.23,-847.16,575.6,1059.69,1,"	1207,1208" 
2020-03-17T16:00:00Z,"SPY",2020-03-17T17:30:00Z,Buy,229.435172854,225.596936074,212,-813.71,2.12,-1079.13,937.7,2016.83,0,"	1209,1210" 
2020-03-17T18:00:00Z,"SPY",2020-03-17T19:30:00Z,Buy,228.110067299,226.675297836,212,-304.17,2.12,-428.16,959.01,1387.18,0,"	1211,1212" 
2020-03-18T17:30:00Z,"SPY",2020-03-18T19:00:00Z,Sell,212.885061405,214.831595772,216,-420.45,2.16,-422.43,900.12,1322.55,0,"	1213,1214" 
2020-03-18T19:30:00Z,"SPY",2020-03-18T19:58:00Z,Sell,211.852392938,216.723298185,216,-1052.12,2.16,-1673.91,150.02,1823.93,0,"	1215,1216" 
2020-03-19T15:30:00Z,"SPY",2020-03-19T16:00:00Z,Buy,223.869729523,221.804392589,202,-417.2,2.02,-417.2,156.91,574.11,0,"	1217,1218" 
2020-03-19T18:00:00Z,"SPY",2020-03-19T19:58:00Z,Buy,223.421935232,220.643782896,202,-561.19,2.02,-713.48,479.96,1193.44,0,"	1219,1220" 
2020-03-20T16:30:00Z,"SPY",2020-03-20T17:00:00Z,Sell,216.2967014,218.28225548,207,-411.01,2.07,-708.8,0,708.8,0,"	1221,1222" 
2020-03-20T19:00:00Z,"SPY",2020-03-20T19:58:00Z,Sell,213.5389874,210.42277058,209,651.29,2.09,-409.22,697.4,816.51,1,"	1223,1224" 
2020-03-23T15:00:00Z,"SPY",2020-03-23T17:00:00Z,Sell,205.45888538,209.0347212,225,-804.56,2.25,-928.66,1048.62,1977.28,0,"	1225,1226" 
2020-03-23T18:00:00Z,"SPY",2020-03-23T18:30:00Z,Sell,204.93491972,205.79900344,224,-193.55,2.24,-277.98,397.4,675.38,0,"	1227,1228" 
2020-03-23T19:00:00Z,"SPY",2020-03-23T19:58:00Z,Sell,204.21791408,205.8173882,225,-359.88,2.25,-554.3,616.35,1170.65,0,"	1229,1230" 
2020-03-24T14:30:00Z,"SPY",2020-03-24T15:00:00Z,Buy,219.21068586,218.2730631,209,-195.96,2.09,-232.47,86.45,318.92,0,"	1231,1232" 
2020-03-24T16:00:00Z,"SPY",2020-03-24T18:00:00Z,Buy,221.02158472,218.08002312,207,-608.9,2.07,-658.38,430.04,1088.41,0,"	1233,1234" 
2020-03-24T19:00:00Z,"SPY",2020-03-24T19:58:00Z,Buy,221.15027804,224.32164914,206,653.3,2.06,-35.98,653.3,349.37,1,"	1235,1236" 
2020-03-25T17:00:00Z,"SPY",2020-03-25T19:58:00Z,Buy,230.57246754,227.4654431,183,-568.59,2,-651.01,920.17,1571.18,0,"	1237,1238" 
2020-03-26T14:00:00Z,"SPY",2020-03-26T19:58:00Z,Buy,233.21987298,241.0701655,179,1405.2,2,-98.73,1413.43,625.27,1,"	1239,1240" 
2020-04-02T14:30:00Z,"SPY",2020-04-02T15:30:00Z,Buy,228.91783914,229.08330198,207,34.25,2.07,-53.28,654.57,707.85,1,"	1241,1242" 
2020-04-02T17:00:00Z,"SPY",2020-04-02T17:30:00Z,Buy,230.728738,227.96183162,205,-567.22,2.05,-567.22,133.8,701.01,0,"	1243,1244" 
2020-04-03T17:30:00Z,"SPY",2020-04-03T18:30:00Z,Sell,226.76682222,226.89551554,227,-29.21,2.27,-29.21,290.05,319.26,0,"	1245,1246" 
2020-04-06T17:00:00Z,"SPY",2020-04-06T18:30:00Z,Buy,241.19885882,240.57377698,259,-161.9,2.59,-238.08,123.8,361.89,0,"	1247,1248" 
2020-04-08T18:30:00Z,"SPY",2020-04-08T19:00:00Z,Buy,250.77731878,251.65978726,259,228.56,2.59,0,228.56,173.8,1,"	1249,1250" 
2020-04-09T14:00:00Z,"SPY",2020-04-09T14:30:00Z,Buy,257.86464376,256.64205722,249,-304.42,2.49,-775.94,0,775.94,0,"	1251,1252" 
2020-04-13T14:00:00Z,"SPY",2020-04-13T16:00:00Z,Sell,251.99990532,251.53109394,273,127.99,2.73,-316.2,639.93,619.85,1,"	1253,1254" 
2020-04-13T17:30:00Z,"SPY",2020-04-13T18:00:00Z,Sell,250.85085782,251.95394342,275,-303.35,2.75,-419.13,0,419.13,0,"	1255,1256" 
2020-04-14T14:00:00Z,"SPY",2020-04-14T14:30:00Z,Buy,260.01566068,260.144354,272,35,2.72,-112.51,202.53,225.03,1,"	1257,1258" 
2020-04-21T15:00:00Z,"SPY",2020-04-21T17:30:00Z,Sell,252.02748246,252.32163862,372,-109.43,3.72,-109.43,690.75,800.18,0,"	1259,1260" 
2020-04-21T19:00:00Z,"SPY",2020-04-21T19:30:00Z,Sell,251.37482348,252.1469834,373,-288.02,3.73,-418.31,291.44,709.75,0,"	1261,1262" 
2020-04-23T14:30:00Z,"SPY",2020-04-23T16:00:00Z,Buy,259.62958072,259.49169502,390,-53.78,3.9,-191.8,480.39,672.19,0,"	1263,1264" 
2020-04-27T19:30:00Z,"SPY",2020-04-27T19:58:00Z,Buy,264.29930976,264.31769452,397,7.3,3.97,-31.02,242.68,273.7,1,"	1265,1266" 
2020-04-29T17:00:00Z,"SPY",2020-04-29T19:58:00Z,Buy,270.2100101,269.68604444,499,-261.46,4.99,-628.42,408.24,899.05,0,"	1267,1268" 
2020-04-30T16:00:00Z,"SPY",2020-04-30T17:00:00Z,Sell,266.19294004,266.55144286,524,-187.86,5.24,-221.57,476.86,698.44,0,"	1269,1270" 
2020-04-30T17:30:00Z,"SPY",2020-04-30T19:30:00Z,Sell,266.35840288,267.10298566,523,-389.42,5.23,-533.65,350.96,884.6,0,"	1271,1272" 
2020-05-01T16:00:00Z,"SPY",2020-05-01T19:58:00Z,Sell,259.87777498,259.16076934,531,380.73,5.31,-317.27,546.69,863.96,1,"	1273,1274" 
2020-05-05T14:00:00Z,"SPY",2020-05-05T14:30:00Z,Buy,264.88762208,264.280925,528,-320.34,5.28,-334.9,58.24,393.14,0,"	1275,1276" 
2020-05-05T15:30:00Z,"SPY",2020-05-05T16:30:00Z,Buy,265.21854776,265.45754964,526,125.71,5.26,-4.84,316.71,205.5,1,"	1277,1278" 
2020-05-05T17:30:00Z,"SPY",2020-05-05T19:30:00Z,Buy,265.21854776,263.96838408,526,-657.59,5.26,-657.59,343.3,1000.88,0,"	1279,1280" 
2020-05-12T17:30:00Z,"SPY",2020-05-12T18:00:00Z,Sell,267.29602564,267.93949224,709,-456.22,7.09,-456.22,0,456.22,0,"	1281,1282" 
2020-05-12T18:30:00Z,"SPY",2020-05-12T19:00:00Z,Sell,267.35117992,267.5442199,707,-136.48,7.07,-201.47,337.95,539.42,0,"	1283,1284" 
2020-05-12T19:30:00Z,"SPY",2020-05-12T19:58:00Z,Sell,266.23890194,263.92242218,709,1642.38,7.09,-32.59,1648.9,247.66,1,"	1285,1286" 
2020-05-13T15:00:00Z,"SPY",2020-05-13T19:58:00Z,Sell,261.76221288,258.91257508,703,2003.3,7.03,-348.96,3664.09,1796.5,1,"	1287,1288" 
2020-05-14T14:00:00Z,"SPY",2020-05-14T15:00:00Z,Sell,254.51861744,257.28552382,691,-1911.93,6.91,-2280.34,228.67,2509.01,0,"	1289,1290" 
2020-05-18T15:00:00Z,"SPY",2020-05-18T16:30:00Z,Buy,270.74316814,271.16601762,665,281.19,6.65,0,580.73,501.26,1,"	1291,1292" 
2020-05-18T17:30:00Z,"SPY",2020-05-18T19:00:00Z,Buy,271.89221564,271.79109946,663,-67.04,6.63,-268.16,140.17,362.63,0,"	1293,1294" 
2020-05-20T14:30:00Z,"SPY",2020-05-20T16:30:00Z,Buy,273.30784216,272.91256982,626,-247.44,6.26,-414.32,281.97,696.29,0,"	1295,1296" 
2020-05-21T15:00:00Z,"SPY",2020-05-21T16:30:00Z,Sell,271.92898516,271.52452044,612,247.53,6.12,-45.01,1142.02,1187.03,1,"	1297,1298" 
2020-05-22T15:00:00Z,"SPY",2020-05-22T15:30:00Z,Sell,269.73200634,270.00777774,700,-193.04,7,-352.62,0,352.62,0,"	1299,1300" 
2020-05-27T15:00:00Z,"SPY",2020-05-27T15:30:00Z,Sell,273.96050114,274.78781534,682,-564.23,6.82,-564.23,307.19,871.42,0,"	1301,1302" 
2020-05-29T14:30:00Z,"SPY",2020-05-29T15:30:00Z,Sell,277.18702652,277.03075606,674,105.33,6.74,-285,557.61,607.18,1,"	1303,1304" 
2020-06-03T19:30:00Z,"SPY",2020-06-03T19:58:00Z,Buy,287.3537988,286.90337218,765,-344.58,7.65,-344.58,274.25,618.83,0,"	1305,1306" 
2020-06-05T15:00:00Z,"SPY",2020-06-05T19:58:00Z,Buy,293.39319246,293.27369152,856,-102.29,8.56,-574.41,1428.16,2002.58,0,"	1307,1308" 
2020-06-08T18:00:00Z,"SPY",2020-06-08T19:58:00Z,Buy,295.78321126,296.89548924,766,852,7.66,-84.5,897.77,323.9,1,"	1309,1310" 
2020-06-10T14:30:00Z,"SPY",2020-06-10T15:30:00Z,Sell,293.26449914,293.82523432,887,-497.37,8.87,-774.6,595.22,1288.28,0,"	1311,1312" 
2020-06-11T14:30:00Z,"SPY",2020-06-11T19:58:00Z,Sell,285.12005046,276.43325136,909,7896.3,9.09,-802.16,8205.47,1838.29,1,"	1313,1314" 
2020-06-12T18:00:00Z,"SPY",2020-06-12T18:30:00Z,Sell,274.72346868,276.7825618,537,-1105.73,5.37,-1105.73,0,1105.73,0,"	1315,1316" 
2020-06-15T18:30:00Z,"SPY",2020-06-15T19:30:00Z,Buy,283.0333802,281.16732706,512,-955.42,5.12,-955.42,0,955.42,0,"	1317,1318" 
2020-06-17T14:30:00Z,"SPY",2020-06-17T15:00:00Z,Sell,286.46213794,287.56522354,498,-549.34,4.98,-764.49,123.6,888.09,0,"	1319,1320" 
2020-06-19T18:30:00Z,"SPY",2020-06-19T19:00:00Z,Sell,284.00212764,285.700970016,500,-849.42,5,-923.28,78.02,1001.3,0,"	1321,1322" 
2020-06-24T14:00:00Z,"SPY",2020-06-24T19:58:00Z,Sell,284.122154547,280.816798185,502,1659.29,5.02,-259.55,2502.84,1524.88,1,"	1323,1324" 
2020-06-26T14:30:00Z,"SPY",2020-06-26T19:58:00Z,Sell,279.607296276,276.98517,515,1350.4,5.15,-99.85,1592.9,955.74,1,"	1325,1326" 
2020-06-30T16:00:00Z,"SPY",2020-06-30T16:30:00Z,Buy,283.26350052,283.63281408,489,180.59,4.89,-49.66,291.21,115.13,1,"	1327,1328" 
2020-07-02T14:00:00Z,"SPY",2020-07-02T14:30:00Z,Buy,291.194509221,289.551063879,724,-1189.85,7.24,-1196.54,106.95,1303.49,0,"	1329,1330" 
2020-07-08T14:00:00Z,"SPY",2020-07-08T14:30:00Z,Buy,291.85004079,291.046783797,736,-591.2,7.36,-591.2,81.54,672.74,0,"	1331,1332" 
2020-07-09T15:00:00Z,"SPY",2020-07-09T17:00:00Z,Sell,288.009179766,289.44950265,740,-1065.84,7.4,-1117.08,813.04,1930.12,0,"	1333,1334" 
2020-07-09T18:00:00Z,"SPY",2020-07-09T18:30:00Z,Sell,289.338708582,290.418950745,730,-788.58,7.3,-812.17,0,812.17,0,"	1335,1336" 
2020-07-10T19:00:00Z,"SPY",2020-07-10T19:58:00Z,Buy,292.607133588,293.23496664,711,446.39,7.11,-242.89,531.73,459.52,1,"	1337,1338" 
2020-07-13T15:30:00Z,"SPY",2020-07-13T16:00:00Z,Buy,297.528236775,297.029663469,698,-348,6.98,-438.23,0,438.23,0,"	1339,1340" 
2020-07-13T17:30:00Z,"SPY",2020-07-13T18:00:00Z,Buy,297.546702453,297.223553088,696,-224.91,6.96,-224.91,224.91,449.82,0,"	1341,1342" 
2020-07-14T18:30:00Z,"SPY",2020-07-14T19:58:00Z,Buy,292.902584436,294.546029778,694,1140.55,6.94,-781.73,1236.66,941.92,1,"	1343,1344" 
2020-07-20T17:30:00Z,"SPY",2020-07-20T19:58:00Z,Buy,298.49768487,299.679488262,901,1064.8,9.01,-116.46,1393.4,332.75,1,"	1345,1346" 
2020-07-22T14:00:00Z,"SPY",2020-07-22T14:30:00Z,Buy,300.732031908,300.34425267,901,-349.39,9.01,-349.39,199.65,549.04,0,"	1347,1348" 
2020-07-23T17:00:00Z,"SPY",2020-07-23T19:58:00Z,Sell,300.298088475,297.925248852,900,2135.56,9,-457.03,2991.44,1254.74,1,"	1349,1350" 
2020-07-27T14:00:00Z,"SPY",2020-07-27T15:00:00Z,Buy,297.869851818,297.842153301,922,-25.54,9.22,-170.25,255.38,383.07,0,"	1351,1352" 
2020-07-29T14:00:00Z,"SPY",2020-07-29T19:58:00Z,Buy,298.054508598,299.928774915,921,1726.2,9.21,0,2397.97,1156.47,1,"	1353,1354" 
2020-07-30T14:00:00Z,"SPY",2020-07-30T15:00:00Z,Sell,295.561642068,296.761911138,940,-1128.25,9.4,-1267.11,234.33,1501.44,0,"	1355,1356" 
2020-07-31T14:30:00Z,"SPY",2020-07-31T15:00:00Z,Sell,297.962180208,298.516150548,925,-512.42,9.25,-555.12,136.65,649.07,0,"	1357,1358" 
2020-07-31T16:30:00Z,"SPY",2020-07-31T17:30:00Z,Sell,298.109905632,297.980645886,921,119.05,9.21,0,1258.51,1139.46,1,"	1359,1360" 
2020-08-06T18:30:00Z,"SPY",2020-08-06T19:58:00Z,Buy,308.044440396,308.496849507,892,403.55,8.92,0,658.86,560.03,1,"	1361,1362" 
2020-08-10T15:00:00Z,"SPY",2020-08-10T15:30:00Z,Sell,307.628962641,308.709204804,896,-967.9,8.96,-984.44,57.91,1042.35,0,"	1363,1364" 
2020-08-12T14:00:00Z,"SPY",2020-08-12T17:30:00Z,Buy,310.59270396,310.841990613,881,219.62,8.81,-113.88,1134.71,996.43,1,"	1365,1366" 
2020-08-12T18:00:00Z,"SPY",2020-08-12T19:58:00Z,Buy,311.97762981,311.691411801,878,-251.3,8.78,-478.28,295.88,774.16,0,"	1367,1368" 
2020-08-18T14:30:00Z,"SPY",2020-08-18T15:00:00Z,Sell,310.96201752,311.857602903,879,-787.22,8.79,-787.22,0,787.22,0,"	1369,1370" 
2020-08-20T19:00:00Z,"SPY",2020-08-20T19:30:00Z,Buy,312.273080658,312.088423878,871,-160.84,8.71,-361.88,273.42,635.3,0,"	1371,1372" 
2020-08-21T19:00:00Z,"SPY",2020-08-21T19:58:00Z,Buy,313.316391465,313.519513923,867,176.11,8.67,-112.07,244.15,352.21,1,"	1373,1374" 
2020-08-26T15:30:00Z,"SPY",2020-08-26T19:58:00Z,Buy,318.948423255,321.016579191,852,1762.07,8.52,-55.06,1840.73,1101.29,1,"	1375,1376" 
2020-08-27T14:00:00Z,"SPY",2020-08-27T15:30:00Z,Buy,322.475367753,322.189149744,854,-244.43,8.54,-1364.08,402.13,1364.08,0,"	1377,1378" 
2020-08-27T16:00:00Z,"SPY",2020-08-27T16:30:00Z,Buy,322.724654406,321.505919658,852,-1038.36,8.52,-1038.36,0,1038.36,0,"	1379,1380" 
2020-08-31T15:30:00Z,"SPY",2020-08-31T16:00:00Z,Sell,322.669257372,323.287857585,845,-522.72,8.45,-686.55,148.23,834.79,0,"	1381,1382" 
2020-09-01T14:30:00Z,"SPY",2020-09-01T15:00:00Z,Buy,324.432729621,323.749499535,838,-572.55,8.38,-572.55,0,572.55,0,"	1383,1384" 
2020-09-01T17:00:00Z,"SPY",2020-09-01T19:58:00Z,Buy,324.266538519,325.097494029,834,693.02,8.34,-250.26,696.87,373.46,1,"	1385,1386" 
2020-09-02T16:30:00Z,"SPY",2020-09-02T19:58:00Z,Buy,328.162796577,330.609498912,829,2028.32,8.29,-30.62,2491.38,635.28,1,"	1387,1388" 
2020-09-03T14:30:00Z,"SPY",2020-09-03T19:58:00Z,Sell,325.660697208,318.985354611,847,5654.02,8.47,-226.79,7867.14,3088.98,1,"	1389,1390" 
2020-09-04T14:00:00Z,"SPY",2020-09-04T16:30:00Z,Sell,317.194183845,314.37816795,807,2272.52,8.07,-663.13,6437.58,4172.5,1,"	1391,1392" 
2020-09-04T17:30:00Z,"SPY",2020-09-04T18:00:00Z,Sell,313.27022727,314.248908204,830,-812.31,8.3,-842.96,536.43,1379.39,0,"	1393,1394" 
2020-09-08T19:00:00Z,"SPY",2020-09-08T19:30:00Z,Sell,308.819998872,309.309339339,817,-399.79,8.17,-399.79,1169.2,1568.99,0,"	1395,1396" 
2020-09-09T14:00:00Z,"SPY",2020-09-09T19:58:00Z,Buy,312.217683624,314.313538077,681,1427.28,6.81,0,2653.35,1226.07,1,"	1397,1398" 
2020-09-10T18:30:00Z,"SPY",2020-09-10T19:58:00Z,Sell,308.616876414,308.727670482,649,-71.91,6.49,-1138.5,683.1,1492.04,0,"	1399,1400" 
2020-09-11T17:30:00Z,"SPY",2020-09-11T18:30:00Z,Sell,306.244036791,306.918034038,624,-420.57,6.24,-800.82,288.06,1088.88,0,"	1401,1402" 
2020-09-14T14:00:00Z,"SPY",2020-09-14T17:00:00Z,Buy,312.947077905,313.519513923,611,349.76,6.11,-78.98,719.26,538.74,1,"	1403,1404" 
2020-09-18T16:30:00Z,"SPY",2020-09-18T19:58:00Z,Sell,307.89653986,306.663655928,622,766.85,6.22,0,2188.13,1813.35,1,"	1405,1406" 
2020-09-21T14:30:00Z,"SPY",2020-09-21T16:00:00Z,Sell,299.13657508,300.007936656,646,-562.9,6.46,-610.81,532.96,1143.76,0,"	1407,1408" 
2020-09-21T17:00:00Z,"SPY",2020-09-21T17:30:00Z,Sell,299.655684104,300.71244176,642,-678.44,6.42,-678.44,333.27,1011.71,0,"	1409,1410" 
2020-09-23T16:00:00Z,"SPY",2020-09-23T17:00:00Z,Sell,303.595350804,304.661378264,624,-665.2,6.24,-665.2,205.34,870.55,0,"	1411,1412" 
2020-09-23T18:00:00Z,"SPY",2020-09-23T19:58:00Z,Sell,303.113320996,299.04387704,622,2531.19,6.22,0,2813.72,787.03,1,"	1413,1414" 
2020-09-24T17:30:00Z,"SPY",2020-09-24T18:30:00Z,Buy,302.492244128,300.832949212,643,-1066.93,6.43,-1114.61,226.5,1341.11,0,"	1415,1416" 
2020-09-25T17:30:00Z,"SPY",2020-09-25T19:58:00Z,Buy,302.390276284,304.818964932,732,1777.8,7.32,0,2232.43,875.33,1,"	1417,1418" 
2020-09-29T16:00:00Z,"SPY",2020-09-29T17:00:00Z,Sell,307.89653986,308.40637908,731,-372.69,7.31,-399.8,223.62,623.41,0,"	1419,1420" 
2020-09-30T14:00:00Z,"SPY",2020-09-30T19:00:00Z,Buy,310.603322628,311.354176752,786,590.17,7.86,-488.17,2345.38,2833.55,1,"	1421,1422" 
2020-10-05T14:30:00Z,"SPY",2020-10-05T18:00:00Z,Buy,313.013471668,313.171058336,841,132.53,8.41,0,857.55,771.79,1,"	1423,1424" 
2020-10-05T19:00:00Z,"SPY",2020-10-05T19:58:00Z,Buy,314.403942268,314.9415909,838,450.55,8.38,-147.59,598.14,365.1,1,"	1425,1426" 
2020-10-06T19:00:00Z,"SPY",2020-10-06T19:58:00Z,Sell,312.410934408,311.09462224,783,1030.67,7.83,0,1850.86,1633.11,1,"	1427,1428" 
2020-10-07T18:30:00Z,"SPY",2020-10-07T19:58:00Z,Buy,316.294982284,316.28571248,747,-6.92,7.47,-263.13,256.21,443.17,0,"	1429,1430" 
2020-10-12T15:30:00Z,"SPY",2020-10-12T19:58:00Z,Buy,326.056085896,326.862558844,746,601.63,7.46,-124.47,1569.77,1210.17,1,"	1431,1432" 
2020-10-14T14:00:00Z,"SPY",2020-10-14T14:30:00Z,Buy,326.046816092,324.600726668,876,-1266.77,8.76,-1327.68,0,1327.68,0,"	1433,1434" 
2020-10-14T16:00:00Z,"SPY",2020-10-14T18:00:00Z,Sell,322.756035672,322.709686652,877,40.65,8.77,-666.63,821.09,1008.07,1,"	1435,1436" 
2020-10-16T14:30:00Z,"SPY",2020-10-16T15:00:00Z,Buy,325.017867848,324.331902352,862,-591.3,8.62,-599.29,0,599.29,0,"	1437,1438" 
2020-10-19T18:00:00Z,"SPY",2020-10-19T19:58:00Z,Sell,319.650651332,316.684314052,919,2726.06,9.19,-281.13,3109.42,1141.54,1,"	1439,1440" 
2020-10-20T14:00:00Z,"SPY",2020-10-20T14:30:00Z,Buy,319.650651332,319.150081916,864,-432.49,8.64,-552.63,232.26,784.89,0,"	1441,1442" 
2020-10-20T17:30:00Z,"SPY",2020-10-20T18:30:00Z,Buy,321.115280364,320.290267808,857,-707.04,8.57,-794.42,333.66,1128.08,0,"	1443,1444" 
2020-10-21T14:00:00Z,"SPY",2020-10-21T15:00:00Z,Buy,320.17903016,318.909067012,863,-1095.98,8.63,-1095.98,72,1167.98,0,"	1445,1446" 
2020-10-26T15:00:00Z,"SPY",2020-10-26T19:58:00Z,Sell,314.839623056,314.29270462,946,517.38,9.46,0,3411.23,2893.85,1,"	1447,1448" 
2020-10-27T14:30:00Z,"SPY",2020-10-27T15:00:00Z,Sell,313.745786184,314.042419912,945,-280.32,9.45,-981.12,0,981.12,0,"	1449,1450" 
2020-10-28T14:00:00Z,"SPY",2020-10-28T19:58:00Z,Sell,307.080797108,302.501513932,971,4446.48,9.71,-108.01,4450.98,2277.25,1,"	1451,1452" 
2020-10-29T14:00:00Z,"SPY",2020-10-29T19:58:00Z,Buy,303.919793944,307.145685736,834,2690.39,8.34,-417.47,4228.87,1693.09,1,"	1453,1454" 
2020-10-30T14:30:00Z,"SPY",2020-10-30T16:30:00Z,Sell,301.5003751,302.6591006,848,-982.6,8.48,-1108.37,1572.16,2680.53,0,"	1455,1456" 
2020-10-30T17:00:00Z,"SPY",2020-10-30T19:58:00Z,Sell,301.22228098,301.389137452,844,-140.83,8.44,-391.19,1619.51,1768.16,0,"	1457,1458" 
2020-11-02T15:30:00Z,"SPY",2020-11-02T16:00:00Z,Buy,307.368161032,306.098197884,914,-1160.75,9.14,-1160.75,0,1160.75,0,"	1459,1460" 
2020-11-03T15:00:00Z,"SPY",2020-11-03T18:00:00Z,Buy,310.890686552,311.715699108,838,691.36,8.38,0,2217.79,1604.11,1,"	1461,1462" 
2020-11-03T20:30:00Z,"SPY",2020-11-03T20:58:00Z,Buy,311.864015972,312.197728916,839,279.99,8.39,0,1174.38,894.4,1,"	1463,1464" 
2020-11-04T15:00:00Z,"SPY",2020-11-04T20:30:00Z,Buy,317.500056804,318.668052108,748,873.66,7.48,-104.01,3681.85,2808.19,1,"	1465,1466" 
2020-11-05T16:00:00Z,"SPY",2020-11-05T16:30:00Z,Buy,325.991197268,325.444278832,658,-359.87,6.58,-701.45,73.19,774.64,0,"	1467,1468" 
2020-11-06T15:00:00Z,"SPY",2020-11-06T15:30:00Z,Sell,322.839463908,324.285553332,624,-902.36,6.24,-1058.54,34.71,1093.24,0,"	1469,1470" 
2020-11-12T18:30:00Z,"SPY",2020-11-12T19:00:00Z,Sell,326.519576096,327.650492184,627,-709.08,6.27,-709.08,75.56,784.64,0,"	1471,1472" 
2020-11-12T19:30:00Z,"SPY",2020-11-12T20:58:00Z,Sell,326.936717276,327.066494532,624,-80.98,6.24,-237.16,705.69,786.67,0,"	1473,1474" 
2020-11-17T15:00:00Z,"SPY",2020-11-17T15:30:00Z,Sell,332.220505556,333.230914192,633,-639.59,6.33,-704.13,0,704.13,0,"	1475,1476" 
2020-11-24T16:30:00Z,"SPY",2020-11-24T20:58:00Z,Buy,335.956236568,336.827598144,872,759.83,8.72,-129.33,1058.91,1123.57,1,"	1477,1478" 
2020-11-25T15:00:00Z,"SPY",2020-11-25T17:00:00Z,Sell,335.715221664,335.715221664,916,0,9.16,-220.77,500.98,721.75,0,"	1479,1480" 
2020-11-25T17:30:00Z,"SPY",2020-11-25T18:00:00Z,Sell,335.650333036,336.225060884,916,-526.45,9.16,-526.45,0,526.45,0,"	1481,1482" 
2020-11-30T15:30:00Z,"SPY",2020-11-30T17:30:00Z,Sell,334.82532048,334.602845184,915,203.56,9.15,0,1522.5,1386.79,1,"	1483,1484" 
2020-12-01T15:30:00Z,"SPY",2020-12-01T16:00:00Z,Buy,340.183267192,339.543650716,902,-576.93,9.02,-936.47,8.36,944.83,0,"	1485,1486" 
2020-12-01T16:30:00Z,"SPY",2020-12-01T17:00:00Z,Buy,339.886633464,339.5065715,900,-342.06,9,-433.83,208.57,642.4,0,"	1487,1488" 
2020-12-01T17:30:00Z,"SPY",2020-12-01T18:00:00Z,Buy,339.886633464,339.64561856,897,-216.19,8.97,-324.29,166.3,490.59,0,"	1489,1490" 
2020-12-01T18:30:00Z,"SPY",2020-12-01T20:00:00Z,Buy,340.183267192,339.988601308,895,-174.23,8.95,-182.52,489.49,672.01,0,"	1491,1492" 
2020-12-03T15:30:00Z,"SPY",2020-12-03T16:30:00Z,Buy,340.730185628,340.841423276,893,99.34,8.93,-504.95,305.46,810.41,1,"	1493,1494" 
2020-12-04T15:00:00Z,"SPY",2020-12-04T19:30:00Z,Buy,341.351262496,341.712784852,892,322.48,8.92,-90.96,834.31,557.31,1,"	1495,1496" 
2020-12-04T20:00:00Z,"SPY",2020-12-04T20:58:00Z,Buy,342.24116368,342.61195584,891,330.38,8.91,-355.15,338.64,487.3,1,"	1497,1498" 
2020-12-08T18:00:00Z,"SPY",2020-12-08T19:00:00Z,Buy,343.010557412,343.038366824,891,24.78,8.91,-53.69,231.26,247.78,1,"	1499,1500" 
2020-12-08T19:30:00Z,"SPY",2020-12-08T20:00:00Z,Buy,343.548206044,343.2144931,890,-297,8.9,-462.01,0,462.01,0,"	1501,1502" 
2020-12-09T18:00:00Z,"SPY",2020-12-09T20:58:00Z,Sell,341.610817008,341.026819356,893,521.51,8.93,-24.83,2052.93,1531.42,1,"	1503,1504" 
2020-12-14T15:00:00Z,"SPY",2020-12-14T16:00:00Z,Buy,342.537797408,341.156596612,894,-1234.79,8.94,-1234.79,198.89,1433.69,0,"	1505,1506" 
2020-12-15T19:00:00Z,"SPY",2020-12-15T20:30:00Z,Buy,342.222624072,341.907450736,887,-279.56,8.87,-279.56,304.23,583.78,0,"	1507,1508" 
2020-12-18T15:00:00Z,"SPY",2020-12-18T20:58:00Z,Sell,344.091011916,344.295816912,881,-180.43,8.81,-471.59,2033.97,2505.56,0,"	1509,1510" 
2020-12-21T15:30:00Z,"SPY",2020-12-21T16:30:00Z,Sell,337.760675676,339.41773428,896,-1484.72,8.96,-1626.52,141.8,1768.32,0,"	1511,1512" 
2020-12-23T15:00:00Z,"SPY",2020-12-23T15:30:00Z,Buy,343.504524882,343.039058982,872,-405.89,8.72,-519.53,8.12,527.65,0,"	1513,1514" 
2021-01-04T15:30:00Z,"SPY",2021-01-04T20:58:00Z,Sell,346.753476864,343.309029204,862,2969.11,8.62,0,5841.93,3258,1,"	1515,1516" 
2021-01-05T15:00:00Z,"SPY",2021-01-05T15:30:00Z,Buy,344.58440577,344.202723732,885,-337.79,8.85,-617.91,584.95,1202.86,0,"	1517,1518" 
2021-01-05T18:00:00Z,"SPY",2021-01-05T20:58:00Z,Buy,344.919541218,345.729451884,882,714.34,8.82,-106.74,1543.63,1190.57,1,"	1519,1520" 
2021-01-06T15:00:00Z,"SPY",2021-01-06T20:30:00Z,Buy,346.530053232,348.35467956,882,1609.32,8.82,-73.9,3826.24,3111.9,1,"	1521,1522" 
2021-01-07T15:00:00Z,"SPY",2021-01-07T20:58:00Z,Buy,351.780508584,353.121050376,877,1175.66,8.77,-40.82,1551.21,1175.66,1,"	1523,1524" 
2021-01-15T15:30:00Z,"SPY",2021-01-15T16:00:00Z,Sell,348.699124326,349.397323176,892,-622.79,8.92,-880.21,74.74,954.95,0,"	1525,1526" 
2021-01-20T16:00:00Z,"SPY",2021-01-20T16:30:00Z,Buy,356.342074404,356.17450668,869,-145.62,8.69,-477.3,40.45,477.3,0,"	1527,1528" 
2021-01-20T17:30:00Z,"SPY",2021-01-20T20:58:00Z,Buy,356.891324166,357.775709376,867,766.76,8.67,0,1117.86,573.05,1,"	1529,1530" 
2021-01-25T16:00:00Z,"SPY",2021-01-25T17:00:00Z,Sell,354.908439432,355.951083048,876,-913.36,8.76,-913.36,1908.26,2821.62,0,"	1531,1532" 
2021-01-27T17:00:00Z,"SPY",2021-01-27T18:00:00Z,Sell,350.272399068,352.49732607,882,-1962.39,8.82,-1970.6,262.75,2233.34,0,"	1533,1534" 
2021-01-27T19:00:00Z,"SPY",2021-01-27T20:58:00Z,Sell,351.315042684,348.149874564,869,2750.53,8.69,-388.31,4287.59,1876.83,1,"	1535,1536" 
2021-01-28T15:30:00Z,"SPY",2021-01-28T20:30:00Z,Buy,352.73005902,353.121050376,881,344.46,8.81,-360.87,2444.05,2099.59,1,"	1537,1538" 
2021-01-29T16:30:00Z,"SPY",2021-01-29T20:58:00Z,Sell,346.967591178,345.924947562,897,935.25,8.97,-350.72,3590.7,3941.42,1,"	1539,1540" 
2021-02-01T17:30:00Z,"SPY",2021-02-01T20:58:00Z,Buy,350.160687252,350.840267466,890,604.83,8.9,-323.13,994.24,886.53,1,"	1541,1542" 
2021-02-02T15:00:00Z,"SPY",2021-02-02T20:58:00Z,Buy,354.582613302,355.532163738,804,763.44,8.04,0,1691.54,995.46,1,"	1543,1544" 
2021-02-04T15:00:00Z,"SPY",2021-02-04T15:30:00Z,Buy,357.394027338,357.254387568,759,-105.99,7.59,-190.78,325.03,438.08,0,"	1545,1546" 
2021-02-04T16:00:00Z,"SPY",2021-02-04T17:00:00Z,Buy,357.738472104,358.017751644,758,211.69,7.58,0,289.31,254.03,1,"	1547,1548" 
2021-02-04T18:30:00Z,"SPY",2021-02-04T20:58:00Z,Buy,358.529764134,358.930064808,757,303.03,7.57,-98.66,334.74,324.17,1,"	1549,1550" 
2021-02-18T15:30:00Z,"SPY",2021-02-18T16:00:00Z,Sell,361.657694982,362.1324702,875,-415.43,8.75,-708.67,568.57,1277.24,0,"	1551,1552" 
2021-02-23T15:00:00Z,"SPY",2021-02-23T15:30:00Z,Sell,355.820752596,357.822255966,888,-1777.33,8.88,-1777.33,355.47,2132.8,0,"	1553,1554" 
2021-02-23T18:00:00Z,"SPY",2021-02-23T18:30:00Z,Sell,356.332765086,358.50183618,876,-1900.11,8.76,-1908.26,89.7,1997.97,0,"	1555,1556" 
2021-02-23T20:30:00Z,"SPY",2021-02-23T20:58:00Z,Buy,362.011449066,361.071207948,852,-801.09,8.52,-1007.31,0,1007.31,0,"	1557,1558" 
2021-02-24T16:00:00Z,"SPY",2021-02-24T20:58:00Z,Buy,361.536673848,365.074214688,849,3003.37,8.49,-23.71,3003.37,806.17,1,"	1559,1560" 
2021-02-25T15:30:00Z,"SPY",2021-02-25T20:58:00Z,Sell,362.793431778,356.342074404,862,5561.07,8.62,0,7013.53,3591.02,1,"	1561,1562" 
2021-02-26T15:30:00Z,"SPY",2021-02-26T16:00:00Z,Sell,352.3576863,355.960392366,919,-3310.89,9.19,-3687.32,0,3687.32,0,"	1563,1564" 
2021-03-01T15:00:00Z,"SPY",2021-03-01T20:58:00Z,Buy,360.214750692,362.374512468,881,1902.75,8.81,-303.46,3243.7,1447.57,1,"	1565,1566" 
2021-03-02T15:30:00Z,"SPY",2021-03-02T17:30:00Z,Sell,360.78261909,361.415652714,881,-557.7,8.81,-787.34,738.14,1525.48,0,"	1567,1568" 
2021-03-03T15:00:00Z,"SPY",2021-03-03T16:00:00Z,Sell,357.952586418,358.54838277,869,-517.75,8.69,-655.27,1027.4,1682.68,0,"	1569,1570" 
2021-03-03T19:30:00Z,"SPY",2021-03-03T20:00:00Z,Sell,356.742375078,357.515048472,869,-671.45,8.69,-679.54,728.08,1407.62,0,"	1571,1572" 
2021-03-03T20:30:00Z,"SPY",2021-03-03T20:58:00Z,Sell,356.537570082,355.681112826,866,741.69,8.66,-419.22,814.25,765.88,1,"	1573,1574" 
2021-03-04T18:00:00Z,"SPY",2021-03-04T20:58:00Z,Sell,350.970597918,349.713839988,842,1058.19,8.42,-634.91,3974.09,4264.11,1,"	1575,1576" 
2021-03-05T16:00:00Z,"SPY",2021-03-05T17:00:00Z,Sell,349.462488402,349.918644984,828,-377.7,8.28,-385.41,2065.77,2451.18,0,"	1577,1578" 
2021-03-05T20:00:00Z,"SPY",2021-03-05T20:30:00Z,Buy,356.63997258,356.798230986,810,128.19,8.1,-444.89,422.27,701.27,1,"	1579,1580" 
2021-03-08T15:30:00Z,"SPY",2021-03-08T17:00:00Z,Buy,360.000636378,358.632166632,728,-996.25,7.28,-996.25,406.63,1402.88,0,"	1581,1582" 
2021-03-08T17:30:00Z,"SPY",2021-03-08T18:00:00Z,Buy,360.205441374,360.028564332,723,-127.88,7.23,-127.88,390.38,518.26,0,"	1583,1584" 
2021-03-08T18:30:00Z,"SPY",2021-03-08T19:00:00Z,Buy,360.577814094,357.794328012,722,-2009.68,7.22,-2023.12,0,2023.12,0,"	1585,1586" 
2021-03-09T15:00:00Z,"SPY",2021-03-09T20:30:00Z,Buy,360.521958186,362.141779518,711,1151.69,7.11,-29.79,1734.16,628.8,1,"	1587,1588" 
2021-03-11T16:00:00Z,"SPY",2021-03-11T19:00:00Z,Buy,366.83367579,367.308451008,662,314.3,6.62,0,949.07,708.72,1,"	1589,1590" 
2021-03-19T14:00:00Z,"SPY",2021-03-19T14:30:00Z,Sell,362.879365959,363.13154064,753,-189.89,7.53,-379.78,822.85,1202.62,0,"	1591,1592" 
2021-03-22T14:00:00Z,"SPY",2021-03-22T19:58:00Z,Buy,365.475831193,366.736704598,867,1093.18,8.67,-210.54,2145.87,1206.54,1,"	1593,1594" 
2021-03-23T19:30:00Z,"SPY",2021-03-23T19:58:00Z,Sell,363.673249214,363.635890002,877,32.76,8.77,-278.49,516.03,794.53,1,"	1595,1596" 
2021-03-24T15:00:00Z,"SPY",2021-03-24T15:30:00Z,Buy,366.344432872,366.223015433,871,-105.75,8.71,-244.05,357.94,601.99,0,"	1597,1598" 
2021-03-25T19:30:00Z,"SPY",2021-03-25T19:58:00Z,Buy,363.757307441,363.990802516,876,204.54,8.76,-32.73,769.08,564.54,1,"	1599,1600" 
2021-03-26T14:30:00Z,"SPY",2021-03-26T15:00:00Z,Buy,366.185656221,365.662627253,871,-455.56,8.71,-520.64,122.02,642.66,0,"	1601,1602" 
2021-03-26T17:00:00Z,"SPY",2021-03-26T18:00:00Z,Buy,366.577927947,366.092258191,868,-421.56,8.68,-851.23,356.71,1207.94,0,"	1603,1604" 
2021-03-26T19:30:00Z,"SPY",2021-03-26T19:58:00Z,Buy,366.895481249,369.323830029,865,2100.52,8.65,0,2100.52,266.6,1,"	1605,1606" 
2021-03-29T14:30:00Z,"SPY",2021-03-29T15:30:00Z,Sell,367.14765593,367.978898397,876,-728.17,8.76,-801.8,171.82,899.98,0,"	1607,1608" 
2021-03-31T14:00:00Z,"SPY",2021-03-31T14:30:00Z,Buy,369.996295845,369.921577421,865,-64.63,8.65,-64.63,302.96,367.59,0,"	1609,1610" 
2021-03-31T15:00:00Z,"SPY",2021-03-31T19:58:00Z,Buy,370.622062646,370.351208359,863,-233.75,8.63,-362.71,930.96,1293.67,0,"	1611,1612" 
2021-04-01T14:30:00Z,"SPY",2021-04-01T16:00:00Z,Buy,372.863615366,372.826256154,857,-32.02,8.57,-320.17,216.11,388.2,0,"	1613,1614" 
2021-04-01T16:30:00Z,"SPY",2021-04-01T17:30:00Z,Buy,373.358624925,373.013052214,855,-295.46,8.55,-319.42,47.91,367.33,0,"	1615,1616" 
2021-04-01T18:00:00Z,"SPY",2021-04-01T19:00:00Z,Buy,373.274566698,373.526741379,854,215.36,8.54,-15.95,255.24,86.94,1,"	1617,1618" 
2021-04-05T14:00:00Z,"SPY",2021-04-05T19:58:00Z,Buy,377.841730365,379.75638998,844,1615.97,8.44,-236.48,1860.34,874.99,1,"	1619,1620" 
2021-04-09T18:00:00Z,"SPY",2021-04-09T19:00:00Z,Buy,382.754466743,382.661068713,842,-78.64,8.42,-173.01,110.1,283.11,0,"	1621,1622" 
2021-04-09T19:30:00Z,"SPY",2021-04-09T19:58:00Z,Buy,383.454951968,384.202136208,840,627.63,8.4,0,710.01,227.52,1,"	1623,1624" 
2021-04-13T18:30:00Z,"SPY",2021-04-13T19:58:00Z,Buy,385.45366981,385.668485279,839,180.23,8.39,0,634.72,595.54,1,"	1625,1626" 
2021-04-14T14:00:00Z,"SPY",2021-04-14T14:30:00Z,Buy,386.509067549,386.004718187,837,-422.14,8.37,-496.41,0,496.41,0,"	1627,1628" 
2021-04-14T19:00:00Z,"SPY",2021-04-14T19:30:00Z,Sell,384.192796405,384.753184585,840,-470.73,8.4,-470.73,290.28,761.01,0,"	1629,1630" 
2021-04-15T14:30:00Z,"SPY",2021-04-15T19:30:00Z,Buy,387.190873168,387.564465288,831,310.46,8.31,0,869.27,655.84,1,"	1631,1632" 
2021-04-19T15:00:00Z,"SPY",2021-04-19T15:30:00Z,Sell,387.919377802,388.208911695,831,-240.6,8.31,-240.6,357.02,597.63,0,"	1633,1634" 
2021-04-19T16:00:00Z,"SPY",2021-04-19T19:58:00Z,Sell,387.443047849,387.489746864,831,-38.81,8.31,-279.41,764.5,958.53,0,"	1635,1636" 
2021-04-20T15:00:00Z,"SPY",2021-04-20T19:58:00Z,Sell,385.117436902,384.98667966,836,109.31,8.36,-163.97,1319.56,1483.53,1,"	1637,1638" 
2021-04-21T14:00:00Z,"SPY",2021-04-21T19:58:00Z,Buy,386.116795823,388.507785391,834,1994.09,8.34,-272.63,2142.08,381.68,1,"	1639,1640" 
2021-04-22T17:30:00Z,"SPY",2021-04-22T19:58:00Z,Sell,387.302950804,385.285553356,842,1698.65,8.42,-62.91,2760.3,1776.5,1,"	1641,1642" 
2021-04-23T14:00:00Z,"SPY",2021-04-23T19:58:00Z,Buy,386.85464026,389.460445297,852,2220.15,8.52,-15.92,3175.05,1102.12,1,"	1643,1644" 
2021-04-27T14:00:00Z,"SPY",2021-04-27T14:30:00Z,Sell,389.320348252,389.684600569,857,-312.16,8.57,-312.16,216.11,528.28,0,"	1645,1646" 
2021-05-04T14:00:00Z,"SPY",2021-05-04T17:30:00Z,Sell,386.537086958,386.378310307,862,136.87,8.62,-523.31,1682.64,1706.79,1,"	1647,1648" 
2021-05-06T14:00:00Z,"SPY",2021-05-06T15:00:00Z,Sell,387.405688637,387.732581742,861,-281.45,8.61,-394.04,812.2,1206.24,0,"	1649,1650" 
2021-05-06T16:30:00Z,"SPY",2021-05-06T17:00:00Z,Buy,389.955454856,389.413746282,854,-462.62,8.54,-470.6,0,470.6,0,"	1651,1652" 
2021-05-07T14:00:00Z,"SPY",2021-05-07T17:30:00Z,Buy,393.159007285,393.663356647,844,425.67,8.44,0,1466.2,1040.53,1,"	1653,1654" 
2021-05-07T18:30:00Z,"SPY",2021-05-07T19:58:00Z,Buy,394.391861281,394.578657341,844,157.66,8.44,-457.2,402.02,457.2,1,"	1655,1656" 
2021-05-10T18:30:00Z,"SPY",2021-05-10T19:58:00Z,Sell,392.056910531,390.441124612,849,1371.8,8.49,-55.51,1379.73,749.34,1,"	1657,1658" 
2021-05-11T14:30:00Z,"SPY",2021-05-11T15:30:00Z,Sell,384.659786555,386.555766564,873,-1655.19,8.73,-1655.19,1068.13,2723.32,0,"	1659,1660" 
2021-05-12T15:00:00Z,"SPY",2021-05-12T19:58:00Z,Sell,382.399554229,378.738351453,869,3181.59,8.69,-560.02,3684.8,1404.12,1,"	1661,1662" 
2021-05-13T14:00:00Z,"SPY",2021-05-13T15:30:00Z,Buy,382.978622015,382.782486152,885,-173.58,8.85,-281.03,1541.56,1822.59,0,"	1663,1664" 
2021-05-13T16:30:00Z,"SPY",2021-05-13T17:00:00Z,Buy,383.539010195,382.782486152,882,-667.25,8.82,-873.2,370.7,1243.89,0,"	1665,1666" 
2021-05-13T18:30:00Z,"SPY",2021-05-13T19:58:00Z,Buy,384.006000345,383.567029604,878,-385.42,8.78,-385.42,959.44,1344.86,0,"	1667,1668" 
2021-05-14T14:00:00Z,"SPY",2021-05-14T14:30:00Z,Buy,387.517766273,387.078795532,868,-381.03,8.68,-555.33,186.46,567.49,0,"	1669,1670" 
2021-05-14T15:00:00Z,"SPY",2021-05-14T19:58:00Z,Buy,387.863338984,389.451105494,865,1373.42,8.65,-315.08,1769.29,815.97,1,"	1671,1672" 
2021-05-20T14:00:00Z,"SPY",2021-05-20T19:58:00Z,Buy,385.82726193,387.863338984,877,1785.64,8.77,-57.34,2866.85,1646.39,1,"	1673,1674" 
2021-05-21T14:00:00Z,"SPY",2021-05-21T14:30:00Z,Buy,390.581221657,389.273649237,875,-1144.13,8.75,-1144.13,0,1144.13,0,"	1675,1676" 
2021-05-24T14:30:00Z,"SPY",2021-05-24T16:30:00Z,Buy,391.356425306,391.309726291,867,-40.49,8.67,-56.68,469.66,526.34,0,"	1677,1678" 
2021-05-24T17:30:00Z,"SPY",2021-05-24T19:30:00Z,Buy,391.926153289,392.215687182,866,250.74,8.66,0,533.83,319.49,1,"	1679,1680" 
2021-06-04T15:00:00Z,"SPY",2021-06-04T15:30:00Z,Buy,393.878172116,394.008929358,863,112.84,8.63,-24.18,225.69,217.63,1,"	1681,1682" 
2021-06-04T19:00:00Z,"SPY",2021-06-04T19:30:00Z,Buy,394.60667675,394.578657341,862,-24.15,8.62,-112.71,8.05,120.76,0,"	1683,1684" 
2021-06-07T14:30:00Z,"SPY",2021-06-07T15:00:00Z,Sell,393.775434283,393.887511919,863,-96.72,8.63,-96.72,178.94,275.66,0,"	1685,1686" 
2021-06-08T15:30:00Z,"SPY",2021-06-08T16:00:00Z,Sell,393.140327679,394.167706009,864,-887.65,8.64,-903.79,0,903.79,0,"	1687,1688" 
2021-06-10T14:00:00Z,"SPY",2021-06-10T14:30:00Z,Buy,396.241142275,395.774152125,853,-398.34,8.53,-470.04,246.97,717.02,0,"	1689,1690" 
2021-06-14T16:30:00Z,"SPY",2021-06-14T17:30:00Z,Sell,395.437919217,395.44725902,853,-7.97,8.53,-7.97,207.14,215.11,0,"	1691,1692" 
2021-06-14T18:30:00Z,"SPY",2021-06-14T19:00:00Z,Sell,395.241783354,395.587356065,853,-294.77,8.53,-310.71,0,310.71,0,"	1693,1694" 
2021-06-15T15:00:00Z,"SPY",2021-06-15T16:30:00Z,Sell,396.054346215,396.399918926,850,-293.74,8.5,-293.74,329.46,623.2,0,"	1695,1696" 
2021-06-15T17:30:00Z,"SPY",2021-06-15T18:00:00Z,Sell,396.10104523,396.614734395,848,-435.61,8.48,-475.21,0,475.21,0,"	1697,1698" 
2021-06-16T16:30:00Z,"SPY",2021-06-16T19:30:00Z,Sell,395.559336656,395.008288279,847,466.74,8.47,-79.11,2808.34,2839.98,1,"	1699,1700" 
2021-06-17T16:30:00Z,"SPY",2021-06-17T17:00:00Z,Sell,391.954172698,393.317783936,857,-1168.61,8.57,-1168.61,196.1,1364.72,0,"	1701,1702" 
2021-06-18T15:00:00Z,"SPY",2021-06-18T16:00:00Z,Sell,389.984846364,390.528327012,855,-464.68,8.55,-520.76,464.68,985.43,0,"	1703,1704" 
2021-06-18T19:00:00Z,"SPY",2021-06-18T19:30:00Z,Sell,389.675624616,390.331549536,854,-560.16,8.54,-832.24,200.06,1032.29,0,"	1705,1706" 
2021-06-21T14:00:00Z,"SPY",2021-06-21T19:58:00Z,Buy,391.568436528,394.454506176,847,2444.5,8.47,0,2452.44,467.47,1,"	1707,1708" 
2021-06-22T15:00:00Z,"SPY",2021-06-22T19:58:00Z,Buy,395.316578928,396.590947344,851,1084.49,8.51,-79.74,1658.63,709.7,1,"	1709,1710" 
2021-07-01T14:00:00Z,"SPY",2021-07-01T14:30:00Z,Buy,402.306864504,402.334975572,842,23.67,8.42,-142.02,205.14,284.03,1,"	1711,1712" 
2021-07-01T18:00:00Z,"SPY",2021-07-01T19:58:00Z,Buy,402.850345152,403.122085476,840,228.26,8.4,-70.84,452.59,326.65,1,"	1713,1714" 
2021-07-02T17:00:00Z,"SPY",2021-07-02T19:58:00Z,Buy,405.989414412,406.457932212,835,391.21,8.35,-172.13,610.29,314.53,1,"	1715,1716" 
2021-07-06T14:00:00Z,"SPY",2021-07-06T18:00:00Z,Sell,405.708303732,404.5651203,837,956.84,8.37,-47.06,2321.52,1396.05,1,"	1717,1718" 
2021-07-09T14:00:00Z,"SPY",2021-07-09T19:58:00Z,Buy,406.289265804,408.163337004,841,1576.09,8.41,0,1654.9,457.07,1,"	1719,1720" 
2021-07-12T14:30:00Z,"SPY",2021-07-12T15:30:00Z,Buy,408.978557976,408.903595128,843,-63.19,8.43,-110.59,197.48,308.07,0,"	1721,1722" 
2021-07-12T18:30:00Z,"SPY",2021-07-12T19:58:00Z,Buy,409.456446132,409.512668268,842,47.34,8.42,-173.58,181.47,260.36,1,"	1723,1724" 
2021-07-15T18:00:00Z,"SPY",2021-07-15T18:30:00Z,Sell,405.530266968,406.617228264,850,-923.92,8.5,-923.92,0,923.92,0,"	1725,1726" 
2021-07-16T14:30:00Z,"SPY",2021-07-16T16:00:00Z,Sell,405.951932988,406.354858296,845,-340.47,8.45,-657.19,182.11,657.19,0,"	1727,1728" 
2021-07-16T17:30:00Z,"SPY",2021-07-16T19:58:00Z,Sell,406.25178438,404.021639652,842,1877.78,8.42,-15.78,2027.69,579.9,1,"	1729,1730" 
2021-07-19T14:00:00Z,"SPY",2021-07-19T16:00:00Z,Sell,397.546723656,398.174537508,870,-546.2,8.7,-839.68,1230.98,2070.66,0,"	1731,1732" 
2021-07-19T16:30:00Z,"SPY",2021-07-19T19:58:00Z,Sell,396.778354464,397.481131164,869,-610.71,8.69,-610.71,1123.71,1734.42,0,"	1733,1734" 
2021-07-20T14:00:00Z,"SPY",2021-07-20T19:58:00Z,Buy,401.2854957,404.293379976,856,2574.75,8.56,-228.6,3304.66,994.61,1,"	1735,1736" 
2021-07-21T14:00:00Z,"SPY",2021-07-21T14:30:00Z,Buy,406.364228652,405.764525868,858,-514.54,8.58,-514.54,0,514.54,0,"	1737,1738" 
2021-07-23T15:30:00Z,"SPY",2021-07-23T16:00:00Z,Buy,411.583516944,411.105628788,845,-403.82,8.45,-403.82,166.28,570.09,0,"	1739,1740" 
2021-07-23T17:30:00Z,"SPY",2021-07-23T19:30:00Z,Buy,412.126997592,411.930220116,842,-165.69,8.42,-485.23,102.57,587.79,0,"	1741,1742" 
2021-07-27T15:00:00Z,"SPY",2021-07-27T19:00:00Z,Sell,410.946332736,410.449703868,843,418.66,8.43,-323.87,1962.95,1544.3,1,"	1743,1744" 
2021-07-29T14:30:00Z,"SPY",2021-07-29T15:30:00Z,Buy,413.204588532,413.391995652,840,157.42,8.4,-86.58,539.17,381.75,1,"	1745,1746" 
2021-07-29T16:30:00Z,"SPY",2021-07-29T17:00:00Z,Buy,413.79492096,413.570032416,840,-188.91,8.4,-267.62,62.97,330.59,0,"	1747,1748" 
2021-08-03T14:00:00Z,"SPY",2021-08-03T14:30:00Z,Sell,408.92233584,410.206074612,849,-1089.89,8.49,-1217.18,119.33,1336.51,0,"	1749,1750" 
2021-08-03T18:30:00Z,"SPY",2021-08-03T19:58:00Z,Buy,412.792292868,413.251440312,836,383.85,8.36,-282.01,391.68,313.34,1,"	1751,1752" 
2021-08-09T14:30:00Z,"SPY",2021-08-09T15:00:00Z,Sell,413.963587368,414.019809504,835,-46.95,8.35,-352.09,31.3,383.39,0,"	1753,1754" 
2021-08-10T14:30:00Z,"SPY",2021-08-10T15:00:00Z,Buy,415.209844716,414.478956948,832,-608.1,8.32,-849.78,0,849.78,0,"	1755,1756" 
2021-08-12T19:00:00Z,"SPY",2021-08-12T19:58:00Z,Buy,416.849657016,417.140138052,826,239.94,8.26,0,267.03,228.33,1,"	1757,1758" 
2021-08-16T14:00:00Z,"SPY",2021-08-16T15:30:00Z,Sell,415.462844328,415.818917856,830,-295.54,8.3,-505.53,342.21,645.52,0,"	1759,1760" 
2021-08-17T16:00:00Z,"SPY",2021-08-17T19:30:00Z,Sell,415.15362258,415.266066852,829,-93.22,8.29,-326.26,1584.68,1910.93,0,"	1761,1762" 
2021-08-18T19:30:00Z,"SPY",2021-08-18T19:58:00Z,Sell,413.738698824,411.667850148,832,1722.95,8.32,0,1722.95,514.54,1,"	1763,1764" 
2021-08-19T16:00:00Z,"SPY",2021-08-19T17:30:00Z,Buy,412.979699988,411.770924064,841,-1016.58,8.41,-1016.58,236.41,1252.99,0,"	1765,1766" 
2021-08-19T19:30:00Z,"SPY",2021-08-19T19:58:00Z,Buy,413.13899604,411.705331572,836,-1198.54,8.36,-1245.55,23.5,1269.05,0,"	1767,1768" 
2021-08-20T14:00:00Z,"SPY",2021-08-20T19:58:00Z,Buy,414.02917986,415.706473584,829,1390.48,8.29,-31.07,1421.55,776.8,1,"	1769,1770" 
2021-08-23T14:00:00Z,"SPY",2021-08-23T19:58:00Z,Buy,418.24584006,419.0891721,827,697.44,8.27,-131.74,1433.62,782.68,1,"	1771,1772" 
2021-08-25T16:30:00Z,"SPY",2021-08-25T17:00:00Z,Buy,421.01009508,420.972613656,825,-30.92,8.25,-162.34,30.92,177.8,0,"	1773,1774" 
2021-08-26T14:30:00Z,"SPY",2021-08-26T16:30:00Z,Sell,419.37028278,419.74509702,828,-310.35,8.28,-395.69,923.28,1318.97,0,"	1775,1776" 
2021-08-26T17:30:00Z,"SPY",2021-08-26T19:58:00Z,Sell,419.22972744,418.348913976,826,727.55,8.26,-286.38,917.18,561.14,1,"	1777,1778" 
2021-08-27T14:30:00Z,"SPY",2021-08-27T19:58:00Z,Buy,421.028835792,421.834686408,826,665.63,8.26,-286.38,967.49,433.44,1,"	1779,1780" 
2021-08-30T14:30:00Z,"SPY",2021-08-30T19:58:00Z,Buy,423.708757608,423.718127964,824,7.72,8.24,-61.77,648.58,640.86,1,"	1781,1782" 
2021-08-31T14:00:00Z,"SPY",2021-08-31T14:30:00Z,Sell,422.706129516,423.202758384,826,-410.22,8.26,-634.67,0,634.67,0,"	1783,1784" 
2021-09-07T14:00:00Z,"SPY",2021-09-07T15:00:00Z,Sell,423.296461944,423.249610164,823,38.56,8.23,-15.42,686.35,647.79,1,"	1785,1786" 
2021-09-07T15:30:00Z,"SPY",2021-09-07T16:30:00Z,Sell,422.687388804,423.35268408,824,-548.2,8.24,-571.37,0,571.37,0,"	1787,1788" 
2021-09-08T15:00:00Z,"SPY",2021-09-08T15:30:00Z,Sell,421.122539352,421.694131068,825,-471.56,8.25,-691.88,0,691.88,0,"	1789,1790" 
2021-09-08T16:00:00Z,"SPY",2021-09-08T16:30:00Z,Sell,421.075687572,422.359426344,823,-1056.52,8.23,-1056.52,84.83,1141.35,0,"	1791,1792" 
2021-09-09T14:00:00Z,"SPY",2021-09-09T15:00:00Z,Buy,423.362054436,423.408906216,813,38.09,8.13,-91.42,510.41,472.32,1,"	1793,1794" 
2021-09-09T18:00:00Z,"SPY",2021-09-09T18:30:00Z,Sell,421.019465436,421.085057928,818,-53.65,8.18,-199.29,436.9,636.19,0,"	1795,1796" 
2021-09-10T15:30:00Z,"SPY",2021-09-10T16:00:00Z,Sell,419.323431,419.716985952,821,-323.11,8.21,-388.5,38.47,388.5,0,"	1797,1798" 
2021-09-10T19:30:00Z,"SPY",2021-09-10T19:58:00Z,Sell,418.71435786,417.327545172,820,1137.19,8.2,-30.73,1167.92,184.41,1,"	1799,1800" 
2021-09-14T15:00:00Z,"SPY",2021-09-14T15:30:00Z,Sell,416.943360576,417.646137276,829,-582.6,8.29,-582.6,0,582.6,0,"	1801,1802" 
2021-09-14T17:00:00Z,"SPY",2021-09-14T19:58:00Z,Sell,416.868397728,415.987584264,827,728.43,8.27,-240.23,1208.89,759.43,1,"	1803,1804" 
2021-09-15T16:30:00Z,"SPY",2021-09-15T19:58:00Z,Buy,417.87102582,419.595171324,828,1427.59,8.28,0,1893.11,566.38,1,"	1805,1806" 
2021-09-16T14:00:00Z,"SPY",2021-09-16T16:30:00Z,Sell,418.049062584,417.627396564,834,351.67,8.34,0,1617.68,1398.86,1,"	1807,1808" 
2021-09-17T14:00:00Z,"SPY",2021-09-17T19:58:00Z,Sell,416.897319573,415.327456614,838,1315.55,8.38,-118.16,1922.11,1148.54,1,"	1809,1810" 
2021-09-20T16:00:00Z,"SPY",2021-09-20T19:58:00Z,Sell,406.923519576,408.192570471,865,-1097.73,8.65,-1097.73,3203.74,4301.47,0,"	1811,1812" 
2021-09-22T14:30:00Z,"SPY",2021-09-22T19:00:00Z,Buy,411.17248998,411.379298274,851,175.99,8.51,-399.99,2071.93,2471.91,1,"	1813,1814" 
2021-09-22T19:30:00Z,"SPY",2021-09-22T19:58:00Z,Buy,412.6765503,411.567305814,849,-941.75,8.49,-941.75,167.6,1109.35,0,"	1815,1816" 
2021-09-23T14:00:00Z,"SPY",2021-09-23T19:58:00Z,Buy,415.694071317,416.793915426,838,921.67,8.38,0,2080.45,1276.95,1,"	1817,1818" 
2021-09-28T14:00:00Z,"SPY",2021-09-28T19:00:00Z,Sell,411.745912977,409.724831922,850,1717.92,8.5,0,3987.17,2491.38,1,"	1819,1820" 
2021-09-28T19:30:00Z,"SPY",2021-09-28T19:58:00Z,Sell,408.709591206,408.032764062,865,585.46,8.65,-439.09,1032.68,447.22,1,"	1821,1822" 
2021-09-30T16:00:00Z,"SPY",2021-09-30T18:30:00Z,Sell,406.331295825,406.75431279,873,-369.29,8.73,-697.55,1817.75,2515.3,0,"	1823,1824" 
2021-10-01T18:30:00Z,"SPY",2021-10-01T19:58:00Z,Buy,408.013963308,408.455781027,868,383.5,8.68,-73.44,1590.29,1541.33,1,"	1825,1826" 
2021-10-04T14:30:00Z,"SPY",2021-10-04T19:58:00Z,Sell,404.178609492,402.80615445,878,1205.02,8.78,0,2888.74,2269.72,1,"	1827,1828" 
2021-10-05T14:30:00Z,"SPY",2021-10-05T19:58:00Z,Buy,407.731951998,407.572145589,848,-135.52,8.48,-430.46,1347.19,1737.79,0,"	1829,1830" 
2021-10-07T14:00:00Z,"SPY",2021-10-07T16:30:00Z,Buy,414.255813636,414.5566257,811,243.96,8.11,-95.3,678.51,773.81,1,"	1831,1832" 
2021-10-11T14:00:00Z,"SPY",2021-10-11T15:00:00Z,Buy,413.05256538,413.278174428,865,195.15,8.65,-16.26,609.85,479.75,1,"	1833,1834" 
2021-10-14T15:30:00Z,"SPY",2021-10-14T19:58:00Z,Buy,414.688230978,415.675270563,863,851.82,8.63,-56.79,1224.99,689.56,1,"	1835,1836" 
2021-10-28T14:00:00Z,"SPY",2021-10-28T17:00:00Z,Buy,429.381020229,429.31521759,837,-55.08,8.37,-424.88,912.7,1101.54,0,"	1837,1838" 
2021-10-28T18:00:00Z,"SPY",2021-10-28T19:58:00Z,Buy,429.926242095,430.744074894,836,683.71,8.36,-141.46,691.57,573.69,1,"	1839,1840" 
2021-11-02T14:00:00Z,"SPY",2021-11-02T14:30:00Z,Buy,433.507785732,433.564187994,832,46.93,8.32,-242.45,156.42,398.88,1,"	1841,1842" 
2021-11-02T15:00:00Z,"SPY",2021-11-02T16:00:00Z,Buy,433.92140232,433.742795157,831,-148.42,8.31,-249.97,476.51,624.94,0,"	1843,1844" 
2021-11-02T16:30:00Z,"SPY",2021-11-02T18:30:00Z,Buy,434.01540609,433.770996288,830,-202.86,8.3,-331.6,296.49,628.09,0,"	1845,1846" 
2021-11-02T19:00:00Z,"SPY",2021-11-02T19:58:00Z,Buy,434.222214384,433.893201189,829,-272.75,8.29,-389.65,62.34,451.99,0,"	1847,1848" 
2021-11-03T19:00:00Z,"SPY",2021-11-03T19:58:00Z,Buy,436.111690161,437.061128238,824,782.34,8.24,0,902.4,367.93,1,"	1849,1850" 
2021-11-04T14:00:00Z,"SPY",2021-11-04T15:30:00Z,Buy,438.395981772,437.418342564,823,-804.6,8.23,-843.28,487.4,1330.68,0,"	1851,1852" 
2021-11-05T14:00:00Z,"SPY",2021-11-05T14:30:00Z,Buy,442.062128802,441.780117492,813,-229.28,8.13,-259.85,290.42,550.26,0,"	1853,1854" 
2021-11-09T15:00:00Z,"SPY",2021-11-09T20:58:00Z,Sell,438.960004392,439.317218718,817,-291.84,8.17,-771.85,691.21,1217.3,0,"	1855,1856" 
2021-11-10T19:00:00Z,"SPY",2021-11-10T20:58:00Z,Sell,436.384301094,436.224494685,821,131.2,8.21,-38.59,1613,1651.59,1,"	1857,1858" 
2021-11-12T16:30:00Z,"SPY",2021-11-12T20:58:00Z,Buy,438.837799491,439.18561344,817,284.16,8.17,-391.69,714.25,806.41,1,"	1859,1860" 
2021-11-16T15:00:00Z,"SPY",2021-11-16T15:30:00Z,Buy,440.417062827,440.022246993,815,-321.77,8.15,-321.77,383.07,704.84,0,"	1861,1862" 
2021-11-16T16:30:00Z,"SPY",2021-11-16T20:58:00Z,Buy,441.582709575,441.187893741,812,-320.59,8.12,-328.22,541.95,870.17,0,"	1863,1864" 
2021-11-17T15:00:00Z,"SPY",2021-11-17T15:30:00Z,Sell,439.533427389,439.947043977,814,-336.68,8.14,-535.63,0,535.63,0,"	1865,1866" 
2021-11-18T15:30:00Z,"SPY",2021-11-18T16:00:00Z,Sell,438.818998737,439.46762475,814,-527.98,8.14,-596.85,0,596.85,0,"	1867,1868" 
2021-11-22T15:00:00Z,"SPY",2021-11-22T16:30:00Z,Buy,444.35582079,443.867001186,801,-391.54,8.01,-459.31,564.73,1024.04,0,"	1869,1870" 
2021-11-23T16:00:00Z,"SPY",2021-11-23T16:30:00Z,Sell,437.173932762,438.62159082,812,-1175.5,8.12,-1404.49,450.35,1854.84,0,"	1871,1872" 
2021-11-23T18:00:00Z,"SPY",2021-11-23T19:00:00Z,Sell,437.559348219,438.320778756,806,-613.71,8.06,-1075.89,325.8,1401.69,0,"	1873,1874" 
2021-11-24T20:30:00Z,"SPY",2021-11-24T20:58:00Z,Buy,441.216094872,441.150292233,797,-52.44,7.97,-299.68,97.4,352.13,0,"	1875,1876" 
2021-11-26T15:00:00Z,"SPY",2021-11-26T17:30:00Z,Sell,433.808597796,433.009565751,810,647.22,8.1,0,2512.72,1865.5,1,"	1877,1878" 
2021-11-29T17:30:00Z,"SPY",2021-11-29T20:58:00Z,Buy,437.747355759,437.437143318,806,-250.03,8.06,-507.64,636.44,1144.08,0,"	1879,1880" 
2021-11-30T16:00:00Z,"SPY",2021-11-30T20:58:00Z,Sell,430.546666977,428.732394216,818,1484.08,8.18,-1311.06,1930.07,2614.43,1,"	1881,1882" 
2021-12-01T16:00:00Z,"SPY",2021-12-01T17:00:00Z,Buy,435.669872442,434.917842282,815,-612.9,8.15,-758.47,904.03,1662.5,0,"	1883,1884" 
2021-12-01T20:30:00Z,"SPY",2021-12-01T20:58:00Z,Sell,426.617309391,424.549226451,829,1714.44,8.29,-1098.8,1714.44,1270.24,1,"	1885,1886" 
2021-12-02T15:00:00Z,"SPY",2021-12-02T20:58:00Z,Buy,428.553787053,429.428022114,834,729.11,8.34,-3026.21,2399.01,3355.48,1,"	1887,1888" 
2021-12-03T15:00:00Z,"SPY",2021-12-03T20:58:00Z,Sell,428.102568957,426.391700343,814,1392.65,8.14,-198.95,4927.83,3535.18,1,"	1889,1890" 
2021-12-06T15:30:00Z,"SPY",2021-12-06T16:30:00Z,Buy,430.640670747,430.039046619,824,-495.74,8.24,-991.48,158.79,1150.27,0,"	1891,1892" 
2021-12-06T17:30:00Z,"SPY",2021-12-06T20:58:00Z,Buy,431.19529299,431.326898268,821,108.05,8.21,-208.38,1520.39,1659.31,1,"	1893,1894" 
2021-12-07T15:00:00Z,"SPY",2021-12-07T20:30:00Z,Buy,439.232615325,439.242015702,761,7.15,7.61,-193.15,1119.55,1112.4,1,"	1895,1896" 
2021-12-13T15:00:00Z,"SPY",2021-12-13T16:00:00Z,Sell,440.59566999,439.730835306,655,566.47,6.55,-357.12,825.07,575.7,1,"	1897,1898" 
2021-12-13T16:30:00Z,"SPY",2021-12-13T17:30:00Z,Sell,438.988205523,439.815438699,660,-545.97,6.6,-589.4,136.49,725.9,0,"	1899,1900" 
2021-12-13T18:00:00Z,"SPY",2021-12-13T19:00:00Z,Sell,439.486425504,439.702634175,657,-142.05,6.57,-160.58,302.63,463.2,0,"	1901,1902" 
2021-12-15T15:00:00Z,"SPY",2021-12-15T15:30:00Z,Sell,434.024806467,434.250415515,648,-146.19,6.48,-219.29,85.28,304.57,0,"	1903,1904" 
2021-12-15T20:30:00Z,"SPY",2021-12-15T20:58:00Z,Buy,441.375901281,442.118531064,637,473.06,6.37,-742.52,479.04,1095.81,1,"	1905,1906" 
2021-12-16T19:30:00Z,"SPY",2021-12-16T20:30:00Z,Sell,438.875400999,439.166812686,611,-178.05,6.11,-350.36,1186.06,1461.75,0,"	1907,1908" 
2021-12-17T15:30:00Z,"SPY",2021-12-17T16:00:00Z,Sell,433.389860046,437.031157464,680,-2476.08,6.8,-2841.72,285.46,3127.18,0,"	1909,1910" 
2021-12-20T15:30:00Z,"SPY",2021-12-20T17:00:00Z,Sell,426.720437055,427.229841357,684,-348.43,6.84,-542.01,774.29,1122.73,0,"	1911,1912" 
2021-12-21T18:00:00Z,"SPY",2021-12-21T20:58:00Z,Buy,435.691612818,436.700988009,715,721.7,7.15,-377.71,721.7,991.5,1,"	1913,1914" 
2021-12-22T16:00:00Z,"SPY",2021-12-22T19:00:00Z,Buy,439.719680169,439.474411431,689,-168.99,6.89,-337.98,480.97,818.95,0,"	1915,1916" 
2021-12-22T20:00:00Z,"SPY",2021-12-22T20:58:00Z,Buy,439.898915016,441.20072601,688,895.65,6.88,-129.8,921.61,382.27,1,"	1917,1918" 
2021-12-23T15:00:00Z,"SPY",2021-12-23T16:30:00Z,Buy,443.530779021,444.228851583,707,493.54,7.07,-60.02,833.68,340.14,1,"	1919,1920" 
2021-12-23T17:00:00Z,"SPY",2021-12-23T17:30:00Z,Buy,444.606188103,444.247718409,707,-253.44,7.07,-280.12,0,280.12,0,"	1921,1922" 
2021-12-23T19:30:00Z,"SPY",2021-12-23T20:30:00Z,Buy,444.842023428,444.719389059,706,-86.58,7.06,-186.48,159.84,346.32,0,"	1923,1924" 
2021-12-27T15:30:00Z,"SPY",2021-12-27T20:58:00Z,Buy,447.766381458,450.124734708,723,1705.09,7.23,-129.59,1705.09,552.45,1,"	1925,1926" 
2022-01-04T19:00:00Z,"SPY",2022-01-04T19:30:00Z,Sell,448.766323236,449.549296515,806,-631.08,8.06,-699.51,0,699.51,0,"	1927,1928" 
2022-01-05T19:30:00Z,"SPY",2022-01-05T20:58:00Z,Sell,446.57777142,442.23840144,807,3501.87,8.07,-304.51,3517.1,692.76,1,"	1929,1930" 
2022-01-06T15:00:00Z,"SPY",2022-01-06T15:30:00Z,Sell,440.578120752,441.162992358,833,-487.2,8.33,-1107.98,1147.27,2255.26,0,"	1931,1932" 
2022-01-07T16:00:00Z,"SPY",2022-01-07T17:00:00Z,Sell,438.889539825,441.153558945,834,-1888.19,8.34,-2179.29,291.1,2470.38,0,"	1933,1934" 
2022-01-10T15:00:00Z,"SPY",2022-01-10T16:30:00Z,Sell,433.314392742,433.993598478,836,-567.82,8.36,-567.82,2034.67,2602.49,0,"	1935,1936" 
2022-01-10T17:30:00Z,"SPY",2022-01-10T18:00:00Z,Sell,432.361618029,433.229492025,836,-725.54,8.36,-1253.93,236.59,1490.52,0,"	1937,1938" 
2022-01-11T15:00:00Z,"SPY",2022-01-11T15:30:00Z,Sell,436.625520705,437.814130743,824,-979.41,8.24,-1298.11,0,1298.11,0,"	1939,1940" 
2022-01-11T17:00:00Z,"SPY",2022-01-11T17:30:00Z,Buy,441.059224815,440.370585666,811,-558.49,8.11,-604.39,298.37,902.76,0,"	1941,1942" 
2022-01-11T18:00:00Z,"SPY",2022-01-11T20:58:00Z,Buy,441.257326488,442.794972807,808,1242.42,8.08,-579.29,1471.08,754.6,1,"	1943,1944" 
2022-01-13T17:30:00Z,"SPY",2022-01-13T20:58:00Z,Sell,441.219592836,438.031099242,814,2595.43,8.14,-1059.67,3248.13,1566.47,1,"	1945,1946" 
2022-01-18T15:00:00Z,"SPY",2022-01-18T15:30:00Z,Sell,432.14464953,433.125724482,843,-827.05,8.43,-1129.24,453.28,1582.52,0,"	1947,1948" 
2022-01-18T16:00:00Z,"SPY",2022-01-18T20:00:00Z,Sell,431.588078163,432.455952159,840,-729.01,8.4,-1069.75,1568.97,2638.71,0,"	1949,1950" 
2022-01-18T20:30:00Z,"SPY",2022-01-18T20:58:00Z,Sell,431.144707752,430.314567408,838,695.66,8.38,-15.81,1249.02,1079.06,1,"	1951,1952" 
2022-01-19T15:00:00Z,"SPY",2022-01-19T15:30:00Z,Buy,433.46532735,430.531535907,836,-2452.65,8.36,-2452.65,0,2452.65,0,"	1953,1954" 
2022-01-19T19:30:00Z,"SPY",2022-01-19T20:00:00Z,Sell,428.720320611,429.569327781,834,-708.07,8.34,-1046.37,55.07,1101.45,0,"	1955,1956" 
2022-01-20T15:00:00Z,"SPY",2022-01-20T18:30:00Z,Buy,430.842838536,429.861763584,827,-811.35,8.27,-967.38,1560.29,2527.66,0,"	1957,1958" 
2022-01-21T15:00:00Z,"SPY",2022-01-21T16:00:00Z,Sell,418.485067506,420.815120517,847,-1973.55,8.47,-2612.76,2221.25,4834.01,0,"	1959,1960" 
2022-01-21T17:30:00Z,"SPY",2022-01-21T20:58:00Z,Sell,418.447333854,414.381532851,838,3407.14,8.38,-343.88,4355.77,2316.22,1,"	1961,1962" 
2022-01-24T15:00:00Z,"SPY",2022-01-24T19:00:00Z,Sell,404.759451591,406.834802451,883,-1832.53,8.83,-1832.53,6692.92,8525.45,0,"	1963,1964" 
2022-01-25T15:00:00Z,"SPY",2022-01-25T15:30:00Z,Sell,404.825485482,407.99511225,874,-2770.25,8.74,-2770.25,1434.6,4204.85,0,"	1965,1966" 
2022-01-25T17:00:00Z,"SPY",2022-01-25T17:30:00Z,Sell,405.44809074,407.910211533,859,-2114.96,8.59,-2402.63,48.62,2451.25,0,"	1967,1968" 
2022-01-27T15:00:00Z,"SPY",2022-01-27T15:30:00Z,Buy,415.362607803,412.608051207,828,-2280.77,8.28,-2280.77,835.76,3116.54,0,"	1969,1970" 
2022-01-27T18:30:00Z,"SPY",2022-01-27T19:00:00Z,Sell,405.929194803,407.5234416,836,-1332.79,8.36,-1537.83,0,1537.83,0,"	1971,1972" 
2022-01-27T19:30:00Z,"SPY",2022-01-27T20:00:00Z,Sell,406.448032518,406.712168082,828,-218.7,8.28,-1616.85,718.6,2335.45,0,"	1973,1974" 
2022-01-28T15:00:00Z,"SPY",2022-01-28T15:30:00Z,Sell,404.212313637,406.334831562,832,-1765.93,8.32,-2880.44,337.49,3217.93,0,"	1975,1976" 
2022-01-28T16:30:00Z,"SPY",2022-01-28T18:00:00Z,Buy,410.372332326,409.938395328,811,-351.92,8.11,-558.49,1897.32,2455.81,0,"	1977,1978" 
2022-01-28T18:30:00Z,"SPY",2022-01-28T19:30:00Z,Buy,410.938337106,408.098879793,808,-2294.28,8.08,-2454.35,762.22,3216.57,0,"	1979,1980" 
2022-01-28T20:00:00Z,"SPY",2022-01-28T20:58:00Z,Buy,411.362840691,416.305949103,796,3934.71,7.96,-300.36,3942.22,1005.45,1,"	1981,1982" 
2022-01-31T15:30:00Z,"SPY",2022-01-31T20:58:00Z,Buy,419.202006894,424.69225326,699,3837.68,6.99,-309.92,3844.28,1556.17,1,"	1983,1984" 
2022-02-04T18:30:00Z,"SPY",2022-02-04T20:58:00Z,Buy,424.277183088,423.777212199,586,-292.98,5.86,-292.98,1564.42,1857.4,0,"	1985,1986" 
2022-02-08T17:00:00Z,"SPY",2022-02-08T19:30:00Z,Buy,424.579052304,423.475342983,609,-672.16,6.09,-672.16,652.05,1324.21,0,"	1987,1988" 
2022-02-11T18:00:00Z,"SPY",2022-02-11T20:58:00Z,Sell,421.371691884,416.305949103,616,3120.5,6.16,-534.61,4398.91,1900.19,1,"	1989,1990" 
2022-02-14T16:00:00Z,"SPY",2022-02-14T16:30:00Z,Sell,413.051421618,414.862636914,590,-1068.62,5.9,-1218.89,66.79,1285.68,0,"	1991,1992" 
2022-02-14T19:00:00Z,"SPY",2022-02-14T19:30:00Z,Sell,411.523208712,412.71181875,589,-700.09,5.89,-700.09,366.71,1066.81,0,"	1993,1994" 
2022-02-15T16:00:00Z,"SPY",2022-02-15T16:30:00Z,Buy,420.267982563,419.768011674,590,-294.98,5.9,-350.64,244.89,595.53,0,"	1995,1996" 
2022-02-17T15:00:00Z,"SPY",2022-02-17T16:30:00Z,Sell,415.805978214,416.456883711,579,-376.87,5.79,-491.58,491.58,983.15,0,"	1997,1998" 
2022-02-17T17:00:00Z,"SPY",2022-02-17T17:30:00Z,Sell,416.20218156,416.409716646,578,-119.96,5.78,-223.55,149.94,327.15,0,"	1999,2000" 
2022-02-17T18:00:00Z,"SPY",2022-02-17T20:58:00Z,Sell,416.145581082,412.2401481,577,2253.43,5.77,-54.43,2454.83,753.87,1,"	2001,2002" 
2022-02-18T16:00:00Z,"SPY",2022-02-18T19:30:00Z,Sell,410.787402498,411.48547506,600,-418.84,6,-452.8,1992.34,2445.14,0,"	2003,2004" 
2022-02-22T18:00:00Z,"SPY",2022-02-22T20:00:00Z,Sell,405.099054459,406.532933235,651,-933.46,6.51,-1252.79,2081.85,3334.65,0,"	2005,2006" 
2022-02-23T16:00:00Z,"SPY",2022-02-23T17:00:00Z,Sell,403.872710769,404.542483092,654,-438.03,6.54,-512.06,851.38,1363.45,0,"	2007,2008" 
2022-02-23T18:30:00Z,"SPY",2022-02-23T20:58:00Z,Sell,401.599258236,397.514590407,657,2683.63,6.57,-842.89,2689.82,1183.77,1,"	2009,2010" 
2022-02-25T15:30:00Z,"SPY",2022-02-25T20:58:00Z,Buy,407.410240644,412.532583903,662,3390.99,6.62,-674.45,3615.81,1561.23,1,"	2011,2012" 
2022-03-01T17:00:00Z,"SPY",2022-03-01T20:58:00Z,Sell,405.391490262,405.287722719,611,63.4,6.11,-1262.28,1331.44,2086.5,1,"	2013,2014" 
2022-03-02T15:30:00Z,"SPY",2022-03-02T16:00:00Z,Buy,409.749727068,409.88179485,599,79.11,5.99,-485.95,587.66,1073.62,1,"	2015,2016" 
2022-03-02T16:30:00Z,"SPY",2022-03-02T20:58:00Z,Buy,412.013746188,413.098588683,596,646.57,5.96,-230.51,1467.42,1057,1,"	2017,2018" 
2022-03-03T16:00:00Z,"SPY",2022-03-03T16:30:00Z,Sell,410.249697957,411.127005366,586,-514.1,5.86,-646.77,530.69,1177.46,0,"	2019,2020" 
2022-03-04T16:00:00Z,"SPY",2022-03-04T16:30:00Z,Sell,404.212313637,404.665117461,617,-279.38,6.17,-430.71,308.48,739.19,0,"	2021,2022" 
2022-03-07T15:00:00Z,"SPY",2022-03-07T20:58:00Z,Sell,403.56140814,396.552382281,650,4555.87,6.5,-398.56,5028.01,1207.95,1,"	2023,2024" 
2022-03-08T15:30:00Z,"SPY",2022-03-08T16:00:00Z,Sell,392.769583668,395.590174155,603,-1700.82,6.03,-1723.57,409.56,2133.13,0,"	2025,2026" 
2022-03-08T17:30:00Z,"SPY",2022-03-08T18:30:00Z,Buy,399.825776592,399.740875875,587,-49.84,5.87,-304.56,1744.29,1816.27,0,"	2027,2028" 
2022-03-14T15:00:00Z,"SPY",2022-03-14T15:30:00Z,Buy,400.278580416,398.344730751,564,-1090.69,5.64,-1133.25,0,1133.25,0,"	2029,2030" 
2022-03-15T16:30:00Z,"SPY",2022-03-15T17:30:00Z,Buy,400.052178504,398.174929317,565,-1060.65,5.65,-1060.65,122.59,1183.23,0,"	2031,2032" 
2022-03-15T19:30:00Z,"SPY",2022-03-15T19:58:00Z,Buy,401.655858714,401.740759431,559,47.46,5.59,-110.74,442.96,448.23,1,"	2033,2034" 
2022-03-16T14:00:00Z,"SPY",2022-03-16T15:30:00Z,Buy,407.457407709,408.325281705,535,464.31,5.35,-570.3,1216.3,1069.94,1,"	2035,2036" 
2022-03-17T18:00:00Z,"SPY",2022-03-17T18:30:00Z,Buy,414.551334285,413.457058377,510,-558.08,5.1,-558.08,89,647.08,0,"	2037,2038" 
2022-03-22T14:30:00Z,"SPY",2022-03-22T16:00:00Z,Buy,424.469186183,424.582738811,533,60.52,5.33,-105.92,564.89,537.15,1,"	2039,2040" 
2022-03-24T16:00:00Z,"SPY",2022-03-24T16:30:00Z,Buy,424.327245398,423.191719118,533,-605.24,5.33,-640.54,20.17,660.72,0,"	2041,2042" 
2022-04-04T14:00:00Z,"SPY",2022-04-04T14:30:00Z,Buy,430.099503988,430.392848277,737,216.19,7.37,-621.39,216.19,708.56,1,"	2043,2044" 
2022-04-04T15:30:00Z,"SPY",2022-04-04T17:00:00Z,Buy,430.752431599,430.468550029,737,-209.22,7.37,-244.09,327.78,571.87,0,"	2045,2046" 
2022-04-04T18:00:00Z,"SPY",2022-04-04T19:30:00Z,Buy,431.235030268,431.59461359,735,264.29,7.35,-417.31,424.26,438.17,1,"	2047,2048" 
2022-04-05T16:30:00Z,"SPY",2022-04-05T17:00:00Z,Sell,428.443528163,429.191082964,802,-599.54,8.02,-667.84,3.79,671.64,0,"	2049,2050" 
2022-04-05T18:30:00Z,"SPY",2022-04-05T19:58:00Z,Sell,428.594931667,426.456357173,799,1708.72,7.99,-162.56,2206.97,785.56,1,"	2051,2052" 
2022-04-06T14:00:00Z,"SPY",2022-04-06T15:30:00Z,Sell,421.639833202,421.526280574,835,94.82,8.35,-158.03,695.32,853.35,1,"	2053,2054" 
2022-04-06T16:30:00Z,"SPY",2022-04-06T17:00:00Z,Sell,420.977442872,421.346488913,837,-308.89,8.37,-348.49,7.92,356.41,0,"	2055,2056" 
2022-04-06T18:30:00Z,"SPY",2022-04-06T19:00:00Z,Sell,420.674635864,423.920348481,836,-2713.42,8.36,-2713.42,15.82,2729.24,0,"	2057,2058" 
2022-04-07T19:00:00Z,"SPY",2022-04-07T19:58:00Z,Buy,425.112651075,424.630052406,806,-388.97,8.06,-518.63,1029.64,1548.27,0,"	2059,2060" 
2022-04-08T14:00:00Z,"SPY",2022-04-08T14:30:00Z,Sell,422.13189459,423.409361655,831,-1061.58,8.31,-1061.58,0,1061.58,0,"	2061,2062" 
2022-04-11T14:30:00Z,"SPY",2022-04-11T19:00:00Z,Sell,418.971346444,418.678002155,832,244.06,8.32,-15.75,1117.96,976.25,1,"	2063,2064" 
2022-04-11T19:30:00Z,"SPY",2022-04-11T19:58:00Z,Sell,417.258594305,416.066291711,836,996.76,8.36,-23.73,1107.52,375.76,1,"	2065,2066" 
2022-04-12T14:00:00Z,"SPY",2022-04-12T14:30:00Z,Buy,421.157234533,419.775677559,798,-1102.48,7.98,-1117.58,0,1117.58,0,"	2067,2068" 
2022-04-12T19:30:00Z,"SPY",2022-04-12T19:58:00Z,Sell,413.568133895,414.769899208,807,-969.82,8.07,-1092.01,87.82,1179.83,0,"	2069,2070" 
2022-04-13T15:00:00Z,"SPY",2022-04-13T19:58:00Z,Buy,416.198769777,419.529646865,834,2777.95,8.34,0,3330.39,970.7,1,"	2071,2072" 
2022-04-14T14:30:00Z,"SPY",2022-04-14T15:30:00Z,Sell,417.58978947,418.299493395,844,-598.99,8.44,-670.87,342.62,1013.49,0,"	2073,2074" 
2022-04-14T16:00:00Z,"SPY",2022-04-14T19:58:00Z,Sell,417.088265363,414.363002291,842,2294.67,8.42,-740.99,2302.64,1721,1,"	2075,2076" 
2022-04-19T14:00:00Z,"SPY",2022-04-19T19:58:00Z,Buy,417.703342098,420.750337616,852,2596.04,8.52,-129,3490.95,1281.9,1,"	2077,2078" 
2022-04-21T18:00:00Z,"SPY",2022-04-21T19:58:00Z,Sell,418.006149106,414.419778605,864,3098.62,8.64,0,3748.6,1426.68,1,"	2079,2080" 
2022-04-22T14:00:00Z,"SPY",2022-04-22T19:58:00Z,Sell,410.984811608,403.367322813,894,6810.03,8.94,-1285.87,6936.93,2808.61,1,"	2081,2082" 
2022-04-25T14:00:00Z,"SPY",2022-04-25T14:30:00Z,Sell,397.708616851,399.951281254,814,-1825.53,8.14,-1910.26,177.16,2087.42,0,"	2083,2084" 
2022-04-25T15:00:00Z,"SPY",2022-04-25T16:30:00Z,Sell,398.087125611,399.052322949,805,-776.98,8.05,-1355.91,1333.06,2688.97,0,"	2085,2086" 
2022-04-26T14:00:00Z,"SPY",2022-04-26T17:00:00Z,Sell,401.077344815,399.553847056,809,1232.51,8.09,-535.87,3368.35,2151.15,1,"	2087,2088" 
2022-04-26T17:30:00Z,"SPY",2022-04-26T19:58:00Z,Sell,396.658255042,394.548068705,824,1738.79,8.24,-1442.5,1886.94,1598.44,1,"	2089,2090" 
2022-04-27T14:00:00Z,"SPY",2022-04-27T14:30:00Z,Buy,398.143901925,393.582871367,734,-3347.8,7.34,-3375.58,347.28,3722.86,0,"	2091,2092" 
2022-04-27T15:30:00Z,"SPY",2022-04-27T16:00:00Z,Buy,397.263869058,397.140853711,722,-88.82,7.22,-457.75,628.55,1086.3,0,"	2093,2094" 
2022-04-27T16:30:00Z,"SPY",2022-04-27T18:30:00Z,Buy,399.440294428,397.774855884,718,-1195.78,7.18,-1358.85,509.57,1868.41,0,"	2095,2096" 
2022-04-28T17:00:00Z,"SPY",2022-04-28T19:58:00Z,Buy,402.73332064,404.200042085,702,1029.64,7.02,-33.21,2643.85,1933.06,1,"	2097,2098" 
2022-04-29T14:30:00Z,"SPY",2022-04-29T19:58:00Z,Sell,398.541336123,389.211095189,621,5794.08,6.21,-464.23,5797.02,1451.46,1,"	2099,2100" 
2022-05-02T14:30:00Z,"SPY",2022-05-02T15:00:00Z,Buy,392.182388955,390.261456998,564,-1083.41,5.64,-1088.74,496.34,1585.08,0,"	2101,2102" 
2022-05-02T18:00:00Z,"SPY",2022-05-02T19:30:00Z,Sell,385.709889159,389.778858329,570,-2319.31,5.7,-2524.27,1305.29,3829.56,0,"	2103,2104" 
2022-05-03T15:30:00Z,"SPY",2022-05-03T16:30:00Z,Buy,395.503803324,394.235798978,552,-699.94,5.52,-950.66,454.44,1405.1,0,"	2105,2106" 
2022-05-04T19:00:00Z,"SPY",2022-05-04T19:58:00Z,Buy,400.944866749,405.439658274,538,2418.2,5.38,-142.55,2886.56,641.46,1,"	2107,2108" 
2022-05-05T14:00:00Z,"SPY",2022-05-05T19:58:00Z,Sell,398.919844883,390.914384609,497,3978.71,4.97,0,5601.24,2379.7,1,"	2109,2110" 
2022-05-06T14:00:00Z,"SPY",2022-05-06T14:30:00Z,Sell,384.508123846,387.469954893,483,-1430.56,4.83,-2175.55,191.96,2367.52,0,"	2111,2112" 
2022-05-09T14:30:00Z,"SPY",2022-05-09T16:00:00Z,Sell,380.827126155,380.335064767,485,238.65,4.85,-215.7,1289.63,1216.2,1,"	2113,2114" 
2022-05-09T17:00:00Z,"SPY",2022-05-09T17:30:00Z,Sell,379.180613049,380.003869602,488,-401.75,4.88,-420.22,242.43,662.66,0,"	2115,2116" 
2022-05-09T18:00:00Z,"SPY",2022-05-09T19:00:00Z,Sell,379.000821388,379.767301627,487,-373.28,4.87,-460.83,622.13,1082.96,0,"	2117,2118" 
2022-05-11T14:00:00Z,"SPY",2022-05-11T15:00:00Z,Buy,380.656797213,379.871391536,475,-373.07,4.75,-1015.82,728.16,1285.51,0,"	2119,2120" 
2022-05-11T18:00:00Z,"SPY",2022-05-11T18:30:00Z,Sell,372.367455369,374.733135119,484,-1144.99,4.84,-1644.2,0,1644.2,0,"	2121,2122" 
2022-05-13T14:00:00Z,"SPY",2022-05-13T18:00:00Z,Buy,377.231292935,377.884220546,490,319.93,4.9,0,2049.44,1785.14,1,"	2123,2124" 
2022-05-13T19:30:00Z,"SPY",2022-05-13T19:58:00Z,Buy,380.760887122,379.663211718,487,-534.57,4.87,-1069.14,50.69,1119.83,0,"	2125,2126" 
2022-05-18T14:00:00Z,"SPY",2022-05-18T15:00:00Z,Sell,379.587509966,379.227926644,466,167.57,4.66,-396.87,485.06,454.19,1,"	2127,2128" 
2022-05-18T15:30:00Z,"SPY",2022-05-18T19:58:00Z,Sell,375.698332457,370.437060693,471,2478.06,4.71,-490.26,2807.87,783.98,1,"	2129,2130" 
2022-05-20T16:30:00Z,"SPY",2022-05-20T19:30:00Z,Sell,363.765843798,364.570174913,513,-412.62,5.13,-412.62,1820.39,2233.01,0,"	2131,2132" 
2022-05-23T16:30:00Z,"SPY",2022-05-23T17:00:00Z,Buy,375.225196507,374.666896086,500,-279.15,5,-525.18,165.6,690.78,0,"	2133,2134" 
2022-05-24T14:00:00Z,"SPY",2022-05-24T15:30:00Z,Sell,369.774670363,367.730723059,489,999.49,4.89,0,1665.82,666.33,1,"	2135,2136" 
2022-05-25T19:30:00Z,"SPY",2022-05-25T19:58:00Z,Buy,377.127203026,375.944363151,536,-634,5.36,-973.83,182.59,1156.42,0,"	2137,2138" 
2022-05-26T14:00:00Z,"SPY",2022-05-26T19:58:00Z,Buy,380.950141502,383.382060285,575,1398.35,5.75,-32.65,2312.45,1216.08,1,"	2139,2140" 
2022-05-27T14:00:00Z,"SPY",2022-05-27T15:00:00Z,Buy,388.955601776,388.870437305,540,-45.99,5.4,-86.87,613.18,679.61,0,"	2141,2142" 
2022-05-27T16:00:00Z,"SPY",2022-05-27T19:58:00Z,Buy,390.356084188,392.60821131,538,1211.64,5.38,-356.37,1216.74,524.37,1,"	2143,2144" 
2022-05-31T14:00:00Z,"SPY",2022-05-31T14:30:00Z,Sell,389.078617123,389.608529387,577,-305.76,5.77,-966.42,600.6,1567.02,0,"	2145,2146" 
2022-06-01T15:30:00Z,"SPY",2022-06-01T18:00:00Z,Sell,386.817027282,387.820075496,574,-575.75,5.74,-803.88,983.12,1787,0,"	2147,2148" 
2022-06-02T16:30:00Z,"SPY",2022-06-02T19:58:00Z,Buy,391.728178443,394.926577465,581,1858.27,5.81,-87.97,1863.77,582.77,1,"	2149,2150" 
2022-06-09T19:30:00Z,"SPY",2022-06-09T19:58:00Z,Sell,382.757520831,380.240437577,804,2023.73,8.04,-30.43,2023.73,357.58,1,"	2151,2152" 
2022-06-10T14:00:00Z,"SPY",2022-06-10T17:30:00Z,Sell,372.244440022,370.484374288,740,1302.45,7.4,0,2401.83,1302.45,1,"	2153,2154" 
2022-06-13T14:30:00Z,"SPY",2022-06-13T15:30:00Z,Sell,356.914835242,357.12301506,678,-141.15,6.78,-660.82,1411.46,2072.28,0,"	2155,2156" 
2022-06-13T19:30:00Z,"SPY",2022-06-13T19:58:00Z,Sell,354.908738814,354.833037062,681,51.55,6.81,-206.21,1101.94,1114.83,1,"	2157,2158" 
2022-06-15T19:30:00Z,"SPY",2022-06-15T19:58:00Z,Buy,361.750284651,358.551885629,604,-1931.83,6.04,-2223.32,737.3,2960.62,0,"	2159,2160" 
2022-06-16T14:00:00Z,"SPY",2022-06-16T14:30:00Z,Sell,348.98507672,349.117554786,610,-80.81,6.1,-132.76,750.39,831.21,0,"	2161,2162" 
2022-06-16T15:00:00Z,"SPY",2022-06-16T15:30:00Z,Sell,346.382828995,348.388925423,614,-1231.74,6.14,-1551.3,0,1551.3,0,"	2163,2164" 
2022-06-16T16:00:00Z,"SPY",2022-06-16T17:00:00Z,Sell,348.095581134,347.934714911,607,97.65,6.07,-86.16,896.04,982.2,1,"	2165,2166" 
2022-06-16T18:00:00Z,"SPY",2022-06-16T19:30:00Z,Sell,346.165186458,347.225010986,611,-647.55,6.11,-789.2,965.55,1754.75,0,"	2167,2168" 
2022-06-17T14:00:00Z,"SPY",2022-06-17T14:30:00Z,Buy,350.121832872,346.462949952,592,-2166.06,5.92,-2244.82,0,2244.82,0,"	2169,2170" 
2022-06-21T14:00:00Z,"SPY",2022-06-21T16:00:00Z,Buy,356.232642528,355.62441264,639,-388.66,6.39,-388.66,825.9,1214.56,0,"	2171,2172" 
2022-06-21T16:30:00Z,"SPY",2022-06-21T19:58:00Z,Buy,356.156613792,356.261153304,638,66.7,6.38,-109.14,1021.66,954.97,1,"	2173,2174" 
2022-06-24T14:00:00Z,"SPY",2022-06-24T19:58:00Z,Buy,364.74786096,369.670721616,576,2835.57,5.76,0,2988.84,744.47,1,"	2175,2176" 
2022-06-27T14:00:00Z,"SPY",2022-06-27T14:30:00Z,Sell,368.843909112,368.919937848,516,-39.23,5.16,-750.29,0,750.29,0,"	2177,2178" 
2022-06-28T15:30:00Z,"SPY",2022-06-28T19:58:00Z,Sell,366.610564992,361.763733072,521,2525.2,5.21,-207.96,2527.68,896.2,1,"	2179,2180" 
2022-06-30T14:00:00Z,"SPY",2022-06-30T15:00:00Z,Sell,354.807103728,357.14498736,543,-1269.47,5.43,-1269.47,361.23,1630.7,0,"	2181,2182" 
2022-07-05T14:00:00Z,"SPY",2022-07-05T14:30:00Z,Sell,355.29178692,355.881009624,585,-344.7,5.85,-600.44,455.89,1056.32,0,"	2183,2184" 
2022-07-07T14:00:00Z,"SPY",2022-07-07T14:30:00Z,Buy,368.159650488,367.655960112,669,-336.97,6.69,-731.16,0,731.16,0,"	2185,2186" 
2022-07-07T15:00:00Z,"SPY",2022-07-07T15:30:00Z,Buy,368.150146896,367.922060688,668,-152.36,6.68,-158.71,336.47,495.18,0,"	2187,2188" 
2022-07-07T16:00:00Z,"SPY",2022-07-07T17:30:00Z,Buy,368.634830088,368.245182816,667,-259.89,6.67,-259.89,297.93,557.82,0,"	2189,2190" 
2022-07-07T18:00:00Z,"SPY",2022-07-07T19:58:00Z,Buy,369.138520464,369.946325784,665,537.19,6.65,-15.8,840.55,641.47,1,"	2191,2192" 
2022-07-14T14:00:00Z,"SPY",2022-07-14T15:00:00Z,Sell,353.837737344,353.86624812,894,-25.49,8.94,-518.27,1002.55,1520.82,0,"	2193,2194" 
2022-07-19T14:30:00Z,"SPY",2022-07-19T19:58:00Z,Buy,368.796391152,372.949460856,1037,4306.73,10.37,-236.53,4661.52,1074.22,1,"	2195,2196" 
2022-07-20T15:00:00Z,"SPY",2022-07-20T17:30:00Z,Buy,376.285221648,374.317978104,958,-1884.62,9.58,-3068.2,273.13,3341.33,0,"	2197,2198" 
2022-07-21T14:30:00Z,"SPY",2022-07-21T15:00:00Z,Sell,372.607331544,374.82166848,957,-2119.12,9.57,-2128.22,77.31,2205.52,0,"	2199,2200" 
2022-07-21T16:30:00Z,"SPY",2022-07-21T18:00:00Z,Buy,377.62522812,376.798415616,934,-772.24,9.34,-1340.33,239.66,1579.99,0,"	2201,2202" 
2022-07-22T15:30:00Z,"SPY",2022-07-22T19:58:00Z,Sell,377.00749464,375.002236728,956,1917.03,9.56,0,3534.23,1880.68,1,"	2203,2204" 
2022-07-26T15:30:00Z,"SPY",2022-07-26T17:30:00Z,Sell,371.92307292,372.721374648,948,-756.79,9.48,-882.92,827.96,1710.89,0,"	2205,2206" 
2022-07-26T18:00:00Z,"SPY",2022-07-26T19:00:00Z,Sell,371.847044184,371.343353808,945,475.99,9.45,-808.28,916.05,808.28,1,"	2207,2208" 
2022-07-27T15:00:00Z,"SPY",2022-07-27T15:30:00Z,Buy,376.465789896,376.43727912,889,-25.35,8.89,-194.32,456.23,650.55,0,"	2209,2210" 
2022-07-27T16:00:00Z,"SPY",2022-07-27T17:00:00Z,Buy,376.969480272,376.361250384,888,-540.11,8.88,-548.55,261.61,810.16,0,"	2211,2212" 
2022-07-27T19:00:00Z,"SPY",2022-07-27T19:58:00Z,Buy,380.010629712,381.531204432,878,1335.06,8.78,-91.79,2444.84,1285,1,"	2213,2214" 
2022-07-28T14:00:00Z,"SPY",2022-07-28T15:00:00Z,Sell,379.554457296,381.635743944,806,-1677.52,8.06,-1677.52,888.55,2566.06,0,"	2215,2216" 
2022-07-28T15:30:00Z,"SPY",2022-07-28T16:00:00Z,Buy,383.812066512,383.602987488,790,-165.17,7.9,-510.53,420.44,585.61,0,"	2217,2218" 
2022-07-28T16:30:00Z,"SPY",2022-07-28T19:58:00Z,Buy,384.1827066,385.70328132,788,1198.21,7.88,-441.84,1857.23,793.82,1,"	2219,2220" 
2022-07-29T14:00:00Z,"SPY",2022-07-29T15:30:00Z,Buy,388.896488232,388.012654176,770,-680.55,7.7,-804.95,1273.29,2078.25,0,"	2221,2222" 
2022-07-29T17:00:00Z,"SPY",2022-07-29T19:58:00Z,Buy,390.112948008,391.481465256,765,1046.92,7.65,-305.35,1788.48,807,1,"	2223,2224" 
2022-08-03T14:00:00Z,"SPY",2022-08-03T14:30:00Z,Buy,391.110825168,391.224868272,806,91.92,8.06,-559.17,597.47,1103.02,1,"	2225,2226" 
2022-08-03T15:30:00Z,"SPY",2022-08-03T19:58:00Z,Buy,391.985155632,394.075945872,805,1683.09,8.05,-53.55,2394.57,711.49,1,"	2227,2228" 
2022-08-08T14:00:00Z,"SPY",2022-08-08T14:30:00Z,Buy,396.48985824,396.043189416,851,-380.12,8.51,-558.04,262.85,820.89,0,"	2229,2230" 
2022-08-12T16:30:00Z,"SPY",2022-08-12T19:58:00Z,Buy,403.180387008,405.641817336,910,2239.9,9.1,-190.26,2239.9,397.82,1,"	2231,2232" 
2022-08-19T14:00:00Z,"SPY",2022-08-19T17:00:00Z,Sell,402.14449548,402.296552952,1008,-153.27,10.08,-478.98,1379.47,1858.45,0,"	2233,2234" 
2022-08-19T17:30:00Z,"SPY",2022-08-19T19:58:00Z,Sell,401.792862576,401.222647056,1008,574.78,10.08,-153.27,1417.78,1355.52,1,"	2235,2236" 
2022-08-22T14:30:00Z,"SPY",2022-08-22T17:00:00Z,Sell,394.294528488,394.560629064,1030,-274.08,10.3,-792.88,499.22,1292.11,0,"	2237,2238" 
2022-08-22T17:30:00Z,"SPY",2022-08-22T19:58:00Z,Sell,393.54374472,392.669414256,1030,900.56,10.3,0,1649.4,1115.91,1,"	2239,2240" 
2022-08-24T15:30:00Z,"SPY",2022-08-24T17:00:00Z,Buy,393.866866848,392.564874744,1017,-1324.13,10.17,-1556.09,608.9,2164.99,0,"	2241,2242" 
2022-08-25T14:00:00Z,"SPY",2022-08-25T15:30:00Z,Buy,395.72957088,395.045312256,1002,-685.63,10.02,-1247.46,1328.4,2575.86,0,"	2243,2244" 
2022-08-26T14:30:00Z,"SPY",2022-08-26T19:58:00Z,Sell,394.285024896,385.570231032,946,8244.19,9.46,0,8531.89,1537.36,1,"	2245,2246" 
2022-08-30T14:00:00Z,"SPY",2022-08-30T19:58:00Z,Sell,381.892340928,378.233458008,777,2842.95,7.77,-302.76,4275.5,2481.12,1,"	2247,2248" 
2022-09-01T15:00:00Z,"SPY",2022-09-01T16:00:00Z,Sell,370.953706536,371.771015448,892,-729.04,8.92,-1814.12,127.16,1941.28,0,"	2249,2250" 
2022-09-02T17:30:00Z,"SPY",2022-09-02T18:30:00Z,Sell,373.947338016,374.222942184,972,-267.89,9.72,-794.42,1076.17,1344.06,0,"	2251,2252" 
2022-09-02T19:00:00Z,"SPY",2022-09-02T19:58:00Z,Sell,373.082511144,372.236691456,973,822.98,9.73,-1169.74,2052.83,1571.99,1,"	2253,2254" 
2022-09-06T14:30:00Z,"SPY",2022-09-06T15:00:00Z,Sell,371.039238864,373.605208704,1002,-2571.1,10.02,-2761.55,495.18,3256.73,0,"	2255,2256" 
2022-09-06T17:30:00Z,"SPY",2022-09-06T18:00:00Z,Sell,370.193419176,371.001224496,992,-801.34,9.92,-801.34,235.69,1037.03,0,"	2257,2258" 
2022-09-07T15:00:00Z,"SPY",2022-09-07T19:58:00Z,Buy,373.30109376,378.0053718,998,4694.87,9.98,-189.69,5444.15,1375.26,1,"	2259,2260" 
2022-09-08T15:00:00Z,"SPY",2022-09-08T16:00:00Z,Buy,380.04864408,379.658996808,872,-339.77,8.72,-430.93,720.98,1151.91,0,"	2261,2262" 
2022-09-09T14:00:00Z,"SPY",2022-09-09T16:30:00Z,Buy,384.201713784,384.695900568,849,419.56,8.49,0,1516.89,1331.31,1,"	2263,2264" 
2022-09-09T17:00:00Z,"SPY",2022-09-09T19:00:00Z,Buy,385.817324424,386.530093824,847,603.72,8.47,-321.98,740.56,619.81,1,"	2265,2266" 
2022-09-09T19:30:00Z,"SPY",2022-09-09T19:58:00Z,Buy,386.900733912,386.549101008,847,-297.83,8.47,-374.3,265.63,639.94,0,"	2267,2268" 
2022-09-12T14:00:00Z,"SPY",2022-09-12T15:00:00Z,Buy,390.607134792,390.141458784,794,-369.75,7.94,-445.21,513.12,958.32,0,"	2269,2270" 
2022-09-13T15:00:00Z,"SPY",2022-09-13T17:30:00Z,Sell,378.632608872,379.630486032,855,-853.18,8.55,-853.18,633.79,1486.98,0,"	2271,2272" 
2022-09-13T18:30:00Z,"SPY",2022-09-13T19:58:00Z,Sell,377.511185016,374.317978104,854,2727,8.54,-16.23,4285.28,1558.28,1,"	2273,2274" 
2022-09-16T14:00:00Z,"SPY",2022-09-16T14:30:00Z,Sell,365.034646173,366.733236271,707,-1200.9,7.07,-1767.62,0,1767.62,0,"	2275,2276" 
2022-09-20T18:00:00Z,"SPY",2022-09-20T18:30:00Z,Sell,363.95632774,365.215956352,788,-992.59,7.88,-1210.66,0,1210.66,0,"	2277,2278" 
2022-09-22T14:00:00Z,"SPY",2022-09-22T14:30:00Z,Sell,357.763153731,358.478851806,773,-553.23,7.73,-1143.35,427.83,1571.19,0,"	2279,2280" 
2022-09-22T15:00:00Z,"SPY",2022-09-22T16:30:00Z,Sell,356.971114528,357.906293346,773,-722.89,7.73,-1331.45,390.95,1722.4,0,"	2281,2282" 
2022-09-23T14:00:00Z,"SPY",2022-09-23T14:30:00Z,Sell,350.987878621,351.894429516,785,-711.64,7.85,-711.64,232.22,943.86,0,"	2283,2284" 
2022-09-23T15:00:00Z,"SPY",2022-09-23T19:58:00Z,Sell,350.644343545,350.424862802,783,171.85,7.83,-836.85,3063.47,3399.71,1,"	2285,2286" 
2022-09-26T14:30:00Z,"SPY",2022-09-26T15:00:00Z,Buy,352.915492103,351.627235568,765,-985.52,7.65,-1372.42,0,1372.42,0,"	2287,2288" 
2022-09-26T17:30:00Z,"SPY",2022-09-26T18:30:00Z,Sell,347.018139965,347.170822221,774,-118.18,7.74,-1078.36,251.12,1329.48,0,"	2289,2290" 
2022-09-27T16:30:00Z,"SPY",2022-09-27T17:00:00Z,Sell,345.63445702,346.130674352,773,-383.58,7.73,-604.87,387.26,992.13,0,"	2291,2292" 
2022-09-27T17:30:00Z,"SPY",2022-09-27T18:00:00Z,Sell,345.338635149,345.214580816,773,95.89,7.73,-272.93,590.12,494.22,1,"	2293,2294" 
2022-09-28T14:30:00Z,"SPY",2022-09-28T19:58:00Z,Buy,349.670994163,354.165578074,830,3730.5,8.3,-348.5,4506.7,1346.47,1,"	2295,2296" 
2022-09-29T14:00:00Z,"SPY",2022-09-29T16:00:00Z,Sell,346.550550556,347.361675041,789,-639.98,7.89,-1110.55,1754.29,2864.84,0,"	2297,2298" 
2022-09-29T16:30:00Z,"SPY",2022-09-29T19:58:00Z,Sell,346.226100762,346.502837351,787,-217.79,7.87,-405.54,2290.57,2508.36,0,"	2299,2300" 
2022-09-30T15:30:00Z,"SPY",2022-09-30T16:00:00Z,Buy,348.59267573,346.340612454,814,-1833.18,8.14,-1934.16,108.75,2042.91,0,"	2301,2302" 
2022-10-03T14:30:00Z,"SPY",2022-10-03T19:58:00Z,Buy,347.705210117,349.566025112,855,1591,8.55,-750.62,3361.49,1852.08,1,"	2303,2304" 
2022-10-04T14:00:00Z,"SPY",2022-10-04T17:30:00Z,Buy,358.822386882,358.202115217,867,-537.78,8.67,-1414.76,1298.93,2713.7,0,"	2305,2306" 
2022-10-04T18:00:00Z,"SPY",2022-10-04T18:30:00Z,Buy,359.08958083,358.402510678,864,-593.63,8.64,-593.63,255.59,849.22,0,"	2307,2308" 
2022-10-04T19:00:00Z,"SPY",2022-10-04T19:58:00Z,Buy,359.85299211,360.158356622,859,262.31,8.59,-1082.02,459.04,1172.19,1,"	2309,2310" 
2022-10-07T14:00:00Z,"SPY",2022-10-07T19:58:00Z,Sell,348.802613832,346.483752069,745,1727.55,7.45,-1080.61,3213.39,1556.93,1,"	2311,2312" 
2022-10-10T15:00:00Z,"SPY",2022-10-10T16:00:00Z,Sell,343.72592882,344.29848728,718,-411.1,7.18,-781.08,575.54,1356.62,0,"	2313,2314" 
2022-10-10T16:30:00Z,"SPY",2022-10-10T18:00:00Z,Sell,342.618982464,344.96647215,719,-1687.85,7.19,-2154.4,888.52,3042.92,0,"	2315,2316" 
2022-10-11T14:00:00Z,"SPY",2022-10-11T14:30:00Z,Sell,340.281035419,340.462345598,721,-130.72,7.21,-522.9,495.38,1018.28,0,"	2317,2318" 
2022-10-13T15:30:00Z,"SPY",2022-10-13T19:58:00Z,Buy,343.802269948,349.508769266,731,4171.45,7.31,-90.68,4991.09,2839.1,1,"	2319,2320" 
2022-10-14T14:30:00Z,"SPY",2022-10-14T19:58:00Z,Sell,345.405433636,340.910849725,694,3119.24,6.94,-1016.57,3125.86,2049.69,1,"	2321,2322" 
2022-10-17T14:30:00Z,"SPY",2022-10-17T15:00:00Z,Buy,349.966816034,348.726272704,666,-826.2,6.66,-1055,228.79,1283.79,0,"	2323,2324" 
2022-10-20T14:30:00Z,"SPY",2022-10-20T15:30:00Z,Buy,355.148470097,353.354453589,653,-1171.49,6.53,-1283.66,0,1283.66,0,"	2325,2326" 
2022-10-21T14:00:00Z,"SPY",2022-10-21T14:30:00Z,Buy,352.237964592,350.539374494,668,-1134.66,6.68,-1141.03,745.81,1886.85,0,"	2327,2328" 
2022-10-21T16:00:00Z,"SPY",2022-10-21T19:58:00Z,Buy,353.115887564,357.047455656,662,2602.7,6.62,-407.46,2950.15,982.33,1,"	2329,2330" 
2022-10-25T14:00:00Z,"SPY",2022-10-25T17:00:00Z,Buy,364.901049199,365.549948787,718,465.91,7.18,-746.83,1233.29,801.64,1,"	2331,2332" 
2022-10-25T18:30:00Z,"SPY",2022-10-25T19:00:00Z,Buy,366.456499682,365.998452914,716,-327.96,7.16,-327.96,293.8,621.76,0,"	2333,2334" 
2022-10-25T19:30:00Z,"SPY",2022-10-25T19:58:00Z,Buy,367.162655116,367.10539927,714,-40.88,7.14,-170.34,313.42,483.75,0,"	2335,2336" 
2022-10-28T14:00:00Z,"SPY",2022-10-28T19:58:00Z,Buy,365.072816737,370.951083593,795,4673.22,7.95,-1160.72,5079.09,1585.56,1,"	2337,2338" 
2022-11-02T19:30:00Z,"SPY",2022-11-02T19:58:00Z,Sell,359.824364187,358.278456345,791,1222.81,7.91,-301.93,1517.19,845.4,1,"	2339,2340" 
2022-11-03T14:00:00Z,"SPY",2022-11-03T14:30:00Z,Sell,352.257049874,355.577888942,778,-2583.61,7.78,-2687.55,0,2687.55,0,"	2341,2342" 
2022-11-08T16:30:00Z,"SPY",2022-11-08T18:30:00Z,Buy,366.4374144,364.290320175,850,-1825.03,8.5,-1825.03,835.46,2660.49,0,"	2343,2344" 
2022-11-09T19:00:00Z,"SPY",2022-11-09T19:30:00Z,Sell,358.927355933,359.156379317,872,-199.71,8.72,-574.16,291.24,865.4,0,"	2345,2346" 
2022-11-09T20:00:00Z,"SPY",2022-11-09T20:58:00Z,Sell,357.677269962,357.037913015,874,558.8,8.74,-979.98,884.07,979.98,1,"	2347,2348" 
2022-11-10T16:00:00Z,"SPY",2022-11-10T17:30:00Z,Buy,372.582875204,372.783270665,785,157.31,7.85,-636.73,1123.65,996.3,1,"	2349,2350" 
2022-11-10T19:00:00Z,"SPY",2022-11-10T19:30:00Z,Buy,373.393999689,373.718449483,784,254.37,7.84,-224.44,366.59,591.03,1,"	2351,2352" 
2022-11-10T20:00:00Z,"SPY",2022-11-10T20:58:00Z,Buy,374.329178507,376.304505194,783,1546.68,7.83,-97.13,1972.58,425.9,1,"	2353,2354" 
2022-11-11T20:00:00Z,"SPY",2022-11-11T20:30:00Z,Buy,380.961314002,380.302871773,592,-389.8,5.92,-1033.81,0,1033.81,0,"	2355,2356" 
2022-11-22T20:30:00Z,"SPY",2022-11-22T20:58:00Z,Buy,381.180794745,381.70564,628,329.6,6.28,-8.99,335.6,89.89,1,"	2357,2358" 
2022-11-23T15:00:00Z,"SPY",2022-11-23T17:00:00Z,Buy,383.051152381,382.030089794,678,-692.28,6.78,-976.96,659.93,1636.89,0,"	2359,2360" 
2022-11-23T20:30:00Z,"SPY",2022-11-23T20:58:00Z,Buy,383.99587384,383.566454995,674,-289.43,6.74,-379.47,0,379.47,0,"	2361,2362" 
2022-11-28T19:30:00Z,"SPY",2022-11-28T20:58:00Z,Sell,377.8885836,377.735901344,710,108.4,7.1,-237.13,589.45,548.8,1,"	2363,2364" 
2022-11-29T16:30:00Z,"SPY",2022-11-29T17:00:00Z,Sell,375.722404093,376.600327065,682,-598.74,6.82,-598.74,0,598.74,0,"	2365,2366" 
2022-11-29T17:30:00Z,"SPY",2022-11-29T18:00:00Z,Sell,376.228164066,376.886606295,679,-447.08,6.79,-583.15,0,583.15,0,"	2367,2368" 
2022-11-30T19:00:00Z,"SPY",2022-11-30T20:58:00Z,Buy,381.447988693,388.118294752,667,4449.09,6.67,0,4500.01,782.89,1,"	2369,2370" 
2022-12-01T15:30:00Z,"SPY",2022-12-01T16:00:00Z,Sell,386.725069166,388.948504519,663,-1474.14,6.63,-1474.14,322.67,1796.8,0,"	2371,2372" 
2022-12-01T16:30:00Z,"SPY",2022-12-01T17:00:00Z,Sell,387.803387599,388.223263803,657,-275.86,6.57,-579.93,0,579.93,0,"	2373,2374" 
2022-12-05T16:30:00Z,"SPY",2022-12-05T20:58:00Z,Sell,384.09130025,381.581585667,1055,2647.75,10.55,0,4238.41,1590.66,1,"	2375,2376" 
2022-12-06T15:00:00Z,"SPY",2022-12-06T20:58:00Z,Sell,379.014615238,375.665148247,1004,3362.86,10.04,-105.39,5269.45,2356.88,1,"	2377,2378" 
2022-12-08T15:00:00Z,"SPY",2022-12-08T16:30:00Z,Buy,378.069893779,377.754986626,999,-314.59,9.99,-1039.11,915.18,1954.29,0,"	2379,2380" 
2022-12-12T20:30:00Z,"SPY",2022-12-12T20:58:00Z,Buy,379.873452928,380.531895157,972,640.01,9.72,-111.31,649.28,649.28,1,"	2381,2382" 
2022-12-14T15:00:00Z,"SPY",2022-12-14T17:30:00Z,Buy,385.389099426,385.303215657,945,-81.16,9.45,-180.36,973.92,1091.15,0,"	2383,2384" 
2022-12-15T15:00:00Z,"SPY",2022-12-15T20:30:00Z,Sell,373.651650996,372.773728024,974,855.1,9.74,-223.07,3243.79,2532.76,1,"	2385,2386" 
2022-12-16T15:30:00Z,"SPY",2022-12-16T16:00:00Z,Sell,366.797553402,367.228944597,894,-385.66,8.94,-411.37,488.51,874.17,0,"	2387,2388" 
2022-12-16T16:30:00Z,"SPY",2022-12-16T19:30:00Z,Sell,366.615410453,365.944357483,893,599.25,8.93,-522.2,1155.7,1395.4,1,"	2389,2390" 
2022-12-19T19:00:00Z,"SPY",2022-12-19T20:58:00Z,Sell,364.19003329,364.506386833,918,-290.41,9.18,-290.41,1350.86,1641.27,0,"	2391,2392" 
2022-12-21T16:00:00Z,"SPY",2022-12-21T17:00:00Z,Buy,370.593795918,369.980261774,1202,-737.47,12.02,-1071.63,720.18,1791.82,0,"	2393,2394" 
2022-12-21T18:00:00Z,"SPY",2022-12-21T18:30:00Z,Buy,370.411652969,369.788532354,1199,-747.12,11.99,-839.08,413.79,1252.87,0,"	2395,2396" 
2022-12-22T15:00:00Z,"SPY",2022-12-22T20:00:00Z,Sell,365.800560418,362.838340879,1089,3225.86,10.89,0,7088.53,3862.68,1,"	2397,2398" 
2022-12-23T15:00:00Z,"SPY",2022-12-23T15:30:00Z,Sell,362.819167937,365.637590411,1084,-3055.17,10.84,-3304.57,0,3304.57,0,"	2399,2400" 
2022-12-27T15:00:00Z,"SPY",2022-12-27T15:30:00Z,Sell,364.774808021,366.596237511,1100,-2003.57,11,-2478.1,864.7,3342.8,0,"	2401,2402" 
2022-12-28T16:30:00Z,"SPY",2022-12-28T18:00:00Z,Sell,363.471047965,363.643604443,1141,-196.89,11.41,-196.89,1990.75,2187.63,0,"	2403,2404" 
2022-12-28T19:30:00Z,"SPY",2022-12-28T20:58:00Z,Sell,362.723303227,361.256573164,1142,1675.01,11.42,-963.4,1926.8,1114.48,1,"	2405,2406" 
2022-12-29T15:00:00Z,"SPY",2022-12-29T20:58:00Z,Buy,365.81973336,367.602816966,1107,1973.87,11.07,-116.73,2859.99,1055.92,1,"	2407,2408" 
2023-01-03T16:30:00Z,"SPY",2023-01-03T18:30:00Z,Sell,364.305070942,363.825747392,1042,499.46,10.42,0,1987.83,1518.34,1,"	2409,2410" 
2023-01-05T16:00:00Z,"SPY",2023-01-05T17:00:00Z,Sell,363.691536798,363.605258559,1124,96.98,11.24,-657.29,495.66,1152.95,1,"	2411,2412" 
2023-01-06T16:00:00Z,"SPY",2023-01-06T18:00:00Z,Buy,369.347554688,369.491351753,1089,156.6,10.89,-167.03,1492.87,1649.47,1,"	2413,2414" 
2023-01-06T18:30:00Z,"SPY",2023-01-06T20:58:00Z,Buy,370.171991194,371.801691264,1087,1771.48,10.87,0,3157.41,1385.93,1,"	2415,2416" 
2023-01-09T15:00:00Z,"SPY",2023-01-09T15:30:00Z,Buy,375.425377302,375.224061411,1058,-212.99,10.58,-253.56,405.7,659.26,0,"	2417,2418" 
2023-01-09T16:00:00Z,"SPY",2023-01-09T17:30:00Z,Buy,376.374437931,376.65244559,1054,293.02,10.54,-101.04,1000.31,1101.35,1,"	2419,2420" 
2023-01-12T15:00:00Z,"SPY",2023-01-12T15:30:00Z,Sell,377.428949741,379.576319245,1086,-2332.04,10.86,-3092.04,0,3092.04,0,"	2421,2422" 
2023-01-18T16:30:00Z,"SPY",2023-01-18T20:58:00Z,Sell,379.020303927,375.271993766,1211,4539.2,12.11,0,4550.81,1648.51,1,"	2423,2424" 
2023-01-20T16:30:00Z,"SPY",2023-01-20T17:00:00Z,Buy,376.125189685,375.559587896,1189,-672.5,11.89,-775.09,74.09,849.17,0,"	2425,2426" 
2023-01-20T19:00:00Z,"SPY",2023-01-20T20:58:00Z,Buy,377.150942082,379.43252218,1182,2696.83,11.82,-147.31,2883.79,1036.81,1,"	2427,2428" 
2023-01-23T15:00:00Z,"SPY",2023-01-23T20:00:00Z,Buy,381.416921677,382.998689392,1175,1858.58,11.75,-174.59,5372.98,4145.19,1,"	2429,2430" 
2023-01-25T15:00:00Z,"SPY",2023-01-25T15:30:00Z,Sell,378.080829769,378.531393906,1189,-535.72,11.89,-1538.77,0,1538.77,0,"	2431,2432" 
2023-01-31T15:30:00Z,"SPY",2023-01-31T20:30:00Z,Buy,386.04718717,387.053766625,1230,1238.09,12.3,-212.24,2498.59,1260.5,1,"	2433,2434" 
2023-02-01T20:30:00Z,"SPY",2023-02-01T20:58:00Z,Buy,394.243619875,393.582153376,1210,-800.37,12.1,-1200.56,2499.72,3700.28,0,"	2435,2436" 
2023-02-02T16:00:00Z,"SPY",2023-02-02T16:30:00Z,Buy,399.410727744,399.305276563,1191,-125.59,11.91,-707.88,433.86,1141.75,0,"	2437,2438" 
2023-02-02T19:00:00Z,"SPY",2023-02-02T19:30:00Z,Buy,400.772006626,398.404148289,1186,-2808.28,11.86,-2956.08,159.17,3115.26,0,"	2439,2440" 
2023-02-07T18:00:00Z,"SPY",2023-02-07T18:30:00Z,Buy,397.196252943,392.824822167,1072,-4686.17,10.72,-4696.45,503.56,5200.01,0,"	2441,2442" 
2023-02-07T19:30:00Z,"SPY",2023-02-07T20:58:00Z,Buy,395.05846991,398.097381217,1057,3212.13,10.57,-20.27,4407.81,1489.54,1,"	2443,2444" 
2023-02-08T16:30:00Z,"SPY",2023-02-08T17:30:00Z,Sell,393.802642209,394.67501107,1170,-1020.67,11.7,-1054.32,628.11,1682.43,0,"	2445,2446" 
2023-02-09T19:30:00Z,"SPY",2023-02-09T20:00:00Z,Sell,391.425197401,391.568994466,1134,-163.07,11.34,-554.42,65.23,619.65,0,"	2447,2448" 
2023-02-09T20:30:00Z,"SPY",2023-02-09T20:58:00Z,Sell,389.958467338,390.198129113,1137,-272.5,11.37,-1362.48,915.58,2278.06,0,"	2449,2450" 
2023-02-13T15:00:00Z,"SPY",2023-02-13T20:58:00Z,Buy,393.352078072,395.422755808,1179,2441.33,11.79,-350.38,2825.61,1831,1,"	2451,2452" 
2023-02-14T17:00:00Z,"SPY",2023-02-14T17:30:00Z,Sell,392.613919805,393.515048079,1188,-1070.54,11.88,-1434.98,0,1434.98,0,"	2453,2454" 
2023-02-17T15:00:00Z,"SPY",2023-02-17T15:30:00Z,Sell,388.012413725,389.124444361,1141,-1268.83,11.41,-2165.76,0,2165.76,0,"	2455,2456" 
2023-02-21T15:30:00Z,"SPY",2023-02-21T20:58:00Z,Sell,385.107713012,382.557711726,1204,3070.2,12.04,-854.12,3295.27,1436.99,1,"	2457,2458" 
2023-02-23T17:00:00Z,"SPY",2023-02-23T18:00:00Z,Sell,380.065229266,381.138914018,1228,-1318.48,12.28,-1329.08,153.04,1482.12,0,"	2459,2460" 
2023-02-24T15:00:00Z,"SPY",2023-02-24T15:30:00Z,Sell,378.167108008,377.99455153,1236,213.28,12.36,-906.44,699.08,1060.47,1,"	2461,2462" 
2023-02-24T16:00:00Z,"SPY",2023-02-24T16:30:00Z,Sell,377.80282211,379.020303927,1238,-1507.24,12.38,-1661.53,59.34,1720.87,0,"	2463,2464" 
2023-03-02T19:30:00Z,"SPY",2023-03-02T20:00:00Z,Buy,380.534966345,380.400755751,1221,-163.87,12.21,-667.19,187.28,854.47,0,"	2465,2466" 
2023-03-02T20:30:00Z,"SPY",2023-03-02T20:58:00Z,Buy,381.004703424,381.06222225,1219,70.12,12.19,0,1367.25,1367.25,1,"	2467,2468" 
2023-03-03T15:00:00Z,"SPY",2023-03-03T16:00:00Z,Buy,383.995682376,384.12989297,1209,162.26,12.09,-1413.99,985.15,1413.99,1,"	2469,2470" 
2023-03-03T16:30:00Z,"SPY",2023-03-03T20:58:00Z,Buy,384.628389462,387.38929311,1208,3335.17,12.08,-214.24,3705.75,984.34,1,"	2471,2472" 
2023-03-06T15:30:00Z,"SPY",2023-03-06T16:30:00Z,Buy,389.824256744,389.69004615,1209,-162.26,12.09,-243.39,898.23,1141.62,0,"	2473,2474" 
2023-03-06T17:30:00Z,"SPY",2023-03-06T18:00:00Z,Buy,389.996813222,389.057339064,1208,-1134.88,12.08,-1331.75,0,1331.75,0,"	2475,2476" 
2023-03-07T15:30:00Z,"SPY",2023-03-07T20:58:00Z,Sell,385.069367128,381.666169923,1217,4141.69,12.17,-1563.34,4701.69,2135.01,1,"	2477,2478" 
2023-03-09T15:00:00Z,"SPY",2023-03-09T15:30:00Z,Buy,384.206584738,383.55470471,1241,-808.98,12.41,-1594.17,380.7,1974.87,0,"	2479,2480" 
2023-03-09T18:30:00Z,"SPY",2023-03-09T20:58:00Z,Sell,380.065229266,375.367858476,1251,5876.41,12.51,0,6751.88,2254.62,1,"	2481,2482" 
2023-03-10T15:30:00Z,"SPY",2023-03-10T16:00:00Z,Sell,372.769924835,375.089850817,1307,-3032.14,13.07,-3032.14,338.3,3370.44,0,"	2483,2484" 
2023-03-10T17:30:00Z,"SPY",2023-03-10T20:58:00Z,Sell,372.884962487,369.999434716,1290,3722.33,12.9,-1347.95,5540.21,4575.62,1,"	2485,2486" 
2023-03-13T15:00:00Z,"SPY",2023-03-13T17:00:00Z,Buy,371.696240083,370.593795918,1273,-1403.41,12.73,-1818.33,2513.94,4332.27,0,"	2487,2488" 
2023-03-13T18:30:00Z,"SPY",2023-03-13T19:00:00Z,Buy,372.348120111,372.405638937,1264,72.7,12.64,-545.28,908.8,1454.08,1,"	2489,2490" 
2023-03-14T14:30:00Z,"SPY",2023-03-14T16:30:00Z,Buy,376.010152033,375.530828483,1292,-619.29,12.92,-743.14,1411.97,2155.12,0,"	2491,2492" 
2023-03-16T15:00:00Z,"SPY",2023-03-16T19:58:00Z,Buy,375.396617889,379.739289252,1240,5384.91,12.4,-701.35,5682.09,2591.41,1,"	2493,2494" 
2023-03-17T14:30:00Z,"SPY",2023-03-17T17:30:00Z,Sell,376.463808502,376.194362766,1171,315.52,11.71,-416.94,2862.23,3279.16,1,"	2495,2496" 
2023-03-17T18:30:00Z,"SPY",2023-03-17T19:00:00Z,Sell,374.414096296,374.952987768,1179,-635.35,11.79,-873.61,476.51,1350.13,0,"	2497,2498" 
2023-03-20T14:30:00Z,"SPY",2023-03-20T16:00:00Z,Buy,377.589706756,377.65706819,1131,76.19,11.31,-522.42,1839.34,1795.81,1,"	2499,2500" 
2023-03-23T14:30:00Z,"SPY",2023-03-23T17:00:00Z,Buy,381.74686954,381.804607912,999,57.68,9.99,-230.72,2239.93,2316.84,1,"	2501,2502" 
2023-03-31T14:00:00Z,"SPY",2023-03-31T15:00:00Z,Buy,390.205541038,390.869532316,1249,829.33,12.49,-54.09,961.54,576.92,1,"	2503,2504" 
2023-03-31T16:00:00Z,"SPY",2023-03-31T19:58:00Z,Buy,391.783723206,393.958535218,1248,2714.17,12.48,-456.36,2714.17,1321.05,1,"	2505,2506" 
2023-04-03T14:00:00Z,"SPY",2023-04-03T15:00:00Z,Buy,394.680264868,393.573612738,1223,-1353.44,12.23,-1353.44,1294.59,2648.03,0,"	2507,2508" 
2023-04-04T15:30:00Z,"SPY",2023-04-04T19:58:00Z,Sell,393.448512932,393.15019801,1268,378.26,12.68,-500.28,1818.1,2318.39,1,"	2509,2510" 
2023-04-06T17:30:00Z,"SPY",2023-04-06T18:00:00Z,Buy,393.573612738,393.448512932,1270,-158.88,12.7,-256.65,219.98,476.63,0,"	2511,2512" 
2023-04-12T19:30:00Z,"SPY",2023-04-12T19:58:00Z,Sell,392.207137934,392.226384058,1273,-24.5,12.73,-1029.01,85.75,1029.01,0,"	2513,2514" 
2023-04-13T14:30:00Z,"SPY",2023-04-13T15:00:00Z,Buy,395.257648588,394.78611855,1263,-595.54,12.63,-698.85,24.31,723.16,0,"	2515,2516" 
2023-04-13T15:30:00Z,"SPY",2023-04-13T19:58:00Z,Buy,395.31538696,397.778890832,1260,3104.01,12.6,-424.38,3534.45,703.25,1,"	2517,2518" 
2023-04-14T14:00:00Z,"SPY",2023-04-14T14:30:00Z,Buy,399.193480946,396.787715446,1263,-3038.48,12.63,-3172.18,121.54,3293.71,0,"	2519,2520" 
2023-04-14T15:30:00Z,"SPY",2023-04-14T16:00:00Z,Sell,396.056362734,396.258447036,1258,-254.22,12.58,-254.22,230.01,484.23,0,"	2521,2522" 
2023-04-14T16:30:00Z,"SPY",2023-04-14T18:30:00Z,Sell,395.642571068,396.37392378,1258,-920.04,12.58,-920.04,1210.58,2130.62,0,"	2523,2524" 
2023-04-21T14:00:00Z,"SPY",2023-04-21T14:30:00Z,Sell,395.450109828,396.537515834,1253,-1362.52,12.53,-1712.19,446.13,2158.33,0,"	2525,2526" 
2023-04-25T14:30:00Z,"SPY",2023-04-25T15:00:00Z,Sell,394.20873483,394.391573008,1250,-228.55,12.5,-342.82,457.1,799.92,0,"	2527,2528" 
2023-04-25T16:00:00Z,"SPY",2023-04-25T19:58:00Z,Sell,393.602481924,390.84066313,1251,3455.04,12.51,-300.96,3473.09,890.85,1,"	2529,2530" 
2023-04-26T14:30:00Z,"SPY",2023-04-26T15:00:00Z,Sell,390.099687356,390.93689375,1280,-1071.62,12.8,-1133.21,0,1133.21,0,"	2531,2532" 
2023-04-26T19:00:00Z,"SPY",2023-04-26T19:30:00Z,Sell,389.118135032,389.06039666,1278,73.79,12.78,-307.46,479.63,725.6,1,"	2533,2534" 
2023-04-27T14:00:00Z,"SPY",2023-04-27T15:00:00Z,Buy,392.197514872,392.33223774,1268,170.83,12.68,-97.62,1189.7,1092.08,1,"	2535,2536" 
2023-04-27T15:30:00Z,"SPY",2023-04-27T19:58:00Z,Buy,393.381151498,396.71073095,1265,4211.92,12.65,-292.16,4711.02,608.66,1,"	2537,2538" 
2023-04-28T14:30:00Z,"SPY",2023-04-28T15:00:00Z,Buy,399.06838114,397.653791026,1268,-1793.7,12.68,-2013.34,73.21,2086.55,0,"	2539,2540" 
2023-04-28T15:30:00Z,"SPY",2023-04-28T19:58:00Z,Buy,398.15419025,399.98257203,1262,2307.42,12.62,0,2313.49,1639.48,1,"	2541,2542" 
2023-05-02T14:00:00Z,"SPY",2023-05-02T17:30:00Z,Sell,398.25042087,394.795741612,1273,4397.81,12.73,-36.75,7056.09,2768.54,1,"	2543,2544" 
2023-05-03T14:00:00Z,"SPY",2023-05-03T14:30:00Z,Buy,396.66261564,395.921639866,1300,-963.27,13,-963.27,275.22,1238.49,0,"	2545,2546" 
2023-05-04T14:00:00Z,"SPY",2023-05-04T16:30:00Z,Sell,390.31139472,390.147802666,1316,215.29,13.16,-854.82,2266.85,2881.05,1,"	2547,2548" 
2023-05-05T14:00:00Z,"SPY",2023-05-05T19:58:00Z,Buy,394.661018744,396.80696157,1303,2796.16,13.03,0,4363.52,1598.7,1,"	2549,2550" 
2023-05-11T14:00:00Z,"SPY",2023-05-11T14:30:00Z,Sell,394.843856922,395.401994518,1316,-734.51,13.16,-797.83,329.26,1127.09,0,"	2551,2552" 
2023-05-12T16:30:00Z,"SPY",2023-05-12T17:30:00Z,Sell,394.622526496,394.853479984,1313,-303.24,13.13,-625.44,897.09,1522.53,0,"	2553,2554" 
2023-05-12T18:00:00Z,"SPY",2023-05-12T19:30:00Z,Sell,393.881550722,394.93046448,1314,-1378.27,13.14,-1378.27,227.6,1605.88,0,"	2555,2556" 
2023-05-17T17:00:00Z,"SPY",2023-05-17T19:58:00Z,Buy,398.808558466,399.59764955,1291,1018.72,12.91,0,1677.16,1552.92,1,"	2557,2558" 
2023-05-18T14:30:00Z,"SPY",2023-05-18T16:30:00Z,Buy,401.175831718,400.46372513,1288,-917.19,12.88,-1053.53,1388.18,2441.72,0,"	2559,2560" 
2023-05-18T19:00:00Z,"SPY",2023-05-18T19:58:00Z,Buy,401.320177648,403.514235784,1283,2814.98,12.83,-185.2,3049.56,604.97,1,"	2561,2562" 
2023-05-23T18:30:00Z,"SPY",2023-05-23T19:58:00Z,Sell,398.721950908,398.481374358,1306,314.19,13.06,-829.47,452.44,1281.91,1,"	2563,2564" 
2023-05-24T14:00:00Z,"SPY",2023-05-24T15:30:00Z,Sell,395.632948006,395.719555564,1317,-114.06,13.17,-735.07,1153.3,1888.36,0,"	2565,2566" 
2023-05-24T16:00:00Z,"SPY",2023-05-24T18:00:00Z,Sell,394.959333666,395.70030944,1319,-977.35,13.19,-1116.97,571.18,1688.14,0,"	2567,2568" 
2023-05-24T18:30:00Z,"SPY",2023-05-24T19:30:00Z,Sell,394.824610798,396.460531338,1314,-2149.6,13.14,-2402.49,139.09,2541.59,0,"	2569,2570" 
2023-05-26T14:00:00Z,"SPY",2023-05-26T19:58:00Z,Buy,401.2816854,404.438049736,1282,4046.46,12.82,-30.84,4521.42,1671.63,1,"	2571,2572" 
2023-05-31T14:30:00Z,"SPY",2023-05-31T17:00:00Z,Sell,401.146962532,401.32980071,1303,-238.24,13.03,-589.33,739.79,1329.12,0,"	2573,2574" 
2023-06-01T15:00:00Z,"SPY",2023-06-01T19:58:00Z,Buy,403.571974156,405.554324928,1294,2565.16,12.94,-136.97,4345.83,2353.47,1,"	2575,2576" 
2023-06-02T15:00:00Z,"SPY",2023-06-02T19:58:00Z,Buy,410.750778408,411.895922786,1284,1470.37,12.84,-49.42,2285.86,1025.55,1,"	2577,2578" 
2023-06-07T14:00:00Z,"SPY",2023-06-07T14:30:00Z,Buy,413.127674722,412.232729956,1283,-1148.21,12.83,-1493.91,98.77,1592.68,0,"	2579,2580" 
2023-06-08T15:30:00Z,"SPY",2023-06-08T16:00:00Z,Buy,412.117253212,411.857430538,1281,-332.83,12.81,-369.81,0,369.81,0,"	2581,2582" 
2023-06-08T16:30:00Z,"SPY",2023-06-08T18:00:00Z,Buy,412.92559042,412.069137902,1277,-1093.69,12.77,-1646.68,0,1646.68,0,"	2583,2584" 
2023-06-08T18:30:00Z,"SPY",2023-06-08T19:58:00Z,Buy,412.521421816,413.050690226,1273,673.76,12.73,0,857.51,453.26,1,"	2585,2586" 
2023-06-09T14:00:00Z,"SPY",2023-06-09T15:00:00Z,Buy,414.696233828,414.840579758,1269,183.17,12.69,-286.97,1172.32,1459.29,1,"	2587,2588" 
2023-06-12T19:30:00Z,"SPY",2023-06-12T19:58:00Z,Buy,416.91916115,417.044260956,1263,158,12.63,-182.31,559.08,522.62,1,"	2589,2590" 
2023-06-13T15:30:00Z,"SPY",2023-06-13T16:00:00Z,Buy,420.258363664,419.594372386,1254,-832.65,12.54,-832.65,132.74,965.39,0,"	2591,2592" 
2023-06-13T17:30:00Z,"SPY",2023-06-13T18:00:00Z,Buy,420.566301648,420.373840408,1249,-240.38,12.49,-456.73,144.23,600.96,0,"	2593,2594" 
2023-06-14T15:30:00Z,"SPY",2023-06-14T16:00:00Z,Buy,422.11561463,421.721069088,1243,-490.42,12.43,-592.09,59.81,651.9,0,"	2595,2596" 
2023-06-14T18:30:00Z,"SPY",2023-06-14T19:00:00Z,Sell,418.112420838,419.921556494,1253,-2266.85,12.53,-2893.85,337.62,3231.46,0,"	2597,2598" 
2023-06-15T14:00:00Z,"SPY",2023-06-15T19:58:00Z,Buy,422.182976064,425.77237819,1230,4414.96,12.3,-236.73,6024.71,1645.25,1,"	2599,2600" 
2023-06-20T14:30:00Z,"SPY",2023-06-20T15:30:00Z,Sell,420.428942848,421.02778944,1256,-752.15,12.56,-1207.08,206.24,1413.32,0,"	2601,2602" 
2023-06-21T14:00:00Z,"SPY",2023-06-21T14:30:00Z,Sell,420.370989952,420.49655456,1252,-157.21,12.52,-677.2,846.5,1523.7,0,"	2603,2604" 
2023-06-26T14:00:00Z,"SPY",2023-06-26T14:30:00Z,Buy,419.453402432,419.182955584,1254,-339.14,12.54,-581.38,254.36,835.74,0,"	2605,2606" 
2023-06-27T15:30:00Z,"SPY",2023-06-27T19:58:00Z,Buy,419.028414528,421.327212736,1254,2882.69,12.54,-36.34,3554.92,672.22,1,"	2607,2608" 
2023-06-29T16:30:00Z,"SPY",2023-06-29T17:00:00Z,Buy,423.143070144,422.737399872,1255,-509.12,12.55,-690.94,218.19,909.14,0,"	2609,2610" 
2023-06-30T14:00:00Z,"SPY",2023-06-30T15:30:00Z,Buy,427.238408128,427.576466688,1241,419.53,12.41,-155.83,1114.75,1270.58,1,"	2611,2612" 
2023-06-30T16:30:00Z,"SPY",2023-06-30T19:58:00Z,Buy,427.943501696,428.600301184,1241,815.09,12.41,-77.91,1486.34,671.25,1,"	2613,2614" 
2023-07-06T14:00:00Z,"SPY",2023-07-06T16:00:00Z,Sell,423.529422784,423.172046592,1257,449.22,12.57,0,1651.19,1201.97,1,"	2615,2616" 
2023-07-07T17:00:00Z,"SPY",2023-07-07T19:00:00Z,Buy,427.170796416,426.137303104,1249,-1290.83,12.49,-1375.28,422.24,1797.52,0,"	2617,2618" 
2023-07-13T19:00:00Z,"SPY",2023-07-13T19:58:00Z,Buy,433.951285248,434.395590784,1223,543.39,12.23,-23.63,1275.78,820.98,1,"	2619,2620" 
2023-07-17T15:30:00Z,"SPY",2023-07-17T16:30:00Z,Buy,435.023413824,434.878531584,1222,-177.05,12.22,-188.85,330.49,519.34,0,"	2621,2622" 
2023-07-17T17:00:00Z,"SPY",2023-07-17T17:30:00Z,Buy,435.22624896,435.100684352,1221,-153.31,12.21,-342.01,0,342.01,0,"	2623,2624" 
2023-07-17T18:00:00Z,"SPY",2023-07-17T19:58:00Z,Buy,435.41942528,435.544989888,1220,153.19,12.2,-141.41,1237.29,1084.11,1,"	2625,2626" 
2023-07-18T15:00:00Z,"SPY",2023-07-18T19:58:00Z,Buy,436.839271232,438.790352064,1216,2372.51,12.16,-187.92,2983.26,1010.08,1,"	2627,2628" 
2023-07-19T14:00:00Z,"SPY",2023-07-19T14:30:00Z,Buy,440.461327232,440.24883328,1217,-258.61,12.17,-258.61,335.01,593.62,0,"	2629,2630" 
2023-07-20T18:30:00Z,"SPY",2023-07-20T19:58:00Z,Sell,436.665412544,436.655753728,1226,11.84,12.26,-757.87,686.82,959.18,1,"	2631,2632" 
2023-07-24T15:30:00Z,"SPY",2023-07-24T17:00:00Z,Buy,438.790352064,438.80001088,1220,11.78,12.2,-477.24,424.22,707.03,1,"	2633,2634" 
2023-07-24T18:00:00Z,"SPY",2023-07-24T18:30:00Z,Buy,439.253975232,439.08977536,1219,-200.16,12.19,-211.93,235.48,447.42,0,"	2635,2636" 
2023-07-25T16:00:00Z,"SPY",2023-07-25T19:58:00Z,Buy,439.852821824,439.988045248,1217,164.57,12.17,-164.57,1551.63,1445.84,1,"	2637,2638" 
2023-07-27T18:30:00Z,"SPY",2023-07-27T19:58:00Z,Sell,438.432975872,437.080741632,1221,1651.08,12.21,-400.98,2677.11,1285.48,1,"	2639,2640" 
2023-07-28T15:00:00Z,"SPY",2023-07-28T17:30:00Z,Buy,441.205056064,440.58689184,1221,-754.78,12.21,-754.78,1132.17,1886.95,0,"	2641,2642" 
2023-08-02T14:30:00Z,"SPY",2023-08-02T19:58:00Z,Sell,436.539847936,435.03307264,1230,1853.33,12.3,-237.61,3088.89,1615.73,1,"	2643,2644" 
2023-08-04T16:30:00Z,"SPY",2023-08-04T17:30:00Z,Buy,437.061424,436.24042464,1237,-1015.58,12.37,-1176.87,442.07,1618.95,0,"	2645,2646" 
2023-08-07T14:30:00Z,"SPY",2023-08-07T15:00:00Z,Buy,434.279684992,433.758108928,1241,-647.28,12.41,-803.1,305.66,1108.76,0,"	2647,2648" 
2023-08-07T18:00:00Z,"SPY",2023-08-07T18:30:00Z,Buy,434.859213952,434.279684992,1236,-716.3,12.36,-799.87,202.95,1002.82,0,"	2649,2650" 
2023-08-08T14:00:00Z,"SPY",2023-08-08T16:30:00Z,Sell,431.343404928,431.237157952,1243,132.06,12.43,-162.08,1500.74,1542.76,1,"	2651,2652" 
2023-08-09T15:00:00Z,"SPY",2023-08-09T17:30:00Z,Sell,432.125769024,432.154745472,1241,-35.96,12.41,-323.64,2726.95,2836.03,0,"	2653,2654" 
2023-08-10T14:00:00Z,"SPY",2023-08-10T15:00:00Z,Buy,435.825095552,434.192755648,1230,-2007.78,12.3,-2684.96,475.21,3160.17,0,"	2655,2656" 
2023-08-14T15:00:00Z,"SPY",2023-08-14T16:30:00Z,Buy,431.980886784,431.439993088,1232,-666.38,12.32,-987.67,612.83,1600.5,0,"	2657,2658" 
2023-08-14T17:00:00Z,"SPY",2023-08-14T18:30:00Z,Buy,431.971227968,431.55589888,1229,-510.44,12.29,-795.34,462.96,1258.29,0,"	2659,2660" 
2023-08-15T14:00:00Z,"SPY",2023-08-15T15:30:00Z,Sell,430.049123584,429.67242976,1232,464.09,12.32,0,2022.94,1630.25,1,"	2661,2662" 
2023-08-15T16:30:00Z,"SPY",2023-08-15T19:58:00Z,Sell,429.488912256,428.001454592,1236,1838.5,12.36,0,2709.99,1020.72,1,"	2663,2664" 
2023-08-16T19:30:00Z,"SPY",2023-08-16T19:58:00Z,Sell,425.103809792,424.93960992,1257,206.4,12.57,-497.79,364.23,764.89,1,"	2665,2666" 
2023-08-17T19:00:00Z,"SPY",2023-08-17T19:58:00Z,Sell,422.273776704,421.771518272,1266,635.86,12.66,-256.79,1675.24,1638.56,1,"	2667,2668" 
2023-08-21T14:00:00Z,"SPY",2023-08-21T14:30:00Z,Buy,423.751575552,421.732883008,1265,-2553.65,12.65,-2553.65,67.2,2620.85,0,"	2669,2670" 
2023-08-23T14:00:00Z,"SPY",2023-08-23T19:58:00Z,Buy,425.364597824,427.653737216,1248,2856.85,12.48,-216.98,3917.62,1374.18,1,"	2671,2672" 
2023-08-24T15:00:00Z,"SPY",2023-08-24T19:58:00Z,Sell,426.069691392,422.650470528,1259,4304.8,12.59,0,4864.18,1872.71,1,"	2673,2674" 
2023-08-25T19:00:00Z,"SPY",2023-08-25T19:30:00Z,Buy,425.750950464,425.876515072,1280,160.72,12.8,-494.53,556.35,1050.88,1,"	2675,2676" 
2023-08-29T14:00:00Z,"SPY",2023-08-29T19:58:00Z,Buy,428.725865792,433.6808384,1272,6302.73,12.72,0,6745.02,1462.04,1,"	2677,2678" 
2023-08-30T14:00:00Z,"SPY",2023-08-30T14:30:00Z,Buy,435.844413184,433.941626432,1280,-2435.57,12.8,-2979.55,395.63,3375.18,0,"	2679,2680" 
2023-09-05T14:00:00Z,"SPY",2023-09-05T14:30:00Z,Sell,434.231390912,434.530814208,1273,-381.17,12.73,-922.18,270.5,1192.68,0,"	2681,2682" 
2023-09-06T14:30:00Z,"SPY",2023-09-06T19:00:00Z,Sell,430.860464128,430.725240704,1282,173.36,12.82,-377.67,2711.79,2779.89,1,"	2683,2684" 
2023-09-08T14:00:00Z,"SPY",2023-09-08T15:00:00Z,Buy,430.618993728,430.68660544,1283,86.75,12.83,0,1511.86,1425.11,1,"	2685,2686" 
2023-09-15T14:30:00Z,"SPY",2023-09-15T19:58:00Z,Sell,432.29320111,429.69550659,1278,3319.85,12.78,-260.14,3617.15,1325.46,1,"	2687,2688" 
2023-09-19T14:30:00Z,"SPY",2023-09-19T17:30:00Z,Sell,428.05740818,427.56307079,1306,645.6,13.06,0,2064.67,1634.27,1,"	2689,2690" 
2023-09-20T19:30:00Z,"SPY",2023-09-20T19:58:00Z,Sell,427.33044143,425.23677719,1312,2746.89,13.12,0,2759.6,661.29,1,"	2691,2692" 
2023-09-21T14:00:00Z,"SPY",2023-09-21T17:30:00Z,Sell,420.80712646,421.2529994,1345,-599.7,13.45,-1825.17,873.47,1929.47,0,"	2693,2694" 
2023-09-21T18:30:00Z,"SPY",2023-09-21T19:58:00Z,Sell,420.01230948,418.37421107,1345,2203.24,13.45,-456.29,2216.28,645.33,1,"	2695,2696" 
2023-09-22T15:30:00Z,"SPY",2023-09-22T16:00:00Z,Buy,420.55511132,419.61490099,1353,-1272.1,13.53,-1272.1,275.4,1547.51,0,"	2697,2698" 
2023-09-25T16:30:00Z,"SPY",2023-09-25T17:00:00Z,Buy,418.6359191,417.84110212,1353,-1075.39,13.53,-1639.31,13.11,1652.42,0,"	2699,2700" 
2023-09-26T14:30:00Z,"SPY",2023-09-26T15:00:00Z,Sell,414.78784177,414.88477067,1361,-131.92,13.61,-969.61,455.12,1424.74,0,"	2701,2702" 
2023-09-26T15:30:00Z,"SPY",2023-09-26T16:30:00Z,Sell,413.67315942,414.50674796,1364,-1137.01,13.64,-1295.67,105.77,1401.44,0,"	2703,2704" 
2023-09-26T17:00:00Z,"SPY",2023-09-26T19:58:00Z,Sell,414.42920484,412.8201851,1356,2181.83,13.56,-486.31,3193.88,1090.92,1,"	2705,2706" 
2023-09-27T16:30:00Z,"SPY",2023-09-27T19:00:00Z,Sell,411.16270091,412.81049221,1377,-2269.01,13.77,-2716.14,2482.56,5198.7,0,"	2707,2708" 
2023-09-28T14:00:00Z,"SPY",2023-09-28T14:30:00Z,Buy,413.60530919,413.27575093,1358,-447.54,13.58,-592.33,691.05,1283.39,0,"	2709,2710" 
2023-09-28T15:00:00Z,"SPY",2023-09-28T19:58:00Z,Buy,414.23534704,415.29187205,1354,1430.53,13.54,-433.1,3635.4,3399.16,1,"	2711,2712" 
2023-09-29T18:00:00Z,"SPY",2023-09-29T19:00:00Z,Sell,413.08189313,415.05924269,1364,-2697.1,13.64,-2697.1,145.43,2842.54,0,"	2713,2714" 
2023-10-02T17:00:00Z,"SPY",2023-10-02T17:30:00Z,Sell,411.76366009,412.56816996,1355,-1090.11,13.55,-1182.05,223.28,1405.32,0,"	2715,2716" 
2023-10-03T14:30:00Z,"SPY",2023-10-03T19:58:00Z,Sell,409.53429539,408.37114859,1357,1578.39,13.57,-644.51,3025.25,2538.58,1,"	2717,2718" 
2023-10-04T14:30:00Z,"SPY",2023-10-04T15:00:00Z,Sell,407.69264629,408.12882634,1371,-598,13.71,-2378.72,0,2378.72,0,"	2719,2720" 
2023-10-04T16:00:00Z,"SPY",2023-10-04T17:00:00Z,Buy,410.92037866,410.61989907,1357,-407.75,13.57,-749.74,328.83,881.27,0,"	2721,2722" 
2023-10-04T19:30:00Z,"SPY",2023-10-04T19:58:00Z,Buy,411.38563738,412.17076147,1354,1063.06,13.54,0,1181.18,964.63,1,"	2723,2724" 
2023-10-05T14:30:00Z,"SPY",2023-10-05T16:30:00Z,Sell,410.41634838,410.17402613,1362,330.04,13.62,0,2732.76,2402.71,1,"	2725,2726" 
2023-10-06T16:00:00Z,"SPY",2023-10-06T19:58:00Z,Buy,415.70866632,416.37747573,1346,900.22,13.46,-1474.27,2883.31,1983.09,1,"	2727,2728" 
2023-10-09T18:00:00Z,"SPY",2023-10-09T19:30:00Z,Buy,418.84916268,418.98486314,1340,181.84,13.4,-454.6,974.14,1142.99,1,"	2729,2730" 
2023-10-10T14:00:00Z,"SPY",2023-10-10T17:30:00Z,Buy,420.32248196,422.0284306,1336,2279.15,13.36,0,4493.55,2810.09,1,"	2731,2732" 
2023-10-12T14:00:00Z,"SPY",2023-10-12T14:30:00Z,Sell,422.04781638,422.54215377,1342,-663.4,13.42,-1547.94,468.28,2016.22,0,"	2733,2734" 
2023-10-12T17:30:00Z,"SPY",2023-10-12T19:58:00Z,Sell,420.09954549,420.37094641,1345,-365.03,13.45,-1082.07,2672.57,3754.64,0,"	2735,2736" 
2023-10-13T14:00:00Z,"SPY",2023-10-13T14:30:00Z,Buy,422.56153955,421.09791316,1335,-1953.94,13.35,-2160.98,0,2160.98,0,"	2737,2738" 
2023-10-13T17:30:00Z,"SPY",2023-10-13T18:00:00Z,Sell,416.96874202,418.16096749,1344,-1602.35,13.44,-1928.03,247.52,2175.55,0,"	2739,2740" 
2023-10-16T14:30:00Z,"SPY",2023-10-16T16:00:00Z,Buy,422.54215377,422.56153955,1318,25.55,13.18,-485.46,1418.05,1903.51,1,"	2741,2742" 
2023-10-18T15:00:00Z,"SPY",2023-10-18T15:30:00Z,Sell,419.26595695,419.57612943,1329,-412.22,13.29,-1030.55,307.88,1338.42,0,"	2743,2744" 
2023-10-18T19:00:00Z,"SPY",2023-10-18T19:58:00Z,Sell,417.93803102,416.92027757,1331,1354.63,13.31,0,2554.44,1199.82,1,"	2745,2746" 
2023-10-19T19:00:00Z,"SPY",2023-10-19T19:58:00Z,Sell,413.82824566,413.72162387,1351,144.05,13.51,-720.23,1466.65,1977.36,1,"	2747,2748" 
2023-10-20T14:00:00Z,"SPY",2023-10-20T16:00:00Z,Sell,412.01567523,410.38726971,1357,2209.75,13.57,-368.29,4089.35,2326.81,1,"	2749,2750" 
2023-10-20T16:30:00Z,"SPY",2023-10-20T17:00:00Z,Sell,409.98986122,411.24024403,1374,-1718.03,13.74,-1764.64,0,1764.64,0,"	2751,2752" 
2023-10-20T18:30:00Z,"SPY",2023-10-20T19:58:00Z,Sell,409.61183851,408.4583846,1367,1576.77,13.67,-742.01,1868.28,1159.39,1,"	2753,2754" 
2023-10-23T17:00:00Z,"SPY",2023-10-23T17:30:00Z,Buy,411.37594449,409.88323943,1369,-2043.51,13.69,-2230.61,0,2230.61,0,"	2755,2756" 
2023-10-24T14:00:00Z,"SPY",2023-10-24T15:00:00Z,Buy,410.82344976,411.14331513,1361,435.34,13.61,-1358.78,1154.3,1358.78,1,"	2757,2758" 
2023-10-25T14:00:00Z,"SPY",2023-10-25T15:00:00Z,Sell,407.27585202,407.22738757,1375,66.64,13.75,-1106.2,1532.69,2638.89,1,"	2759,2760" 
2023-10-25T16:30:00Z,"SPY",2023-10-25T19:58:00Z,Sell,406.33564169,404.65877172,1378,2310.73,13.78,-560.99,2831.64,1682.96,1,"	2761,2762" 
2023-10-26T14:00:00Z,"SPY",2023-10-26T14:30:00Z,Sell,402.63295771,402.6426506,1402,-13.59,14.02,-489.22,1155.1,1644.32,0,"	2763,2764" 
2023-10-26T16:30:00Z,"SPY",2023-10-26T18:00:00Z,Sell,400.316357,400.92700907,1410,-861.02,14.1,-902.02,1571.7,2473.72,0,"	2765,2766" 
2023-10-27T18:30:00Z,"SPY",2023-10-27T19:30:00Z,Sell,397.23401798,397.80589849,1417,-810.35,14.17,-1634.44,563.13,1785.53,0,"	2767,2768" 
2023-10-30T14:00:00Z,"SPY",2023-10-30T14:30:00Z,Buy,402.1580061,400.30666411,1395,-2582.62,13.95,-2988.27,0,2988.27,0,"	2769,2770" 
2023-11-01T14:30:00Z,"SPY",2023-11-01T15:30:00Z,Buy,408.22575524,407.4890956,1362,-1003.33,13.62,-1194.76,818.51,2013.26,0,"	2771,2772" 
2023-11-01T19:30:00Z,"SPY",2023-11-01T19:58:00Z,Buy,409.83477498,409.80569631,1352,-39.31,13.52,-248.99,694.55,943.54,0,"	2773,2774" 
2023-11-02T14:00:00Z,"SPY",2023-11-02T19:58:00Z,Buy,414.38074039,417.34676473,1337,3965.57,13.37,-946.04,4406.19,1166.35,1,"	2775,2776" 
2023-11-03T14:00:00Z,"SPY",2023-11-03T14:30:00Z,Buy,421.32084963,420.53572554,1243,-975.91,12.43,-1361.45,228.92,1590.37,0,"	2777,2778" 
2023-11-03T16:00:00Z,"SPY",2023-11-03T17:30:00Z,Buy,421.62132922,421.72795101,1238,132,12.38,-144,1043.98,1139.98,1,"	2779,2780" 
2023-11-03T18:00:00Z,"SPY",2023-11-03T19:30:00Z,Buy,422.27075285,422.08658794,1237,-227.81,12.37,-695.43,737.39,1037.14,0,"	2781,2782" 
2023-11-07T16:00:00Z,"SPY",2023-11-07T17:00:00Z,Buy,423.74407213,423.46297832,1240,-348.56,12.4,-504.81,372.59,877.4,0,"	2783,2784" 
2023-11-09T19:30:00Z,"SPY",2023-11-09T20:58:00Z,Sell,421.45655009,420.52603265,1326,1233.87,13.26,-160.66,1747.98,989.66,1,"	2785,2786" 
2023-11-10T18:00:00Z,"SPY",2023-11-10T20:58:00Z,Buy,425.31432031,427.03965473,1320,2277.44,13.2,-697.31,2661.28,716.5,1,"	2787,2788" 
2023-11-14T15:00:00Z,"SPY",2023-11-14T17:30:00Z,Buy,434.18331466,434.34809379,1303,214.71,13.03,-328.38,2222.85,2248.11,1,"	2789,2790" 
2023-11-14T18:00:00Z,"SPY",2023-11-14T19:00:00Z,Buy,434.96843875,434.45471558,1302,-668.87,13.02,-668.87,441.7,1110.57,0,"	2791,2792" 
2023-11-14T20:00:00Z,"SPY",2023-11-14T20:58:00Z,Buy,435.63724816,434.65826627,1297,-1269.74,12.97,-1294.88,704.01,1998.9,0,"	2793,2794" 
2023-11-20T15:00:00Z,"SPY",2023-11-20T20:58:00Z,Buy,438.28340713,440.06689889,1283,2288.22,12.83,-833.21,3631.31,1417.7,1,"	2795,2796" 
2023-11-28T15:00:00Z,"SPY",2023-11-28T15:30:00Z,Sell,439.6694904,440.10567045,1289,-562.24,12.89,-749.65,0,749.65,0,"	2797,2798" 
2023-11-28T16:30:00Z,"SPY",2023-11-28T18:00:00Z,Buy,441.57898973,440.9295661,1281,-831.91,12.81,-980.91,844.33,1825.24,0,"	2799,2800" 
2023-11-29T15:00:00Z,"SPY",2023-11-29T15:30:00Z,Buy,444.05067668,442.45134983,1270,-2031.15,12.7,-2412.75,30.77,2443.53,0,"	2801,2802" 
2023-11-30T17:30:00Z,"SPY",2023-11-30T18:00:00Z,Sell,439.64041173,440.17352068,1273,-678.65,12.73,-863.73,61.7,925.43,0,"	2803,2804" 
2023-12-01T17:00:00Z,"SPY",2023-12-01T20:58:00Z,Buy,444.26392026,445.14597325,1257,1108.74,12.57,-170.58,1474.26,1644.83,1,"	2805,2806" 
2023-12-04T15:30:00Z,"SPY",2023-12-04T16:30:00Z,Sell,440.84233009,441.09434523,1272,-320.56,12.72,-339.06,493.17,832.23,0,"	2807,2808" 
2023-12-06T20:30:00Z,"SPY",2023-12-06T20:58:00Z,Sell,441.01680211,440.43522871,1270,738.6,12.7,-172.34,775.53,467.78,1,"	2809,2810" 
2023-12-07T15:30:00Z,"SPY",2023-12-07T16:30:00Z,Buy,443.90528333,443.03292323,1265,-1103.54,12.65,-1532.69,98.09,1630.78,0,"	2811,2812" 
2023-12-07T17:00:00Z,"SPY",2023-12-07T20:58:00Z,Buy,444.0312909,444.27361315,1259,305.08,12.59,-500.34,756.61,909.15,1,"	2813,2814" 
2023-12-08T15:30:00Z,"SPY",2023-12-08T16:30:00Z,Buy,445.73723954,444.60317141,1256,-1424.39,12.56,-1972.23,194.79,2167.02,0,"	2815,2816" 
2023-12-08T18:30:00Z,"SPY",2023-12-08T20:58:00Z,Buy,445.34952394,446.13464803,1251,982.19,12.51,-448.65,1509.66,600.23,1,"	2817,2818" 
2023-12-11T19:00:00Z,"SPY",2023-12-11T20:00:00Z,Buy,447.46257396,447.36564506,1249,-121.06,12.49,-205.81,205.81,411.62,0,"	2819,2820" 
2023-12-12T20:00:00Z,"SPY",2023-12-12T20:58:00Z,Buy,449.33330173,449.68224577,1243,433.74,12.43,0,650.61,445.79,1,"	2821,2822" 
2023-12-13T19:30:00Z,"SPY",2023-12-13T20:58:00Z,Buy,453.10383594,455.69183757,1235,3196.18,12.35,-478.83,3830.63,2920.86,1,"	2823,2824" 
2023-12-14T15:00:00Z,"SPY",2023-12-14T15:30:00Z,Buy,458.61909035,457.76611603,1234,-1052.57,12.34,-1519.05,0,1519.05,0,"	2825,2826" 
2023-12-18T15:30:00Z,"SPY",2023-12-18T16:00:00Z,Buy,459.1647242,458.64891813,1228,-633.41,12.28,-806.7,11.95,818.65,0,"	2827,2828" 
2023-12-18T17:30:00Z,"SPY",2023-12-18T19:30:00Z,Buy,459.83624531,459.82651312,1223,-11.9,12.23,-440.39,416.59,511.81,0,"	2829,2830" 
2023-12-19T15:00:00Z,"SPY",2023-12-19T20:00:00Z,Buy,460.80946431,461.47125323,1220,807.38,12.2,-451.18,1139.83,949.86,1,"	2831,2832" 
2023-12-20T20:00:00Z,"SPY",2023-12-20T20:58:00Z,Sell,457.88007512,455.55408171,1232,2865.62,12.32,-587.51,2877.61,2146.22,1,"	2833,2834" 
2023-12-22T15:00:00Z,"SPY",2023-12-22T16:00:00Z,Buy,462.20116748,461.45178885,1232,-923.23,12.32,-923.23,443.63,1366.87,0,"	2835,2836" 
2023-12-26T15:00:00Z,"SPY",2023-12-26T15:30:00Z,Buy,461.96759492,462.14277434,1229,215.3,12.29,-77.75,466.47,322.94,1,"	2837,2838" 
2023-12-26T17:00:00Z,"SPY",2023-12-26T17:30:00Z,Buy,462.35688252,462.34715033,1229,-11.96,12.29,-227.26,149.51,227.26,0,"	2839,2840" 
2023-12-29T16:00:00Z,"SPY",2023-12-29T19:30:00Z,Sell,462.70724136,462.32768595,1228,466.09,12.28,-250.97,2521.69,2485.83,1,"	2841,2842" 
2024-01-03T15:00:00Z,"SPY",2024-01-03T16:30:00Z,Sell,457.36426905,457.13069649,1244,290.56,12.44,-1101.72,1410.45,1325.7,1,"	2843,2844" 
2024-01-03T17:00:00Z,"SPY",2024-01-03T17:30:00Z,Sell,456.68301575,457.01391021,1247,-412.63,12.47,-412.63,315.54,728.16,0,"	2845,2846" 
2024-01-04T15:30:00Z,"SPY",2024-01-04T17:30:00Z,Buy,457.18908963,457.03337459,1244,-193.71,12.44,-423.74,1374.13,1797.87,0,"	2847,2848" 
2024-01-05T15:30:00Z,"SPY",2024-01-05T16:30:00Z,Buy,456.90685612,456.55649728,1244,-435.85,12.44,-460.06,1065.4,1525.46,0,"	2849,2850" 
2024-01-08T15:00:00Z,"SPY",2024-01-08T20:58:00Z,Buy,457.15016087,461.84107645,1241,5821.43,12.41,-434.8,5869.74,960.17,1,"	2851,2852" 
2024-01-10T16:00:00Z,"SPY",2024-01-10T16:30:00Z,Buy,462.49313318,462.05518463,1252,-548.31,12.52,-877.3,0,877.3,0,"	2853,2854" 
2024-01-10T18:00:00Z,"SPY",2024-01-10T18:30:00Z,Buy,462.65858041,462.5709907,1249,-109.4,12.49,-534.84,522.69,1057.53,0,"	2855,2856" 
2024-01-10T19:00:00Z,"SPY",2024-01-10T20:58:00Z,Buy,463.01867144,463.58313846,1248,704.45,12.48,-291.5,1931.18,2222.68,1,"	2857,2858" 
2024-01-11T15:30:00Z,"SPY",2024-01-11T18:30:00Z,Sell,462.25956062,462.04545244,1253,268.28,12.53,-506.07,3170.55,3170.55,1,"	2859,2860" 
2024-01-16T18:00:00Z,"SPY",2024-01-16T18:30:00Z,Sell,461.24741286,462.28875719,1256,-1307.93,12.56,-1356.82,0,1356.82,0,"	2861,2862" 
2024-01-16T19:00:00Z,"SPY",2024-01-16T20:00:00Z,Sell,461.36419914,461.58803951,1250,-279.8,12.5,-328.46,1167.86,1496.32,0,"	2863,2864" 
2024-01-17T19:00:00Z,"SPY",2024-01-17T19:30:00Z,Sell,458.05525454,458.60998937,1258,-697.86,12.58,-765.19,122.43,887.62,0,"	2865,2866" 
2024-01-18T19:30:00Z,"SPY",2024-01-18T20:58:00Z,Buy,462.88242078,463.68046036,1242,991.17,12.42,-688.98,1607.62,1021.38,1,"	2867,2868" 
2024-01-19T17:30:00Z,"SPY",2024-01-19T20:58:00Z,Buy,466.52225984,469.3835237,1236,3536.52,12.36,-30.07,3825.22,1335.22,1,"	2869,2870" 
2024-01-22T15:00:00Z,"SPY",2024-01-22T15:30:00Z,Buy,472.03067938,471.39808703,1237,-782.52,12.37,-782.52,132.43,914.94,0,"	2871,2872" 
2024-01-29T20:30:00Z,"SPY",2024-01-29T20:58:00Z,Buy,477.79213586,477.91865433,1219,154.23,12.19,-581.31,237.27,818.58,1,"	2873,2874" 
2024-01-31T15:00:00Z,"SPY",2024-01-31T19:00:00Z,Sell,474.68756725,474.37613717,1227,382.12,12.27,-47.77,1647.91,1516.56,1,"	2875,2876" 
2024-01-31T19:30:00Z,"SPY",2024-01-31T20:58:00Z,Sell,473.12068466,470.91147753,1233,2723.95,12.33,-3287.94,3611.94,3515.94,1,"	2877,2878" 
2024-02-01T15:30:00Z,"SPY",2024-02-01T16:00:00Z,Buy,473.15961342,471.11585352,1244,-2542.44,12.44,-2542.44,0,2542.44,0,"	2879,2880" 
2024-02-01T17:00:00Z,"SPY",2024-02-01T20:58:00Z,Buy,472.67300392,475.72891158,1235,3774.05,12.35,0,4002.41,2391.83,1,"	2881,2882" 
2024-02-02T15:00:00Z,"SPY",2024-02-02T20:58:00Z,Buy,477.42231264,481.5487612,1238,5108.54,12.38,-602.42,6506.16,2518.13,1,"	2883,2884" 
2024-02-05T15:30:00Z,"SPY",2024-02-05T17:00:00Z,Sell,478.23008441,478.95999866,1257,-917.5,12.57,-917.5,1211.1,2128.61,0,"	2885,2886" 
2024-02-07T15:30:00Z,"SPY",2024-02-07T16:30:00Z,Buy,484.63386543,483.81636147,1237,-1011.25,12.37,-1276.1,0,1276.1,0,"	2887,2888" 
2024-02-07T17:00:00Z,"SPY",2024-02-07T17:30:00Z,Buy,484.26404221,483.99154089,1234,-336.27,12.34,-444.35,204.16,648.51,0,"	2889,2890" 
2024-02-07T18:00:00Z,"SPY",2024-02-07T19:30:00Z,Buy,484.24457783,484.61440105,1232,455.62,12.32,-454.42,887.26,1005.97,1,"	2891,2892" 
2024-02-07T20:00:00Z,"SPY",2024-02-07T20:30:00Z,Buy,484.98422427,484.80904485,1232,-215.82,12.32,-377.69,167.86,545.55,0,"	2893,2894" 
2024-02-09T15:00:00Z,"SPY",2024-02-09T15:30:00Z,Buy,486.13262269,486.25914116,1228,155.36,12.28,-274.88,167.32,358.53,1,"	2895,2896" 
2024-02-09T16:00:00Z,"SPY",2024-02-09T16:30:00Z,Buy,486.58030343,486.36619525,1228,-262.92,12.28,-358.53,250.97,609.51,0,"	2897,2898" 
2024-02-09T17:30:00Z,"SPY",2024-02-09T20:58:00Z,Buy,486.74575066,487.64111214,1226,1097.71,12.26,-226.7,1730.09,1008.23,1,"	2899,2900" 
2024-02-12T16:30:00Z,"SPY",2024-02-12T19:00:00Z,Buy,489.4318351,488.62406333,1224,-988.71,12.24,-1322.25,643.26,1965.51,0,"	2901,2902" 
2024-02-13T15:00:00Z,"SPY",2024-02-13T15:30:00Z,Sell,480.59500658,481.6460831,1242,-1305.44,12.42,-1305.44,543.93,1849.37,0,"	2903,2904" 
2024-02-13T19:30:00Z,"SPY",2024-02-13T20:58:00Z,Sell,478.9210699,480.41982716,1241,-1859.96,12.41,-2186.05,1630.48,3816.54,0,"	2905,2906" 
2024-02-14T15:30:00Z,"SPY",2024-02-14T16:00:00Z,Buy,484.39056068,482.66796305,1219,-2099.85,12.19,-2111.71,118.64,2230.35,0,"	2907,2908" 
2024-02-15T18:30:00Z,"SPY",2024-02-15T20:58:00Z,Buy,488.04013193,488.40022296,1202,432.83,12.02,-526.41,795.47,1111.32,1,"	2909,2910" 
2024-02-16T15:00:00Z,"SPY",2024-02-16T16:00:00Z,Sell,486.26887335,487.51459367,1208,-1504.83,12.08,-1739.96,646.61,2386.57,0,"	2911,2912" 
2024-02-20T15:00:00Z,"SPY",2024-02-20T16:00:00Z,Sell,483.37841292,483.70930738,1209,-400.05,12.09,-400.05,941.3,1341.35,0,"	2913,2914" 
2024-02-20T17:00:00Z,"SPY",2024-02-20T20:00:00Z,Sell,482.46358706,483.41734168,1209,-1153.09,12.09,-1153.09,1388.41,2541.5,0,"	2915,2916" 
2024-02-22T15:00:00Z,"SPY",2024-02-22T16:00:00Z,Buy,491.475595,491.23229025,1182,-287.59,11.82,-471.64,713.21,1184.86,0,"	2917,2918" 
2024-02-22T16:30:00Z,"SPY",2024-02-22T20:58:00Z,Buy,491.85515041,494.25900134,1180,2836.54,11.8,-344.52,3479.65,1699.63,1,"	2919,2920" 
2024-02-26T18:30:00Z,"SPY",2024-02-26T19:00:00Z,Sell,493.05220978,493.31497891,1189,-312.43,11.89,-312.43,520.72,833.15,0,"	2921,2922" 
2024-03-01T15:30:00Z,"SPY",2024-03-01T20:58:00Z,Buy,496.70178103,499.21268605,1179,2960.36,11.79,-654.03,3201.32,1078.58,1,"	2923,2924" 
2024-03-05T15:00:00Z,"SPY",2024-03-05T20:58:00Z,Sell,496.01079554,493.52908709,1192,2958.2,11.92,-1078.87,5475.56,2517.37,1,"	2925,2926" 
2024-03-07T15:30:00Z,"SPY",2024-03-07T20:30:00Z,Buy,500.40974542,500.8184974,1194,488.05,11.94,-302.13,1940.58,1812.76,1,"	2927,2928" 
2024-03-08T15:00:00Z,"SPY",2024-03-08T16:30:00Z,Buy,503.89386944,500.96448025,1187,-3477.18,11.87,-3477.18,369.67,3846.85,0,"	2929,2930" 
2024-03-08T18:00:00Z,"SPY",2024-03-08T19:30:00Z,Sell,498.80393407,499.70902774,1185,-1072.54,11.85,-1222.46,1476.18,2698.64,0,"	2931,2932" 
2024-03-08T20:30:00Z,"SPY",2024-03-08T20:58:00Z,Sell,498.22000267,498.26866362,1182,-57.52,11.82,-851.26,80.52,851.26,0,"	2933,2934" 
2024-03-11T14:00:00Z,"SPY",2024-03-11T15:00:00Z,Sell,495.77722298,496.9256214,1188,-1364.3,11.88,-1364.3,953.85,2318.15,0,"	2935,2936" 
2024-03-12T14:30:00Z,"SPY",2024-03-12T17:00:00Z,Buy,501.24671376,500.61412141,1169,-739.5,11.69,-1444.87,1592.77,3037.64,0,"	2937,2938" 
2024-03-12T18:00:00Z,"SPY",2024-03-12T19:58:00Z,Buy,501.80144859,503.30020585,1165,1746.05,11.65,-34.01,1904.78,1269.86,1,"	2939,2940" 
2024-03-13T14:00:00Z,"SPY",2024-03-13T14:30:00Z,Sell,502.24912933,502.59948817,1171,-410.27,11.71,-535.63,284.91,820.54,0,"	2941,2942" 
2024-03-14T14:00:00Z,"SPY",2024-03-14T14:30:00Z,Sell,500.21510162,501.26617814,1174,-1233.96,11.74,-1359.65,422.75,1782.39,0,"	2943,2944" 
2024-03-14T15:00:00Z,"SPY",2024-03-14T16:00:00Z,Sell,500.84769397,501.19805281,1168,-409.22,11.68,-818.44,591.09,1000.31,0,"	2945,2946" 
2024-03-14T17:00:00Z,"SPY",2024-03-14T18:00:00Z,Sell,500.12751191,500.76010426,1168,-738.87,11.68,-761.6,1113.99,1875.59,0,"	2947,2948" 
2024-03-14T19:00:00Z,"SPY",2024-03-14T19:58:00Z,Sell,500.12751191,500.57519265,1165,-521.55,11.65,-578.24,2267.6,2845.84,0,"	2949,2950" 
2024-03-15T17:00:00Z,"SPY",2024-03-15T17:30:00Z,Sell,496.380363242,497.229694391,1171,-994.57,11.71,-1394.68,0,1394.68,0,"	2951,2952" 
2024-03-18T14:30:00Z,"SPY",2024-03-18T15:00:00Z,Buy,502.940714186,502.901664478,1152,-44.99,11.52,-382.37,33.74,416.11,0,"	2953,2954" 
2024-03-19T17:00:00Z,"SPY",2024-03-19T19:30:00Z,Buy,502.452592836,502.306156431,1153,-168.84,11.53,-393.96,720.39,1114.35,0,"	2955,2956" 
2024-03-20T18:30:00Z,"SPY",2024-03-20T19:58:00Z,Buy,505.352033655,507.675491281,1146,2662.68,11.46,-1745.29,3143.76,1745.29,1,"	2957,2958" 
2024-03-22T15:00:00Z,"SPY",2024-03-22T15:30:00Z,Sell,508.681021262,509.315579017,1149,-729.11,11.49,-740.32,0,740.32,0,"	2959,2960" 
2024-04-01T15:30:00Z,"SPY",2024-04-01T19:00:00Z,Sell,509.667026389,509.471777849,1143,223.17,11.43,-145.06,1149.32,1294.38,1,"	2961,2962" 
2024-04-02T14:00:00Z,"SPY",2024-04-02T15:30:00Z,Sell,505.283696666,505.332508801,1154,-56.33,11.54,-461.9,1104.05,1346.27,0,"	2963,2964" 
2024-04-02T16:00:00Z,"SPY",2024-04-02T16:30:00Z,Sell,504.834625024,505.147022688,1155,-360.82,11.55,-360.82,202.96,563.78,0,"	2965,2966" 
2024-04-03T14:30:00Z,"SPY",2024-04-03T19:00:00Z,Buy,508.046463507,507.597391865,1146,-514.64,11.46,-1085.21,581.76,1666.97,0,"	2967,2968" 
2024-04-04T18:30:00Z,"SPY",2024-04-04T19:58:00Z,Sell,505.683956173,500.939416651,1149,5451.48,11.49,0,5844.07,1592.82,1,"	2969,2970" 
2024-04-05T14:00:00Z,"SPY",2024-04-05T19:58:00Z,Buy,503.672896211,506.494237614,1176,3317.9,11.76,-1079.18,5057.21,3691.02,1,"	2971,2972" 
2024-04-09T14:30:00Z,"SPY",2024-04-09T16:30:00Z,Sell,505.283696666,504.981061429,1185,358.62,11.85,0,3597.8,3586.23,1,"	2973,2974" 
2024-04-09T17:00:00Z,"SPY",2024-04-09T17:30:00Z,Sell,504.502702506,504.893199586,1188,-463.91,11.88,-835.04,0,835.04,0,"	2975,2976" 
2024-04-09T18:00:00Z,"SPY",2024-04-09T19:30:00Z,Sell,504.395315809,506.211127231,1186,-2153.55,11.86,-2153.55,972.57,3126.12,0,"	2977,2978" 
2024-04-11T14:30:00Z,"SPY",2024-04-11T15:00:00Z,Sell,500.382958312,501.037040921,1187,-776.4,11.87,-1419.53,0,1419.53,0,"	2979,2980" 
2024-04-11T17:30:00Z,"SPY",2024-04-11T19:58:00Z,Buy,505.225122104,506.259939366,1173,1213.84,11.73,-515.31,2175.75,1064.97,1,"	2981,2982" 
2024-04-12T15:00:00Z,"SPY",2024-04-12T15:30:00Z,Sell,500.138897637,501.329913731,1190,-1417.31,11.9,-1417.31,0,1417.31,0,"	2983,2984" 
2024-04-12T16:30:00Z,"SPY",2024-04-12T19:58:00Z,Sell,499.64101386,498.391423204,1185,1480.76,11.85,-161.96,3111.92,2325.26,1,"	2985,2986" 
2024-04-15T17:30:00Z,"SPY",2024-04-15T19:58:00Z,Sell,494.535264539,492.963513792,1203,1890.82,12.03,-317.09,3417.56,1785.12,1,"	2987,2988" 
2024-04-17T16:00:00Z,"SPY",2024-04-17T17:30:00Z,Sell,489.790725017,489.849299579,1222,-71.58,12.22,-83.51,2946.63,3030.14,0,"	2989,2990" 
2024-04-19T16:00:00Z,"SPY",2024-04-19T18:00:00Z,Sell,485.280483743,485.48549471,1233,-252.78,12.33,-1414.36,2299.08,3713.44,0,"	2991,2992" 
2024-04-19T18:30:00Z,"SPY",2024-04-19T19:58:00Z,Sell,483.689208142,483.53300931,1236,193.06,12.36,-434.39,1749.62,1725.49,1,"	2993,2994" 
2024-04-22T18:00:00Z,"SPY",2024-04-22T19:30:00Z,Buy,489.517377061,488.687570766,1223,-1014.85,12.23,-1361.1,1086.49,2447.59,0,"	2995,2996" 
2024-04-23T14:00:00Z,"SPY",2024-04-23T19:30:00Z,Buy,491.128177516,493.344248445,1214,2690.31,12.14,-284.44,3448.81,1279.97,1,"	2997,2998" 
2024-04-24T16:00:00Z,"SPY",2024-04-24T16:30:00Z,Sell,491.762735271,492.114182643,1224,-430.17,12.24,-627.33,131.44,627.33,0,"	2999,3000" 
2024-04-25T14:00:00Z,"SPY",2024-04-25T14:30:00Z,Sell,486.344588286,487.73085292,1235,-1712.04,12.35,-1712.04,614.89,2326.92,0,"	3001,3002" 
2024-04-26T14:00:00Z,"SPY",2024-04-26T15:30:00Z,Buy,495.775092768,496.136302567,1205,435.26,12.05,0,1858.67,1776.32,1,"	3003,3004" 
2024-04-26T16:00:00Z,"SPY",2024-04-26T18:30:00Z,Buy,496.536562074,496.868484592,1205,399.97,12.05,-435.26,1399.88,1164.61,1,"	3005,3006" 
2024-04-30T16:00:00Z,"SPY",2024-04-30T16:30:00Z,Sell,494.56455182,494.671938517,1211,-130.05,12.11,-413.78,437.43,851.21,0,"	3007,3008" 
2024-04-30T17:00:00Z,"SPY",2024-04-30T18:00:00Z,Sell,493.29543631,494.086192897,1214,-959.98,12.14,-1042.94,586.65,1629.59,0,"	3009,3010" 
2024-04-30T18:30:00Z,"SPY",2024-04-30T19:58:00Z,Sell,493.178287186,490.679105874,1210,3024.01,12.1,-626.06,3035.82,933.19,1,"	3011,3012" 
2024-05-01T19:00:00Z,"SPY",2024-05-01T19:58:00Z,Buy,495.296733845,488.648521058,1217,-8090.87,12.17,-8090.87,641.57,8732.44,0,"	3013,3014" 
2024-05-09T15:00:00Z,"SPY",2024-05-09T16:00:00Z,Buy,506.835922559,506.162315096,1157,-779.36,11.57,-785.01,338.85,1123.87,0,"	3015,3016" 
2024-05-09T17:00:00Z,"SPY",2024-05-09T18:30:00Z,Buy,506.884734694,507.128795369,1154,281.65,11.54,-337.98,439.37,777.34,1,"	3017,3018" 
2024-05-14T14:30:00Z,"SPY",2024-05-14T15:00:00Z,Buy,509.823225221,509.364391152,1149,-527.2,11.49,-1581.6,0,1581.6,0,"	3019,3020" 
2024-05-14T19:00:00Z,"SPY",2024-05-14T19:58:00Z,Buy,510.828755202,511.316876552,1144,558.41,11.44,-279.21,591.92,558.41,1,"	3021,3022" 
2024-05-15T15:00:00Z,"SPY",2024-05-15T19:58:00Z,Buy,514.636101732,517.437918281,1138,3188.47,11.38,0,3188.47,811,1,"	3023,3024" 
2024-05-16T15:00:00Z,"SPY",2024-05-16T15:30:00Z,Buy,518.755845926,518.521547678,1141,-267.33,11.41,-891.11,111.39,1002.5,0,"	3025,3026" 
2024-05-20T14:00:00Z,"SPY",2024-05-20T16:30:00Z,Buy,518.550834959,518.170100306,1141,-434.42,11.41,-556.95,412.14,969.09,0,"	3027,3028" 
2024-05-20T17:00:00Z,"SPY",2024-05-20T17:30:00Z,Buy,518.599647094,517.740553518,1139,-978.51,11.39,-978.51,44.48,1022.99,0,"	3029,3030" 
2024-05-22T18:30:00Z,"SPY",2024-05-22T19:58:00Z,Sell,515.26089706,516.686211402,1142,-1627.71,11.42,-2016.8,11.15,2027.95,0,"	3031,3032" 
2024-05-23T18:00:00Z,"SPY",2024-05-23T19:58:00Z,Sell,514.196792517,513.30841166,1138,1010.98,11.38,0,2033.06,1177.62,1,"	3033,3034" 
2024-05-24T15:30:00Z,"SPY",2024-05-24T18:30:00Z,Buy,517.125520617,516.842410234,1136,-321.61,11.36,-687.59,410.33,1031.38,0,"	3035,3036" 
2024-05-31T14:30:00Z,"SPY",2024-05-31T17:30:00Z,Sell,508.710308543,508.446723014,1153,303.91,11.53,0,2904.07,2701.46,1,"	3037,3038" 
2024-06-03T16:00:00Z,"SPY",2024-06-03T19:00:00Z,Sell,513.581759616,513.269361952,1143,357.07,11.43,-312.44,3782.72,3771.56,1,"	3039,3040" 
2024-06-05T17:00:00Z,"SPY",2024-06-05T19:58:00Z,Buy,520.005436582,521.791960723,1131,2020.56,11.31,-474.78,2070.24,817.06,1,"	3041,3042" 
2024-06-07T17:00:00Z,"SPY",2024-06-07T18:00:00Z,Buy,523.607772145,523.139175649,1130,-529.51,11.3,-606.73,463.32,1003.87,0,"	3043,3044" 
2024-06-11T14:00:00Z,"SPY",2024-06-11T14:30:00Z,Sell,520.103060852,521.040253844,1136,-1064.65,11.36,-1064.65,121.99,1186.64,0,"	3045,3046" 
2024-06-12T14:00:00Z,"SPY",2024-06-12T16:30:00Z,Buy,529.797150863,529.61166475,1111,-206.08,11.11,-206.08,1377.45,1583.52,0,"	3047,3048" 
2024-06-17T16:30:00Z,"SPY",2024-06-17T19:58:00Z,Buy,532.462293434,533.975469619,1105,1672.06,11.05,-237.32,3171.52,1499.46,1,"	3049,3050" 
2024-06-20T17:30:00Z,"SPY",2024-06-20T18:00:00Z,Sell,533.0285142,534.034044181,1110,-1116.14,11.1,-1116.14,780.21,1896.35,0,"	3051,3052" 
2024-06-24T14:00:00Z,"SPY",2024-06-24T16:30:00Z,Buy,534.424941774,534.708965512,1103,313.28,11.03,-875.02,1328.73,2203.75,1,"	3053,3054" 
2024-06-27T14:30:00Z,"SPY",2024-06-27T15:00:00Z,Buy,535.277012988,534.718759434,1102,-615.2,11.02,-901.21,151.1,1052.31,0,"	3055,3056" 
2024-06-28T14:00:00Z,"SPY",2024-06-28T15:00:00Z,Buy,536.765689132,537.314148764,1097,601.66,10.97,0,2342.18,2019.86,1,"	3057,3058" 
2024-06-28T19:30:00Z,"SPY",2024-06-28T19:58:00Z,Sell,533.553282716,533.269258978,1105,313.85,11.05,-649.34,1742.39,2391.72,1,"	3059,3060" 
2024-07-01T15:00:00Z,"SPY",2024-07-01T15:30:00Z,Sell,532.142957948,533.014617006,1109,-966.67,11.09,-966.67,412.74,1379.41,0,"	3061,3062" 
2024-07-02T17:30:00Z,"SPY",2024-07-02T19:58:00Z,Buy,535.394540052,537.382706218,1099,2184.99,10.99,-139.93,2195.76,419.78,1,"	3063,3064" 
2024-07-03T15:30:00Z,"SPY",2024-07-05T14:30:00Z,Buy,538.695091766,540.72243362,1100,2230.08,11,-107.73,2930.34,1750.66,1,"	3065,3066" 
2024-07-05T15:30:00Z,"SPY",2024-07-05T19:58:00Z,Buy,541.515741302,543.425556092,1103,2106.53,11.03,0,2257.76,675.17,1,"	3067,3068" 
2024-07-10T16:30:00Z,"SPY",2024-07-10T19:58:00Z,Buy,547.43127019,549.97768991,1099,2798.52,10.99,-215.27,2798.52,586.61,1,"	3069,3070" 
2024-07-11T14:30:00Z,"SPY",2024-07-11T19:58:00Z,Sell,548.224577872,545.403928336,1107,3122.46,11.07,-585.46,4239.17,1778.07,1,"	3071,3072" 
2024-07-12T14:00:00Z,"SPY",2024-07-12T19:58:00Z,Buy,547.362712736,547.950348056,1120,658.15,11.2,-164.54,5188.43,4760.63,1,"	3073,3074" 
2024-07-15T15:00:00Z,"SPY",2024-07-15T16:30:00Z,Buy,552.03441353,551.280281536,1113,-839.35,11.13,-1449.78,1188.17,2637.95,0,"	3075,3076" 
2024-07-17T16:30:00Z,"SPY",2024-07-17T17:00:00Z,Sell,545.86424267,546.471465834,1123,-681.91,11.23,-703.91,307.96,1011.87,0,"	3077,3078" 
2024-07-18T15:30:00Z,"SPY",2024-07-18T19:58:00Z,Sell,542.38740036,540.91831206,1127,1655.66,11.27,-1236.23,3498.97,3543.12,1,"	3079,3080" 
2024-07-19T14:30:00Z,"SPY",2024-07-19T15:00:00Z,Sell,539.74304142,539.79201103,1139,-55.78,11.39,-680.47,490.83,903.58,0,"	3081,3082" 
2024-07-19T15:30:00Z,"SPY",2024-07-19T16:00:00Z,Sell,538.313128808,539.713659654,1142,-1599.41,11.42,-1599.41,436.2,2035.61,0,"	3083,3084" 
2024-07-19T16:30:00Z,"SPY",2024-07-19T19:30:00Z,Sell,538.724473532,538.685297844,1135,44.46,11.35,-222.32,2301.03,2523.36,1,"	3085,3086" 
2024-07-23T14:00:00Z,"SPY",2024-07-23T15:00:00Z,Buy,544.091542788,543.474525702,1124,-693.53,11.24,-1321,924.7,2245.71,0,"	3087,3088" 
2024-07-24T14:00:00Z,"SPY",2024-07-24T19:58:00Z,Sell,535.48268535,529.841386278,1139,6425.44,11.39,0,7050.14,1455.76,1,"	3089,3090" 
2024-07-25T14:00:00Z,"SPY",2024-07-25T14:30:00Z,Sell,528.72487917,529.45942332,1178,-865.29,11.78,-899.9,2595.88,3495.78,0,"	3091,3092" 
2024-07-25T15:00:00Z,"SPY",2024-07-25T18:30:00Z,Buy,531.61408616,531.76099499,1168,171.59,11.68,-617.72,5239.2,5548.06,1,"	3093,3094" 
2024-07-26T14:30:00Z,"SPY",2024-07-26T15:00:00Z,Buy,532.436775608,532.221309324,1167,-251.45,11.67,-2068.74,0,2068.74,0,"	3095,3096" 
2024-07-26T16:00:00Z,"SPY",2024-07-26T18:30:00Z,Buy,533.631634092,533.259465056,1163,-432.83,11.63,-592.3,2619.78,3212.07,0,"	3097,3098" 
2024-07-30T15:30:00Z,"SPY",2024-07-30T19:58:00Z,Sell,530.948099464,531.506353018,1168,-652.04,11.68,-1578.62,4003.76,5582.38,0,"	3099,3100" 
2024-07-31T14:30:00Z,"SPY",2024-07-31T15:00:00Z,Buy,538.95952766,539.194581788,1148,269.84,11.48,-719.58,1000.66,1720.24,1,"	3101,3102" 
2024-07-31T19:00:00Z,"SPY",2024-07-31T19:30:00Z,Buy,541.65285621,538.313128808,1143,-3817.31,11.43,-3906.86,134.33,4041.2,0,"	3103,3104" 
2024-08-01T14:00:00Z,"SPY",2024-08-01T14:30:00Z,Buy,542.612660566,538.499213326,1111,-4570.04,11.11,-4591.8,250.26,4842.07,0,"	3105,3106" 
2024-08-01T15:00:00Z,"SPY",2024-08-01T19:58:00Z,Sell,536.158465968,531.56511655,1107,5084.84,11.07,0,8575.92,4044.02,1,"	3107,3108" 
2024-08-02T14:00:00Z,"SPY",2024-08-02T16:00:00Z,Sell,523.112961864,521.222734918,1115,2107.6,11.15,-753.5,5951.52,4499.13,1,"	3109,3110" 
2024-08-02T17:00:00Z,"SPY",2024-08-02T18:30:00Z,Sell,520.282518406,520.79180235,1129,-574.98,11.29,-762.96,1680.72,2266.75,0,"	3111,3112" 
2024-08-02T19:00:00Z,"SPY",2024-08-02T19:30:00Z,Sell,519.939731136,521.399025514,1127,-1644.62,11.27,-1843.3,88.3,1931.61,0,"	3113,3114" 
2024-08-06T14:00:00Z,"SPY",2024-08-06T15:30:00Z,Buy,511.115407414,511.63448528,950,493.12,9.5,-288.43,4000.82,3507.69,1,"	3115,3116" 
2024-08-06T16:00:00Z,"SPY",2024-08-06T19:58:00Z,Buy,515.072151902,511.742218422,944,-3143.46,9.44,-3143.46,3402.33,6545.79,0,"	3117,3118" 
2024-08-07T14:00:00Z,"SPY",2024-08-07T14:30:00Z,Buy,520.096433888,517.824243984,898,-2040.43,8.98,-2154.76,395.77,2550.53,0,"	3119,3120" 
2024-08-08T14:30:00Z,"SPY",2024-08-08T17:00:00Z,Buy,516.991760614,516.942791004,898,-43.97,8.98,-1143.34,949.85,1961.27,0,"	3121,3122" 
2024-08-08T17:30:00Z,"SPY",2024-08-08T19:58:00Z,Buy,519.038690312,518.83301795,895,-184.08,8.95,-1507.68,1078.16,2585.84,0,"	3123,3124" 
2024-08-12T14:00:00Z,"SPY",2024-08-12T14:30:00Z,Sell,520.439221158,523.171725396,799,-2183.27,7.99,-2488.46,0,2488.46,0,"	3125,3126" 
2024-08-13T19:00:00Z,"SPY",2024-08-13T19:58:00Z,Buy,530.262524924,530.477991208,778,167.63,7.78,-579.1,449.56,769.59,1,"	3127,3128" 
2024-08-22T16:00:00Z,"SPY",2024-08-22T16:30:00Z,Sell,546.25599955,548.156020418,822,-1561.82,8.22,-1594.02,16.1,1610.12,0,"	3129,3130" 
2024-08-22T18:00:00Z,"SPY",2024-08-22T18:30:00Z,Sell,544.062161022,545.57042501,821,-1238.28,8.21,-1246.33,192.98,1439.3,0,"	3131,3132" 
2024-08-22T19:00:00Z,"SPY",2024-08-22T19:58:00Z,Sell,544.5420632,543.680198064,817,704.14,8.17,-864.18,712.15,864.18,1,"	3133,3134" 
2024-08-23T14:30:00Z,"SPY",2024-08-23T15:00:00Z,Buy,551.10399094,548.9493281,872,-1878.87,8.72,-3501.52,34.16,3535.68,0,"	3135,3136" 
2024-08-26T16:00:00Z,"SPY",2024-08-26T16:30:00Z,Sell,548.440044156,549.605520874,1076,-1254.05,10.76,-1254.05,147.54,1401.59,0,"	3137,3138" 
2024-08-28T15:30:00Z,"SPY",2024-08-28T19:30:00Z,Sell,546.814253104,547.059101154,1075,-263.21,10.75,-494.84,3337.52,3600.74,0,"	3139,3140" 
2024-08-29T14:00:00Z,"SPY",2024-08-29T17:30:00Z,Buy,549.556551264,550.868936812,1068,1401.63,10.68,-784.49,2625.44,1453.93,1,"	3141,3142" 
2024-08-30T14:00:00Z,"SPY",2024-08-30T14:30:00Z,Buy,550.163774428,549.693666172,1072,-503.96,10.72,-1070.91,367.47,1438.37,0,"	3143,3144" 
2024-09-03T14:00:00Z,"SPY",2024-09-03T19:58:00Z,Sell,547.558591176,540.1347983,1075,7980.58,10.75,0,9528.26,1684.55,1,"	3145,3146" 
2024-09-04T15:00:00Z,"SPY",2024-09-04T15:30:00Z,Buy,542.553897034,540.751815386,1115,-2009.32,11.15,-2009.32,436.81,2446.13,0,"	3147,3148" 
2024-09-05T14:00:00Z,"SPY",2024-09-05T15:00:00Z,Buy,540.595112634,539.018291192,1111,-1751.85,11.11,-1751.85,1838.9,3590.75,0,"	3149,3150" 
2024-09-05T15:30:00Z,"SPY",2024-09-05T17:00:00Z,Sell,536.60898638,537.412087984,1113,-893.85,11.13,-1373.48,719.44,2092.92,0,"	3151,3152" 
2024-09-05T17:30:00Z,"SPY",2024-09-05T18:00:00Z,Sell,536.51104716,539.341490618,1110,-3141.79,11.1,-3141.79,0,3141.79,0,"	3153,3154" 
2024-09-06T14:00:00Z,"SPY",2024-09-06T19:58:00Z,Sell,536.599192458,529.06766644,1098,8269.62,10.98,-139.8,8914.84,3785.31,1,"	3155,3156" 
2024-09-09T17:00:00Z,"SPY",2024-09-09T17:30:00Z,Buy,536.207435578,536.040938904,1129,-187.97,11.29,-387.01,221.15,608.15,0,"	3157,3158" 
2024-09-11T14:00:00Z,"SPY",2024-09-11T16:00:00Z,Sell,533.455343496,533.269258978,1135,211.21,11.35,-500.22,5191.22,5691.44,1,"	3159,3160" 
2024-09-11T19:00:00Z,"SPY",2024-09-11T19:58:00Z,Buy,540.311088896,543.425556092,1121,3491.32,11.21,-208.6,3491.32,1152.79,1,"	3161,3162" 
2024-09-12T17:30:00Z,"SPY",2024-09-12T19:58:00Z,Buy,546.363732692,546.902398402,1121,603.84,11.21,-922.23,1580.97,2503.21,1,"	3163,3164" 
2024-09-13T14:00:00Z,"SPY",2024-09-13T14:30:00Z,Buy,549.419436356,549.53696342,1117,131.28,11.17,-273.5,1433.12,1301.84,1,"	3165,3166" 
2024-09-13T16:00:00Z,"SPY",2024-09-13T16:30:00Z,Buy,551.074609174,549.987483832,1114,-1211.06,11.14,-1211.06,250.94,1462,0,"	3167,3168" 
2024-09-13T17:30:00Z,"SPY",2024-09-13T18:00:00Z,Buy,551.15296055,550.976669954,1110,-195.68,11.1,-250.04,228.3,423.98,0,"	3169,3170" 
2024-10-01T14:00:00Z,"SPY",2024-10-01T16:30:00Z,Sell,559.503709115,558.776736445,1092,793.85,10.92,0,3701.08,3690.35,1,"	3171,3172" 
2024-10-01T17:30:00Z,"SPY",2024-10-01T18:00:00Z,Sell,556.458283065,559.33670188,1101,-3169.14,11.01,-3169.14,0,3169.14,0,"	3173,3174" 
2024-10-07T18:30:00Z,"SPY",2024-10-07T19:58:00Z,Sell,559.51353307,557.39155879,1084,2300.22,10.84,0,2981.77,1799.71,1,"	3175,3176" 
2024-10-08T15:00:00Z,"SPY",2024-10-08T15:30:00Z,Buy,561.75339481,561.77304272,1088,21.38,10.88,-427.54,256.52,684.06,1,"	3177,3178" 
2024-10-08T16:00:00Z,"SPY",2024-10-08T17:30:00Z,Buy,562.20529674,561.154133555,1087,-1142.61,10.87,-1644.51,0,1644.51,0,"	3179,3180" 
2024-10-08T18:00:00Z,"SPY",2024-10-08T19:58:00Z,Buy,561.684627125,563.42346716,1084,1884.9,10.84,0,1991.39,372.72,1,"	3181,3182" 
2024-10-09T15:00:00Z,"SPY",2024-10-09T19:58:00Z,Buy,564.77917295,567.264633565,1084,2694.24,10.84,0,2864.63,1597.38,1,"	3183,3184" 
2024-10-11T14:00:00Z,"SPY",2024-10-11T16:30:00Z,Buy,567.2351617,568.541747715,1089,1422.87,10.89,-315.6,2770.86,1540.55,1,"	3185,3186" 
2024-10-11T17:00:00Z,"SPY",2024-10-11T19:58:00Z,Buy,568.679283085,569.51431926,1091,911.02,10.91,-450.15,1479.08,1034.28,1,"	3187,3188" 
2024-10-14T14:00:00Z,"SPY",2024-10-14T15:30:00Z,Buy,573.03129515,572.5400974,1086,-533.44,10.86,-778.82,512.1,1290.93,0,"	3189,3190" 
2024-10-14T16:00:00Z,"SPY",2024-10-14T19:58:00Z,Buy,573.18847843,574.219993705,1084,1118.16,10.84,-53.25,1789.06,724.14,1,"	3191,3192" 
2024-10-15T15:00:00Z,"SPY",2024-10-15T19:58:00Z,Sell,571.705061225,569.14100897,1091,2797.38,10.91,-813.49,3402.94,1334.38,1,"	3193,3194" 
2024-10-16T18:30:00Z,"SPY",2024-10-16T19:58:00Z,Buy,572.36326621,572.019427785,1099,-377.88,10.99,-475.05,194.34,669.38,0,"	3195,3196" 
2024-10-21T15:30:00Z,"SPY",2024-10-21T16:00:00Z,Sell,570.61460222,572.10784338,1101,-1644.06,11.01,-1892.83,205.51,2098.34,0,"	3197,3198" 
2024-10-23T15:30:00Z,"SPY",2024-10-23T16:00:00Z,Sell,568.68910704,569.63220672,1099,-1036.47,10.99,-1058.06,43.19,1101.25,0,"	3199,3200" 
2024-10-23T16:30:00Z,"SPY",2024-10-23T19:58:00Z,Sell,568.00143019,567.716535495,1097,312.53,10.97,-625.06,3912.01,3804.24,1,"	3201,3202" 
2024-10-25T14:00:00Z,"SPY",2024-10-25T15:30:00Z,Buy,573.041119105,572.235554795,1088,-876.45,10.88,-908.52,1132.98,2041.5,0,"	3203,3204" 
2024-10-31T14:00:00Z,"SPY",2024-10-31T19:58:00Z,Sell,563.63959417,560.22085783,1103,3770.87,11.03,0,4242.22,2134.66,1,"	3205,3206" 
2024-11-01T14:00:00Z,"SPY",2024-11-01T16:00:00Z,Buy,563.040332915,563.52170671,1118,538.18,11.18,-367.94,2559.08,2668.91,1,"	3207,3208" 
2024-11-01T17:30:00Z,"SPY",2024-11-01T18:00:00Z,Buy,563.60029835,561.566739665,1118,-2273.52,11.18,-2273.52,0,2273.52,0,"	3209,3210" 
2024-11-04T17:00:00Z,"SPY",2024-11-04T17:30:00Z,Sell,558.82585622,559.975258955,1120,-1287.33,11.2,-1320.34,968.25,2288.59,0,"	3211,3212" 
2024-11-05T15:00:00Z,"SPY",2024-11-05T20:58:00Z,Buy,563.91466491,565.987519415,1105,2290.5,11.05,-455.93,2551.04,1807.44,1,"	3213,3214" 
2024-11-07T17:00:00Z,"SPY",2024-11-07T18:30:00Z,Buy,584.66285787,584.377963175,1074,-305.98,10.74,-474.79,358.73,833.52,0,"	3215,3216" 
2024-11-07T20:00:00Z,"SPY",2024-11-07T20:58:00Z,Buy,585.537189865,584.76109742,1071,-831.2,10.71,-841.72,568.16,1409.88,0,"	3217,3218" 
2024-11-08T18:00:00Z,"SPY",2024-11-08T18:30:00Z,Buy,587.560924595,587.62969228,1064,73.17,10.64,-62.72,198.6,250.86,1,"	3219,3220" 
2024-11-08T19:00:00Z,"SPY",2024-11-08T20:30:00Z,Buy,588.47455241,587.718107875,1063,-804.1,10.63,-804.1,595.24,1399.34,0,"	3221,3222" 
2024-11-12T17:00:00Z,"SPY",2024-11-12T19:00:00Z,Sell,585.930148065,586.912543565,1065,-1046.25,10.65,-1328.74,2008.8,3337.54,0,"	3223,3224" 
2024-11-14T17:30:00Z,"SPY",2024-11-14T20:58:00Z,Sell,584.3288434,582.81595433,1064,1609.71,10.64,-909.38,2048.73,1902.39,1,"	3225,3226" 
2024-11-15T15:30:00Z,"SPY",2024-11-15T20:58:00Z,Sell,576.479503355,575.42834017,1084,1139.46,10.84,-543.11,2992.42,2310.87,1,"	3227,3228" 
2024-11-18T16:00:00Z,"SPY",2024-11-18T17:00:00Z,Buy,577.874504965,577.92362474,1058,51.97,10.58,-197.48,1268.04,1465.52,1,"	3229,3230" 
2024-11-18T18:00:00Z,"SPY",2024-11-18T18:30:00Z,Buy,578.287111075,577.776265415,1058,-540.47,10.58,-540.47,0,540.47,0,"	3231,3232" 
2024-11-19T19:00:00Z,"SPY",2024-11-19T19:30:00Z,Buy,580.49750095,579.73123246,1048,-803.05,10.48,-803.05,0,803.05,0,"	3233,3234" 
2024-11-20T15:00:00Z,"SPY",2024-11-20T16:00:00Z,Sell,577.07876461,577.07876461,1055,0,10.55,-497.49,2798.35,2953.82,0,"	3235,3236" 
2024-11-20T16:30:00Z,"SPY",2024-11-20T17:00:00Z,Sell,575.56587554,577.992392425,1058,-2567.25,10.58,-2909.21,280.63,3189.84,0,"	3237,3238" 
2024-11-20T18:00:00Z,"SPY",2024-11-20T18:30:00Z,Sell,576.72510223,577.265419755,1047,-565.71,10.47,-586.28,524.57,1110.85,0,"	3239,3240" 
2024-11-20T19:00:00Z,"SPY",2024-11-20T20:00:00Z,Sell,576.440207535,577.17700416,1046,-770.69,10.46,-1089.24,503.52,1592.76,0,"	3241,3242" 
2024-11-21T15:30:00Z,"SPY",2024-11-21T16:00:00Z,Sell,577.344011395,581.273593395,1068,-4196.79,10.68,-4217.78,94.43,4312.21,0,"	3243,3244" 
2024-11-22T15:00:00Z,"SPY",2024-11-22T15:30:00Z,Buy,585.497894045,583.238384395,1039,-2347.63,10.39,-2745.71,0,2745.71,0,"	3245,3246" 
2024-11-22T16:00:00Z,"SPY",2024-11-22T16:30:00Z,Buy,585.3112389,584.102892435,1031,-1245.81,10.31,-1985.19,20.26,2005.44,0,"	3247,3248" 
2024-11-27T16:30:00Z,"SPY",2024-11-27T18:00:00Z,Sell,587.894939065,587.84581929,1022,50.2,10.22,-602.4,1074.29,1054.21,1,"	3249,3250" 
2024-11-29T15:00:00Z,"SPY",2024-12-02T15:00:00Z,Buy,590.14462476,592.22730322,1019,2122.25,10.19,0,2772.94,860.91,1,"	3251,3252" 
2024-12-06T15:00:00Z,"SPY",2024-12-06T15:30:00Z,Buy,598.288683455,598.151148085,1012,-139.19,10.12,-566.69,0,566.69,0,"	3253,3254" 
2024-12-09T16:00:00Z,"SPY",2024-12-09T19:00:00Z,Sell,594.70293988,595.341496955,1017,-649.41,10.17,-1044.06,689.38,1733.43,0,"	3255,3256" 
2024-12-09T19:30:00Z,"SPY",2024-12-09T20:58:00Z,Sell,594.70293988,593.691072515,1015,1027.05,10.15,0,1196.56,463.67,1,"	3257,3258" 
2024-12-10T20:30:00Z,"SPY",2024-12-10T20:58:00Z,Sell,592.099591805,591.7950492,1023,311.55,10.23,-190.95,472.35,663.29,1,"	3259,3260" 
2024-12-11T16:30:00Z,"SPY",2024-12-11T20:58:00Z,Buy,596.795442295,596.84456207,1016,49.91,10.16,-69.87,898.3,868.36,1,"	3261,3262" 
2024-12-12T19:30:00Z,"SPY",2024-12-12T20:00:00Z,Sell,594.280509815,594.46716496,1020,-190.39,10.2,-480.98,0,480.98,0,"	3263,3264" 
2024-12-12T20:30:00Z,"SPY",2024-12-12T20:58:00Z,Sell,594.23139004,593.867903705,1020,370.76,10.2,-390.8,400.82,390.8,1,"	3265,3266" 
2024-12-13T18:00:00Z,"SPY",2024-12-13T18:30:00Z,Sell,592.28624695,593.34723409,1024,-1086.45,10.24,-1086.45,45.27,1131.72,0,"	3267,3268" 
2024-12-16T18:30:00Z,"SPY",2024-12-16T20:30:00Z,Buy,597.02139326,596.88385789,1013,-139.32,10.13,-398.07,29.85,422.95,0,"	3269,3270" 
2024-12-17T15:30:00Z,"SPY",2024-12-17T16:00:00Z,Sell,592.571141645,593.30793827,1020,-751.53,10.2,-771.57,0,771.57,0,"	3271,3272" 
2024-12-18T15:30:00Z,"SPY",2024-12-18T18:30:00Z,Buy,594.752059655,594.5457566,1013,-208.98,10.13,-706.57,925.5,1632.07,0,"	3273,3274" 
2024-12-18T19:00:00Z,"SPY",2024-12-18T19:30:00Z,Buy,594.87977107,589.51589164,1013,-5433.61,10.13,-5433.61,0,5433.61,0,"	3275,3276" 
2024-12-18T20:00:00Z,"SPY",2024-12-18T20:58:00Z,Sell,585.930148065,577.776265415,1009,8227.27,10.09,-109.04,9496.05,3499.07,1,"	3277,3278" 
2024-12-20T15:30:00Z,"SPY",2024-12-20T20:58:00Z,Buy,578.6065457,581.317223725,1051,2848.92,10.51,0,8940.44,6091.51,1,"	3279,3280" 
2024-12-23T15:00:00Z,"SPY",2024-12-23T16:30:00Z,Sell,581.967786451,582.224068737,1054,-270.12,10.54,-342.85,2721.99,3064.84,0,"	3281,3282" 
2024-12-23T18:30:00Z,"SPY",2024-12-23T20:00:00Z,Buy,584.806605619,584.471467245,1048,-351.23,10.48,-351.23,1033.01,1384.24,0,"	3283,3284" 
2024-12-24T15:00:00Z,"SPY",2024-12-26T15:00:00Z,Buy,588.690267953,591.312232879,1040,2726.84,10.4,-10.25,4172.28,3177.9,1,"	3285,3286" 
2024-12-27T15:00:00Z,"SPY",2024-12-27T19:00:00Z,Sell,588.286130502,585.496596389,1050,2929.01,10.5,0,6178.87,3322.31,1,"	3287,3288" 
2024-12-30T15:00:00Z,"SPY",2024-12-30T16:00:00Z,Sell,576.842140731,578.714972821,1066,-1996.44,10.66,-2112.02,788.07,2900.09,0,"	3289,3290" 
2024-12-31T18:30:00Z,"SPY",2024-12-31T20:00:00Z,Sell,576.645000511,577.955982974,1029,-1349,10.29,-1399.72,527.43,1876.43,0,"	3291,3292" 
2025-01-02T15:00:00Z,"SPY",2025-01-02T15:30:00Z,Buy,581.721361176,579.404963591,1015,-2351.14,10.15,-2661.29,690.34,3351.63,0,"	3293,3294" 
2025-01-02T18:00:00Z,"SPY",2025-01-02T19:30:00Z,Sell,574.525743146,574.929880597,1020,-412.22,10.2,-502.71,2181.75,2684.46,0,"	3295,3296" 
2025-01-02T20:00:00Z,"SPY",2025-01-02T20:30:00Z,Sell,573.825895365,576.122578928,1020,-2342.62,10.2,-2483.38,0,2483.38,0,"	3297,3298" 
2025-01-03T16:30:00Z,"SPY",2025-01-03T17:30:00Z,Buy,581.208796604,581.701647154,1032,508.62,10.32,0,1332.59,834.14,1,"	3299,3300" 
2025-01-03T18:30:00Z,"SPY",2025-01-03T20:58:00Z,Buy,583.04220065,583.259054892,1031,223.58,10.31,-340.45,1087.4,1427.84,1,"	3301,3302" 
2025-01-06T15:00:00Z,"SPY",2025-01-06T17:30:00Z,Buy,589.35068769,590.001250416,958,623.24,9.58,-56.66,1680.86,1085.95,1,"	3303,3304" 
2025-01-07T17:00:00Z,"SPY",2025-01-07T18:30:00Z,Sell,582.243782759,583.820904519,958,-1510.88,9.58,-1576.98,882.92,2459.91,0,"	3305,3306" 
2025-01-07T19:00:00Z,"SPY",2025-01-07T20:58:00Z,Sell,582.5493501,580.321665614,953,2122.98,9.53,-394.54,3917.19,1794.2,1,"	3307,3308" 
2025-01-08T15:00:00Z,"SPY",2025-01-08T15:30:00Z,Sell,578.912113041,578.084124117,946,783.28,9.46,-1146.94,1100.32,1146.94,1,"	3309,3310" 
2025-01-10T15:00:00Z,"SPY",2025-01-10T18:00:00Z,Sell,574.614456245,573.244331716,955,1308.47,9.55,-94.13,4019.54,3558.28,1,"	3311,3312" 
2025-01-10T20:30:00Z,"SPY",2025-01-10T20:58:00Z,Sell,572.031919363,572.672625078,963,-617,9.63,-707.18,522.08,1229.25,0,"	3313,3314" 
2025-01-15T15:00:00Z,"SPY",2025-01-15T15:30:00Z,Buy,583.495623156,583.840618541,1051,362.59,10.51,-362.59,953.09,828.78,1,"	3315,3316" 
2025-01-28T15:30:00Z,"SPY",2025-01-28T16:30:00Z,Buy,593.865198728,592.790784529,1034,-1110.94,10.34,-1110.94,958.06,2069.01,0,"	3317,3318" 
2025-01-28T17:30:00Z,"SPY",2025-01-28T20:58:00Z,Buy,595.097325103,595.885885983,1028,810.64,10.28,-466.12,1641.55,1525.02,1,"	3319,3320" 
2025-01-29T19:30:00Z,"SPY",2025-01-29T20:00:00Z,Sell,590.819382329,593.707486552,1038,-2997.85,10.38,-3826.61,0,3826.61,0,"	3321,3322" 
2025-01-31T15:30:00Z,"SPY",2025-01-31T17:00:00Z,Buy,600.252541856,600.173685768,1012,-79.8,10.12,-269.33,967.6,1236.94,0,"	3323,3324" 
2025-01-31T20:30:00Z,"SPY",2025-01-31T20:58:00Z,Sell,593.056923826,593.668058508,1024,-625.8,10.24,-1403.01,545.05,1948.06,0,"	3325,3326" 
2025-02-04T15:00:00Z,"SPY",2025-02-04T17:30:00Z,Buy,590.444815911,591.174234725,1026,748.38,10.26,0,3054.21,2305.83,1,"	3327,3328" 
2025-02-04T18:00:00Z,"SPY",2025-02-04T20:58:00Z,Buy,592.4063611,593.313206112,1025,929.52,10.25,-899.21,1222.52,1151.79,1,"	3329,3330" 
2025-02-07T15:00:00Z,"SPY",2025-02-07T15:30:00Z,Buy,599.148556624,595.925314027,1017,-3278.04,10.17,-3899.56,0,3899.56,0,"	3331,3332" 
2025-02-07T16:00:00Z,"SPY",2025-02-07T20:58:00Z,Sell,594.821328795,592.297933979,1013,2556.2,10.13,-499.26,3205.23,2386.45,1,"	3333,3334" 
2025-02-13T16:00:00Z,"SPY",2025-02-13T17:00:00Z,Buy,598.41913781,597.423579699,1015,-1010.49,10.15,-1130.55,370.18,1500.73,0,"	3335,3336" 
2025-02-13T19:00:00Z,"SPY",2025-02-13T20:58:00Z,Buy,598.527564931,601.070673769,1012,2573.63,10.12,-89.78,2583.6,528.69,1,"	3337,3338" 
2025-02-20T15:00:00Z,"SPY",2025-02-20T17:30:00Z,Sell,599.690692229,600.09482968,1018,-411.41,10.18,-1013.48,1254.3,1856.37,0,"	3339,3340" 
2025-02-20T18:00:00Z,"SPY",2025-02-20T19:00:00Z,Sell,599.335839833,599.917403482,1018,-592.03,10.18,-642.2,291,933.2,0,"	3341,3342" 
2025-02-21T15:00:00Z,"SPY",2025-02-21T20:58:00Z,Sell,599.739977284,591.262947824,1015,8604.18,10.15,-20.01,8854.31,1650.8,1,"	3343,3344" 
2025-02-24T15:00:00Z,"SPY",2025-02-24T16:30:00Z,Sell,590.178676614,591.51923011,1060,-1420.99,10.6,-1640.4,2194.17,3834.57,0,"	3345,3346" 
2025-02-25T15:00:00Z,"SPY",2025-02-25T17:00:00Z,Sell,586.738579775,584.71789252,1062,2145.97,10.62,0,5820.29,4166.32,1,"	3347,3348" 
2025-02-25T19:30:00Z,"SPY",2025-02-25T20:00:00Z,Sell,584.579894366,586.748436786,1073,-2326.85,10.73,-2496.07,0,2496.07,0,"	3349,3350" 
2025-02-26T15:00:00Z,"SPY",2025-02-26T15:30:00Z,Buy,589.163404481,589.370401712,1057,218.8,10.57,-312.57,1541.99,1323.2,1,"	3351,3352" 
2025-02-26T16:00:00Z,"SPY",2025-02-26T17:00:00Z,Buy,590.306817757,589.4492578,1055,-904.73,10.55,-915.12,675.94,1591.07,0,"	3353,3354" 
2025-02-26T17:30:00Z,"SPY",2025-02-26T18:00:00Z,Buy,590.050535471,587.073718149,1053,-3134.59,10.53,-3487.49,83.04,3570.52,0,"	3355,3356" 
2025-02-27T15:00:00Z,"SPY",2025-02-27T15:30:00Z,Sell,583.958902673,586.965291028,1053,-3165.73,10.53,-4089.5,1577.67,5667.17,0,"	3357,3358" 
2025-02-27T19:30:00Z,"SPY",2025-02-27T20:58:00Z,Sell,582.302924825,576.704142577,1045,5850.73,10.45,0,5855.88,1318.47,1,"	3359,3360" 
2025-02-28T15:30:00Z,"SPY",2025-02-28T16:30:00Z,Buy,579.956956207,577.689843677,1069,-2423.54,10.69,-2423.54,653.3,3076.85,0,"	3361,3362" 
2025-02-28T20:30:00Z,"SPY",2025-02-28T20:58:00Z,Buy,581.198939593,585.358598235,1059,4405.08,10.59,-1649.29,4405.08,1649.29,1,"	3363,3364" 
2025-03-03T18:00:00Z,"SPY",2025-03-03T20:58:00Z,Sell,583.5350512,574.979165652,1070,9154.8,10.7,0,12403.27,3248.48,1,"	3365,3366" 
2025-03-04T15:00:00Z,"SPY",2025-03-04T17:00:00Z,Sell,567.458266259,567.7638336,1132,-345.9,11.32,-848.02,3403.23,4251.25,0,"	3367,3368" 
2025-03-05T18:00:00Z,"SPY",2025-03-05T18:30:00Z,Buy,572.445913825,570.937791142,1121,-1690.61,11.21,-2718.23,342.54,3060.77,0,"	3369,3370" 
2025-03-05T19:00:00Z,"SPY",2025-03-05T20:58:00Z,Buy,573.155618617,574.752454399,1114,1778.88,11.14,-384.32,3656.58,3173.43,1,"	3371,3372" 
2025-03-06T17:30:00Z,"SPY",2025-03-06T20:30:00Z,Sell,564.343450783,564.826444322,1113,-537.57,11.13,-2512.33,2457.47,4969.8,0,"	3373,3374" 
2025-03-07T16:30:00Z,"SPY",2025-03-07T18:00:00Z,Sell,559.523372404,562.036910209,1116,-2805.11,11.16,-5786.22,2134.08,7920.31,0,"	3375,3376" 
2025-03-07T19:30:00Z,"SPY",2025-03-07T20:00:00Z,Buy,568.365111271,566.945701687,1089,-1545.74,10.89,-1792.63,472.31,2264.93,0,"	3377,3378" 
2025-03-10T15:00:00Z,"SPY",2025-03-10T15:30:00Z,Sell,555.83685029,557.059119654,1080,-1320.05,10.8,-1522.32,0,1522.32,0,"	3379,3380" 
2025-03-10T16:00:00Z,"SPY",2025-03-10T19:58:00Z,Sell,555.73828018,552.367182418,1075,3623.93,10.75,-1324.54,8318.09,6378.96,1,"	3381,3382" 
2025-03-11T14:30:00Z,"SPY",2025-03-11T15:30:00Z,Sell,548.000526545,549.173510854,983,-1153.04,9.83,-2538.63,1656.89,4195.53,0,"	3383,3384" 
2025-03-11T16:30:00Z,"SPY",2025-03-11T18:30:00Z,Sell,547.911813446,550.474636306,980,-2511.57,9.8,-2946.26,3545.17,6491.43,0,"	3385,3386" 
2025-03-13T14:00:00Z,"SPY",2025-03-13T14:30:00Z,Sell,547.0641105,549.163653843,959,-2013.46,9.59,-3365.22,0,3365.22,0,"	3387,3388" 
2025-03-13T15:30:00Z,"SPY",2025-03-13T19:00:00Z,Sell,546.354405708,546.009410323,954,329.13,9.54,-282.11,4175.19,4128.18,1,"	3389,3390" 
2025-03-13T19:30:00Z,"SPY",2025-03-13T19:58:00Z,Sell,543.584585617,543.1213061,960,444.75,9.6,-463.67,1003.05,870.57,1,"	3391,3392" 
2025-03-14T14:00:00Z,"SPY",2025-03-14T14:30:00Z,Buy,550.445065273,548.996084656,966,-1399.72,9.66,-2256.68,0,2256.68,0,"	3393,3394" 
2025-03-14T15:00:00Z,"SPY",2025-03-14T19:58:00Z,Buy,552.268612308,555.501711916,959,3100.54,9.59,-217.42,3195.07,2240.33,1,"	3395,3396" 
2025-03-17T14:00:00Z,"SPY",2025-03-17T14:30:00Z,Buy,557.601255259,556.516984049,828,-897.78,8.28,-1020.2,399.92,1297.7,0,"	3397,3398" 
2025-03-17T18:00:00Z,"SPY",2025-03-17T19:58:00Z,Buy,559.020664843,559.434659305,824,341.13,8.24,0,2054.91,1884.35,1,"	3399,3400" 
2025-03-18T14:00:00Z,"SPY",2025-03-18T16:30:00Z,Sell,552.741748836,553.648593848,814,-738.17,8.14,-1019,1331.92,2070.09,0,"	3401,3402" 
2025-03-18T17:30:00Z,"SPY",2025-03-18T18:00:00Z,Sell,552.524894594,552.810747913,813,-232.4,8.13,-721.24,360.62,1081.86,0,"	3403,3404" 
2025-03-19T19:00:00Z,"SPY",2025-03-19T19:30:00Z,Buy,560.134507086,559.08966392,796,-831.7,7.96,-1059.23,1761.47,2820.7,0,"	3405,3406" 
2025-03-26T16:00:00Z,"SPY",2025-03-26T19:58:00Z,Sell,564.19185423,562.53089619,849,1410.15,8.49,-570.78,2862.28,1846.63,1,"	3407,3408" 
2025-03-28T14:30:00Z,"SPY",2025-03-28T19:58:00Z,Sell,553.21766718,549.786997895,909,3118.48,9.09,-359.48,3963.25,1734.49,1,"	3409,3410" 
2025-04-01T14:30:00Z,"SPY",2025-04-01T15:00:00Z,Sell,548.837879015,553.385740315,1004,-4566.05,10.04,-4566.05,0,4566.05,0,"	3411,3412" 
2025-04-02T17:00:00Z,"SPY",2025-04-02T18:00:00Z,Buy,559.26830004,557.68643524,975,-1542.32,9.75,-2236.36,1547.14,3783.5,0,"	3413,3414" 
2025-04-03T15:00:00Z,"SPY",2025-04-03T15:30:00Z,Sell,534.05732979,535.63919459,1072,-1695.76,10.72,-2416.46,529.92,2946.38,0,"	3415,3416" 
2025-04-03T18:30:00Z,"SPY",2025-04-03T19:00:00Z,Sell,534.65052909,535.708401175,1065,-1126.63,10.65,-1495.16,737.05,2232.21,0,"	3417,3418" 
2025-04-03T19:30:00Z,"SPY",2025-04-03T19:58:00Z,Sell,532.900591155,531.62521266,1065,1358.28,10.65,-463.29,1368.81,1431.98,1,"	3419,3420" 
2025-04-04T14:30:00Z,"SPY",2025-04-04T19:58:00Z,Sell,510.40845103,499.483697255,759,8291.89,7.59,-4134.69,8306.9,8622.06,1,"	3421,3422" 
2025-04-07T18:00:00Z,"SPY",2025-04-07T18:30:00Z,Buy,503.34937936,499.41449067,598,-2353.06,5.98,-2376.71,484.8,2861.51,0,"	3423,3424" 
2025-04-08T19:30:00Z,"SPY",2025-04-08T19:58:00Z,Sell,491.86108625,490.06171504,607,1092.22,6.07,0,4902.98,3960.79,1,"	3425,3426" 
2025-04-09T14:00:00Z,"SPY",2025-04-09T14:30:00Z,Buy,494.19433683,493.294651225,621,-558.7,6.21,-1584.02,1639.28,3223.3,0,"	3427,3428" 
2025-04-09T17:30:00Z,"SPY",2025-04-09T19:58:00Z,Buy,518.070608655,537.47811242,592,11489.24,5.92,0,12724.2,5425.64,1,"	3429,3430" 
2025-04-10T14:00:00Z,"SPY",2025-04-10T18:00:00Z,Sell,522.974389535,518.29800172,348,1627.38,3.48,-805.09,6358.15,4992.25,1,"	3431,3432" 
2025-04-11T17:00:00Z,"SPY",2025-04-11T17:30:00Z,Buy,525.742652935,523.804868555,333,-645.28,3.33,-645.28,365.44,1010.72,0,"	3433,3434" 
2025-04-11T18:00:00Z,"SPY",2025-04-11T18:30:00Z,Buy,528.61966954,527.09712467,330,-502.44,3.3,-828.7,3.26,831.96,0,"	3435,3436" 
2025-04-21T14:00:00Z,"SPY",2025-04-21T19:30:00Z,Sell,511.644282905,504.6148712,339,2382.97,3.39,0,2989.61,831.19,1,"	3437,3438" 
2025-04-22T15:00:00Z,"SPY",2025-04-22T17:30:00Z,Buy,518.723127885,516.646930335,335,-695.53,3.35,-695.53,1427.48,2123.01,0,"	3439,3440" 
2025-04-23T14:00:00Z,"SPY",2025-04-23T14:30:00Z,Buy,537.4385658,537.685732175,316,78.1,3.16,-796.67,203.07,999.74,1,"	3441,3442" 
2025-04-24T14:30:00Z,"SPY",2025-04-24T17:30:00Z,Buy,536.11375403,538.78315088,315,840.86,3.15,-289.63,1086.89,535.66,1,"	3443,3444" 
2025-04-30T14:00:00Z,"SPY",2025-04-30T14:30:00Z,Sell,535.71828783,540.14750927,378,-1674.25,3.78,-1674.25,0,1674.25,0,"	3445,3446" 
2025-05-01T15:00:00Z,"SPY",2025-05-01T15:30:00Z,Buy,556.97459608,556.865842875,634,-68.95,6.34,-288.33,376.09,445.04,0,"	3447,3448" 
2025-05-08T17:00:00Z,"SPY",2025-05-08T18:00:00Z,Buy,563.667861515,561.235744385,953,-2317.81,9.53,-2317.81,0,2317.81,0,"	3449,3450" 
