Entry Time,Symbols,Exit Time,Direction,Entry Price,Exit Price,Quantity,P&L,Fees,MAE,MFE,Drawdown,IsWin,Order Ids
2017-05-12T18:00:00Z,"SPY",2017-05-12T19:00:00Z,Sell,207.217478874,207.217478874,962,0,9.62,-75.07,108.44,183.51,0,"	1,2" 
2017-05-12T19:30:00Z,"SPY",2017-05-12T19:58:00Z,Sell,207.087415179,207.226149787,963,-133.6,9.63,-133.6,58.45,192.05,0,"	3,4" 
2017-05-15T14:00:00Z,"SPY",2017-05-15T18:30:00Z,Buy,208.127924739,208.049886522,957,-74.68,9.57,-74.68,323.62,398.31,0,"	5,6" 
2017-05-15T19:00:00Z,"SPY",2017-05-15T19:30:00Z,Buy,208.101912,208.153937478,956,49.74,9.56,0,99.47,58.03,1,"	7,8" 
2017-05-16T18:00:00Z,"SPY",2017-05-16T19:30:00Z,Sell,208.084570174,208.171279304,956,-82.89,9.56,-82.89,99.47,182.37,0,"	9,10" 
2017-05-17T15:00:00Z,"SPY",2017-05-17T16:00:00Z,Sell,205.535321752,206.142285662,967,-586.93,9.67,-586.93,100.62,687.55,0,"	11,12" 
2017-05-17T16:30:00Z,"SPY",2017-05-17T19:58:00Z,Sell,205.795449142,204.512154018,960,1231.96,9.6,-258.05,1231.96,632.63,1,"	13,14" 
2017-05-18T14:30:00Z,"SPY",2017-05-18T16:00:00Z,Buy,205.292536188,204.780952321,975,-498.79,9.75,-498.79,177.54,676.33,0,"	15,16" 
2017-05-18T16:30:00Z,"SPY",2017-05-18T17:30:00Z,Buy,204.928357842,204.815635973,971,-109.45,9.71,-193.65,218.91,412.55,0,"	17,18" 
2017-05-18T18:00:00Z,"SPY",2017-05-18T19:58:00Z,Buy,205.266523449,205.361903492,969,92.42,9.69,0,831.81,739.39,1,"	19,20" 
2017-05-19T14:00:00Z,"SPY",2017-05-19T19:30:00Z,Buy,206.3677294,206.575831312,964,200.61,9.64,0,877.67,702.14,1,"	21,22" 
2017-05-22T14:00:00Z,"SPY",2017-05-22T14:30:00Z,Buy,207.442922612,207.382226221,961,-58.33,9.61,-141.66,99.99,241.65,0,"	23,24" 
2017-05-22T16:30:00Z,"SPY",2017-05-22T17:00:00Z,Buy,207.659695437,207.572986307,959,-83.15,9.59,-83.15,24.95,108.1,0,"	25,26" 
2017-05-25T15:30:00Z,"SPY",2017-05-25T16:00:00Z,Buy,209.697359992,209.359194385,949,-320.92,9.49,-320.92,32.91,353.83,0,"	27,28" 
2017-05-25T17:00:00Z,"SPY",2017-05-25T17:30:00Z,Buy,209.723372731,209.567296297,946,-147.65,9.46,-155.85,0,155.85,0,"	29,30" 
2017-05-25T18:00:00Z,"SPY",2017-05-25T18:30:00Z,Buy,209.680018166,209.654005427,945,-24.58,9.45,-90.13,32.78,90.13,0,"	31,32" 
2017-05-31T14:00:00Z,"SPY",2017-05-31T15:00:00Z,Sell,208.942990561,209.272485255,948,-312.36,9.48,-320.58,238.38,558.96,0,"	33,34" 
2017-05-31T16:00:00Z,"SPY",2017-05-31T16:30:00Z,Sell,209.038370604,209.05571243,944,-16.37,9.44,-139.15,0,139.15,0,"	35,36" 
2017-05-31T17:00:00Z,"SPY",2017-05-31T17:30:00Z,Sell,208.9690033,209.003686952,944,-32.74,9.44,-245.56,8.19,245.56,0,"	37,38" 
2017-06-01T17:00:00Z,"SPY",2017-06-01T19:58:00Z,Buy,210.417045771,210.815907769,937,373.73,9.37,0,381.86,211.24,1,"	39,40" 
2017-06-02T16:00:00Z,"SPY",2017-06-02T18:30:00Z,Buy,211.604960852,211.535593548,935,-64.86,9.35,-121.61,186.47,251.33,0,"	41,42" 
2017-06-02T19:30:00Z,"SPY",2017-06-02T19:58:00Z,Buy,211.709011808,211.604960852,934,-97.18,9.34,-129.58,129.58,259.16,0,"	43,44" 
2017-06-08T14:30:00Z,"SPY",2017-06-08T15:00:00Z,Sell,210.96331329,211.206098854,937,-227.49,9.37,-308.74,0,308.74,0,"	45,46" 
2017-06-09T14:00:00Z,"SPY",2017-06-09T16:30:00Z,Buy,211.986481024,211.839075503,930,-137.09,9.3,-233.85,403.2,637.05,0,"	47,48" 
2017-06-09T18:00:00Z,"SPY",2017-06-09T18:30:00Z,Sell,210.945971464,211.076035159,933,-121.35,9.33,-323.6,0,323.6,0,"	49,50" 
2017-06-09T19:00:00Z,"SPY",2017-06-09T19:30:00Z,Sell,210.234956598,211.128060637,935,-835.05,9.35,-835.05,0,835.05,0,"	51,52" 
2017-06-12T14:00:00Z,"SPY",2017-06-12T15:00:00Z,Sell,210.365020293,210.772553204,926,-377.38,9.26,-401.46,120.44,521.9,0,"	53,54" 
2017-06-12T16:30:00Z,"SPY",2017-06-12T17:30:00Z,Sell,210.425716684,210.581793118,922,-143.9,9.22,-143.9,159.89,303.79,0,"	55,56" 
2017-06-12T18:00:00Z,"SPY",2017-06-12T19:00:00Z,Sell,210.278311163,210.677173161,922,-367.75,9.22,-431.71,0,431.71,0,"	57,58" 
2017-06-13T17:30:00Z,"SPY",2017-06-13T18:00:00Z,Buy,211.934455546,211.839075503,911,-86.89,9.11,-189.58,0,189.58,0,"	59,60" 
2017-06-13T18:30:00Z,"SPY",2017-06-13T19:00:00Z,Buy,211.891100981,211.847746416,910,-39.45,9.1,-94.69,55.23,149.92,0,"	61,62" 
2017-06-13T19:30:00Z,"SPY",2017-06-13T19:58:00Z,Buy,212.073190154,211.813062764,909,-236.46,9.09,-236.46,7.88,244.34,0,"	63,64" 
2017-06-14T15:00:00Z,"SPY",2017-06-14T16:00:00Z,Sell,211.682999069,211.865088242,908,-165.34,9.08,-173.21,31.49,204.7,0,"	65,66" 
2017-06-14T19:00:00Z,"SPY",2017-06-14T19:58:00Z,Sell,211.318820723,211.74369546,908,-385.79,9.08,-503.88,236.2,740.08,0,"	67,68" 
2017-06-16T14:00:00Z,"SPY",2017-06-16T16:00:00Z,Sell,211.01361362,211.10074452,906,-78.94,9.06,-78.94,410.49,489.43,0,"	69,70" 
2017-06-19T14:30:00Z,"SPY",2017-06-19T19:00:00Z,Buy,212.92178033,212.79979707,897,-109.42,8.97,-218.84,226.65,375.15,0,"	71,72" 
2017-06-19T19:30:00Z,"SPY",2017-06-19T19:58:00Z,Buy,212.96534578,213.05247668,896,78.07,8.96,-31.23,202.98,124.91,1,"	73,74" 
2017-06-20T14:00:00Z,"SPY",2017-06-20T14:30:00Z,Sell,212.45998656,212.49483892,898,-31.3,8.98,-187.78,46.95,234.73,0,"	75,76" 
2017-06-20T15:30:00Z,"SPY",2017-06-20T17:00:00Z,Sell,212.40770802,212.40770802,898,0,8.98,-93.89,273.85,281.68,0,"	77,78" 
2017-06-20T17:30:00Z,"SPY",2017-06-20T19:58:00Z,Sell,212.31186403,211.79779172,898,461.64,8.98,-101.72,524.23,242.55,1,"	79,80" 
2017-06-22T15:30:00Z,"SPY",2017-06-22T16:30:00Z,Buy,212.10274987,211.95462734,904,-133.9,9.04,-212.67,0,212.67,0,"	81,82" 
2017-06-22T17:30:00Z,"SPY",2017-06-22T18:00:00Z,Buy,212.10274987,212.06789751,902,-31.44,9.02,-62.87,7.86,70.73,0,"	83,84" 
2017-06-23T15:00:00Z,"SPY",2017-06-23T15:30:00Z,Buy,211.93720116,211.96334043,903,23.6,9.03,-39.34,78.68,118.02,1,"	85,86" 
2017-06-23T16:00:00Z,"SPY",2017-06-23T17:00:00Z,Buy,211.99819279,211.99819279,902,0,9.02,-39.3,125.75,125.75,0,"	87,88" 
2017-06-23T17:30:00Z,"SPY",2017-06-23T18:30:00Z,Buy,212.02433206,211.93720116,902,-78.59,9.02,-78.59,133.61,212.2,0,"	89,90" 
2017-06-26T14:00:00Z,"SPY",2017-06-26T14:30:00Z,Buy,212.91306724,212.74751853,898,-148.66,8.98,-266.03,0,266.03,0,"	91,92" 
2017-06-27T18:00:00Z,"SPY",2017-06-27T19:58:00Z,Sell,210.96133508,210.42983659,904,480.47,9.04,-196.92,511.98,472.6,1,"	93,94" 
2017-06-28T15:00:00Z,"SPY",2017-06-28T19:58:00Z,Buy,211.84135717,212.12888914,905,260.22,9.05,-39.43,449.46,260.22,1,"	95,96" 
2017-06-29T14:00:00Z,"SPY",2017-06-29T19:58:00Z,Sell,211.65838228,210.46468895,908,1083.87,9.08,-47.47,2302.24,1526.92,1,"	97,98" 
2017-07-06T14:00:00Z,"SPY",2017-07-06T15:30:00Z,Sell,210.23814861,210.43854968,925,-185.37,9.25,-298.21,282.09,580.29,0,"	99,100" 
2017-07-06T18:30:00Z,"SPY",2017-07-06T19:58:00Z,Sell,210.10745226,209.66308467,923,410.15,9.23,0,603.16,233.22,1,"	101,102" 
2017-07-07T15:30:00Z,"SPY",2017-07-07T19:58:00Z,Buy,210.61281148,211.02232671,925,378.8,9.25,-8.06,443.28,257.91,1,"	103,104" 
2017-07-11T15:30:00Z,"SPY",2017-07-11T16:00:00Z,Sell,210.22072243,210.69122929,930,-437.57,9.3,-486.19,0,486.19,0,"	105,106" 
2017-07-12T14:00:00Z,"SPY",2017-07-12T15:00:00Z,Buy,212.49483892,212.28572476,916,-191.55,9.16,-191.55,143.66,335.21,0,"	107,108" 
2017-07-12T18:00:00Z,"SPY",2017-07-12T19:58:00Z,Buy,212.66038763,212.59068291,913,-63.64,9.13,-95.46,87.51,182.97,0,"	109,110" 
2017-07-14T14:00:00Z,"SPY",2017-07-14T14:30:00Z,Buy,213.23545157,213.23545157,910,0,9.1,-111,55.5,111,0,"	111,112" 
2017-07-14T15:00:00Z,"SPY",2017-07-14T15:30:00Z,Buy,213.34000865,213.27901702,910,-55.5,9.1,-118.93,23.79,126.86,0,"	113,114" 
2017-07-14T17:00:00Z,"SPY",2017-07-14T19:58:00Z,Buy,213.6449668,214.00220349,908,324.37,9.08,-15.82,585.45,292.72,1,"	115,116" 
2017-07-19T14:00:00Z,"SPY",2017-07-19T14:30:00Z,Buy,214.68182451,214.6034067,906,-71.05,9.06,-126.3,86.83,213.14,0,"	117,118" 
2017-07-19T18:30:00Z,"SPY",2017-07-19T19:58:00Z,Buy,215.06520047,215.10005283,904,31.51,9.04,-55.14,102.4,94.52,1,"	119,120" 
2017-07-24T14:30:00Z,"SPY",2017-07-24T16:00:00Z,Sell,214.73410305,214.83866013,906,-94.73,9.06,-102.62,86.83,189.46,0,"	121,122" 
2017-07-27T17:30:00Z,"SPY",2017-07-27T19:58:00Z,Sell,214.62954597,215.10876592,905,-433.69,9.05,-528.32,425.81,954.13,0,"	123,124" 
2017-07-28T14:30:00Z,"SPY",2017-07-28T15:30:00Z,Sell,214.64697215,214.74281614,901,-86.36,9.01,-188.41,86.36,274.77,0,"	125,126" 
2017-08-02T14:30:00Z,"SPY",2017-08-02T17:30:00Z,Sell,214.93450412,215.16104446,899,-203.66,8.99,-227.16,219.33,446.48,0,"	127,128" 
2017-08-03T14:00:00Z,"SPY",2017-08-03T14:30:00Z,Sell,215.19589682,215.40501098,896,-187.37,8.96,-187.37,46.84,234.21,0,"	129,130" 
2017-08-03T16:00:00Z,"SPY",2017-08-03T16:30:00Z,Sell,215.16104446,215.3004539,894,-124.63,8.94,-124.63,23.37,148,0,"	131,132" 
2017-08-07T19:30:00Z,"SPY",2017-08-07T19:58:00Z,Buy,215.97136183,215.95393565,890,-15.51,8.9,-108.57,0,108.57,0,"	133,134" 
2017-08-08T15:00:00Z,"SPY",2017-08-08T17:30:00Z,Buy,216.35473779,216.11948436,888,-208.91,8.88,-208.91,425.55,634.45,0,"	135,136" 
2017-08-10T14:00:00Z,"SPY",2017-08-10T19:58:00Z,Sell,214.22874383,212.4251342,895,1614.23,8.95,0,1645.42,725.23,1,"	137,138" 
2017-08-11T14:30:00Z,"SPY",2017-08-11T15:30:00Z,Buy,212.98277196,212.66038763,915,-294.98,9.15,-294.98,271.06,566.05,0,"	139,140" 
2017-08-11T18:30:00Z,"SPY",2017-08-11T19:00:00Z,Buy,213.00019814,212.53840437,912,-421.16,9.12,-421.16,0,421.16,0,"	141,142" 
2017-08-14T14:00:00Z,"SPY",2017-08-14T19:00:00Z,Buy,214.50756271,214.65568524,901,133.46,9.01,-15.7,455.33,368.97,1,"	143,144" 
2017-08-14T19:30:00Z,"SPY",2017-08-14T19:58:00Z,Buy,214.93450412,214.89093867,901,-39.25,9.01,-149.16,62.8,157.01,0,"	145,146" 
2017-08-17T14:30:00Z,"SPY",2017-08-17T19:58:00Z,Sell,213.85408096,211.94591425,905,1726.89,9.05,-425.81,1758.43,559.86,1,"	147,148" 
2017-08-18T14:00:00Z,"SPY",2017-08-18T14:30:00Z,Sell,211.03975289,211.45798121,933,-390.21,9.33,-625.96,0,625.96,0,"	149,150" 
2017-08-18T17:00:00Z,"SPY",2017-08-18T17:30:00Z,Buy,212.43384729,212.18988077,923,-225.18,9.23,-273.43,40.21,313.65,0,"	151,152" 
2017-08-21T14:00:00Z,"SPY",2017-08-21T15:00:00Z,Sell,211.13559688,211.30114559,927,-153.46,9.27,-185.77,363.47,549.24,0,"	153,154" 
2017-08-22T14:00:00Z,"SPY",2017-08-22T19:58:00Z,Buy,212.83464943,213.8192286,918,903.84,9.18,0,1071.81,191.97,1,"	155,156" 
2017-08-24T14:00:00Z,"SPY",2017-08-24T14:30:00Z,Sell,212.76494471,213.07861595,927,-290.77,9.27,-323.08,96.92,420.01,0,"	157,158" 
2017-08-24T15:30:00Z,"SPY",2017-08-24T16:00:00Z,Sell,212.66910072,212.79979707,924,-120.76,9.24,-120.76,209.32,330.09,0,"	159,160" 
2017-08-25T14:00:00Z,"SPY",2017-08-25T15:00:00Z,Buy,213.71467152,213.36614792,918,-319.94,9.18,-343.94,207.96,551.9,0,"	161,162" 
2017-08-30T15:00:00Z,"SPY",2017-08-30T16:00:00Z,Buy,213.88893332,213.91507259,915,23.92,9.15,-111.61,71.75,143.5,1,"	163,164" 
2017-08-30T17:00:00Z,"SPY",2017-08-30T19:58:00Z,Buy,214.17646529,214.27230928,914,87.6,9.14,-55.75,406.15,461.9,1,"	165,166" 
2017-08-31T19:00:00Z,"SPY",2017-08-31T19:30:00Z,Buy,215.68382986,215.68382986,908,0,9.08,-142.41,31.65,142.41,0,"	167,168" 
2017-09-05T15:30:00Z,"SPY",2017-09-05T16:00:00Z,Sell,214.87351249,215.00420884,911,-119.06,9.11,-166.69,0,166.69,0,"	169,170" 
2017-09-05T16:30:00Z,"SPY",2017-09-05T19:58:00Z,Sell,214.10676057,214.41171872,913,-278.43,9.13,-389.8,588.67,978.47,0,"	171,172" 
2017-09-11T14:00:00Z,"SPY",2017-09-11T19:58:00Z,Buy,216.54642577,217.03435881,900,439.14,9,-15.68,572.45,211.73,1,"	173,174" 
2017-09-18T14:00:00Z,"SPY",2017-09-18T14:30:00Z,Buy,218.903875,218.842581915,895,-54.86,8.95,-125.39,39.18,164.57,0,"	175,176" 
2017-09-20T18:30:00Z,"SPY",2017-09-20T19:00:00Z,Sell,218.212138755,218.579897265,897,-329.88,8.97,-384.86,94.25,479.11,0,"	177,178" 
2017-09-21T14:00:00Z,"SPY",2017-09-21T15:00:00Z,Sell,218.369749545,218.562384955,893,-172.02,8.93,-234.58,148.57,383.14,0,"	179,180" 
2017-09-25T15:00:00Z,"SPY",2017-09-25T19:30:00Z,Sell,217.6780133,217.87064871,894,-172.22,8.94,-203.53,336.6,540.13,0,"	181,182" 
2017-09-27T19:00:00Z,"SPY",2017-09-27T19:58:00Z,Buy,219.105266565,218.965168085,887,-124.27,8.87,-124.27,194.17,318.44,0,"	183,184" 
2017-09-28T18:00:00Z,"SPY",2017-09-28T18:30:00Z,Buy,219.262877355,219.11402272,885,-131.74,8.85,-131.74,15.5,147.23,0,"	185,186" 
2017-09-29T15:00:00Z,"SPY",2017-09-29T19:58:00Z,Buy,219.560586625,219.928345135,882,324.36,8.82,-54.06,355.25,200.8,1,"	187,188" 
2017-10-02T14:00:00Z,"SPY",2017-10-02T15:30:00Z,Buy,220.541275985,220.40993366,881,-115.71,8.81,-169.71,185.14,354.85,0,"	189,190" 
2017-10-02T16:30:00Z,"SPY",2017-10-02T19:58:00Z,Buy,220.49749521,220.81271679,880,277.39,8.8,0,285.1,115.58,1,"	191,192" 
2017-10-04T16:00:00Z,"SPY",2017-10-04T18:00:00Z,Buy,221.77589384,221.60077074,878,-153.76,8.78,-276.76,107.63,384.4,0,"	193,194" 
2017-10-04T19:30:00Z,"SPY",2017-10-04T19:58:00Z,Buy,221.68833229,221.58325843,877,-92.15,8.77,-122.87,15.36,138.22,0,"	195,196" 
2017-10-05T15:30:00Z,"SPY",2017-10-05T19:58:00Z,Buy,222.33628776,222.91419399,873,504.51,8.73,0,565.67,160.53,1,"	197,198" 
2017-10-09T19:30:00Z,"SPY",2017-10-09T19:58:00Z,Sell,222.31877545,222.31877545,878,0,8.78,-30.75,184.51,215.26,0,"	199,200" 
2017-10-16T14:00:00Z,"SPY",2017-10-16T14:30:00Z,Buy,223.605930235,223.360757895,873,-214.04,8.73,-313.41,22.93,336.34,0,"	201,202" 
2017-10-19T14:00:00Z,"SPY",2017-10-19T14:30:00Z,Sell,222.905437835,223.150610175,873,-214.04,8.73,-214.04,160.53,374.56,0,"	203,204" 
2017-10-20T18:30:00Z,"SPY",2017-10-20T19:00:00Z,Buy,225.111988895,224.971890415,863,-120.9,8.63,-120.9,30.23,151.13,0,"	205,206" 
2017-10-23T18:00:00Z,"SPY",2017-10-23T19:58:00Z,Sell,224.8580604,224.236373395,863,536.52,8.63,-30.23,581.86,219.14,1,"	207,208" 
2017-10-25T14:00:00Z,"SPY",2017-10-25T18:00:00Z,Sell,223.9824449,223.360757895,871,541.49,8.71,-152.53,1372.79,854.18,1,"	209,210" 
2017-10-25T18:30:00Z,"SPY",2017-10-25T19:00:00Z,Sell,223.57966177,223.42205098,877,138.22,8.77,-7.68,291.81,153.58,1,"	211,212" 
2017-10-25T19:30:00Z,"SPY",2017-10-25T19:58:00Z,Sell,223.728516405,223.588417925,878,123.01,8.78,0,430.52,307.52,1,"	213,214" 
2017-10-27T14:30:00Z,"SPY",2017-10-27T19:58:00Z,Buy,224.849304245,225.479747405,874,551.01,8.74,-22.96,841.82,329.07,1,"	215,216" 
2017-10-30T16:30:00Z,"SPY",2017-10-30T17:00:00Z,Sell,224.71796192,224.866816555,880,-130.99,8.8,-154.11,0,154.11,0,"	217,218" 
2017-10-30T18:00:00Z,"SPY",2017-10-30T18:30:00Z,Sell,224.77049885,224.919353485,878,-130.69,8.78,-192.2,23.06,215.26,0,"	219,220" 
2017-11-02T14:30:00Z,"SPY",2017-11-02T15:00:00Z,Sell,224.709205765,224.98064657,877,-238.05,8.77,-345.56,0,345.56,0,"	221,222" 
2017-11-02T15:30:00Z,"SPY",2017-11-02T16:00:00Z,Sell,224.87557271,225.06820812,874,-168.36,8.74,-168.36,107.14,275.5,0,"	223,224" 
2017-11-03T17:30:00Z,"SPY",2017-11-03T19:58:00Z,Buy,226.127702875,226.13645903,868,7.6,8.68,-7.6,174.81,182.41,1,"	225,226" 
2017-11-06T20:00:00Z,"SPY",2017-11-06T20:58:00Z,Buy,226.73187757,226.66182833,866,-60.66,8.66,-60.66,37.91,98.58,0,"	227,228" 
2017-11-07T17:00:00Z,"SPY",2017-11-07T18:30:00Z,Sell,226.13645903,226.4341683,867,-258.11,8.67,-265.71,75.92,341.62,0,"	229,230" 
2017-11-07T20:00:00Z,"SPY",2017-11-07T20:58:00Z,Sell,226.197752115,226.460436765,865,-227.22,8.65,-227.22,68.17,295.39,0,"	231,232" 
2017-11-09T17:30:00Z,"SPY",2017-11-09T18:30:00Z,Sell,224.71796192,225.40094201,868,-592.83,8.68,-608.03,167.21,775.23,0,"	233,234" 
2017-11-14T15:00:00Z,"SPY",2017-11-14T16:00:00Z,Sell,225.234575065,225.64611435,861,-354.34,8.61,-459.88,459.88,919.76,0,"	235,236" 
2017-11-15T15:00:00Z,"SPY",2017-11-15T15:30:00Z,Sell,224.078762605,224.446521115,862,-317.01,8.62,-430.22,30.19,460.42,0,"	237,238" 
2017-11-16T15:30:00Z,"SPY",2017-11-16T20:58:00Z,Buy,225.935067465,226.4341683,852,425.23,8.52,0,746.02,343.17,1,"	239,240" 
2017-11-21T15:00:00Z,"SPY",2017-11-21T20:58:00Z,Buy,227.371076885,227.581224605,850,178.63,8.5,-22.33,342.37,230.72,1,"	241,242" 
2017-11-28T16:30:00Z,"SPY",2017-11-28T19:00:00Z,Buy,228.702012445,228.90340401,847,170.58,8.47,-22.25,771.31,600.73,1,"	243,244" 
2017-11-28T19:30:00Z,"SPY",2017-11-28T20:58:00Z,Buy,229.244894055,229.97165492,846,614.84,8.46,-22.22,800.03,259.27,1,"	245,246" 
2017-11-29T15:00:00Z,"SPY",2017-11-29T15:30:00Z,Buy,230.74219656,230.190558795,846,-466.69,8.46,-518.54,0,518.54,0,"	247,248" 
2017-11-29T17:00:00Z,"SPY",2017-11-29T17:30:00Z,Sell,229.67394565,229.90160568,846,-192.6,8.46,-266.68,51.85,318.53,0,"	249,250" 
2017-11-30T16:00:00Z,"SPY",2017-11-30T20:58:00Z,Buy,231.49522589,232.064375965,838,476.95,8.38,-14.68,1174.03,1188.7,1,"	251,252" 
2017-12-01T16:30:00Z,"SPY",2017-12-01T17:30:00Z,Sell,229.139820195,230.56707346,850,-1213.17,8.5,-1391.79,476.33,1868.13,0,"	253,254" 
2017-12-01T18:00:00Z,"SPY",2017-12-01T18:30:00Z,Sell,230.908563505,231.09244276,833,-153.17,8.33,-160.47,109.41,269.87,0,"	255,256" 
2017-12-01T19:00:00Z,"SPY",2017-12-01T19:30:00Z,Sell,231.14497969,231.26756586,831,-101.87,8.31,-138.25,50.93,189.19,0,"	257,258" 
2017-12-01T20:00:00Z,"SPY",2017-12-01T20:30:00Z,Sell,231.03990583,231.223785085,830,-152.62,8.3,-181.69,159.89,341.58,0,"	259,260" 
2017-12-05T16:00:00Z,"SPY",2017-12-05T17:00:00Z,Buy,231.871740555,231.714129765,826,-130.19,8.26,-144.65,224.21,368.86,0,"	261,262" 
2017-12-06T16:00:00Z,"SPY",2017-12-06T16:30:00Z,Buy,230.785977335,230.56707346,829,-181.47,8.29,-188.73,43.55,232.28,0,"	263,264" 
2017-12-07T15:00:00Z,"SPY",2017-12-07T20:00:00Z,Buy,230.77722118,231.07493045,827,246.21,8.27,-173.79,586.55,506.89,1,"	265,266" 
2017-12-07T20:30:00Z,"SPY",2017-12-07T20:58:00Z,Buy,231.18000431,231.188760465,828,7.25,8.28,-159.5,43.5,203,1,"	267,268" 
2017-12-11T15:00:00Z,"SPY",2017-12-11T15:30:00Z,Buy,232.887454535,232.659794505,822,-187.14,8.22,-194.33,79.17,273.51,0,"	269,270" 
2017-12-11T19:00:00Z,"SPY",2017-12-11T19:30:00Z,Buy,233.05382148,233.01879686,819,-28.69,8.19,-28.69,21.51,50.2,0,"	271,272" 
2017-12-12T19:30:00Z,"SPY",2017-12-12T20:00:00Z,Buy,234.008242375,233.973217755,816,-28.58,8.16,-114.32,21.44,121.47,0,"	273,274" 
2017-12-13T15:00:00Z,"SPY",2017-12-13T16:30:00Z,Buy,234.1395847,234.165853165,815,21.41,8.15,-135.59,78.5,164.13,1,"	275,276" 
2017-12-14T19:00:00Z,"SPY",2017-12-14T20:00:00Z,Sell,233.062577635,232.98377224,819,64.54,8.19,-93.23,387.25,322.71,1,"	277,278" 
2017-12-14T20:30:00Z,"SPY",2017-12-14T20:58:00Z,Sell,232.817405295,232.72108759,820,78.98,8.2,-280.02,136.42,280.02,1,"	279,280" 
2017-12-15T15:30:00Z,"SPY",2017-12-15T16:00:00Z,Buy,234.235429554,234.041802912,816,-158,8.16,-179.54,0,179.54,0,"	281,282" 
2017-12-15T16:30:00Z,"SPY",2017-12-15T20:58:00Z,Buy,234.508267095,234.358646508,813,-121.64,8.13,-121.64,400.7,522.34,0,"	283,284" 
2017-12-18T15:00:00Z,"SPY",2017-12-18T15:30:00Z,Buy,236.268509295,236.162894763,806,-85.13,8.06,-85.13,35.47,120.59,0,"	285,286" 
2017-12-19T15:00:00Z,"SPY",2017-12-19T16:30:00Z,Sell,235.758039057,235.69643058,807,49.72,8.07,-120.74,213.08,205.97,1,"	287,288" 
2017-12-19T17:00:00Z,"SPY",2017-12-19T18:00:00Z,Sell,235.379586984,235.546809993,809,-135.28,8.09,-135.28,71.2,206.49,0,"	289,290" 
2017-12-19T20:00:00Z,"SPY",2017-12-19T20:58:00Z,Sell,235.326779718,235.273972452,808,42.67,8.08,-113.78,177.78,291.57,1,"	291,292" 
2017-12-21T18:30:00Z,"SPY",2017-12-21T19:00:00Z,Buy,236.189298396,236.039677809,805,-120.44,8.05,-120.44,0,120.44,0,"	293,294" 
2018-01-02T15:30:00Z,"SPY",2018-01-02T16:30:00Z,Buy,236.242105662,236.013274176,804,-183.98,8.04,-240.59,14.15,254.74,0,"	295,296" 
2018-01-02T20:30:00Z,"SPY",2018-01-02T20:58:00Z,Buy,236.31251535,236.418129882,802,84.7,8.02,-98.82,148.23,98.82,1,"	297,298" 
2018-01-03T15:00:00Z,"SPY",2018-01-03T20:58:00Z,Buy,237.254244927,238.107962394,799,682.12,7.99,0,745.41,316.45,1,"	299,300" 
2018-01-04T15:00:00Z,"SPY",2018-01-04T16:30:00Z,Buy,239.234517402,238.996884705,798,-189.63,7.98,-189.63,217.72,407.36,0,"	301,302" 
2018-01-04T18:00:00Z,"SPY",2018-01-04T19:30:00Z,Buy,239.278523457,239.225716191,797,-42.09,7.97,-77.16,91.19,133.28,0,"	303,304" 
2018-01-04T20:00:00Z,"SPY",2018-01-04T20:58:00Z,Buy,239.313728301,239.093698026,796,-175.14,7.96,-217.18,35.03,252.21,0,"	305,306" 
2018-01-09T16:30:00Z,"SPY",2018-01-09T17:30:00Z,Buy,242.050904922,241.874880702,786,-138.36,7.86,-159.11,0,159.11,0,"	307,308" 
2018-01-09T18:00:00Z,"SPY",2018-01-09T19:30:00Z,Buy,242.006898867,241.94529039,785,-48.36,7.85,-82.91,179.63,262.54,0,"	309,310" 
2018-01-10T15:00:00Z,"SPY",2018-01-10T15:30:00Z,Sell,240.598705107,240.845139015,789,-194.44,7.89,-291.65,145.83,437.48,0,"	311,312" 
2018-01-11T15:00:00Z,"SPY",2018-01-11T15:30:00Z,Buy,242.094910977,241.910085546,782,-144.53,7.82,-192.71,96.36,289.07,0,"	313,314" 
2018-01-11T17:00:00Z,"SPY",2018-01-11T20:58:00Z,Buy,242.20932672,242.869417545,781,515.53,7.81,-41.24,556.77,213.09,1,"	315,316" 
2018-01-12T15:00:00Z,"SPY",2018-01-12T20:58:00Z,Buy,243.819948333,244.444834314,780,487.41,7.8,-102.97,707.09,439.36,1,"	317,318" 
2018-01-16T15:00:00Z,"SPY",2018-01-16T15:30:00Z,Buy,246.433908,246.099461982,775,-259.2,7.75,-300.12,0,300.12,0,"	319,320" 
2018-01-16T19:30:00Z,"SPY",2018-01-16T20:30:00Z,Sell,243.758339856,244.268810094,781,-398.68,7.81,-398.68,501.78,900.46,0,"	321,322" 
2018-01-17T17:30:00Z,"SPY",2018-01-17T20:58:00Z,Buy,245.245744515,245.923437762,773,523.86,7.73,0,925.25,421.81,1,"	323,324" 
2018-01-18T15:30:00Z,"SPY",2018-01-18T17:30:00Z,Sell,245.632997799,245.773817175,776,-109.28,7.76,-252.7,341.49,457.59,0,"	325,326" 
2018-01-22T15:30:00Z,"SPY",2018-01-22T16:30:00Z,Buy,247.57806543,247.243619412,769,-257.19,7.69,-257.19,40.61,297.8,0,"	327,328" 
2018-01-22T17:00:00Z,"SPY",2018-01-22T20:58:00Z,Buy,247.710083595,248.537397429,767,634.55,7.67,-33.75,661.55,297.02,1,"	329,330" 
2018-01-23T16:00:00Z,"SPY",2018-01-23T17:00:00Z,Buy,249.470325795,249.118277355,766,-269.67,7.66,-330.34,101.13,431.47,0,"	331,332" 
2018-01-24T18:30:00Z,"SPY",2018-01-24T19:00:00Z,Sell,248.643011961,249.197488254,767,-425.28,7.67,-573.79,0,573.79,0,"	333,334" 
2018-01-26T18:00:00Z,"SPY",2018-01-26T20:58:00Z,Buy,250.931326821,251.908261242,756,738.56,7.56,0,851.68,199.61,1,"	335,336" 
2018-01-29T16:00:00Z,"SPY",2018-01-29T17:00:00Z,Sell,251.054543775,251.239369206,762,-140.84,7.62,-402.39,241.43,643.83,0,"	337,338" 
2018-01-30T15:00:00Z,"SPY",2018-01-30T15:30:00Z,Sell,248.176547778,248.414180475,769,-182.74,7.69,-182.74,473.77,656.51,0,"	339,340" 
2018-01-30T16:30:00Z,"SPY",2018-01-30T20:58:00Z,Sell,248.422981686,248.211752622,767,162.01,7.67,-270.02,573.79,702.05,1,"	341,342" 
2018-02-01T17:00:00Z,"SPY",2018-02-01T19:00:00Z,Buy,248.951054346,248.211752622,767,-567.04,7.67,-587.3,121.51,708.81,0,"	343,344" 
2018-02-02T15:00:00Z,"SPY",2018-02-02T15:30:00Z,Sell,245.897034129,245.81782323,772,61.15,7.72,0,570.74,509.59,1,"	345,346" 
2018-02-02T16:00:00Z,"SPY",2018-02-02T20:58:00Z,Sell,245.81782323,242.543772738,772,2527.57,7.72,-122.3,2534.36,774.58,1,"	347,348" 
2018-02-05T18:30:00Z,"SPY",2018-02-05T19:00:00Z,Sell,238.961679861,239.965017915,815,-817.72,8.15,-817.72,258.23,1075.95,0,"	349,350" 
2018-02-05T19:30:00Z,"SPY",2018-02-05T20:58:00Z,Sell,238.433607201,234.191423499,810,3436.17,8.1,0,5054.45,3928.07,1,"	351,352" 
2018-02-06T15:00:00Z,"SPY",2018-02-06T15:30:00Z,Buy,233.980194435,231.73588563,635,-1425.14,6.35,-1542.5,855.08,2397.58,0,"	353,354" 
2018-02-06T17:30:00Z,"SPY",2018-02-06T18:30:00Z,Buy,233.557736307,232.924049115,627,-397.32,6.27,-1004.34,562.87,1567.21,0,"	355,356" 
2018-02-06T20:00:00Z,"SPY",2018-02-06T20:58:00Z,Buy,234.781104636,236.620557735,621,1142.3,6.21,0,1579.54,1180.56,1,"	357,358" 
2018-02-07T15:00:00Z,"SPY",2018-02-07T18:00:00Z,Buy,237.685504266,237.799920009,581,66.48,5.81,-102.27,1084.06,1017.59,1,"	359,360" 
2018-02-08T15:30:00Z,"SPY",2018-02-08T20:58:00Z,Sell,234.165019866,227.9513649,590,3666.06,5.9,-202.52,3676.44,1791.49,1,"	361,362" 
2018-02-09T17:30:00Z,"SPY",2018-02-09T18:00:00Z,Sell,224.281259913,225.636646407,549,-744.11,5.49,-753.77,454.2,1207.97,0,"	363,364" 
2018-02-09T18:30:00Z,"SPY",2018-02-09T19:30:00Z,Sell,223.489150923,227.713732203,547,-2310.85,5.47,-3057.06,375.51,3432.57,0,"	365,366" 
2018-02-12T19:00:00Z,"SPY",2018-02-12T20:00:00Z,Buy,234.385050141,234.033001701,495,-174.26,4.95,-309.32,139.41,448.73,0,"	367,368" 
2018-02-12T20:30:00Z,"SPY",2018-02-12T20:58:00Z,Buy,234.499465884,233.425718142,494,-530.43,4.94,-721.73,69.56,791.3,0,"	369,370" 
2018-02-14T18:00:00Z,"SPY",2018-02-14T20:58:00Z,Buy,235.978069332,237.412666725,468,671.39,4.68,-24.71,757.89,345.99,1,"	371,372" 
2018-02-21T19:30:00Z,"SPY",2018-02-21T20:00:00Z,Buy,241.179585033,240.484289364,448,-311.49,4.48,-465.27,67.03,532.3,0,"	373,374" 
2018-02-28T15:00:00Z,"SPY",2018-02-28T15:30:00Z,Buy,243.063044187,242.904622389,579,-91.73,5.79,-300.66,0,300.66,0,"	375,376" 
2018-03-01T15:00:00Z,"SPY",2018-03-01T15:30:00Z,Sell,237.826323642,239.3929392,582,-911.77,5.82,-911.77,0,911.77,0,"	377,378" 
2018-03-01T18:30:00Z,"SPY",2018-03-01T20:58:00Z,Sell,236.814184377,235.8724548,579,545.26,5.79,-81.53,1544.06,1396.28,1,"	379,380" 
2018-03-05T16:30:00Z,"SPY",2018-03-05T20:58:00Z,Buy,238.327992669,239.771391273,816,1177.81,8.16,-64.64,1493.81,825.91,1,"	381,382" 
2018-03-09T15:30:00Z,"SPY",2018-03-09T20:58:00Z,Buy,243.291875673,245.210539671,825,1582.9,8.25,-50.83,1582.9,326.74,1,"	383,384" 
2018-03-13T19:30:00Z,"SPY",2018-03-13T19:58:00Z,Sell,243.344682939,243.485502315,837,-117.87,8.37,-235.73,309.4,545.13,0,"	385,386" 
2018-03-14T16:00:00Z,"SPY",2018-03-14T16:30:00Z,Sell,242.314941252,242.402953362,840,-73.93,8.4,-184.83,295.72,480.55,0,"	387,388" 
2018-03-14T17:30:00Z,"SPY",2018-03-14T18:00:00Z,Sell,242.226929142,243.115851453,839,-745.81,8.39,-923.03,0,923.03,0,"	389,390" 
2018-03-16T14:30:00Z,"SPY",2018-03-16T15:00:00Z,Buy,243.09368307,243.120192741,830,22,8.3,-117.35,95.35,212.7,1,"	391,392" 
2018-03-19T14:00:00Z,"SPY",2018-03-19T19:58:00Z,Sell,240.97290939,239.249780775,838,1443.98,8.38,-22.22,2924.99,1481.01,1,"	393,394" 
2018-03-22T15:00:00Z,"SPY",2018-03-22T16:30:00Z,Sell,235.688648304,236.342553522,869,-568.24,8.69,-568.24,936.83,1505.08,0,"	395,396" 
2018-03-22T19:00:00Z,"SPY",2018-03-22T19:58:00Z,Sell,234.928704402,233.258595129,867,1447.98,8.67,-360.08,1861.69,697.18,1,"	397,398" 
2018-03-23T16:00:00Z,"SPY",2018-03-23T16:30:00Z,Sell,231.367571931,232.445631885,892,-961.63,8.92,-961.63,0,961.63,0,"	399,400" 
2018-03-23T17:00:00Z,"SPY",2018-03-23T17:30:00Z,Sell,231.579649299,232.631199582,883,-928.52,8.83,-1037.76,93.63,1131.39,0,"	401,402" 
2018-03-23T19:00:00Z,"SPY",2018-03-23T19:58:00Z,Sell,229.909540026,228.433835007,881,1300.1,8.81,-350.33,1759.41,918.63,1,"	403,404" 
2018-03-26T14:00:00Z,"SPY",2018-03-26T14:30:00Z,Buy,232.074496491,231.084802107,853,-844.21,8.53,-844.21,165.83,1010.04,0,"	405,406" 
2018-03-26T19:30:00Z,"SPY",2018-03-26T19:58:00Z,Buy,233.771115435,234.539895894,839,645.01,8.39,-66.72,645.01,281.73,1,"	407,408" 
2018-03-27T19:00:00Z,"SPY",2018-03-27T19:58:00Z,Sell,232.436795328,230.404387218,676,1373.91,6.76,0,2467.06,1093.15,1,"	409,410" 
2018-03-28T14:00:00Z,"SPY",2018-03-28T14:30:00Z,Buy,230.837378511,230.183473293,661,-432.23,6.61,-718.44,356.3,1074.74,0,"	411,412" 
2018-03-28T15:00:00Z,"SPY",2018-03-28T16:00:00Z,Sell,229.538404632,230.059761495,662,-345.14,6.62,-696.13,339.29,1035.41,0,"	413,414" 
2018-03-29T15:00:00Z,"SPY",2018-03-29T19:58:00Z,Buy,232.162862061,233.090700546,660,612.37,6.6,-349.93,1388.05,944.8,1,"	415,416" 
2018-04-02T14:00:00Z,"SPY",2018-04-02T19:58:00Z,Sell,231.288042918,227.488323408,691,2625.61,6.91,0,4243.71,1856.24,1,"	417,418" 
2018-04-04T19:30:00Z,"SPY",2018-04-04T19:58:00Z,Buy,232.852113507,233.585547738,630,462.06,6.3,-22.27,467.63,150.31,1,"	419,420" 
2018-04-06T16:30:00Z,"SPY",2018-04-06T17:00:00Z,Sell,231.349898817,232.719565152,607,-831.39,6.07,-831.39,0,831.39,0,"	421,422" 
2018-04-06T18:00:00Z,"SPY",2018-04-06T19:58:00Z,Sell,230.086271166,229.909540026,606,107.1,6.06,-139.23,1226.28,1365.51,1,"	423,424" 
2018-04-09T14:00:00Z,"SPY",2018-04-09T19:00:00Z,Buy,231.60615897,233.152556445,571,882.99,5.71,-247.24,1372.42,797.22,1,"	425,426" 
2018-04-12T14:00:00Z,"SPY",2018-04-12T15:00:00Z,Buy,235.49424405,234.902194731,546,-323.26,5.46,-328.08,48.25,376.33,0,"	427,428" 
2018-04-19T17:30:00Z,"SPY",2018-04-19T18:00:00Z,Sell,236.607650232,237.093660867,770,-374.23,7.7,-476.29,0,476.29,0,"	429,430" 
2018-04-20T15:00:00Z,"SPY",2018-04-20T18:30:00Z,Sell,236.351390079,235.803523545,778,426.24,7.78,0,893.73,742.48,1,"	431,432" 
2018-04-20T19:00:00Z,"SPY",2018-04-20T19:58:00Z,Sell,235.538426835,235.476570936,784,48.5,7.84,0,644.29,595.8,1,"	433,434" 
2018-04-24T16:30:00Z,"SPY",2018-04-24T19:58:00Z,Sell,234.08039493,232.180535175,910,1728.87,9.1,0,2870.73,1495.68,1,"	435,436" 
2018-04-25T14:00:00Z,"SPY",2018-04-25T14:30:00Z,Sell,230.660647371,231.544303071,936,-827.1,9.36,-934.62,41.36,975.98,0,"	437,438" 
2018-04-25T16:00:00Z,"SPY",2018-04-25T16:30:00Z,Sell,231.394081602,231.915438465,926,-482.78,9.26,-540.06,98.19,638.25,0,"	439,440" 
2018-04-26T15:00:00Z,"SPY",2018-04-26T15:30:00Z,Buy,235.043579643,234.592915236,910,-410.1,9.1,-530.72,0,530.72,0,"	441,442" 
2018-04-26T17:30:00Z,"SPY",2018-04-26T19:30:00Z,Buy,235.423551594,235.450061265,905,23.99,9.05,-95.97,615.78,615.78,1,"	443,444" 
2018-04-30T19:30:00Z,"SPY",2018-04-30T19:58:00Z,Sell,234.106904601,234.018539031,910,80.41,9.1,-434.23,88.45,434.23,1,"	445,446" 
2018-05-01T15:00:00Z,"SPY",2018-05-01T16:30:00Z,Sell,232.366102872,232.48981467,917,-113.44,9.17,-186.37,380.85,567.22,0,"	447,448" 
2018-05-01T17:30:00Z,"SPY",2018-05-01T18:00:00Z,Sell,231.800563224,232.993498419,919,-1096.31,9.19,-1096.31,0,1096.31,0,"	449,450" 
2018-05-02T14:00:00Z,"SPY",2018-05-02T14:30:00Z,Sell,233.399980041,233.532528396,903,-119.69,9.03,-478.76,0,478.76,0,"	451,452" 
2018-05-03T14:30:00Z,"SPY",2018-05-03T16:00:00Z,Sell,230.165800179,230.209982964,914,-40.38,9.14,-185.76,1082.27,1268.03,0,"	453,454" 
2018-05-03T16:30:00Z,"SPY",2018-05-03T17:00:00Z,Sell,229.776991671,232.039150263,916,-2072.14,9.16,-2072.14,0,2072.14,0,"	455,456" 
2018-05-04T14:30:00Z,"SPY",2018-05-04T19:58:00Z,Buy,233.064190875,234.937540959,885,1657.91,8.85,-7.82,2346.11,891.52,1,"	457,458" 
2018-05-07T14:00:00Z,"SPY",2018-05-07T14:30:00Z,Buy,236.598813675,236.298370737,886,-266.19,8.86,-399.29,0,399.29,0,"	459,460" 
2018-05-09T17:00:00Z,"SPY",2018-05-09T19:58:00Z,Buy,237.747566085,237.986153124,879,209.72,8.79,-15.53,598.08,598.08,1,"	461,462" 
2018-05-10T15:30:00Z,"SPY",2018-05-10T18:00:00Z,Buy,239.82415698,240.106926804,873,246.86,8.73,-46.29,725.15,578.57,1,"	463,464" 
2018-05-11T14:00:00Z,"SPY",2018-05-11T14:30:00Z,Buy,241.017092175,241.008255618,871,-7.7,8.71,-69.27,192.42,261.69,0,"	465,466" 
2018-05-15T14:00:00Z,"SPY",2018-05-15T15:00:00Z,Sell,238.896318495,239.426511915,878,-465.51,8.78,-876.71,0,876.71,0,"	467,468" 
2018-05-15T18:00:00Z,"SPY",2018-05-15T18:30:00Z,Sell,238.684241127,239.126068977,875,-386.6,8.75,-456.19,0,456.19,0,"	469,470" 
2018-05-15T19:30:00Z,"SPY",2018-05-15T19:58:00Z,Sell,238.781443254,239.232107661,871,-392.53,8.71,-438.71,0,438.71,0,"	471,472" 
2018-05-16T14:00:00Z,"SPY",2018-05-16T14:30:00Z,Buy,240.204128931,239.947868778,863,-221.15,8.63,-373.67,7.63,381.3,0,"	473,474" 
2018-05-16T16:30:00Z,"SPY",2018-05-16T19:30:00Z,Buy,240.690139566,240.504571869,859,-159.4,8.59,-235.31,227.72,463.03,0,"	475,476" 
2018-05-17T15:00:00Z,"SPY",2018-05-17T15:30:00Z,Buy,241.361717898,241.14964053,855,-181.33,8.55,-256.88,30.22,287.1,0,"	477,478" 
2018-05-24T14:00:00Z,"SPY",2018-05-24T15:30:00Z,Sell,240.239475159,240.283657944,858,-37.91,8.58,-257.78,803.67,894.65,0,"	479,480" 
2018-05-29T16:00:00Z,"SPY",2018-05-29T19:58:00Z,Sell,237.623854287,237.844768212,867,-191.53,8.67,-367.74,835.08,1110.89,0,"	481,482" 
2018-05-30T15:00:00Z,"SPY",2018-05-30T19:58:00Z,Buy,240.142273032,240.946399719,856,688.33,8.56,-166.41,1006.02,590,1,"	483,484" 
2018-05-31T14:00:00Z,"SPY",2018-05-31T14:30:00Z,Sell,240.151109589,240.106926804,862,38.09,8.62,-167.58,236.13,289.45,1,"	485,486" 
2018-05-31T15:00:00Z,"SPY",2018-05-31T15:30:00Z,Sell,239.638589283,240.230638602,864,-511.53,8.64,-511.53,68.71,580.24,0,"	487,488" 
2018-05-31T16:30:00Z,"SPY",2018-05-31T17:00:00Z,Sell,239.832993537,240.045070905,859,-182.17,8.59,-182.17,75.91,258.08,0,"	489,490" 
2018-05-31T17:30:00Z,"SPY",2018-05-31T19:58:00Z,Sell,239.788810752,239.400002244,857,333.21,8.57,-37.86,787.58,780.01,1,"	491,492" 
2018-06-01T14:00:00Z,"SPY",2018-06-01T14:30:00Z,Buy,241.193823315,241.282188885,855,75.55,8.55,-370.21,491.09,506.2,1,"	493,494" 
2018-06-01T15:00:00Z,"SPY",2018-06-01T19:58:00Z,Buy,241.467756582,241.67983395,855,181.33,8.55,-158.66,475.98,596.87,1,"	495,496" 
2018-06-04T14:00:00Z,"SPY",2018-06-04T14:30:00Z,Buy,243.040663728,242.572326207,851,-398.56,8.51,-406.08,15.04,421.11,0,"	497,498" 
2018-06-06T19:00:00Z,"SPY",2018-06-06T19:58:00Z,Buy,244.7726289,245.028889053,841,215.51,8.41,-81.75,222.95,156.06,1,"	499,500" 
2018-06-07T18:00:00Z,"SPY",2018-06-07T18:30:00Z,Sell,244.33080105,244.799138571,844,-395.28,8.44,-425.11,96.95,522.06,0,"	501,502" 
2018-06-11T16:00:00Z,"SPY",2018-06-11T18:00:00Z,Buy,246.610632756,246.672488655,833,51.53,8.33,-44.17,213.46,235.55,1,"	503,504" 
2018-06-15T14:30:00Z,"SPY",2018-06-15T15:00:00Z,Sell,245.085286404,245.182926408,839,-81.92,8.39,-156.39,521.31,677.7,0,"	505,506" 
2018-06-15T15:30:00Z,"SPY",2018-06-15T16:00:00Z,Sell,244.996522764,245.307195504,838,-260.34,8.38,-275.22,96.7,371.92,0,"	507,508" 
2018-06-21T14:00:00Z,"SPY",2018-06-21T16:00:00Z,Sell,244.552704564,244.14439182,838,342.17,8.38,0,1093.44,907.48,1,"	509,510" 
2018-06-21T16:30:00Z,"SPY",2018-06-21T18:00:00Z,Sell,243.736079076,244.01124636,843,-231.97,8.43,-231.97,291.83,523.79,0,"	511,512" 
2018-06-21T18:30:00Z,"SPY",2018-06-21T19:58:00Z,Sell,243.851471808,243.4342827,841,350.86,8.41,-97.05,731.57,462.83,1,"	513,514" 
2018-06-25T14:00:00Z,"SPY",2018-06-25T19:58:00Z,Sell,241.454853528,240.931148052,852,446.2,8.52,-83.19,2178.05,1762.1,1,"	515,516" 
2018-06-26T17:30:00Z,"SPY",2018-06-26T18:30:00Z,Buy,241.818784452,241.579122624,854,-204.67,8.54,-234.99,75.8,310.8,0,"	517,518" 
2018-06-27T14:00:00Z,"SPY",2018-06-27T15:30:00Z,Buy,242.582151756,241.685638992,850,-762.04,8.5,-769.58,392.34,1161.92,0,"	519,520" 
2018-06-27T18:30:00Z,"SPY",2018-06-27T19:58:00Z,Sell,240.087893472,239.404413444,852,582.32,8.52,-370.57,778.95,854.58,1,"	521,522" 
2018-06-28T15:30:00Z,"SPY",2018-06-28T16:30:00Z,Buy,239.8837371,239.155875252,858,-624.51,8.58,-761.59,152.32,913.91,0,"	523,524" 
2018-06-28T17:30:00Z,"SPY",2018-06-28T19:58:00Z,Buy,239.83935528,240.442948032,853,514.86,8.53,-68.14,1143.3,651.15,1,"	525,526" 
2018-06-29T14:00:00Z,"SPY",2018-06-29T16:00:00Z,Buy,242.111704464,242.253726288,849,120.58,8.49,-135.65,587.81,557.67,1,"	527,528" 
2018-06-29T16:30:00Z,"SPY",2018-06-29T17:00:00Z,Buy,242.484511752,242.173839012,849,-263.76,8.49,-354.19,0,354.19,0,"	529,530" 
2018-06-29T17:30:00Z,"SPY",2018-06-29T18:00:00Z,Buy,242.360242656,242.28035538,847,-67.66,8.47,-142.85,120.29,240.58,0,"	531,532" 
2018-07-06T14:00:00Z,"SPY",2018-07-06T19:58:00Z,Buy,242.963835408,244.392930012,844,1206.16,8.44,-82.41,1580.74,629.3,1,"	533,534" 
2018-07-09T16:00:00Z,"SPY",2018-07-09T17:30:00Z,Buy,246.327977364,246.18595554,842,-119.58,8.42,-224.22,186.85,411.06,0,"	535,536" 
2018-07-12T17:00:00Z,"SPY",2018-07-12T18:00:00Z,Buy,247.819206516,247.570668324,836,-207.78,8.36,-207.78,74.21,281.98,0,"	537,538" 
2018-07-17T16:00:00Z,"SPY",2018-07-17T19:00:00Z,Buy,248.706842916,248.84886474,831,118.02,8.31,-110.64,405.69,287.67,1,"	539,540" 
2018-07-17T19:30:00Z,"SPY",2018-07-17T19:58:00Z,Buy,249.2039193,248.9820102,831,-184.41,8.31,-206.54,110.64,317.18,0,"	541,542" 
2018-07-19T14:00:00Z,"SPY",2018-07-19T14:30:00Z,Sell,248.342911992,248.440551996,832,-81.24,8.32,-288.02,22.16,310.18,0,"	543,544" 
2018-07-24T14:30:00Z,"SPY",2018-07-24T15:00:00Z,Buy,250.686272088,250.526497536,824,-131.65,8.24,-131.65,87.77,219.42,0,"	545,546" 
2018-07-25T17:00:00Z,"SPY",2018-07-25T17:30:00Z,Buy,250.704024816,250.419981168,822,-233.48,8.22,-233.48,14.59,248.08,0,"	547,548" 
2018-07-25T18:00:00Z,"SPY",2018-07-25T19:58:00Z,Buy,250.783912092,252.04435578,820,1033.56,8.2,-36.39,1244.64,269.31,1,"	549,550" 
2018-07-27T14:00:00Z,"SPY",2018-07-27T14:30:00Z,Sell,251.254359384,251.192224836,827,51.39,8.27,-154.16,88.09,190.86,1,"	551,552" 
2018-07-27T15:00:00Z,"SPY",2018-07-27T19:58:00Z,Sell,251.032450284,249.843017508,828,984.85,8.28,-22.05,1727.16,793.76,1,"	553,554" 
2018-07-30T14:00:00Z,"SPY",2018-07-30T14:30:00Z,Sell,249.354817488,249.567850224,841,-179.16,8.41,-179.16,216.49,395.65,0,"	555,556" 
2018-07-30T15:00:00Z,"SPY",2018-07-30T18:00:00Z,Sell,249.061897476,248.964257472,841,82.12,8.41,-104.51,888.34,806.22,1,"	557,558" 
2018-07-30T18:30:00Z,"SPY",2018-07-30T19:58:00Z,Sell,248.777853828,248.254148352,842,440.96,8.42,-231.69,500.75,358.75,1,"	559,560" 
2018-07-31T16:00:00Z,"SPY",2018-07-31T19:30:00Z,Buy,249.95841024,249.727624776,842,-194.32,8.42,-291.48,306.43,597.91,0,"	561,562" 
2018-08-01T14:30:00Z,"SPY",2018-08-01T15:00:00Z,Buy,250.26908298,250.162566612,839,-89.37,8.39,-96.81,96.81,193.63,0,"	563,564" 
2018-08-01T16:30:00Z,"SPY",2018-08-01T17:00:00Z,Sell,248.999762928,249.195042936,843,-164.62,8.43,-254.41,97.28,351.69,0,"	565,566" 
2018-08-02T16:30:00Z,"SPY",2018-08-02T19:58:00Z,Buy,250.0915557,250.650766632,837,468.06,8.37,-104.01,579.5,319.47,1,"	567,568" 
2018-08-03T14:30:00Z,"SPY",2018-08-03T15:00:00Z,Buy,251.263235748,250.961439372,837,-252.6,8.37,-252.6,59.44,312.04,0,"	569,570" 
2018-08-06T16:30:00Z,"SPY",2018-08-06T18:00:00Z,Buy,252.701206716,252.497050344,830,-169.45,8.3,-213.65,176.82,390.47,0,"	571,572" 
2018-08-13T14:00:00Z,"SPY",2018-08-13T15:00:00Z,Buy,251.99997396,251.893457592,831,-88.52,8.31,-103.27,184.41,287.67,0,"	573,574" 
2018-08-13T16:00:00Z,"SPY",2018-08-13T17:30:00Z,Sell,250.686272088,250.783912092,835,-81.53,8.35,-229.76,444.71,526.24,0,"	575,576" 
2018-08-14T15:00:00Z,"SPY",2018-08-14T16:00:00Z,Buy,251.857952136,251.715930312,830,-117.88,8.3,-191.55,110.51,302.06,0,"	577,578" 
2018-08-14T16:30:00Z,"SPY",2018-08-14T17:00:00Z,Buy,252.0887376,251.786941224,829,-250.19,8.29,-250.19,44.15,294.34,0,"	579,580" 
2018-08-14T18:00:00Z,"SPY",2018-08-14T18:30:00Z,Buy,252.13311942,251.95559214,826,-146.64,8.26,-205.29,22,227.29,0,"	581,582" 
2018-08-14T19:00:00Z,"SPY",2018-08-14T19:58:00Z,Buy,252.097613964,251.902333956,825,-161.11,8.25,-168.43,102.52,270.95,0,"	583,584" 
2018-08-15T14:00:00Z,"SPY",2018-08-15T15:30:00Z,Sell,249.727624776,249.496839312,832,192.01,8.32,0,841.91,738.51,1,"	585,586" 
2018-08-15T16:00:00Z,"SPY",2018-08-15T16:30:00Z,Sell,249.07077384,249.718748412,835,-541.06,8.35,-541.06,0,541.06,0,"	587,588" 
2018-08-15T17:30:00Z,"SPY",2018-08-15T19:00:00Z,Sell,249.612232044,249.656613864,829,-36.79,8.29,-95.66,537.17,573.96,0,"	589,590" 
2018-08-16T15:00:00Z,"SPY",2018-08-16T18:30:00Z,Buy,252.04435578,252.328399428,821,233.2,8.21,0,787.05,553.85,1,"	591,592" 
2018-08-16T19:30:00Z,"SPY",2018-08-16T19:58:00Z,Buy,252.48817398,251.95559214,821,-437.25,8.21,-502.84,0,502.84,0,"	593,594" 
2018-08-17T18:30:00Z,"SPY",2018-08-17T19:58:00Z,Buy,253.15390128,253.100643096,816,-43.46,8.16,-166.59,239.02,405.61,0,"	595,596" 
2018-08-21T14:00:00Z,"SPY",2018-08-21T14:30:00Z,Buy,254.600748612,254.458726788,810,-115.04,8.1,-165.37,0,165.37,0,"	597,598" 
2018-08-21T16:00:00Z,"SPY",2018-08-21T18:00:00Z,Buy,254.733894072,254.849286804,809,93.35,8.09,0,229.79,215.43,1,"	599,600" 
2018-08-23T14:00:00Z,"SPY",2018-08-23T15:00:00Z,Buy,254.281199508,254.192435868,811,-71.99,8.11,-71.99,309.55,381.53,0,"	601,602" 
2018-08-24T15:00:00Z,"SPY",2018-08-24T19:58:00Z,Buy,254.92917408,255.213217728,808,229.51,8.08,-86.07,329.92,415.98,1,"	603,604" 
2018-08-27T14:00:00Z,"SPY",2018-08-27T19:58:00Z,Buy,256.802086884,257.01511962,804,171.28,8.04,-57.09,406.79,314.01,1,"	605,606" 
2018-08-29T15:00:00Z,"SPY",2018-08-29T19:58:00Z,Buy,258.204552396,258.65724696,801,362.61,8.01,-78.21,604.35,334.17,1,"	607,608" 
2018-08-30T19:00:00Z,"SPY",2018-08-30T19:58:00Z,Sell,257.485566912,257.627588736,806,-114.47,8.06,-114.47,314.79,429.26,0,"	609,610" 
2018-09-04T14:00:00Z,"SPY",2018-09-04T14:30:00Z,Sell,256.668941424,257.130512352,808,-372.95,8.08,-681.35,0,681.35,0,"	611,612" 
2018-09-04T16:30:00Z,"SPY",2018-09-04T17:00:00Z,Sell,256.491414144,256.757705064,805,-214.36,8.05,-235.8,50.02,285.82,0,"	613,614" 
2018-09-05T14:00:00Z,"SPY",2018-09-05T15:00:00Z,Sell,256.402650504,256.21624686,804,149.87,8.04,-92.78,677.98,628.02,1,"	615,616" 
2018-09-05T15:30:00Z,"SPY",2018-09-05T16:00:00Z,Sell,255.799057752,256.26062868,807,-372.49,8.07,-458.45,28.65,487.1,0,"	617,618" 
2018-09-06T15:00:00Z,"SPY",2018-09-06T19:30:00Z,Sell,255.399621372,256.136359584,805,-593.07,8.05,-621.66,507.33,1128.98,0,"	619,620" 
2018-09-11T16:00:00Z,"SPY",2018-09-11T19:58:00Z,Buy,256.88197416,256.668941424,796,-169.57,7.96,-289.69,105.98,395.67,0,"	621,622" 
2018-09-13T14:00:00Z,"SPY",2018-09-13T14:30:00Z,Buy,258.018148752,257.831745108,791,-147.45,7.91,-189.57,245.74,435.31,0,"	623,624" 
2018-09-17T14:00:00Z,"SPY",2018-09-17T14:30:00Z,Sell,257.840621472,257.716352376,790,98.17,7.9,0,182.32,175.31,1,"	625,626" 
2018-09-17T15:00:00Z,"SPY",2018-09-17T16:00:00Z,Sell,257.254781448,257.565454188,793,-246.36,7.93,-295.64,0,295.64,0,"	627,628" 
2018-09-17T17:30:00Z,"SPY",2018-09-17T19:58:00Z,Sell,257.263657812,256.642312332,791,491.48,7.91,-161.49,547.65,301.91,1,"	629,630" 
2018-09-18T14:00:00Z,"SPY",2018-09-18T19:58:00Z,Buy,257.671970556,258.319945128,793,513.84,7.93,-175.97,893.95,485.69,1,"	631,632" 
2018-09-20T16:00:00Z,"SPY",2018-09-20T19:58:00Z,Buy,260.494654308,260.512407036,789,14.01,7.89,-112.06,315.16,315.16,1,"	633,634" 
2018-09-24T14:30:00Z,"SPY",2018-09-24T15:00:00Z,Sell,259.32613108,259.33504784,792,-7.06,7.92,-98.87,282.48,289.55,0,"	635,636" 
2018-09-24T17:30:00Z,"SPY",2018-09-24T18:00:00Z,Sell,259.17454616,259.48663276,793,-247.48,7.93,-268.7,0,268.7,0,"	637,638" 
2018-09-26T18:30:00Z,"SPY",2018-09-26T19:00:00Z,Buy,260.31589144,259.81655288,787,-392.98,7.87,-449.12,49.12,498.24,0,"	639,640" 
2018-09-27T14:30:00Z,"SPY",2018-09-27T18:30:00Z,Buy,259.6560512,259.66496796,786,7.01,7.86,-56.07,483.59,539.66,1,"	641,642" 
2018-10-01T14:00:00Z,"SPY",2018-10-01T15:00:00Z,Buy,260.89548084,260.97573168,782,62.76,7.82,-34.86,216.16,251.02,1,"	643,644" 
2018-10-04T14:00:00Z,"SPY",2018-10-04T19:58:00Z,Sell,259.23696348,258.06886792,788,920.46,7.88,0,2129,1342.04,1,"	645,646" 
2018-10-05T15:30:00Z,"SPY",2018-10-05T19:58:00Z,Sell,256.94535616,256.7581042,802,150.18,8.02,-92.97,1365.89,1458.85,1,"	647,648" 
2018-10-08T16:00:00Z,"SPY",2018-10-08T16:30:00Z,Sell,255.13525388,255.465174,809,-266.91,8.09,-266.91,194.77,461.67,0,"	649,650" 
2018-10-08T17:00:00Z,"SPY",2018-10-08T18:00:00Z,Sell,254.65374884,255.36708964,808,-576.38,8.08,-749.29,0,749.29,0,"	651,652" 
2018-10-09T14:30:00Z,"SPY",2018-10-09T15:00:00Z,Buy,257.248526,256.82052152,795,-340.26,7.95,-340.26,205.58,545.84,0,"	653,654" 
2018-10-10T14:00:00Z,"SPY",2018-10-10T19:58:00Z,Sell,253.88690748,248.26934868,803,4510.9,8.03,-171.84,4711.38,1009.58,1,"	655,656" 
2018-10-11T14:00:00Z,"SPY",2018-10-11T14:30:00Z,Buy,248.58143528,247.20825424,856,-1175.44,8.56,-1656.31,0,1656.31,0,"	657,658" 
2018-10-11T15:00:00Z,"SPY",2018-10-11T16:00:00Z,Sell,245.91532404,246.20957712,856,-251.88,8.56,-679.31,1419.69,2099.01,0,"	659,660" 
2018-10-11T18:00:00Z,"SPY",2018-10-11T19:58:00Z,Sell,246.07582572,243.13329492,854,2512.92,8.54,-45.69,4104.44,3738.92,1,"	661,662" 
2018-10-16T15:00:00Z,"SPY",2018-10-16T19:58:00Z,Buy,247.95726208,250.07945096,810,1718.97,8.1,-173.34,1885.09,455.02,1,"	663,664" 
2018-10-17T14:00:00Z,"SPY",2018-10-17T15:30:00Z,Sell,248.89352188,248.99160624,695,-68.17,6.95,-198.31,898.59,966.76,0,"	665,666" 
2018-10-18T14:00:00Z,"SPY",2018-10-18T14:30:00Z,Sell,248.53685148,248.93810568,699,-280.48,6.99,-349.04,211.92,560.95,0,"	667,668" 
2018-10-18T15:30:00Z,"SPY",2018-10-18T19:58:00Z,Sell,248.08209672,246.18282684,698,1325.69,6.98,0,1985.42,1263.45,1,"	669,670" 
2018-10-19T14:00:00Z,"SPY",2018-10-19T15:30:00Z,Buy,248.26934868,247.82351068,687,-306.29,6.87,-306.29,477.81,784.1,0,"	671,672" 
2018-10-22T14:00:00Z,"SPY",2018-10-22T15:00:00Z,Sell,245.53190336,246.45032964,699,-641.98,6.99,-804.03,585.88,1389.92,0,"	673,674" 
2018-10-22T16:30:00Z,"SPY",2018-10-22T17:00:00Z,Sell,245.17523296,245.54973688,696,-260.65,6.96,-322.72,124.12,446.84,0,"	675,676" 
2018-10-23T14:30:00Z,"SPY",2018-10-23T15:00:00Z,Sell,240.28884848,240.71685296,710,-303.88,7.1,-569.78,367.19,936.97,0,"	677,678" 
2018-10-24T14:30:00Z,"SPY",2018-10-24T16:00:00Z,Sell,242.69637368,242.535872,705,113.15,7.05,-308.03,1458.43,1464.71,1,"	679,680" 
2018-10-24T16:30:00Z,"SPY",2018-10-24T19:58:00Z,Sell,242.0008664,236.39222436,708,3970.92,7.08,0,3977.23,1155.29,1,"	681,682" 
2018-10-25T14:30:00Z,"SPY",2018-10-25T19:58:00Z,Buy,239.61117472,241.08244012,656,965.15,6.56,-409.46,1795.76,1140.63,1,"	683,684" 
2018-10-26T14:30:00Z,"SPY",2018-10-26T15:30:00Z,Sell,235.7591344,236.35655732,617,-368.61,6.17,-368.61,1083.82,1452.43,0,"	685,686" 
2018-10-29T19:30:00Z,"SPY",2018-10-29T19:58:00Z,Sell,234.05603324,234.97445952,608,-558.4,6.08,-601.77,1225.23,1827.01,0,"	687,688" 
2018-10-30T14:00:00Z,"SPY",2018-10-30T15:00:00Z,Buy,237.82782272,235.92855284,597,-1133.86,5.97,-1341.47,31.94,1373.41,0,"	689,690" 
2018-10-30T15:30:00Z,"SPY",2018-10-30T17:00:00Z,Buy,237.06098136,236.00880368,593,-623.94,5.93,-623.94,475.89,1099.83,0,"	691,692" 
2018-10-30T19:30:00Z,"SPY",2018-10-30T19:58:00Z,Buy,238.17557636,238.89783392,587,423.97,5.87,-162.26,429.2,293.11,1,"	693,694" 
2018-10-31T14:30:00Z,"SPY",2018-10-31T15:00:00Z,Buy,242.535872,242.05436696,613,-295.16,6.13,-295.16,213.17,508.34,0,"	695,696" 
2018-10-31T18:30:00Z,"SPY",2018-10-31T19:00:00Z,Buy,243.34729716,243.30271336,609,-27.15,6.09,-228.07,48.87,276.95,0,"	697,698" 
2018-11-02T15:30:00Z,"SPY",2018-11-02T18:30:00Z,Sell,242.38428708,242.70529044,649,-208.33,6.49,-208.33,1197.9,1406.24,0,"	699,700" 
2018-11-06T15:00:00Z,"SPY",2018-11-06T15:30:00Z,Buy,244.8542296,244.55105976,705,-213.73,7.05,-232.59,12.57,232.59,0,"	701,702" 
2018-11-07T17:00:00Z,"SPY",2018-11-07T19:00:00Z,Buy,249.12535764,248.98268948,683,-97.44,6.83,-219.25,194.88,414.13,0,"	703,704" 
2018-11-07T19:30:00Z,"SPY",2018-11-07T20:58:00Z,Buy,249.65144648,250.560956,681,619.38,6.81,-78.94,631.52,303.62,1,"	705,706" 
2018-11-09T17:00:00Z,"SPY",2018-11-09T20:00:00Z,Sell,247.11016988,247.50250732,657,-257.77,6.57,-456.95,521.39,978.34,0,"	707,708" 
2018-11-12T15:00:00Z,"SPY",2018-11-12T20:58:00Z,Sell,245.75482236,242.76770776,649,1938.64,6.49,-144.67,2048.59,1053.23,1,"	709,710" 
2018-11-14T18:00:00Z,"SPY",2018-11-14T20:00:00Z,Sell,240.95760548,241.97411612,769,-781.7,7.69,-781.7,1124.55,1906.24,0,"	711,712" 
2018-11-15T19:00:00Z,"SPY",2018-11-15T20:30:00Z,Buy,242.94604296,242.30403624,802,-514.89,8.02,-736.58,736.58,1473.16,0,"	713,714" 
2018-11-19T15:30:00Z,"SPY",2018-11-19T20:58:00Z,Sell,241.90278204,239.66467528,883,1976.25,8.83,-448.79,2503.77,1598.32,1,"	715,716" 
2018-11-20T15:00:00Z,"SPY",2018-11-20T15:30:00Z,Sell,235.94638636,236.32089028,875,-327.69,8.75,-374.5,951.86,1326.37,0,"	717,718" 
2018-11-26T15:00:00Z,"SPY",2018-11-26T16:30:00Z,Buy,238.22907692,237.78323892,847,-377.62,8.47,-566.44,45.31,611.75,0,"	719,720" 
2018-11-28T17:30:00Z,"SPY",2018-11-28T20:58:00Z,Buy,242.85687536,244.61347708,779,1368.39,7.79,-340.36,1430.91,639.05,1,"	721,722" 
2018-11-30T20:30:00Z,"SPY",2018-11-30T20:58:00Z,Buy,246.00449164,246.28982796,763,217.71,7.63,-272.14,224.52,374.19,1,"	723,724" 
2018-12-04T15:00:00Z,"SPY",2018-12-04T15:30:00Z,Sell,247.663009,247.52034084,808,115.28,8.08,-50.43,410.67,295.39,1,"	725,726" 
2018-12-04T16:00:00Z,"SPY",2018-12-04T20:58:00Z,Sell,247.19933748,240.72576972,811,5250.06,8.11,-173.56,5278.99,1916.35,1,"	727,728" 
2018-12-06T15:00:00Z,"SPY",2018-12-06T15:30:00Z,Sell,236.32980704,237.06098136,701,-512.55,7.01,-656.32,12.5,668.82,0,"	729,730" 
2018-12-06T16:00:00Z,"SPY",2018-12-06T17:00:00Z,Sell,235.63429976,236.18713888,700,-386.99,7,-424.44,1048.61,1473.05,0,"	731,732" 
2018-12-07T15:30:00Z,"SPY",2018-12-07T20:58:00Z,Sell,239.20100376,235.33112992,693,2681.82,6.93,-98.87,3429.52,1594.26,1,"	733,734" 
2018-12-10T15:00:00Z,"SPY",2018-12-10T18:00:00Z,Sell,233.31594216,233.8866148,685,-390.91,6.85,-861.23,1710.23,2382.11,0,"	735,736" 
2018-12-14T17:00:00Z,"SPY",2018-12-14T17:30:00Z,Sell,232.92360472,233.55669468,750,-474.82,7.5,-521.63,0,521.63,0,"	737,738" 
2018-12-14T20:00:00Z,"SPY",2018-12-14T20:58:00Z,Sell,232.48668348,232.4153494,748,53.36,7.48,-340.16,533.58,540.25,1,"	739,740" 
2018-12-17T15:00:00Z,"SPY",2018-12-17T15:30:00Z,Sell,230.4536622,230.81924936,717,-262.13,7.17,-428.35,217.37,645.73,0,"	741,742" 
2018-12-17T18:00:00Z,"SPY",2018-12-17T20:58:00Z,Sell,229.74923816,227.3327962,718,1735.01,7.18,-249.69,2509.68,774.67,1,"	743,744" 
2018-12-19T15:00:00Z,"SPY",2018-12-19T18:30:00Z,Buy,229.08048116,229.28556664,737,151.15,7.37,-157.72,880.6,906.89,1,"	745,746" 
2018-12-19T19:00:00Z,"SPY",2018-12-19T19:30:00Z,Buy,230.88166668,228.54547556,732,-1710.09,7.32,-3224.37,0,3224.37,0,"	747,748" 
2018-12-19T20:00:00Z,"SPY",2018-12-19T20:58:00Z,Sell,224.91635424,224.479433,741,323.76,7.41,0,1711.3,1678.26,1,"	749,750" 
2018-12-20T17:00:00Z,"SPY",2018-12-20T17:30:00Z,Sell,220.8235614,222.05407428,863,-1061.93,8.63,-1061.93,461.71,1523.64,0,"	751,752" 
2018-12-20T18:30:00Z,"SPY",2018-12-20T20:00:00Z,Sell,220.84139492,221.06431392,856,-190.82,8.56,-1198.34,2251.66,3450,0,"	753,754" 
2018-12-21T15:30:00Z,"SPY",2018-12-21T16:00:00Z,Buy,222.866829405,221.7098484,834,-964.92,8.34,-994.84,22.44,1017.28,0,"	755,756" 
2018-12-21T17:30:00Z,"SPY",2018-12-21T18:30:00Z,Sell,218.418282285,218.73219186,844,-264.94,8.44,-1090.04,582.87,1672.9,0,"	757,758" 
2018-12-21T19:30:00Z,"SPY",2018-12-21T20:58:00Z,Sell,218.24787423,216.29266602,842,1646.29,8.42,-256.76,2469.43,1110.11,1,"	759,760" 
2018-12-24T15:00:00Z,"SPY",2018-12-24T15:30:00Z,Sell,212.893473765,213.17150796,886,-246.34,8.86,-445,1088.66,1533.65,0,"	761,762" 
2018-12-24T16:30:00Z,"SPY",2018-12-26T15:00:00Z,Sell,212.52575112,211.297019355,885,1087.43,8.85,-603.24,2079.61,2674.91,1,"	763,764" 
2018-12-26T17:00:00Z,"SPY",2018-12-26T20:58:00Z,Buy,213.754482885,220.25689551,957,6222.81,9.57,-60.08,6248.56,1699.47,1,"	765,766" 
2018-12-27T15:30:00Z,"SPY",2018-12-27T16:00:00Z,Sell,216.13122681,216.72317058,624,-369.37,6.24,-962.61,156.7,1119.31,0,"	767,768" 
2018-12-27T19:30:00Z,"SPY",2018-12-27T20:00:00Z,Sell,215.10877848,217.108830915,626,-1252.03,6.26,-1252.03,196.51,1448.54,0,"	769,770" 
2019-01-03T15:00:00Z,"SPY",2019-01-03T17:00:00Z,Sell,221.736754935,221.647066485,604,54.17,6.04,-395.45,1625.15,2020.61,1,"	771,772" 
2019-01-03T17:30:00Z,"SPY",2019-01-03T18:00:00Z,Sell,221.180686545,221.56634688,605,-233.32,6.05,-265.88,276.73,542.62,0,"	773,774" 
2019-01-03T18:30:00Z,"SPY",2019-01-03T19:30:00Z,Sell,220.373490495,220.893683505,606,-315.24,6.06,-315.24,413.07,728.31,0,"	775,776" 
2019-01-03T20:00:00Z,"SPY",2019-01-03T20:58:00Z,Sell,219.64701405,219.10888335,607,326.65,6.07,-190.54,424.64,544.41,1,"	777,778" 
2019-01-04T15:00:00Z,"SPY",2019-01-04T20:58:00Z,Buy,223.43186664,226.400554335,581,1724.81,5.81,-437.72,2058.31,739.95,1,"	779,780" 
2019-01-07T17:00:00Z,"SPY",2019-01-07T19:00:00Z,Buy,229.0643013,228.56204598,510,-256.15,5.1,-269.87,219.56,475.71,0,"	781,782" 
2019-01-15T15:00:00Z,"SPY",2019-01-15T15:30:00Z,Buy,232.41864933,232.248241275,578,-98.5,5.78,-228.1,399.17,627.26,0,"	783,784" 
2019-01-15T16:00:00Z,"SPY",2019-01-15T19:00:00Z,Buy,232.768434285,233.306564985,577,310.5,5.77,-155.25,579.6,382.95,1,"	785,786" 
2019-01-18T17:30:00Z,"SPY",2019-01-18T18:00:00Z,Buy,239.2887846,239.21703384,900,-64.58,9,-242.16,80.72,322.88,0,"	787,788" 
2019-01-22T17:00:00Z,"SPY",2019-01-22T18:00:00Z,Sell,235.77299736,235.835779275,905,-56.82,9.05,-267.85,89.28,316.56,0,"	789,790" 
2019-01-22T18:30:00Z,"SPY",2019-01-22T20:58:00Z,Sell,235.1631159,234.87611286,907,260.31,9.07,-366.06,854.15,1220.21,1,"	791,792" 
2019-01-28T15:00:00Z,"SPY",2019-01-28T15:30:00Z,Sell,235.620526995,236.104844625,1076,-521.13,10.76,-559.73,337.77,897.49,0,"	793,794" 
2019-01-29T16:00:00Z,"SPY",2019-01-29T16:30:00Z,Sell,235.62949584,235.93443657,1072,-326.9,10.72,-384.58,76.92,461.5,0,"	795,796" 
2019-01-30T19:30:00Z,"SPY",2019-01-30T20:58:00Z,Buy,239.889697215,239.75516454,1050,-141.26,10.5,-339.02,960.56,1299.59,0,"	797,798" 
2019-01-31T15:30:00Z,"SPY",2019-01-31T20:58:00Z,Buy,241.324712415,242.40994266,1043,1131.9,10.43,-196.44,1234.79,1318.99,1,"	799,800" 
2019-02-01T15:30:00Z,"SPY",2019-02-01T16:00:00Z,Buy,243.0556995,242.28437883,1044,-805.26,10.44,-805.26,93.63,898.89,0,"	801,802" 
2019-02-04T19:00:00Z,"SPY",2019-02-04T20:00:00Z,Buy,243.405484455,243.423422145,1036,18.58,10.36,-148.67,148.67,297.34,1,"	803,804" 
2019-02-07T16:00:00Z,"SPY",2019-02-07T20:58:00Z,Sell,242.042220015,242.149846155,1042,-112.15,10.42,-168.22,1457.9,1626.12,0,"	805,806" 
2019-02-12T15:00:00Z,"SPY",2019-02-12T20:58:00Z,Buy,244.86740619,245.845010295,1029,1005.95,10.29,-230.72,1375.11,535.28,1,"	807,808" 
2019-02-13T15:00:00Z,"SPY",2019-02-13T15:30:00Z,Buy,247.118586285,247.12755513,1028,9.22,10.28,-359.58,82.98,424.12,1,"	809,810" 
2019-02-21T15:00:00Z,"SPY",2019-02-21T16:30:00Z,Sell,248.697103005,248.6163834,1021,82.41,10.21,-329.66,338.82,668.47,1,"	811,812" 
2019-02-21T20:00:00Z,"SPY",2019-02-21T20:58:00Z,Sell,248.087221545,248.7957603,1024,-725.54,10.24,-725.54,183.68,909.23,0,"	813,814" 
2019-02-22T16:00:00Z,"SPY",2019-02-22T19:30:00Z,Buy,249.99758553,249.99758553,1011,0,10.11,-99.74,534.98,598.46,0,"	815,816" 
2019-02-27T15:30:00Z,"SPY",2019-02-27T16:00:00Z,Sell,249.17245179,249.432548295,1014,-263.74,10.14,-400.15,36.38,436.53,0,"	817,818" 
2019-03-01T15:00:00Z,"SPY",2019-03-01T15:30:00Z,Buy,251.8451676,250.903438875,1001,-942.67,10.01,-1095.29,0,1095.29,0,"	819,820" 
2019-03-04T16:30:00Z,"SPY",2019-03-04T20:58:00Z,Sell,250.724061975,250.329432795,998,393.84,9.98,0,2398.84,2112.41,1,"	821,822" 
2019-03-05T15:00:00Z,"SPY",2019-03-05T16:30:00Z,Sell,249.970678995,250.490872005,1004,-522.27,10.04,-612.32,126.07,738.39,0,"	823,824" 
2019-03-06T15:00:00Z,"SPY",2019-03-06T20:58:00Z,Sell,249.845115165,248.74194723,1000,1103.17,10,-143.5,1354.3,744.41,1,"	825,826" 
2019-03-07T15:00:00Z,"SPY",2019-03-07T16:30:00Z,Sell,246.89436516,246.957147075,1021,-64.1,10.21,-164.83,741.73,906.56,0,"	827,828" 
2019-03-07T17:00:00Z,"SPY",2019-03-07T17:30:00Z,Sell,247.082710905,247.136523975,1019,-54.84,10.19,-164.51,191.92,356.43,0,"	829,830" 
2019-03-07T18:30:00Z,"SPY",2019-03-07T19:00:00Z,Sell,247.477340085,247.12755513,1017,355.73,10.17,0,383.1,337.49,1,"	831,832" 
2019-03-07T19:30:00Z,"SPY",2019-03-07T20:58:00Z,Sell,246.78673902,246.759832485,1023,27.53,10.23,-55.05,917.51,889.99,1,"	833,834" 
2019-03-11T14:00:00Z,"SPY",2019-03-11T19:58:00Z,Buy,247.80918735,249.773364405,1019,2001.5,10.19,0,2083.75,329.01,1,"	835,836" 
2019-03-13T15:00:00Z,"SPY",2019-03-13T19:30:00Z,Buy,252.32948523,252.320516385,1016,-9.11,10.16,-91.12,902.12,993.25,0,"	837,838" 
2019-03-15T16:30:00Z,"SPY",2019-03-15T18:30:00Z,Buy,253.864424074,253.531114976,1010,-336.64,10.1,-409.43,209.26,618.69,0,"	839,840" 
2019-03-18T14:00:00Z,"SPY",2019-03-18T15:30:00Z,Buy,254.422942022,253.729298764,1005,-697.11,10.05,-787.65,144.85,932.5,0,"	841,842" 
2019-03-20T14:00:00Z,"SPY",2019-03-20T15:00:00Z,Sell,253.40499802,253.702273702,1004,-298.46,10.04,-416.04,144.71,488.4,0,"	843,844" 
2019-03-20T16:00:00Z,"SPY",2019-03-20T16:30:00Z,Sell,252.90953855,253.26987271,1003,-361.42,10.03,-406.59,0,406.59,0,"	845,846" 
2019-03-20T17:00:00Z,"SPY",2019-03-20T18:00:00Z,Sell,253.053672214,253.350947896,1000,-297.28,10,-297.28,63.06,360.33,0,"	847,848" 
2019-03-21T14:00:00Z,"SPY",2019-03-21T19:58:00Z,Buy,254.152691402,256.42279661,993,2254.21,9.93,0,2683.59,814.02,1,"	849,850" 
2019-03-22T14:00:00Z,"SPY",2019-03-22T19:00:00Z,Sell,253.963515968,253.305906126,1011,664.84,10.11,-947.17,2340.61,1867.03,1,"	851,852" 
2019-03-22T19:30:00Z,"SPY",2019-03-22T19:58:00Z,Sell,252.513170974,251.684402406,1022,847,10.22,0,847,414.29,1,"	853,854" 
2019-03-25T14:00:00Z,"SPY",2019-03-25T14:30:00Z,Sell,250.423232846,250.765550298,1037,-354.98,10.37,-420.37,177.49,532.47,0,"	855,856" 
2019-03-26T14:00:00Z,"SPY",2019-03-26T14:30:00Z,Buy,254.017566092,253.747315472,1020,-275.66,10.2,-477.8,0,477.8,0,"	857,858" 
2019-03-26T15:00:00Z,"SPY",2019-03-26T15:30:00Z,Buy,254.12566634,253.603181808,1017,-531.37,10.17,-641.3,64.13,705.44,0,"	859,860" 
2019-03-27T15:00:00Z,"SPY",2019-03-27T17:30:00Z,Sell,252.342012248,251.981678088,1020,367.54,10.2,-156.2,1929.59,1663.12,1,"	861,862" 
2019-03-27T18:00:00Z,"SPY",2019-03-27T18:30:00Z,Sell,252.017711504,252.134820106,1024,-119.92,10.24,-332.08,101.47,433.55,0,"	863,864" 
2019-03-27T19:00:00Z,"SPY",2019-03-27T19:30:00Z,Sell,251.954653026,252.224903646,1024,-276.74,10.24,-276.74,230.61,507.35,0,"	865,866" 
2019-04-01T19:30:00Z,"SPY",2019-04-01T19:58:00Z,Buy,257.431732258,257.665949462,1000,234.22,10,-117.11,342.32,117.11,1,"	867,868" 
2019-04-11T18:30:00Z,"SPY",2019-04-11T19:00:00Z,Sell,259.089269394,259.26042812,995,-170.3,9.95,-250.97,0,250.97,0,"	869,870" 
2019-04-15T14:30:00Z,"SPY",2019-04-15T17:30:00Z,Sell,260.809865008,261.026065504,987,-213.39,9.87,-213.39,346.76,560.15,0,"	871,872" 
2019-04-17T15:00:00Z,"SPY",2019-04-17T19:58:00Z,Sell,261.06209892,260.818873362,984,239.33,9.84,-354.57,691.41,682.54,1,"	873,874" 
2019-04-18T14:30:00Z,"SPY",2019-04-18T15:00:00Z,Sell,260.314405538,260.638706282,989,-320.73,9.89,-320.73,240.55,561.28,0,"	875,876" 
2019-04-23T14:30:00Z,"SPY",2019-04-23T19:58:00Z,Buy,262.602527454,263.80964689,978,1180.56,9.78,-211.44,1427.25,466.94,1,"	877,878" 
2019-04-25T14:30:00Z,"SPY",2019-04-25T15:00:00Z,Sell,262.296243418,262.764677826,988,-462.81,9.88,-471.71,356.01,827.72,0,"	879,880" 
2019-04-26T14:00:00Z,"SPY",2019-04-26T14:30:00Z,Sell,262.5935191,263.17906211,983,-575.59,9.83,-575.59,106.26,681.85,0,"	881,882" 
2019-04-26T19:30:00Z,"SPY",2019-04-26T19:58:00Z,Buy,263.818655244,264.178989404,974,350.97,9.74,0,359.74,272,1,"	883,884" 
2019-04-29T16:30:00Z,"SPY",2019-04-29T18:00:00Z,Buy,265.016766326,265.02577468,972,8.76,9.72,-105.07,78.81,183.88,1,"	885,886" 
2019-04-29T18:30:00Z,"SPY",2019-04-29T19:00:00Z,Buy,265.124866574,265.007757972,972,-113.83,9.72,-140.1,0,140.1,0,"	887,888" 
2019-04-30T14:00:00Z,"SPY",2019-04-30T16:00:00Z,Sell,263.962788908,264.016839032,975,-52.7,9.75,-210.8,922.23,1133.03,0,"	889,890" 
2019-05-01T19:30:00Z,"SPY",2019-05-01T19:58:00Z,Sell,264.251056236,263.0439368,974,1175.73,9.74,0,1237.15,166.71,1,"	891,892" 
2019-05-02T15:30:00Z,"SPY",2019-05-02T17:30:00Z,Sell,261.674666992,262.170126462,992,-491.5,9.92,-607.67,768.52,1376.19,0,"	893,894" 
2019-05-02T19:00:00Z,"SPY",2019-05-02T19:30:00Z,Sell,261.926900904,262.296243418,987,-364.54,9.87,-444.56,71.13,515.69,0,"	895,896" 
2019-05-03T16:00:00Z,"SPY",2019-05-03T19:58:00Z,Buy,264.467256732,265.016766326,975,535.77,9.75,-26.35,632.39,456.72,1,"	897,898" 
2019-05-07T15:00:00Z,"SPY",2019-05-07T19:58:00Z,Sell,259.863987838,259.341503306,996,520.39,9.96,-538.34,2323.83,1803.44,1,"	899,900" 
2019-05-08T15:00:00Z,"SPY",2019-05-08T15:30:00Z,Buy,260.089196688,259.990104794,999,-98.99,9.99,-170.99,566.96,737.95,0,"	901,902" 
2019-05-08T17:00:00Z,"SPY",2019-05-08T17:30:00Z,Buy,260.305397184,260.080188334,998,-224.76,9.98,-368.6,53.94,422.55,0,"	903,904" 
2019-05-08T19:30:00Z,"SPY",2019-05-08T19:58:00Z,Buy,260.530606034,259.089269394,995,-1434.13,9.95,-1434.13,0,1434.13,0,"	905,906" 
2019-05-09T14:00:00Z,"SPY",2019-05-09T16:00:00Z,Sell,256.350729778,256.341721424,1000,9.01,10,-126.12,1090.01,1216.13,1,"	907,908" 
2019-05-10T14:30:00Z,"SPY",2019-05-10T16:30:00Z,Sell,256.134529282,256.64800546,1001,-513.99,10.01,-513.99,1758.39,2272.38,0,"	909,910" 
2019-05-10T19:30:00Z,"SPY",2019-05-10T19:58:00Z,Buy,260.062171626,258.999185854,982,-1043.85,9.82,-1344.62,0,1344.62,0,"	911,912" 
2019-05-13T14:30:00Z,"SPY",2019-05-13T15:00:00Z,Sell,253.774340534,253.909465844,998,-134.86,9.98,-611.34,287.69,899.03,0,"	913,914" 
2019-05-13T15:30:00Z,"SPY",2019-05-13T16:00:00Z,Sell,253.332931188,253.5851651,998,-251.73,9.98,-260.72,485.48,737.21,0,"	915,916" 
2019-05-13T16:30:00Z,"SPY",2019-05-13T18:30:00Z,Sell,252.873505134,253.639215224,998,-764.18,9.98,-1060.86,683.27,1744.13,0,"	917,918" 
2019-05-13T19:30:00Z,"SPY",2019-05-13T19:58:00Z,Sell,252.963588674,253.22483094,992,-259.15,9.92,-259.15,437.88,697.03,0,"	919,920" 
2019-05-14T14:30:00Z,"SPY",2019-05-14T19:58:00Z,Buy,255.34179413,255.449894378,980,105.94,9.8,-256.02,1447.82,1456.65,1,"	921,922" 
2019-05-15T15:30:00Z,"SPY",2019-05-15T19:58:00Z,Buy,256.69304723,256.82817254,976,131.88,9.76,-211.01,703.37,677,1,"	923,924" 
2019-05-16T14:00:00Z,"SPY",2019-05-16T18:00:00Z,Buy,259.107286102,259.548695448,968,427.28,9.68,-26.16,1351.61,994.09,1,"	925,926" 
2019-05-16T18:30:00Z,"SPY",2019-05-16T19:30:00Z,Buy,259.98109644,259.404561784,968,-558.09,9.68,-819.69,61.04,880.73,0,"	927,928" 
2019-05-23T14:00:00Z,"SPY",2019-05-23T14:30:00Z,Sell,254.044591154,254.242774942,981,-194.42,9.81,-353.49,371.16,565.58,0,"	929,930" 
2019-05-23T16:00:00Z,"SPY",2019-05-23T19:30:00Z,Sell,253.395989666,254.107649632,982,-698.85,9.82,-831.54,566.16,1397.7,0,"	931,932" 
2019-05-28T14:00:00Z,"SPY",2019-05-28T14:30:00Z,Buy,255.738161706,255.215677174,972,-507.85,9.72,-534.12,122.59,656.71,0,"	933,934" 
2019-05-29T16:00:00Z,"SPY",2019-05-29T16:30:00Z,Sell,249.5314058,250.216040704,992,-679.16,9.92,-705.97,0,705.97,0,"	935,936" 
2019-05-29T17:00:00Z,"SPY",2019-05-29T17:30:00Z,Sell,249.918765022,250.666458404,985,-736.48,9.85,-940.56,97.61,1038.17,0,"	937,938" 
2019-05-30T14:00:00Z,"SPY",2019-05-30T14:30:00Z,Buy,251.999694796,251.96366138,971,-34.99,9.71,-218.68,139.95,358.63,0,"	939,940" 
2019-06-03T14:00:00Z,"SPY",2019-06-03T14:30:00Z,Sell,247.351384132,248.702637232,989,-1336.39,9.89,-1336.39,481.1,1817.49,0,"	941,942" 
2019-06-03T16:30:00Z,"SPY",2019-06-03T17:00:00Z,Sell,246.747824414,246.864933016,981,-114.88,9.81,-521.39,141.4,662.79,0,"	943,944" 
2019-06-03T19:30:00Z,"SPY",2019-06-03T19:58:00Z,Sell,246.459557086,247.495517796,981,-1016.28,9.81,-1016.28,318.14,1334.42,0,"	945,946" 
2019-06-04T15:30:00Z,"SPY",2019-06-04T19:58:00Z,Buy,251.297043184,252.747388178,954,1383.63,9.54,-223.44,1392.22,507.04,1,"	947,948" 
2019-06-06T19:30:00Z,"SPY",2019-06-06T19:58:00Z,Buy,256.738089,256.440813318,944,-280.63,9.44,-314.64,408.19,722.83,0,"	949,950" 
2019-06-07T14:00:00Z,"SPY",2019-06-07T19:58:00Z,Buy,258.58480157,259.269436474,935,640.13,9.35,-33.69,1482.41,1036.01,1,"	951,952" 
2019-06-10T16:00:00Z,"SPY",2019-06-10T16:30:00Z,Buy,261.87285078,261.368382956,928,-468.15,9.28,-484.87,0,484.87,0,"	953,954" 
2019-06-14T14:00:00Z,"SPY",2019-06-14T14:30:00Z,Sell,260.008121502,260.143246812,931,-125.8,9.31,-259.99,92.25,352.24,0,"	955,956" 
2019-06-18T14:00:00Z,"SPY",2019-06-18T16:00:00Z,Buy,263.728571704,263.332204128,917,-363.47,9.17,-363.47,569.99,933.45,0,"	957,958" 
2019-06-18T16:30:00Z,"SPY",2019-06-18T17:00:00Z,Buy,263.53939627,263.503362854,915,-32.97,9.15,-41.21,123.64,156.61,0,"	959,960" 
2019-06-18T18:00:00Z,"SPY",2019-06-18T19:00:00Z,Buy,263.440304376,263.476337792,915,32.97,9.15,-8.24,304.98,288.49,1,"	961,962" 
2019-06-18T19:30:00Z,"SPY",2019-06-18T19:58:00Z,Buy,263.485346146,263.152037048,915,-304.98,9.15,-337.95,0,337.95,0,"	963,964" 
2019-06-25T14:00:00Z,"SPY",2019-06-25T19:58:00Z,Sell,265.291565199,263.363455758,906,1746.87,9.06,-24.6,1943.7,803.72,1,"	965,966" 
2019-06-27T14:00:00Z,"SPY",2019-06-27T14:30:00Z,Buy,264.132889103,263.969950277,923,-150.39,9.23,-317.5,0,317.5,0,"	967,968" 
2019-07-02T16:30:00Z,"SPY",2019-07-02T17:00:00Z,Sell,267.020527186,267.120100913,912,-90.81,9.12,-99.07,165.11,264.18,0,"	969,970" 
2019-07-03T15:00:00Z,"SPY",2019-07-05T14:00:00Z,Buy,269.672809187,268.568446033,903,-997.24,9.03,-997.24,727.49,1724.73,0,"	971,972" 
2019-07-05T14:30:00Z,"SPY",2019-07-05T15:30:00Z,Sell,268.387402893,268.867167214,899,-431.31,8.99,-439.45,358.07,797.51,0,"	973,974" 
2019-07-08T14:00:00Z,"SPY",2019-07-08T14:30:00Z,Sell,268.459820149,268.695176231,896,-210.88,8.96,-600.19,0,600.19,0,"	975,976" 
2019-07-10T14:00:00Z,"SPY",2019-07-10T14:30:00Z,Buy,271.012528423,270.333616648,886,-601.52,8.86,-601.52,24.06,625.58,0,"	977,978" 
2019-07-16T16:00:00Z,"SPY",2019-07-16T17:30:00Z,Sell,271.628075099,271.709544512,879,-71.61,8.79,-167.09,445.58,612.68,0,"	979,980" 
2019-07-16T18:00:00Z,"SPY",2019-07-16T19:58:00Z,Sell,271.193571563,271.456084116,880,-231.01,8.8,-430.16,79.66,509.82,0,"	981,982" 
2019-07-17T14:30:00Z,"SPY",2019-07-17T16:00:00Z,Sell,270.695702928,270.740963713,880,-39.83,8.8,-151.35,533.72,685.07,0,"	983,984" 
2019-07-17T16:30:00Z,"SPY",2019-07-17T18:00:00Z,Sell,270.514659788,270.650442143,880,-119.49,8.8,-199.15,63.73,262.87,0,"	985,986" 
2019-07-17T18:30:00Z,"SPY",2019-07-17T19:58:00Z,Sell,270.351720962,269.709017815,880,565.58,8.8,-87.62,573.54,286.77,1,"	987,988" 
2019-07-18T18:30:00Z,"SPY",2019-07-18T19:58:00Z,Buy,270.20688645,270.514659788,884,272.07,8.84,-88.02,568.15,656.17,1,"	989,990" 
2019-07-19T19:30:00Z,"SPY",2019-07-19T19:58:00Z,Sell,269.564183303,269.066314668,888,442.11,8.88,-249.19,450.15,265.26,1,"	991,992" 
2019-07-22T14:00:00Z,"SPY",2019-07-22T14:30:00Z,Buy,269.826695856,269.428400948,891,-354.88,8.91,-516.19,0,516.19,0,"	993,994" 
2019-07-24T19:00:00Z,"SPY",2019-07-24T19:58:00Z,Buy,272.397508444,272.641916683,880,215.08,8.8,-71.69,302.7,111.52,1,"	995,996" 
2019-07-25T14:00:00Z,"SPY",2019-07-25T14:30:00Z,Sell,271.56471,271.890587652,884,-288.08,8.84,-336.09,32.01,368.1,0,"	997,998" 
2019-07-25T15:30:00Z,"SPY",2019-07-25T19:58:00Z,Sell,271.935848437,271.220728034,881,630.02,8.81,-15.95,972.94,853.32,1,"	999,1000" 
2019-07-26T14:00:00Z,"SPY",2019-07-26T14:30:00Z,Buy,272.696229625,272.542342956,883,-135.88,8.83,-151.87,47.96,199.83,0,"	1001,1002" 
2019-07-26T15:30:00Z,"SPY",2019-07-26T19:58:00Z,Buy,272.895377079,273.3751414,881,422.67,8.81,0,590.15,175.45,1,"	1003,1004" 
2019-07-29T14:00:00Z,"SPY",2019-07-29T15:30:00Z,Sell,272.578551584,272.949690021,885,-328.46,8.85,-336.47,200.28,536.75,0,"	1005,1006" 
2019-07-31T19:00:00Z,"SPY",2019-07-31T19:58:00Z,Sell,269.401244477,269.437453105,893,-32.33,8.93,-1317.62,242.51,1560.13,0,"	1007,1008" 
2019-08-01T14:00:00Z,"SPY",2019-08-01T17:30:00Z,Buy,270.369825276,269.962478211,890,-362.54,8.9,-362.54,1748.24,2110.78,0,"	1009,1010" 
2019-08-01T18:00:00Z,"SPY",2019-08-01T19:58:00Z,Sell,268.30593348,266.830431889,894,1319.1,8.94,-80.93,1966.51,1578.06,1,"	1011,1012" 
2019-08-02T14:00:00Z,"SPY",2019-08-02T16:30:00Z,Sell,265.164835001,265.083365588,914,74.46,9.14,-264.76,1654.73,1580.27,1,"	1013,1014" 
2019-08-02T17:00:00Z,"SPY",2019-08-02T18:30:00Z,Sell,264.160045574,264.522131854,918,-332.4,9.18,-515.21,506.9,1022.12,0,"	1015,1016" 
2019-08-02T19:00:00Z,"SPY",2019-08-02T19:30:00Z,Sell,264.567392639,265.083365588,914,-471.6,9.14,-546.06,421.96,968.02,0,"	1017,1018" 
2019-08-05T14:00:00Z,"SPY",2019-08-05T19:58:00Z,Sell,260.059418453,257.425240766,926,2439.25,9.26,0,4543.21,2372.19,1,"	1019,1020" 
2019-08-06T18:30:00Z,"SPY",2019-08-06T19:00:00Z,Buy,260.276670221,259.787853743,944,-461.44,9.44,-461.44,384.54,845.98,0,"	1021,1022" 
2019-08-07T14:00:00Z,"SPY",2019-08-07T14:30:00Z,Sell,256.556233694,257.579127435,929,-950.27,9.29,-1606.21,403.65,2009.86,0,"	1023,1024" 
2019-08-08T14:30:00Z,"SPY",2019-08-08T19:58:00Z,Buy,263.064734577,265.373034612,908,2095.94,9.08,0,2334.3,567.14,1,"	1025,1026" 
2019-08-09T14:30:00Z,"SPY",2019-08-09T17:30:00Z,Sell,263.435873014,264.286775772,808,-687.53,8.08,-746.04,936.21,1682.25,0,"	1027,1028" 
2019-08-12T18:00:00Z,"SPY",2019-08-12T19:58:00Z,Sell,261.145677293,260.865060426,806,226.18,8.06,-167.81,977.67,751.49,1,"	1029,1030" 
2019-08-13T14:00:00Z,"SPY",2019-08-13T19:58:00Z,Buy,265.191991472,264.494975383,793,-552.73,7.93,-1019.33,847.05,1866.37,0,"	1031,1032" 
2019-08-14T15:00:00Z,"SPY",2019-08-14T19:58:00Z,Sell,259.425767463,257.235145469,755,1653.92,7.55,-61.51,1906.79,1298.53,1,"	1033,1034" 
2019-08-16T15:00:00Z,"SPY",2019-08-16T19:00:00Z,Buy,261.580180829,261.281459648,668,-199.55,6.68,-435.37,60.47,489.79,0,"	1035,1036" 
2019-08-16T19:30:00Z,"SPY",2019-08-16T19:58:00Z,Buy,261.24525102,261.661650242,668,278.15,6.68,-84.66,441.42,163.26,1,"	1037,1038" 
2019-08-20T14:00:00Z,"SPY",2019-08-20T14:30:00Z,Sell,263.155256147,263.680281253,609,-319.74,6.09,-341.79,66.15,407.94,0,"	1039,1040" 
2019-08-22T15:00:00Z,"SPY",2019-08-22T15:30:00Z,Sell,263.037578106,263.698385567,610,-403.09,6.1,-596.36,0,596.36,0,"	1041,1042" 
2019-08-23T15:30:00Z,"SPY",2019-08-23T19:58:00Z,Sell,260.810747484,256.918319974,618,2405.52,6.18,0,2511.81,553.83,1,"	1043,1044" 
2019-08-27T17:00:00Z,"SPY",2019-08-27T17:30:00Z,Sell,259.117994125,259.670175702,667,-368.31,6.67,-368.31,48.3,416.61,0,"	1045,1046" 
2019-08-28T15:30:00Z,"SPY",2019-08-28T16:00:00Z,Buy,261.163781607,261.145677293,658,-11.91,6.58,-83.39,166.78,178.69,0,"	1047,1048" 
2019-08-28T17:00:00Z,"SPY",2019-08-28T17:30:00Z,Buy,261.344824747,261.06420788,658,-184.65,6.58,-393.12,0,393.12,0,"	1049,1050" 
2019-08-28T19:00:00Z,"SPY",2019-08-28T19:30:00Z,Buy,261.562076515,261.172833764,656,-255.34,6.56,-255.34,47.51,302.85,0,"	1051,1052" 
2019-09-05T14:00:00Z,"SPY",2019-09-05T16:00:00Z,Buy,269.346931535,269.636600559,875,253.46,8.75,0,998,784.14,1,"	1053,1054" 
2019-09-05T19:30:00Z,"SPY",2019-09-05T19:58:00Z,Buy,269.962478211,269.564183303,874,-348.11,8.74,-379.76,47.47,427.23,0,"	1055,1056" 
2019-09-10T14:00:00Z,"SPY",2019-09-10T14:30:00Z,Sell,268.233516224,268.613706818,920,-349.78,9.2,-349.78,216.53,566.3,0,"	1057,1058" 
2019-09-10T15:00:00Z,"SPY",2019-09-10T16:00:00Z,Sell,268.161098968,268.767593487,918,-556.76,9.18,-772.82,91.41,864.23,0,"	1059,1060" 
2019-09-12T14:30:00Z,"SPY",2019-09-12T15:00:00Z,Buy,273.393245714,272.325091188,907,-968.82,9.07,-1050.92,24.63,1075.55,0,"	1061,1062" 
2019-09-18T18:30:00Z,"SPY",2019-09-18T19:30:00Z,Sell,270.451294689,271.573762157,909,-1020.32,9.09,-1028.55,370.28,1398.83,0,"	1063,1064" 
2019-09-19T14:30:00Z,"SPY",2019-09-19T16:30:00Z,Buy,273.583341011,273.058315905,891,-467.8,8.91,-467.8,314.55,782.35,0,"	1065,1066" 
2019-09-20T17:30:00Z,"SPY",2019-09-20T19:00:00Z,Sell,271.618038864,271.854481512,894,-211.38,8.94,-414.63,447.15,861.78,0,"	1067,1068" 
2019-09-20T19:30:00Z,"SPY",2019-09-20T19:58:00Z,Sell,271.645320708,271.599850968,893,40.6,8.93,-113.69,292.35,406.04,1,"	1069,1070" 
2019-09-24T16:00:00Z,"SPY",2019-09-24T19:58:00Z,Sell,270.535859052,269.053545528,897,1329.64,8.97,-293.66,2145.36,1647.77,1,"	1071,1072" 
2019-09-25T14:00:00Z,"SPY",2019-09-25T14:30:00Z,Sell,268.435157064,268.753445244,913,-290.6,9.13,-390.23,464.96,855.19,0,"	1073,1074" 
2019-09-25T16:30:00Z,"SPY",2019-09-25T17:00:00Z,Buy,269.762873472,269.599182408,907,-148.47,9.07,-173.21,90.73,263.94,0,"	1075,1076" 
2019-09-25T18:30:00Z,"SPY",2019-09-25T19:58:00Z,Buy,270.308510352,270.7723017,904,419.27,9.04,-106.87,575.47,213.74,1,"	1077,1078" 
2019-09-26T14:00:00Z,"SPY",2019-09-26T16:30:00Z,Sell,269.8629069,269.790155316,908,66.06,9.08,-338.55,1065.19,1007.39,1,"	1079,1080" 
2019-09-26T17:00:00Z,"SPY",2019-09-26T18:00:00Z,Sell,269.72649768,269.981128224,909,-231.46,9.09,-231.46,380.25,611.71,0,"	1081,1082" 
2019-09-27T16:30:00Z,"SPY",2019-09-27T19:58:00Z,Sell,269.289988176,268.444251012,909,768.78,9.09,-24.8,1983.94,1306.09,1,"	1083,1084" 
2019-09-30T14:00:00Z,"SPY",2019-09-30T14:30:00Z,Buy,269.617370304,269.462773188,913,-141.15,9.13,-157.75,174.36,332.11,0,"	1085,1086" 
2019-09-30T15:00:00Z,"SPY",2019-09-30T19:00:00Z,Buy,269.708309784,270.153913236,912,406.39,9.12,-140.99,796.19,389.8,1,"	1087,1088" 
2019-10-01T14:00:00Z,"SPY",2019-10-01T14:30:00Z,Buy,271.172435412,269.380927656,910,-1630.27,9.1,-2176.45,0,2176.45,0,"	1089,1090" 
2019-10-01T15:00:00Z,"SPY",2019-10-01T19:58:00Z,Sell,268.626129972,266.643649308,906,1796.13,9.06,-156.54,1936.19,898.06,1,"	1091,1092" 
2019-10-02T14:00:00Z,"SPY",2019-10-02T19:00:00Z,Sell,263.524425144,262.351305852,938,1100.39,9.38,-170.6,2584.63,1492.77,1,"	1093,1094" 
2019-10-02T19:30:00Z,"SPY",2019-10-02T19:58:00Z,Sell,262.287648216,261.9057024,950,362.85,9.5,-259.18,613.39,406.04,1,"	1095,1096" 
2019-10-03T14:30:00Z,"SPY",2019-10-03T15:00:00Z,Sell,261.059965236,261.341877624,957,-269.79,9.57,-426.44,487.36,774.56,0,"	1097,1098" 
2019-10-03T18:00:00Z,"SPY",2019-10-03T19:30:00Z,Buy,263.715398052,263.333452236,946,-361.32,9.46,-524.78,197.87,722.64,0,"	1099,1100" 
2019-10-04T14:00:00Z,"SPY",2019-10-04T14:30:00Z,Buy,265.81610004,265.461436068,935,-331.61,9.35,-331.61,280.59,612.2,0,"	1101,1102" 
2019-10-04T15:30:00Z,"SPY",2019-10-04T19:58:00Z,Buy,266.007072948,267.798580704,932,1669.69,9.32,0,1729.01,305.12,1,"	1103,1104" 
2019-10-08T14:00:00Z,"SPY",2019-10-08T15:00:00Z,Sell,263.415297768,263.869995168,954,-433.78,9.54,-451.13,451.13,902.27,0,"	1105,1106" 
2019-10-08T15:30:00Z,"SPY",2019-10-08T16:30:00Z,Sell,263.22432486,263.724492,951,-475.66,9.51,-562.14,406.47,968.61,0,"	1107,1108" 
2019-10-10T14:00:00Z,"SPY",2019-10-10T17:30:00Z,Buy,266.625461412,266.489052192,935,-127.54,9.35,-527.18,850.28,1181.89,0,"	1109,1110" 
2019-10-10T18:00:00Z,"SPY",2019-10-10T18:30:00Z,Buy,266.825528268,266.325361128,934,-467.16,9.34,-925.82,84.94,1010.76,0,"	1111,1112" 
2019-10-10T19:30:00Z,"SPY",2019-10-10T19:58:00Z,Buy,266.734588788,266.6800251,930,-50.74,9.3,-312.92,101.49,389.04,0,"	1113,1114" 
2019-10-11T14:00:00Z,"SPY",2019-10-11T16:00:00Z,Buy,270.344886144,270.763207752,918,384.02,9.18,0,1135.36,843.17,1,"	1115,1116" 
2019-10-11T18:30:00Z,"SPY",2019-10-11T19:58:00Z,Buy,271.18152936,269.790155316,918,-1277.28,9.18,-1377.46,300.54,1678,0,"	1117,1118" 
2019-10-15T14:30:00Z,"SPY",2019-10-15T19:58:00Z,Buy,271.381596216,271.881763356,907,453.65,9.07,-16.5,1031.03,602.12,1,"	1119,1120" 
2019-10-25T15:00:00Z,"SPY",2019-10-25T19:58:00Z,Buy,274.037029032,274.400786952,902,328.11,9.02,-90.23,656.22,689.03,1,"	1121,1122" 
2019-10-31T14:00:00Z,"SPY",2019-10-31T19:58:00Z,Sell,275.792160996,275.482966764,898,277.66,8.98,0,1143.29,955.46,1,"	1123,1124" 
2019-11-01T14:30:00Z,"SPY",2019-11-01T15:00:00Z,Buy,277.901956932,277.929238776,894,24.39,8.94,-97.56,56.91,154.47,1,"	1125,1126" 
2019-11-01T18:00:00Z,"SPY",2019-11-01T19:58:00Z,Buy,278.13839958,278.156587476,893,16.24,8.93,-227.39,113.69,324.84,1,"	1127,1128" 
2019-11-07T17:00:00Z,"SPY",2019-11-07T17:30:00Z,Buy,281.357657172,281.103026628,883,-224.84,8.83,-393.47,0,393.47,0,"	1129,1130" 
2019-11-08T15:00:00Z,"SPY",2019-11-08T15:30:00Z,Sell,279.475209936,280.102692348,887,-556.58,8.87,-556.58,88.73,645.31,0,"	1131,1132" 
2019-11-12T15:00:00Z,"SPY",2019-11-12T17:00:00Z,Buy,281.421314808,281.348563224,877,-63.8,8.77,-127.61,406.75,502.45,0,"	1133,1134" 
2019-11-19T16:00:00Z,"SPY",2019-11-19T16:30:00Z,Sell,283.14007098,283.59476838,871,-396.04,8.71,-411.88,0,411.88,0,"	1135,1136" 
2019-11-20T18:00:00Z,"SPY",2019-11-20T20:58:00Z,Sell,282.057891168,282.521682516,871,-403.96,8.71,-522.77,855.45,1378.22,0,"	1137,1138" 
2019-11-21T15:00:00Z,"SPY",2019-11-21T16:00:00Z,Sell,282.176112492,281.985139584,868,165.76,8.68,-181.55,663.06,513.08,1,"	1139,1140" 
2019-11-21T16:30:00Z,"SPY",2019-11-21T17:30:00Z,Sell,281.930575896,282.1397367,870,-181.97,8.7,-237.35,197.79,435.15,0,"	1141,1142" 
2019-11-25T15:00:00Z,"SPY",2019-11-25T20:58:00Z,Buy,284.385941856,284.858827152,861,407.15,8.61,-7.83,501.11,313.2,1,"	1143,1144" 
2019-11-26T17:30:00Z,"SPY",2019-11-26T18:00:00Z,Buy,285.659094576,285.577249044,860,-70.39,8.6,-93.85,23.46,117.31,0,"	1145,1146" 
2019-11-27T19:00:00Z,"SPY",2019-11-27T20:58:00Z,Buy,286.73218044,286.786744128,856,46.71,8.56,-54.49,108.98,155.69,1,"	1147,1148" 
2019-12-02T15:00:00Z,"SPY",2019-12-02T19:30:00Z,Sell,284.722417932,284.113123416,863,525.82,8.63,0,1459.74,965.31,1,"	1149,1150" 
2019-12-02T20:00:00Z,"SPY",2019-12-02T20:58:00Z,Sell,284.085841572,283.331043888,868,655.16,8.68,0,655.16,418.36,1,"	1151,1152" 
2019-12-03T15:00:00Z,"SPY",2019-12-03T16:00:00Z,Sell,280.211819724,280.075410504,885,120.72,8.85,-281.69,547.27,828.96,1,"	1153,1154" 
2019-12-04T15:00:00Z,"SPY",2019-12-04T17:30:00Z,Buy,283.431077316,283.203728616,876,-199.16,8.76,-270.85,199.16,470.01,0,"	1155,1156" 
2019-12-04T18:00:00Z,"SPY",2019-12-04T20:58:00Z,Buy,283.440171264,283.349231784,874,-79.48,8.74,-174.86,333.82,476.89,0,"	1157,1158" 
2019-12-06T16:00:00Z,"SPY",2019-12-06T20:58:00Z,Buy,286.386610416,286.241107248,865,-125.86,8.65,-188.79,291.05,479.84,0,"	1159,1160" 
2019-12-12T15:00:00Z,"SPY",2019-12-12T16:30:00Z,Buy,288.14174238,287.73251472,858,-351.12,8.58,-351.12,819.27,1170.39,0,"	1161,1162" 
2019-12-12T17:00:00Z,"SPY",2019-12-12T17:30:00Z,Buy,287.523353916,286.977717036,858,-468.16,8.58,-647.62,0,647.62,0,"	1163,1164" 
2019-12-12T18:00:00Z,"SPY",2019-12-12T18:30:00Z,Buy,287.377850748,287.650669188,855,233.26,8.55,-15.55,396.54,194.38,1,"	1165,1166" 
2019-12-12T19:00:00Z,"SPY",2019-12-12T19:30:00Z,Buy,287.559729708,287.3687568,856,-163.47,8.56,-202.39,101.2,303.59,0,"	1167,1168" 
2019-12-12T20:00:00Z,"SPY",2019-12-12T20:58:00Z,Buy,288.014427108,288.523688196,853,434.4,8.53,-31.03,690.39,263.74,1,"	1169,1170" 
2019-12-16T17:00:00Z,"SPY",2019-12-16T18:00:00Z,Buy,291.015429948,290.979054156,847,-30.81,8.47,-30.81,92.43,123.24,0,"	1171,1172" 
2019-12-16T18:30:00Z,"SPY",2019-12-16T19:30:00Z,Buy,290.988148104,290.751705456,847,-200.27,8.47,-200.27,92.43,292.7,0,"	1173,1174" 
2019-12-19T17:00:00Z,"SPY",2019-12-19T20:58:00Z,Buy,291.470127348,291.670194204,844,168.86,8.44,-30.7,353.06,322.36,1,"	1175,1176" 
2019-12-20T20:00:00Z,"SPY",2019-12-20T20:30:00Z,Buy,293.679945624,293.497172444,839,-153.35,8.39,-161.01,0,161.01,0,"	1177,1178" 
2019-12-26T16:00:00Z,"SPY",2019-12-26T17:30:00Z,Buy,294.529840911,294.310513095,836,-183.36,8.36,-213.92,91.68,305.6,0,"	1179,1180" 
2019-12-26T18:30:00Z,"SPY",2019-12-26T20:00:00Z,Buy,294.557256888,294.438454321,834,-99.08,8.34,-99.08,76.22,175.3,0,"	1181,1182" 
2019-12-30T15:00:00Z,"SPY",2019-12-30T17:00:00Z,Sell,293.771332214,293.780470873,836,-7.64,8.36,-91.68,618.83,710.51,0,"	1183,1184" 
2019-12-30T17:30:00Z,"SPY",2019-12-30T18:00:00Z,Sell,294.146017233,294.118601256,835,22.89,8.35,-129.72,30.52,129.72,1,"	1185,1186" 
2019-12-30T18:30:00Z,"SPY",2019-12-30T19:00:00Z,Sell,293.890134781,294.027214666,835,-114.46,8.35,-122.09,45.78,167.88,0,"	1187,1188" 
2019-12-30T19:30:00Z,"SPY",2019-12-30T20:58:00Z,Sell,293.597697693,293.277844628,835,267.08,8.35,-106.83,274.71,251.82,1,"	1189,1190" 
2020-01-08T15:00:00Z,"SPY",2020-01-08T15:30:00Z,Buy,295.845807807,295.553370719,831,-243.02,8.31,-243.02,159.48,402.49,0,"	1191,1192" 
2020-01-08T16:30:00Z,"SPY",2020-01-08T20:58:00Z,Buy,296.129106236,296.36671137,828,196.74,8.28,-385.91,1316.62,1135.02,1,"	1193,1194" 
2020-01-13T17:00:00Z,"SPY",2020-01-13T19:00:00Z,Buy,299.080893093,299.035199798,821,-37.51,8.21,-37.51,180.07,217.58,0,"	1195,1196" 
2020-01-13T19:30:00Z,"SPY",2020-01-13T20:30:00Z,Buy,299.281943591,299.163141024,820,-97.42,8.2,-104.91,74.94,179.85,0,"	1197,1198" 
2020-01-15T15:00:00Z,"SPY",2020-01-15T18:00:00Z,Buy,300.305473399,299.885095085,817,-343.45,8.17,-343.45,298.65,642.1,0,"	1199,1200" 
2020-01-15T19:30:00Z,"SPY",2020-01-15T20:00:00Z,Buy,300.332889376,299.976481675,815,-290.47,8.15,-290.47,14.9,305.37,0,"	1201,1202" 
2020-01-23T16:30:00Z,"SPY",2020-01-23T17:00:00Z,Sell,301.274171253,301.731104203,810,-370.12,8.1,-384.92,0,384.92,0,"	1203,1204" 
2020-01-24T15:30:00Z,"SPY",2020-01-24T20:58:00Z,Sell,302.462196923,300.488246579,804,1587.06,8.04,-411.46,2637.75,1322.55,1,"	1205,1206" 
2020-01-28T15:30:00Z,"SPY",2020-01-28T20:58:00Z,Buy,298.249275124,298.971229185,826,596.33,8.26,-45.29,1102.09,581.24,1,"	1207,1208" 
2020-01-30T16:00:00Z,"SPY",2020-01-30T16:30:00Z,Sell,295.836669148,296.951585546,837,-933.19,8.37,-971.43,0,971.43,0,"	1209,1210" 
2020-01-31T15:00:00Z,"SPY",2020-01-31T20:58:00Z,Sell,297.956838036,294.310513095,825,3008.22,8.25,0,3905.41,1070.59,1,"	1211,1212" 
2020-02-03T15:00:00Z,"SPY",2020-02-03T16:30:00Z,Buy,297.161774703,296.723119071,847,-371.54,8.47,-371.54,727.6,1099.14,0,"	1213,1214" 
2020-02-03T17:30:00Z,"SPY",2020-02-03T18:00:00Z,Buy,296.613455163,296.860198956,846,208.75,8.46,-131.43,262.86,131.43,1,"	1215,1216" 
2020-02-03T19:00:00Z,"SPY",2020-02-03T19:30:00Z,Buy,296.668287117,296.357572711,847,-263.18,8.47,-452.82,0,452.82,0,"	1217,1218" 
2020-02-03T20:30:00Z,"SPY",2020-02-03T20:58:00Z,Buy,296.969862864,296.220492826,845,-633.22,8.45,-803.11,3.86,806.97,0,"	1219,1220" 
2020-02-04T15:00:00Z,"SPY",2020-02-04T16:00:00Z,Buy,300.433414625,300.634465123,831,167.07,8.31,-299.97,425.28,353.13,1,"	1221,1222" 
2020-02-04T16:30:00Z,"SPY",2020-02-04T20:58:00Z,Buy,301.018288801,300.607049146,830,-341.33,8.3,-341.33,462.69,804.02,0,"	1223,1224" 
2020-02-10T16:00:00Z,"SPY",2020-02-10T17:30:00Z,Buy,304.618920447,304.445285926,818,-142.03,8.18,-201.84,269.12,470.95,0,"	1225,1226" 
2020-02-10T20:00:00Z,"SPY",2020-02-10T20:58:00Z,Buy,305.04843742,305.651588914,816,492.17,8.16,0,499.63,156.6,1,"	1227,1228" 
2020-02-18T17:00:00Z,"SPY",2020-02-18T17:30:00Z,Sell,306.373542975,306.87616922,815,-409.64,8.15,-424.54,0,424.54,0,"	1229,1230" 
2020-02-19T18:30:00Z,"SPY",2020-02-19T19:00:00Z,Buy,309.581212284,309.471548376,804,-88.17,8.04,-121.23,14.69,135.93,0,"	1231,1232" 
2020-02-20T16:30:00Z,"SPY",2020-02-20T18:30:00Z,Sell,307.031526423,307.269131557,810,-192.46,8.1,-399.72,1184.37,1584.1,0,"	1233,1234" 
2020-02-20T19:00:00Z,"SPY",2020-02-20T19:30:00Z,Sell,306.921862515,307.442766078,809,-421.41,8.09,-643.21,0,643.21,0,"	1235,1236" 
2020-02-21T15:00:00Z,"SPY",2020-02-21T16:30:00Z,Sell,305.313458531,305.477954393,811,-133.41,8.11,-303.87,741.15,919.02,0,"	1237,1238" 
2020-02-21T17:30:00Z,"SPY",2020-02-21T20:58:00Z,Sell,305.368290485,304.68289106,810,555.17,8.1,-88.83,1139.96,903.08,1,"	1239,1240" 
2020-02-25T15:30:00Z,"SPY",2020-02-25T20:58:00Z,Sell,292.665554475,285.884669497,757,5133.13,7.57,-581.11,5811.09,2338.27,1,"	1241,1242" 
2020-02-26T15:00:00Z,"SPY",2020-02-26T17:00:00Z,Buy,288.352107427,288.23330486,704,-83.64,7.04,-508.26,1647.01,1888.27,0,"	1243,1244" 
2020-02-26T19:00:00Z,"SPY",2020-02-26T19:30:00Z,Sell,284.294542831,285.30893398,714,-724.28,7.14,-1272.38,78.3,1350.68,0,"	1245,1246" 
2020-02-27T15:30:00Z,"SPY",2020-02-27T16:00:00Z,Sell,276.499266704,279.222587086,773,-2105.13,7.73,-2105.13,1229.17,3334.29,0,"	1247,1248" 
2020-02-27T20:00:00Z,"SPY",2020-02-27T20:58:00Z,Sell,277.065863562,272.990021648,758,3089.49,7.58,-768.91,3096.42,1433.91,1,"	1249,1250" 
2020-02-28T15:00:00Z,"SPY",2020-02-28T16:00:00Z,Sell,262.782139545,264.984556364,631,-1389.73,6.31,-1654.98,1127.35,2782.33,0,"	1251,1252" 
2020-03-02T16:30:00Z,"SPY",2020-03-02T20:00:00Z,Buy,275.62195544,274.214601954,594,-835.97,5.94,-1324.52,1291.95,2616.47,0,"	1253,1254" 
2020-03-02T20:30:00Z,"SPY",2020-03-02T20:58:00Z,Buy,277.221220765,281.753995629,587,2660.74,5.87,0,2837.76,509.62,1,"	1255,1256" 
2020-03-03T15:00:00Z,"SPY",2020-03-03T15:30:00Z,Sell,279.588133446,282.878050686,459,-1510.07,4.59,-3083.06,0,3083.06,0,"	1257,1258" 
2020-03-03T16:30:00Z,"SPY",2020-03-03T20:58:00Z,Sell,277.212082106,273.949580843,458,1494.23,4.58,-1950.45,2369,2712.21,1,"	1259,1260" 
2020-03-04T18:30:00Z,"SPY",2020-03-04T20:58:00Z,Buy,282.284037851,285.665341681,439,1484.39,4.39,-224.66,1548.58,524.75,1,"	1261,1262" 
2020-03-05T18:00:00Z,"SPY",2020-03-05T18:30:00Z,Sell,276.426157432,276.974476972,389,-213.3,3.89,-213.3,309.28,522.58,0,"	1263,1264" 
2020-03-05T19:30:00Z,"SPY",2020-03-05T20:00:00Z,Sell,275.457459578,276.298216206,390,-327.9,3.9,-541.74,0,541.74,0,"	1265,1266" 
2020-03-05T20:30:00Z,"SPY",2020-03-05T20:58:00Z,Sell,274.744644176,276.407880114,390,-648.66,3.9,-719.94,0,719.94,0,"	1267,1268" 
2020-03-11T14:30:00Z,"SPY",2020-03-11T16:00:00Z,Sell,254.813228897,254.027304223,291,228.7,2.91,-210.09,680.79,502.62,1,"	1269,1270" 
2020-03-11T17:00:00Z,"SPY",2020-03-11T19:58:00Z,Sell,252.693060009,251.514172998,294,346.59,2.94,-120.9,1491.15,1413.24,1,"	1271,1272" 
2020-03-12T16:00:00Z,"SPY",2020-03-12T17:00:00Z,Sell,231.016160861,237.623411318,311,-2054.85,3.11,-2086.12,673.58,2759.7,0,"	1273,1274" 
2020-03-12T19:00:00Z,"SPY",2020-03-12T19:58:00Z,Sell,230.349038754,228.630970862,307,527.45,3.07,-805.2,547.09,1007.2,1,"	1275,1276" 
2020-03-17T16:00:00Z,"SPY",2020-03-17T17:30:00Z,Buy,229.435172854,225.596936074,202,-775.32,2.02,-1028.23,893.47,1921.7,0,"	1277,1278" 
2020-03-17T18:00:00Z,"SPY",2020-03-17T19:30:00Z,Buy,228.110067299,226.675297836,202,-289.82,2.02,-407.97,913.77,1321.74,0,"	1279,1280" 
2020-03-18T17:30:00Z,"SPY",2020-03-18T19:00:00Z,Sell,212.885061405,214.831595772,205,-399.04,2.05,-400.91,854.28,1255.19,0,"	1281,1282" 
2020-03-18T19:30:00Z,"SPY",2020-03-18T19:58:00Z,Sell,211.852392938,216.723298185,205,-998.54,2.05,-1588.66,142.38,1731.04,0,"	1283,1284" 
2020-03-19T15:30:00Z,"SPY",2020-03-19T16:00:00Z,Buy,223.869729523,221.804392589,192,-396.54,2,-396.54,149.14,545.69,0,"	1285,1286" 
2020-03-19T18:00:00Z,"SPY",2020-03-19T19:58:00Z,Buy,223.421935232,220.643782896,192,-533.41,2,-678.16,456.2,1134.36,0,"	1287,1288" 
2020-03-20T16:30:00Z,"SPY",2020-03-20T17:00:00Z,Sell,216.2967014,218.28225548,197,-391.15,2,-674.56,0,674.56,0,"	1289,1290" 
2020-03-20T19:00:00Z,"SPY",2020-03-20T19:58:00Z,Sell,213.5389874,210.42277058,199,620.13,2,-389.64,664.03,777.45,1,"	1291,1292" 
2020-03-23T15:00:00Z,"SPY",2020-03-23T17:00:00Z,Sell,205.45888538,209.0347212,214,-765.23,2.14,-883.26,997.35,1880.61,0,"	1293,1294" 
2020-03-23T18:00:00Z,"SPY",2020-03-23T18:30:00Z,Sell,204.93491972,205.79900344,213,-184.05,2.13,-264.33,377.89,642.22,0,"	1295,1296" 
2020-03-23T19:00:00Z,"SPY",2020-03-23T19:58:00Z,Sell,204.21791408,205.8173882,214,-342.29,2.14,-527.2,586.22,1113.42,0,"	1297,1298" 
2020-03-24T14:30:00Z,"SPY",2020-03-24T15:00:00Z,Buy,219.21068586,218.2730631,199,-186.59,2,-221.34,82.32,303.66,0,"	1299,1300" 
2020-03-24T16:00:00Z,"SPY",2020-03-24T18:00:00Z,Buy,221.02158472,218.08002312,197,-579.49,2,-626.57,409.26,1035.83,0,"	1301,1302" 
2020-03-24T19:00:00Z,"SPY",2020-03-24T19:58:00Z,Buy,221.15027804,224.32164914,196,621.59,2,-34.23,621.59,332.41,1,"	1303,1304" 
2020-03-25T17:00:00Z,"SPY",2020-03-25T19:58:00Z,Buy,230.57246754,227.4654431,174,-540.62,2,-619,874.91,1493.91,0,"	1305,1306" 
2020-03-26T14:00:00Z,"SPY",2020-03-26T19:58:00Z,Buy,233.21987298,241.0701655,170,1334.55,2,-93.76,1342.36,593.83,1,"	1307,1308" 
2020-04-02T14:30:00Z,"SPY",2020-04-02T15:30:00Z,Buy,228.91783914,229.08330198,197,32.6,2,-50.71,622.95,673.65,1,"	1309,1310" 
2020-04-02T17:00:00Z,"SPY",2020-04-02T17:30:00Z,Buy,230.728738,227.96183162,195,-539.55,2,-539.55,127.27,666.82,0,"	1311,1312" 
2020-04-03T17:30:00Z,"SPY",2020-04-03T18:30:00Z,Sell,226.76682222,226.89551554,215,-27.67,2.15,-27.67,274.71,302.38,0,"	1313,1314" 
2020-04-06T17:00:00Z,"SPY",2020-04-06T18:30:00Z,Buy,241.19885882,240.57377698,247,-154.4,2.47,-227.05,118.07,345.12,0,"	1315,1316" 
2020-04-08T18:30:00Z,"SPY",2020-04-08T19:00:00Z,Buy,250.77731878,251.65978726,246,217.09,2.46,0,217.09,165.08,1,"	1317,1318" 
2020-04-09T14:00:00Z,"SPY",2020-04-09T14:30:00Z,Buy,257.86464376,256.64205722,237,-289.75,2.37,-738.54,0,738.54,0,"	1319,1320" 
2020-04-13T14:00:00Z,"SPY",2020-04-13T16:00:00Z,Sell,251.99990532,251.53109394,260,121.89,2.6,-301.14,609.45,590.33,1,"	1321,1322" 
2020-04-13T17:30:00Z,"SPY",2020-04-13T18:00:00Z,Sell,250.85085782,251.95394342,261,-287.91,2.61,-397.79,0,397.79,0,"	1323,1324" 
2020-04-14T14:00:00Z,"SPY",2020-04-14T14:30:00Z,Buy,260.01566068,260.144354,258,33.2,2.58,-106.72,192.1,213.45,1,"	1325,1326" 
2020-04-21T15:00:00Z,"SPY",2020-04-21T17:30:00Z,Sell,252.02748246,252.32163862,354,-104.13,3.54,-104.13,657.33,761.46,0,"	1327,1328" 
2020-04-21T18:00:00Z,"SPY",2020-04-21T18:30:00Z,Sell,251.88959676,252.7444881,354,-302.63,3.54,-504.39,117.15,621.53,0,"	1329,1330" 
2020-04-21T19:00:00Z,"SPY",2020-04-21T19:30:00Z,Sell,251.37482348,252.1469834,354,-273.34,3.54,-397,276.6,673.6,0,"	1331,1332" 
2020-04-23T14:30:00Z,"SPY",2020-04-23T16:00:00Z,Buy,259.62958072,259.49169502,370,-51.02,3.7,-181.96,455.76,637.72,0,"	1333,1334" 
2020-04-27T19:30:00Z,"SPY",2020-04-27T19:58:00Z,Buy,264.29930976,264.31769452,377,6.93,3.77,-29.46,230.46,259.91,1,"	1335,1336" 
2020-04-29T17:00:00Z,"SPY",2020-04-29T19:58:00Z,Buy,270.2100101,269.68604444,473,-247.84,4.73,-595.68,386.97,852.21,0,"	1337,1338" 
2020-04-30T16:00:00Z,"SPY",2020-04-30T17:00:00Z,Sell,266.19294004,266.55144286,497,-178.18,4.97,-210.16,452.29,662.45,0,"	1339,1340" 
2020-04-30T17:30:00Z,"SPY",2020-04-30T19:30:00Z,Sell,266.35840288,267.10298566,496,-369.31,4.96,-506.1,332.84,838.93,0,"	1341,1342" 
2020-05-01T16:00:00Z,"SPY",2020-05-01T19:58:00Z,Sell,259.87777498,259.16076934,504,361.37,5.04,-301.14,518.89,820.03,1,"	1343,1344" 
2020-05-05T14:00:00Z,"SPY",2020-05-05T14:30:00Z,Buy,264.88762208,264.280925,500,-303.35,5,-317.14,55.15,372.29,0,"	1345,1346" 
2020-05-05T15:30:00Z,"SPY",2020-05-05T16:30:00Z,Buy,265.21854776,265.45754964,499,119.26,4.99,-4.59,300.45,194.95,1,"	1347,1348" 
2020-05-05T17:00:00Z,"SPY",2020-05-05T19:30:00Z,Buy,265.11743158,263.96838408,499,-573.37,4.99,-573.37,376.13,949.51,0,"	1349,1350" 
2020-05-12T17:30:00Z,"SPY",2020-05-12T18:00:00Z,Sell,267.29602564,267.93949224,673,-433.05,6.73,-433.05,0,433.05,0,"	1351,1352" 
2020-05-12T18:30:00Z,"SPY",2020-05-12T19:00:00Z,Sell,267.35117992,267.5442199,670,-129.34,6.7,-190.93,320.26,511.19,0,"	1353,1354" 
2020-05-12T19:30:00Z,"SPY",2020-05-12T19:58:00Z,Sell,266.23890194,263.92242218,672,1556.67,6.72,-30.89,1562.85,234.74,1,"	1355,1356" 
2020-05-13T14:00:00Z,"SPY",2020-05-13T14:30:00Z,Sell,261.82655954,263.20541654,667,-919.7,6.67,-962.62,0,962.62,0,"	1357,1358" 
2020-05-13T15:00:00Z,"SPY",2020-05-13T19:58:00Z,Sell,261.76221288,258.91257508,662,1886.46,6.62,-328.61,3450.4,1691.73,1,"	1359,1360" 
2020-05-14T14:00:00Z,"SPY",2020-05-14T15:00:00Z,Sell,254.51861744,257.28552382,651,-1801.26,6.51,-2148.34,215.43,2363.77,0,"	1361,1362" 
2020-05-18T15:00:00Z,"SPY",2020-05-18T16:30:00Z,Buy,270.74316814,271.16601762,626,264.7,6.26,0,546.67,471.86,1,"	1363,1364" 
2020-05-18T17:30:00Z,"SPY",2020-05-18T19:00:00Z,Buy,271.89221564,271.79109946,625,-63.2,6.25,-252.79,132.14,341.84,0,"	1365,1366" 
2020-05-20T14:30:00Z,"SPY",2020-05-20T16:30:00Z,Buy,273.30784216,272.91256982,589,-232.82,5.89,-389.83,265.3,655.13,0,"	1367,1368" 
2020-05-21T15:00:00Z,"SPY",2020-05-21T16:30:00Z,Sell,271.92898516,271.52452044,577,233.38,5.77,-42.43,1076.71,1119.14,1,"	1369,1370" 
2020-05-22T15:00:00Z,"SPY",2020-05-22T15:30:00Z,Sell,269.73200634,270.00777774,659,-181.73,6.59,-331.97,0,331.97,0,"	1371,1372" 
2020-05-27T15:00:00Z,"SPY",2020-05-27T15:30:00Z,Sell,273.96050114,274.78781534,642,-531.14,6.42,-531.14,289.17,820.31,0,"	1373,1374" 
2020-05-29T14:30:00Z,"SPY",2020-05-29T15:30:00Z,Sell,277.18702652,277.03075606,634,99.08,6.34,-268.09,524.52,571.14,1,"	1375,1376" 
2020-06-03T19:30:00Z,"SPY",2020-06-03T19:58:00Z,Buy,287.3537988,286.90337218,720,-324.31,7.2,-324.31,258.12,582.43,0,"	1377,1378" 
2020-06-05T15:00:00Z,"SPY",2020-06-05T19:58:00Z,Buy,293.39319246,293.27369152,806,-96.32,8.06,-540.86,1344.74,1885.61,0,"	1379,1380" 
2020-06-08T18:00:00Z,"SPY",2020-06-08T19:58:00Z,Buy,295.78321126,296.89548924,721,801.95,7.21,-79.53,845.03,304.87,1,"	1381,1382" 
2020-06-10T14:30:00Z,"SPY",2020-06-10T15:30:00Z,Sell,293.26449914,293.82523432,835,-468.21,8.35,-729.19,560.32,1212.75,0,"	1383,1384" 
2020-06-11T14:30:00Z,"SPY",2020-06-11T19:58:00Z,Sell,285.12005046,276.43325136,856,7435.9,8.56,-755.39,7727.04,1731.11,1,"	1385,1386" 
2020-06-12T18:00:00Z,"SPY",2020-06-12T18:30:00Z,Sell,274.72346868,276.7825618,506,-1041.9,5.06,-1041.9,0,1041.9,0,"	1387,1388" 
2020-06-15T18:30:00Z,"SPY",2020-06-15T19:30:00Z,Buy,283.0333802,281.16732706,482,-899.44,4.82,-899.44,0,899.44,0,"	1389,1390" 
2020-06-17T14:30:00Z,"SPY",2020-06-17T15:00:00Z,Sell,286.46213794,287.56522354,469,-517.35,4.69,-719.97,116.4,836.38,0,"	1391,1392" 
2020-06-19T18:30:00Z,"SPY",2020-06-19T19:00:00Z,Sell,284.00212764,285.700970016,470,-798.46,4.7,-867.89,73.34,941.22,0,"	1393,1394" 
2020-06-24T14:00:00Z,"SPY",2020-06-24T19:58:00Z,Sell,284.122154547,280.816798185,473,1563.43,4.73,-244.56,2358.25,1436.79,1,"	1395,1396" 
2020-06-26T14:30:00Z,"SPY",2020-06-26T19:58:00Z,Sell,279.607296276,276.98517,485,1271.73,4.85,-94.04,1500.11,900.06,1,"	1397,1398" 
2020-06-30T16:00:00Z,"SPY",2020-06-30T16:30:00Z,Buy,283.26350052,283.63281408,460,169.88,4.6,-46.72,273.94,108.3,1,"	1399,1400" 
2020-07-02T14:00:00Z,"SPY",2020-07-02T14:30:00Z,Buy,291.194509221,289.551063879,682,-1120.83,6.82,-1127.13,100.75,1227.88,0,"	1401,1402" 
2020-07-08T14:00:00Z,"SPY",2020-07-08T14:30:00Z,Buy,291.85004079,291.046783797,693,-556.66,6.93,-556.66,76.78,633.44,0,"	1403,1404" 
2020-07-09T15:00:00Z,"SPY",2020-07-09T17:00:00Z,Sell,288.009179766,289.44950265,696,-1002.46,6.96,-1050.66,764.7,1815.36,0,"	1405,1406" 
2020-07-09T17:30:00Z,"SPY",2020-07-09T18:30:00Z,Sell,289.828049049,290.418950745,687,-405.95,6.87,-428.15,380.58,808.73,0,"	1407,1408" 
2020-07-10T19:00:00Z,"SPY",2020-07-10T19:58:00Z,Buy,292.607133588,293.23496664,671,421.28,6.71,-229.22,501.81,433.67,1,"	1409,1410" 
2020-07-13T15:30:00Z,"SPY",2020-07-13T16:00:00Z,Buy,297.528236775,297.029663469,659,-328.56,6.59,-413.74,0,413.74,0,"	1411,1412" 
2020-07-13T17:30:00Z,"SPY",2020-07-13T18:00:00Z,Buy,297.546702453,297.223553088,657,-212.31,6.57,-212.31,212.31,424.62,0,"	1413,1414" 
2020-07-14T18:30:00Z,"SPY",2020-07-14T19:58:00Z,Buy,292.902584436,294.546029778,655,1076.46,6.55,-737.8,1167.17,888.98,1,"	1415,1416" 
2020-07-20T17:30:00Z,"SPY",2020-07-20T19:58:00Z,Buy,298.49768487,299.679488262,850,1004.53,8.5,-109.87,1314.53,313.92,1,"	1417,1418" 
2020-07-22T14:00:00Z,"SPY",2020-07-22T14:30:00Z,Buy,300.732031908,300.34425267,851,-330,8.51,-330,188.57,518.57,0,"	1419,1420" 
2020-07-23T17:00:00Z,"SPY",2020-07-23T19:58:00Z,Sell,300.298088475,297.925248852,850,2016.91,8.5,-431.64,2825.25,1185.03,1,"	1421,1422" 
2020-07-27T14:00:00Z,"SPY",2020-07-27T15:00:00Z,Buy,297.869851818,297.842153301,870,-24.1,8.7,-160.65,240.98,361.47,0,"	1423,1424" 
2020-07-29T14:00:00Z,"SPY",2020-07-29T19:58:00Z,Buy,298.054508598,299.928774915,869,1628.74,8.69,0,2262.58,1091.17,1,"	1425,1426" 
2020-07-30T14:00:00Z,"SPY",2020-07-30T15:00:00Z,Sell,295.561642068,296.761911138,888,-1065.84,8.88,-1197.02,221.37,1418.39,0,"	1427,1428" 
2020-07-31T14:30:00Z,"SPY",2020-07-31T15:00:00Z,Sell,297.962180208,298.516150548,873,-483.62,8.73,-523.92,128.96,612.58,0,"	1429,1430" 
2020-07-31T16:30:00Z,"SPY",2020-07-31T17:30:00Z,Sell,298.109905632,297.980645886,870,112.46,8.7,0,1188.82,1076.36,1,"	1431,1432" 
2020-07-31T18:00:00Z,"SPY",2020-07-31T19:00:00Z,Sell,297.832920462,299.042422371,871,-1053.48,8.71,-1053.48,462.4,1515.88,0,"	1433,1434" 
2020-08-06T18:30:00Z,"SPY",2020-08-06T19:58:00Z,Buy,308.044440396,308.496849507,835,377.76,8.35,0,616.75,524.24,1,"	1435,1436" 
2020-08-10T15:00:00Z,"SPY",2020-08-10T15:30:00Z,Sell,307.628962641,308.709204804,839,-906.32,8.39,-921.82,54.22,976.04,0,"	1437,1438" 
2020-08-12T14:00:00Z,"SPY",2020-08-12T17:30:00Z,Buy,310.59270396,310.841990613,825,205.66,8.25,-106.64,1062.58,933.09,1,"	1439,1440" 
2020-08-12T18:00:00Z,"SPY",2020-08-12T19:58:00Z,Buy,311.97762981,311.691411801,823,-235.56,8.23,-448.32,277.35,725.67,0,"	1441,1442" 
2020-08-18T14:30:00Z,"SPY",2020-08-18T15:00:00Z,Sell,310.96201752,311.857602903,824,-737.96,8.24,-737.96,0,737.96,0,"	1443,1444" 
2020-08-20T19:00:00Z,"SPY",2020-08-20T19:30:00Z,Buy,312.273080658,312.088423878,815,-150.5,8.15,-338.61,255.84,594.46,0,"	1445,1446" 
2020-08-21T19:00:00Z,"SPY",2020-08-21T19:58:00Z,Buy,313.316391465,313.519513923,812,164.94,8.12,-104.96,228.66,329.87,1,"	1447,1448" 
2020-08-26T15:30:00Z,"SPY",2020-08-26T19:58:00Z,Buy,318.948423255,321.016579191,798,1650.39,7.98,-51.57,1724.07,1031.49,1,"	1449,1450" 
2020-08-27T14:00:00Z,"SPY",2020-08-27T15:30:00Z,Buy,322.475367753,322.189149744,800,-228.97,8,-1277.82,376.7,1277.82,0,"	1451,1452" 
2020-08-27T16:00:00Z,"SPY",2020-08-27T16:30:00Z,Buy,322.724654406,321.505919658,798,-972.55,7.98,-972.55,0,972.55,0,"	1453,1454" 
2020-08-31T15:30:00Z,"SPY",2020-08-31T16:00:00Z,Sell,322.669257372,323.287857585,792,-489.93,7.92,-643.49,138.94,782.43,0,"	1455,1456" 
2020-09-01T14:30:00Z,"SPY",2020-09-01T15:00:00Z,Buy,324.432729621,323.749499535,784,-535.65,7.84,-535.65,0,535.65,0,"	1457,1458" 
2020-09-01T17:00:00Z,"SPY",2020-09-01T19:58:00Z,Buy,324.266538519,325.097494029,781,648.98,7.81,-234.35,652.58,349.73,1,"	1459,1460" 
2020-09-02T16:30:00Z,"SPY",2020-09-02T19:58:00Z,Buy,328.162796577,330.609498912,776,1898.64,7.76,-28.66,2332.1,594.67,1,"	1461,1462" 
2020-09-03T14:30:00Z,"SPY",2020-09-03T19:58:00Z,Sell,325.660697208,318.985354611,794,5300.22,7.94,-212.6,7374.86,2895.7,1,"	1463,1464" 
2020-09-04T14:00:00Z,"SPY",2020-09-04T16:30:00Z,Sell,317.194183845,314.37816795,756,2128.91,7.56,-621.22,6030.74,3908.81,1,"	1465,1466" 
2020-09-04T17:00:00Z,"SPY",2020-09-04T18:00:00Z,Sell,314.738248671,314.248908204,774,378.75,7.74,0,1636.48,1286.32,1,"	1467,1468" 
2020-09-04T18:30:00Z,"SPY",2020-09-04T19:00:00Z,Sell,315.292219011,318.135933423,774,-2201.03,7.74,-2201.03,264.41,2465.44,0,"	1469,1470" 
2020-09-08T19:00:00Z,"SPY",2020-09-08T19:30:00Z,Sell,308.819998872,309.309339339,759,-371.41,7.59,-371.41,1086.2,1457.61,0,"	1471,1472" 
2020-09-09T14:00:00Z,"SPY",2020-09-09T19:58:00Z,Buy,312.217683624,314.313538077,632,1324.58,6.32,0,2462.44,1137.86,1,"	1473,1474" 
2020-09-10T18:30:00Z,"SPY",2020-09-10T19:58:00Z,Sell,308.616876414,308.727670482,603,-66.81,6.03,-1057.81,634.68,1386.28,0,"	1475,1476" 
2020-09-11T17:30:00Z,"SPY",2020-09-11T18:30:00Z,Sell,306.244036791,306.918034038,580,-390.92,5.8,-744.35,267.75,1012.1,0,"	1477,1478" 
2020-09-14T14:00:00Z,"SPY",2020-09-14T17:00:00Z,Buy,312.947077905,313.519513923,567,324.57,5.67,-73.29,667.47,499.94,1,"	1479,1480" 
2020-09-18T16:30:00Z,"SPY",2020-09-18T19:58:00Z,Sell,307.89653986,306.663655928,578,712.61,5.78,0,2033.34,1685.07,1,"	1481,1482" 
2020-09-21T14:30:00Z,"SPY",2020-09-21T16:00:00Z,Sell,299.13657508,300.007936656,600,-522.82,6,-567.31,495.01,1062.32,0,"	1483,1484" 
2020-09-21T17:00:00Z,"SPY",2020-09-21T17:30:00Z,Sell,299.655684104,300.71244176,597,-630.88,5.97,-630.88,309.91,940.79,0,"	1485,1486" 
2020-09-23T16:00:00Z,"SPY",2020-09-23T17:00:00Z,Sell,303.595350804,304.661378264,580,-618.3,5.8,-618.3,190.87,809.16,0,"	1487,1488" 
2020-09-23T18:00:00Z,"SPY",2020-09-23T19:58:00Z,Sell,303.113320996,299.04387704,578,2352.14,5.78,0,2614.68,731.36,1,"	1489,1490" 
2020-09-24T17:30:00Z,"SPY",2020-09-24T18:30:00Z,Buy,302.492244128,300.832949212,598,-992.26,5.98,-1036.61,210.65,1247.25,0,"	1491,1492" 
2020-09-25T17:30:00Z,"SPY",2020-09-25T19:58:00Z,Buy,302.390276284,304.818964932,680,1651.51,6.8,0,2073.84,813.15,1,"	1493,1494" 
2020-09-29T16:00:00Z,"SPY",2020-09-29T17:00:00Z,Sell,307.89653986,308.40637908,679,-346.18,6.79,-371.36,207.71,579.07,0,"	1495,1496" 
2020-09-30T14:00:00Z,"SPY",2020-09-30T19:00:00Z,Buy,310.603322628,311.354176752,730,548.12,7.3,-453.39,2178.28,2631.67,1,"	1497,1498" 
2020-10-05T14:30:00Z,"SPY",2020-10-05T18:00:00Z,Buy,313.013471668,313.171058336,781,123.08,7.81,0,796.37,716.73,1,"	1499,1500" 
2020-10-05T19:00:00Z,"SPY",2020-10-05T19:58:00Z,Buy,314.403942268,314.9415909,779,418.83,7.79,-137.2,556.03,339.4,1,"	1501,1502" 
2020-10-06T19:00:00Z,"SPY",2020-10-06T19:58:00Z,Sell,312.410934408,311.09462224,728,958.28,7.28,0,1720.85,1518.39,1,"	1503,1504" 
2020-10-07T18:30:00Z,"SPY",2020-10-07T19:58:00Z,Buy,316.294982284,316.28571248,694,-6.43,6.94,-244.46,238.03,411.73,0,"	1505,1506" 
2020-10-12T15:30:00Z,"SPY",2020-10-12T19:58:00Z,Buy,326.056085896,326.862558844,693,558.89,6.93,-115.63,1458.24,1124.2,1,"	1507,1508" 
2020-10-14T14:00:00Z,"SPY",2020-10-14T14:30:00Z,Buy,326.046816092,324.600726668,814,-1177.12,8.14,-1233.71,0,1233.71,0,"	1509,1510" 
2020-10-14T16:00:00Z,"SPY",2020-10-14T18:00:00Z,Sell,322.756035672,322.709686652,815,37.77,8.15,-619.5,763.04,936.81,1,"	1511,1512" 
2020-10-16T14:30:00Z,"SPY",2020-10-16T15:00:00Z,Buy,325.017867848,324.331902352,801,-549.46,8.01,-556.88,0,556.88,0,"	1513,1514" 
2020-10-19T18:00:00Z,"SPY",2020-10-19T19:58:00Z,Sell,319.650651332,316.684314052,854,2533.25,8.54,-261.24,2889.49,1060.8,1,"	1515,1516" 
2020-10-20T14:00:00Z,"SPY",2020-10-20T14:30:00Z,Buy,319.650651332,319.150081916,803,-401.96,8.03,-513.61,215.87,729.48,0,"	1517,1518" 
2020-10-20T17:30:00Z,"SPY",2020-10-20T18:30:00Z,Buy,321.115280364,320.290267808,797,-657.54,7.97,-738.8,310.3,1049.1,0,"	1519,1520" 
2020-10-21T14:00:00Z,"SPY",2020-10-21T15:00:00Z,Buy,320.17903016,318.909067012,802,-1018.51,8.02,-1018.51,66.91,1085.42,0,"	1521,1522" 
2020-10-26T15:00:00Z,"SPY",2020-10-26T19:58:00Z,Sell,314.839623056,314.29270462,879,480.74,8.79,0,3169.63,2688.89,1,"	1523,1524" 
2020-10-27T14:30:00Z,"SPY",2020-10-27T15:00:00Z,Sell,313.745786184,314.042419912,878,-260.44,8.78,-911.56,0,911.56,0,"	1525,1526" 
2020-10-28T14:00:00Z,"SPY",2020-10-28T19:58:00Z,Sell,307.080797108,302.501513932,903,4135.09,9.03,-100.45,4139.28,2117.77,1,"	1527,1528" 
2020-10-29T14:00:00Z,"SPY",2020-10-29T19:58:00Z,Buy,303.919793944,307.145685736,775,2500.07,7.75,-387.94,3929.7,1573.32,1,"	1529,1530" 
2020-10-30T14:30:00Z,"SPY",2020-10-30T16:30:00Z,Sell,301.5003751,302.6591006,788,-913.08,7.88,-1029.95,1460.92,2490.87,0,"	1531,1532" 
2020-10-30T17:00:00Z,"SPY",2020-10-30T19:58:00Z,Sell,301.22228098,301.389137452,784,-130.82,7.84,-363.38,1504.38,1642.46,0,"	1533,1534" 
2020-11-02T15:30:00Z,"SPY",2020-11-02T16:00:00Z,Buy,307.368161032,306.098197884,850,-1079.47,8.5,-1079.47,0,1079.47,0,"	1535,1536" 
2020-11-03T15:00:00Z,"SPY",2020-11-03T18:00:00Z,Buy,310.890686552,311.715699108,778,641.86,7.78,0,2059,1489.26,1,"	1537,1538" 
2020-11-03T18:30:00Z,"SPY",2020-11-03T19:00:00Z,Buy,311.687889696,310.566243412,780,-874.88,7.8,-997.8,151.84,1149.64,0,"	1539,1540" 
2020-11-03T20:30:00Z,"SPY",2020-11-03T20:58:00Z,Buy,311.864015972,312.197728916,775,258.63,7.75,0,1084.8,826.17,1,"	1541,1542" 
2020-11-04T15:00:00Z,"SPY",2020-11-04T20:30:00Z,Buy,317.500056804,318.668052108,690,805.92,6.9,-95.94,3396.36,2590.45,1,"	1543,1544" 
2020-11-05T16:00:00Z,"SPY",2020-11-05T16:30:00Z,Buy,325.991197268,325.444278832,607,-331.98,6.07,-647.08,67.52,714.6,0,"	1545,1546" 
2020-11-06T15:00:00Z,"SPY",2020-11-06T15:30:00Z,Sell,322.839463908,324.285553332,576,-832.95,5.76,-977.11,32.04,1009.15,0,"	1547,1548" 
2020-11-12T18:30:00Z,"SPY",2020-11-12T19:00:00Z,Sell,326.519576096,327.650492184,579,-654.8,5.79,-654.8,69.77,724.57,0,"	1549,1550" 
2020-11-12T19:30:00Z,"SPY",2020-11-12T20:58:00Z,Sell,326.936717276,327.066494532,576,-74.75,5.76,-218.92,651.41,726.16,0,"	1551,1552" 
2020-11-17T15:00:00Z,"SPY",2020-11-17T15:30:00Z,Sell,332.220505556,333.230914192,584,-590.08,5.84,-649.63,0,649.63,0,"	1553,1554" 
2020-11-24T16:30:00Z,"SPY",2020-11-24T20:58:00Z,Buy,335.956236568,336.827598144,805,701.45,8.05,-119.4,977.55,1037.24,1,"	1555,1556" 
2020-11-25T15:00:00Z,"SPY",2020-11-25T17:00:00Z,Sell,335.715221664,335.715221664,846,0,8.46,-203.9,462.69,666.59,0,"	1557,1558" 
2020-11-25T17:30:00Z,"SPY",2020-11-25T18:00:00Z,Sell,335.650333036,336.225060884,846,-486.22,8.46,-486.22,0,486.22,0,"	1559,1560" 
2020-11-30T15:30:00Z,"SPY",2020-11-30T17:30:00Z,Sell,334.82532048,334.602845184,845,187.99,8.45,0,1406.02,1280.69,1,"	1561,1562" 
2020-11-30T18:00:00Z,"SPY",2020-11-30T18:30:00Z,Sell,334.908748716,334.816050676,846,78.42,8.46,-54.9,266.64,321.53,1,"	1563,1564" 
2020-11-30T19:00:00Z,"SPY",2020-11-30T19:30:00Z,Sell,334.658464008,334.992176952,847,-282.65,8.47,-282.65,278.73,561.38,0,"	1565,1566" 
2020-12-01T15:30:00Z,"SPY",2020-12-01T16:00:00Z,Buy,340.183267192,339.543650716,832,-532.16,8.32,-863.8,7.71,871.51,0,"	1567,1568" 
2020-12-01T16:30:00Z,"SPY",2020-12-01T17:00:00Z,Buy,339.886633464,339.5065715,829,-315.07,8.29,-399.6,192.12,591.72,0,"	1569,1570" 
2020-12-01T17:30:00Z,"SPY",2020-12-01T18:00:00Z,Buy,339.886633464,339.64561856,827,-199.32,8.27,-298.98,153.32,452.3,0,"	1571,1572" 
2020-12-01T18:30:00Z,"SPY",2020-12-01T20:00:00Z,Buy,340.183267192,339.988601308,826,-160.79,8.26,-168.45,451.75,620.21,0,"	1573,1574" 
2020-12-03T15:30:00Z,"SPY",2020-12-03T16:30:00Z,Buy,340.730185628,340.841423276,823,91.55,8.23,-465.37,281.51,746.88,1,"	1575,1576" 
2020-12-04T15:00:00Z,"SPY",2020-12-04T19:30:00Z,Buy,341.351262496,341.712784852,822,297.17,8.22,-83.82,768.84,513.57,1,"	1577,1578" 
2020-12-04T20:00:00Z,"SPY",2020-12-04T20:58:00Z,Buy,342.24116368,342.61195584,822,304.79,8.22,-327.65,312.41,449.57,1,"	1579,1580" 
2020-12-08T18:00:00Z,"SPY",2020-12-08T19:00:00Z,Buy,343.010557412,343.038366824,822,22.86,8.22,-49.53,213.35,228.59,1,"	1581,1582" 
2020-12-08T19:30:00Z,"SPY",2020-12-08T20:00:00Z,Buy,343.548206044,343.2144931,820,-273.64,8.2,-425.67,0,425.67,0,"	1583,1584" 
2020-12-09T18:00:00Z,"SPY",2020-12-09T20:58:00Z,Sell,341.610817008,341.026819356,823,480.63,8.23,-22.89,1892,1411.37,1,"	1585,1586" 
2020-12-14T15:00:00Z,"SPY",2020-12-14T16:00:00Z,Buy,342.537797408,341.156596612,824,-1138.11,8.24,-1138.11,183.32,1321.43,0,"	1587,1588" 
2020-12-15T19:00:00Z,"SPY",2020-12-15T20:30:00Z,Buy,342.222624072,341.907450736,818,-257.81,8.18,-257.81,280.56,538.37,0,"	1589,1590" 
2020-12-18T15:00:00Z,"SPY",2020-12-18T20:58:00Z,Sell,344.091011916,344.295816912,812,-166.3,8.12,-434.65,1874.67,2309.33,0,"	1591,1592" 
2020-12-21T15:30:00Z,"SPY",2020-12-21T16:30:00Z,Sell,337.760675676,339.41773428,826,-1368.73,8.26,-1499.45,130.72,1630.17,0,"	1593,1594" 
2020-12-23T15:00:00Z,"SPY",2020-12-23T15:30:00Z,Buy,343.504524882,343.039058982,804,-374.23,8.04,-479.02,7.48,486.5,0,"	1595,1596" 
2021-01-04T15:30:00Z,"SPY",2021-01-04T20:58:00Z,Sell,346.753476864,343.309029204,795,2738.34,7.95,0,5387.86,3004.77,1,"	1597,1598" 
2021-01-05T15:00:00Z,"SPY",2021-01-05T15:30:00Z,Buy,344.58440577,344.202723732,816,-311.45,8.16,-569.73,539.34,1109.07,0,"	1599,1600" 
2021-01-05T18:00:00Z,"SPY",2021-01-05T20:58:00Z,Buy,344.919541218,345.729451884,813,658.46,8.13,-98.39,1422.87,1097.43,1,"	1601,1602" 
2021-01-06T15:00:00Z,"SPY",2021-01-06T20:30:00Z,Buy,346.530053232,348.35467956,813,1483.42,8.13,-68.12,3526.91,2868.45,1,"	1603,1604" 
2021-01-07T15:00:00Z,"SPY",2021-01-07T20:58:00Z,Buy,351.780508584,353.121050376,809,1084.5,8.09,-37.66,1430.94,1084.5,1,"	1605,1606" 
2021-01-15T15:30:00Z,"SPY",2021-01-15T16:00:00Z,Sell,348.699124326,349.397323176,822,-573.92,8.22,-811.14,68.87,880.01,0,"	1607,1608" 
2021-01-20T16:00:00Z,"SPY",2021-01-20T16:30:00Z,Buy,356.342074404,356.17450668,801,-134.22,8.01,-439.95,37.28,439.95,0,"	1609,1610" 
2021-01-20T17:30:00Z,"SPY",2021-01-20T20:58:00Z,Buy,356.891324166,357.775709376,799,706.62,7.99,0,1030.18,528.11,1,"	1611,1612" 
2021-01-25T16:00:00Z,"SPY",2021-01-25T17:00:00Z,Sell,354.908439432,355.951083048,808,-842.46,8.08,-842.46,1760.13,2602.59,0,"	1613,1614" 
2021-01-27T15:00:00Z,"SPY",2021-01-27T15:30:00Z,Sell,351.482610408,353.027957196,811,-1253.28,8.11,-1426.92,0,1426.92,0,"	1615,1616" 
2021-01-27T16:30:00Z,"SPY",2021-01-27T18:00:00Z,Sell,352.069097442,352.49732607,802,-343.44,8.02,-350.91,1679.87,2030.77,0,"	1617,1618" 
2021-01-27T18:30:00Z,"SPY",2021-01-27T20:58:00Z,Sell,352.339067664,348.149874564,800,3351.35,8,-7.45,4766.37,1727.81,1,"	1619,1620" 
2021-01-28T15:00:00Z,"SPY",2021-01-28T20:30:00Z,Buy,351.510538362,353.121050376,821,1322.23,8.21,-107,3278.83,1956.6,1,"	1621,1622" 
2021-01-29T16:30:00Z,"SPY",2021-01-29T20:58:00Z,Sell,346.967591178,345.924947562,839,874.78,8.39,-328.04,3358.52,3686.56,1,"	1623,1624" 
2021-02-01T17:30:00Z,"SPY",2021-02-01T20:58:00Z,Buy,350.160687252,350.840267466,832,565.41,8.32,-302.07,929.44,828.75,1,"	1625,1626" 
2021-02-02T15:00:00Z,"SPY",2021-02-02T20:58:00Z,Buy,354.582613302,355.532163738,751,713.11,7.51,0,1580.03,929.84,1,"	1627,1628" 
2021-02-04T15:00:00Z,"SPY",2021-02-04T15:30:00Z,Buy,357.394027338,357.254387568,710,-99.14,7.1,-178.46,304.04,409.8,0,"	1629,1630" 
2021-02-04T16:00:00Z,"SPY",2021-02-04T17:00:00Z,Buy,357.738472104,358.017751644,709,198.01,7.09,0,270.61,237.61,1,"	1631,1632" 
2021-02-04T18:30:00Z,"SPY",2021-02-04T20:58:00Z,Buy,358.529764134,358.930064808,708,283.41,7.08,-92.27,313.07,303.19,1,"	1633,1634" 
2021-02-18T15:30:00Z,"SPY",2021-02-18T16:00:00Z,Sell,361.657694982,362.1324702,819,-388.84,8.19,-663.32,532.18,1195.5,0,"	1635,1636" 
2021-02-23T15:00:00Z,"SPY",2021-02-23T15:30:00Z,Sell,355.820752596,357.822255966,830,-1661.25,8.3,-1661.25,332.25,1993.5,0,"	1637,1638" 
2021-02-23T18:00:00Z,"SPY",2021-02-23T18:30:00Z,Sell,356.332765086,358.50183618,819,-1776.47,8.19,-1784.09,83.87,1867.96,0,"	1639,1640" 
2021-02-23T20:30:00Z,"SPY",2021-02-23T20:58:00Z,Buy,362.011449066,361.071207948,797,-749.37,7.97,-942.28,0,942.28,0,"	1641,1642" 
2021-02-24T16:00:00Z,"SPY",2021-02-24T20:58:00Z,Buy,361.536673848,365.074214688,793,2805.27,7.93,-22.15,2805.27,752.99,1,"	1643,1644" 
2021-02-25T15:30:00Z,"SPY",2021-02-25T20:58:00Z,Sell,362.793431778,356.342074404,806,5199.79,8.06,0,6557.89,3357.73,1,"	1645,1646" 
2021-02-26T15:30:00Z,"SPY",2021-02-26T16:00:00Z,Sell,352.3576863,355.960392366,859,-3094.72,8.59,-3446.58,0,3446.58,0,"	1647,1648" 
2021-03-01T15:00:00Z,"SPY",2021-03-01T20:58:00Z,Buy,360.214750692,362.374512468,823,1777.48,8.23,-283.48,3030.15,1352.27,1,"	1649,1650" 
2021-03-02T15:30:00Z,"SPY",2021-03-02T17:30:00Z,Sell,360.78261909,361.415652714,824,-521.62,8.24,-736.4,690.38,1426.78,0,"	1651,1652" 
2021-03-03T15:00:00Z,"SPY",2021-03-03T16:00:00Z,Sell,357.952586418,358.54838277,812,-483.79,8.12,-612.29,960.01,1572.31,0,"	1653,1654" 
2021-03-03T19:30:00Z,"SPY",2021-03-03T20:00:00Z,Sell,356.742375078,357.515048472,812,-627.41,8.12,-634.97,680.32,1315.29,0,"	1655,1656" 
2021-03-03T20:30:00Z,"SPY",2021-03-03T20:58:00Z,Sell,356.537570082,355.681112826,809,692.87,8.09,-391.62,760.66,715.47,1,"	1657,1658" 
2021-03-04T18:00:00Z,"SPY",2021-03-04T20:58:00Z,Sell,350.970597918,349.713839988,788,990.33,7.88,-594.2,3719.22,3990.64,1,"	1659,1660" 
2021-03-05T16:00:00Z,"SPY",2021-03-05T17:00:00Z,Sell,349.462488402,349.918644984,774,-353.07,7.74,-360.27,1931.05,2291.32,0,"	1661,1662" 
2021-03-05T20:00:00Z,"SPY",2021-03-05T20:30:00Z,Buy,356.63997258,356.798230986,757,119.8,7.57,-415.78,394.64,655.39,1,"	1663,1664" 
2021-03-08T15:30:00Z,"SPY",2021-03-08T17:00:00Z,Buy,360.000636378,358.632166632,681,-931.93,6.81,-931.93,380.38,1312.31,0,"	1665,1666" 
2021-03-08T17:30:00Z,"SPY",2021-03-08T18:00:00Z,Buy,360.205441374,360.028564332,676,-119.57,6.76,-119.57,365,484.57,0,"	1667,1668" 
2021-03-08T18:30:00Z,"SPY",2021-03-08T19:00:00Z,Buy,360.577814094,357.794328012,675,-1878.85,6.75,-1891.42,0,1891.42,0,"	1669,1670" 
2021-03-09T15:00:00Z,"SPY",2021-03-09T20:30:00Z,Buy,360.521958186,362.141779518,665,1077.18,6.65,-27.86,1621.96,588.12,1,"	1671,1672" 
2021-03-11T16:00:00Z,"SPY",2021-03-11T19:00:00Z,Buy,366.83367579,367.308451008,619,293.89,6.19,0,887.42,662.68,1,"	1673,1674" 
2021-03-19T14:00:00Z,"SPY",2021-03-19T14:30:00Z,Sell,362.879365959,363.13154064,704,-177.53,7.04,-355.06,769.3,1124.36,0,"	1675,1676" 
2021-03-22T14:00:00Z,"SPY",2021-03-22T19:58:00Z,Buy,365.475831193,366.736704598,810,1021.31,8.1,-196.7,2004.79,1127.22,1,"	1677,1678" 
2021-03-23T19:30:00Z,"SPY",2021-03-23T19:58:00Z,Sell,363.673249214,363.635890002,820,30.63,8.2,-260.39,482.49,742.89,1,"	1679,1680" 
2021-03-24T15:00:00Z,"SPY",2021-03-24T15:30:00Z,Buy,366.344432872,366.223015433,814,-98.83,8.14,-228.08,334.51,562.59,0,"	1681,1682" 
2021-03-25T19:30:00Z,"SPY",2021-03-25T19:58:00Z,Buy,363.757307441,363.990802516,819,191.23,8.19,-30.6,719.03,527.8,1,"	1683,1684" 
2021-03-26T14:30:00Z,"SPY",2021-03-26T15:00:00Z,Buy,366.185656221,365.662627253,815,-426.27,8.15,-487.16,114.18,601.34,0,"	1685,1686" 
2021-03-26T17:00:00Z,"SPY",2021-03-26T18:00:00Z,Buy,366.577927947,366.092258191,811,-393.88,8.11,-795.33,333.28,1128.61,0,"	1687,1688" 
2021-03-26T19:30:00Z,"SPY",2021-03-26T19:58:00Z,Buy,366.895481249,369.323830029,809,1964.53,8.09,0,1964.53,249.34,1,"	1689,1690" 
2021-03-29T14:30:00Z,"SPY",2021-03-29T15:30:00Z,Sell,367.14765593,367.978898397,819,-680.79,8.19,-749.63,160.64,841.42,0,"	1691,1692" 
2021-03-31T14:00:00Z,"SPY",2021-03-31T14:30:00Z,Buy,369.996295845,369.921577421,809,-60.45,8.09,-60.45,283.35,343.79,0,"	1693,1694" 
2021-03-31T15:00:00Z,"SPY",2021-03-31T19:58:00Z,Buy,370.622062646,370.351208359,807,-218.58,8.07,-339.17,870.55,1209.72,0,"	1695,1696" 
2021-04-01T14:30:00Z,"SPY",2021-04-01T16:00:00Z,Buy,372.863615366,372.826256154,801,-29.92,8.01,-299.25,201.99,362.84,0,"	1697,1698" 
2021-04-01T16:30:00Z,"SPY",2021-04-01T17:30:00Z,Buy,373.358624925,373.013052214,800,-276.46,8,-298.87,44.83,343.7,0,"	1699,1700" 
2021-04-01T18:00:00Z,"SPY",2021-04-01T19:00:00Z,Buy,373.274566698,373.526741379,798,201.24,7.98,-14.91,238.5,81.24,1,"	1701,1702" 
2021-04-05T14:00:00Z,"SPY",2021-04-05T19:58:00Z,Buy,377.841730365,379.75638998,790,1512.58,7.9,-221.35,1741.31,819.01,1,"	1703,1704" 
2021-04-09T18:00:00Z,"SPY",2021-04-09T19:00:00Z,Buy,382.754466743,382.661068713,787,-73.5,7.87,-161.71,102.91,264.62,0,"	1705,1706" 
2021-04-09T19:30:00Z,"SPY",2021-04-09T19:58:00Z,Buy,383.454951968,384.202136208,785,586.54,7.85,0,663.52,212.62,1,"	1707,1708" 
2021-04-13T18:30:00Z,"SPY",2021-04-13T19:58:00Z,Buy,385.45366981,385.668485279,784,168.42,7.84,0,593.11,556.5,1,"	1709,1710" 
2021-04-14T14:00:00Z,"SPY",2021-04-14T14:30:00Z,Buy,386.509067549,386.004718187,783,-394.91,7.83,-464.38,0,464.38,0,"	1711,1712" 
2021-04-14T19:00:00Z,"SPY",2021-04-14T19:30:00Z,Sell,384.192796405,384.753184585,786,-440.47,7.86,-440.47,271.62,712.09,0,"	1713,1714" 
2021-04-15T14:30:00Z,"SPY",2021-04-15T19:30:00Z,Buy,387.190873168,387.564465288,777,290.28,7.77,0,812.79,613.22,1,"	1715,1716" 
2021-04-19T15:00:00Z,"SPY",2021-04-19T15:30:00Z,Sell,387.919377802,388.208911695,777,-224.97,7.77,-224.97,333.82,558.79,0,"	1717,1718" 
2021-04-19T16:00:00Z,"SPY",2021-04-19T19:58:00Z,Sell,387.443047849,387.489746864,777,-36.29,7.77,-261.25,714.82,896.24,0,"	1719,1720" 
2021-04-20T15:00:00Z,"SPY",2021-04-20T19:58:00Z,Sell,385.117436902,384.98667966,781,102.12,7.81,-153.18,1232.75,1385.93,1,"	1721,1722" 
2021-04-21T14:00:00Z,"SPY",2021-04-21T19:58:00Z,Buy,386.116795823,388.507785391,780,1864.97,7.8,-254.98,2003.39,356.97,1,"	1723,1724" 
2021-04-22T17:30:00Z,"SPY",2021-04-22T19:58:00Z,Sell,387.302950804,385.285553356,787,1587.69,7.87,-58.8,2580,1660.46,1,"	1725,1726" 
2021-04-23T14:00:00Z,"SPY",2021-04-23T19:58:00Z,Buy,386.85464026,389.460445297,796,2074.22,7.96,-14.87,2966.36,1029.68,1,"	1727,1728" 
2021-04-27T14:00:00Z,"SPY",2021-04-27T14:30:00Z,Sell,389.320348252,389.684600569,802,-292.13,8.02,-292.13,202.24,494.37,0,"	1729,1730" 
2021-05-04T14:00:00Z,"SPY",2021-05-04T17:30:00Z,Sell,386.537086958,386.378310307,806,127.97,8.06,-489.31,1573.33,1595.91,1,"	1731,1732" 
2021-05-04T18:00:00Z,"SPY",2021-05-04T18:30:00Z,Sell,386.210193853,386.443688928,807,-188.43,8.07,-572.83,203.5,776.33,0,"	1733,1734" 
2021-05-04T19:00:00Z,"SPY",2021-05-04T19:30:00Z,Sell,386.733222821,386.565106367,805,135.33,8.05,-150.37,390.96,293.22,1,"	1735,1736" 
2021-05-06T14:00:00Z,"SPY",2021-05-06T15:00:00Z,Sell,387.405688637,387.732581742,804,-262.82,8.04,-367.95,758.43,1126.38,0,"	1737,1738" 
2021-05-06T16:30:00Z,"SPY",2021-05-06T17:00:00Z,Buy,389.955454856,389.413746282,798,-432.28,7.98,-439.74,0,439.74,0,"	1739,1740" 
2021-05-07T14:00:00Z,"SPY",2021-05-07T17:30:00Z,Buy,393.159007285,393.663356647,789,397.93,7.89,0,1370.65,972.72,1,"	1741,1742" 
2021-05-07T18:00:00Z,"SPY",2021-05-07T19:58:00Z,Buy,393.85949251,394.578657341,790,568.14,7.9,-236.11,796.87,427.95,1,"	1743,1744" 
2021-05-10T18:30:00Z,"SPY",2021-05-10T19:58:00Z,Sell,392.056910531,390.441124612,796,1286.17,7.96,-52.04,1293.6,702.56,1,"	1745,1746" 
2021-05-11T14:30:00Z,"SPY",2021-05-11T15:30:00Z,Sell,384.659786555,386.555766564,818,-1550.91,8.18,-1550.91,1000.83,2551.75,0,"	1747,1748" 
2021-05-12T15:00:00Z,"SPY",2021-05-12T19:58:00Z,Sell,382.399554229,378.738351453,815,2983.88,8.15,-525.22,3455.82,1316.87,1,"	1749,1750" 
2021-05-13T14:00:00Z,"SPY",2021-05-13T15:30:00Z,Buy,382.978622015,382.782486152,829,-162.6,8.29,-263.25,1444.01,1707.26,0,"	1751,1752" 
2021-05-13T16:00:00Z,"SPY",2021-05-13T17:00:00Z,Buy,382.623709501,382.782486152,829,131.63,8.29,-116.14,1107.21,1169.15,1,"	1753,1754" 
2021-05-13T17:30:00Z,"SPY",2021-05-13T18:00:00Z,Buy,382.063321321,381.820486443,831,-201.8,8.31,-900.32,7.76,908.08,0,"	1755,1756" 
2021-05-13T18:30:00Z,"SPY",2021-05-13T19:58:00Z,Buy,384.006000345,383.567029604,825,-362.15,8.25,-362.15,901.52,1263.68,0,"	1757,1758" 
2021-05-14T14:00:00Z,"SPY",2021-05-14T14:30:00Z,Buy,387.517766273,387.078795532,816,-358.2,8.16,-522.06,175.29,533.49,0,"	1759,1760" 
2021-05-14T15:00:00Z,"SPY",2021-05-14T19:58:00Z,Buy,387.863338984,389.451105494,813,1290.85,8.13,-296.14,1662.92,766.92,1,"	1761,1762" 
2021-05-20T14:00:00Z,"SPY",2021-05-20T19:58:00Z,Buy,385.82726193,387.863338984,824,1677.73,8.24,-53.87,2693.6,1546.9,1,"	1763,1764" 
2021-05-21T14:00:00Z,"SPY",2021-05-21T14:30:00Z,Buy,390.581221657,389.273649237,823,-1076.13,8.23,-1076.13,0,1076.13,0,"	1765,1766" 
2021-05-24T14:30:00Z,"SPY",2021-05-24T16:30:00Z,Buy,391.356425306,391.309726291,816,-38.11,8.16,-53.35,442.03,495.38,0,"	1767,1768" 
2021-05-24T17:30:00Z,"SPY",2021-05-24T19:30:00Z,Buy,391.926153289,392.215687182,814,235.68,8.14,0,501.77,300.3,1,"	1769,1770" 
2021-06-04T15:00:00Z,"SPY",2021-06-04T15:30:00Z,Buy,393.878172116,394.008929358,811,106.04,8.11,-22.72,212.09,204.51,1,"	1771,1772" 
2021-06-04T19:00:00Z,"SPY",2021-06-04T19:30:00Z,Buy,394.60667675,394.578657341,810,-22.7,8.1,-105.91,7.57,113.48,0,"	1773,1774" 
2021-06-07T14:30:00Z,"SPY",2021-06-07T15:00:00Z,Sell,393.775434283,393.887511919,812,-91.01,8.12,-91.01,168.36,259.37,0,"	1775,1776" 
2021-06-08T15:30:00Z,"SPY",2021-06-08T16:00:00Z,Sell,393.140327679,394.167706009,813,-835.26,8.13,-850.45,0,850.45,0,"	1777,1778" 
2021-06-10T14:00:00Z,"SPY",2021-06-10T14:30:00Z,Buy,396.241142275,395.774152125,802,-374.53,8.02,-441.94,232.21,674.15,0,"	1779,1780" 
2021-06-14T16:30:00Z,"SPY",2021-06-14T17:30:00Z,Sell,395.437919217,395.44725902,802,-7.49,8.02,-7.49,194.75,202.24,0,"	1781,1782" 
2021-06-14T18:30:00Z,"SPY",2021-06-14T19:00:00Z,Sell,395.241783354,395.587356065,802,-277.15,8.02,-292.13,0,292.13,0,"	1783,1784" 
2021-06-15T14:30:00Z,"SPY",2021-06-15T16:30:00Z,Sell,396.343880108,396.399918926,798,-44.72,7.98,-44.72,540.35,585.07,0,"	1785,1786" 
2021-06-15T17:00:00Z,"SPY",2021-06-15T18:00:00Z,Sell,396.203783063,396.614734395,798,-327.94,7.98,-365.2,163.97,529.17,0,"	1787,1788" 
2021-06-16T16:30:00Z,"SPY",2021-06-16T19:30:00Z,Sell,395.559336656,395.008288279,798,439.74,7.98,-74.53,2645.87,2675.69,1,"	1789,1790" 
2021-06-17T16:30:00Z,"SPY",2021-06-17T17:00:00Z,Sell,391.954172698,393.317783936,808,-1101.8,8.08,-1101.8,184.89,1286.69,0,"	1791,1792" 
2021-06-18T15:00:00Z,"SPY",2021-06-18T16:00:00Z,Sell,389.984846364,390.528327012,806,-438.05,8.06,-490.91,438.05,928.96,0,"	1793,1794" 
2021-06-18T19:00:00Z,"SPY",2021-06-18T19:30:00Z,Sell,389.675624616,390.331549536,804,-527.36,8.04,-783.51,188.34,971.86,0,"	1795,1796" 
2021-06-21T14:00:00Z,"SPY",2021-06-21T19:58:00Z,Buy,391.568436528,394.454506176,798,2303.08,7.98,0,2310.56,440.43,1,"	1797,1798" 
2021-06-22T15:00:00Z,"SPY",2021-06-22T19:58:00Z,Buy,395.316578928,396.590947344,802,1022.04,8.02,-75.15,1563.13,668.84,1,"	1799,1800" 
2021-07-01T14:00:00Z,"SPY",2021-07-01T14:30:00Z,Buy,402.306864504,402.334975572,793,22.29,7.93,-133.75,193.2,267.5,1,"	1801,1802" 
2021-07-01T18:00:00Z,"SPY",2021-07-01T19:58:00Z,Buy,402.850345152,403.122085476,792,215.22,7.92,-66.79,426.73,307.98,1,"	1803,1804" 
2021-07-02T17:00:00Z,"SPY",2021-07-02T19:58:00Z,Buy,405.989414412,406.457932212,787,368.72,7.87,-162.24,575.21,296.45,1,"	1805,1806" 
2021-07-06T14:00:00Z,"SPY",2021-07-06T18:00:00Z,Sell,405.708303732,404.5651203,789,901.97,7.89,-44.36,2188.39,1315.99,1,"	1807,1808" 
2021-07-06T18:30:00Z,"SPY",2021-07-06T19:00:00Z,Sell,404.977415964,404.902453116,795,59.6,7.95,-171.34,223.48,171.34,1,"	1809,1810" 
2021-07-09T14:00:00Z,"SPY",2021-07-09T19:58:00Z,Buy,406.289265804,408.163337004,793,1486.14,7.93,0,1560.45,430.98,1,"	1811,1812" 
2021-07-12T14:30:00Z,"SPY",2021-07-12T15:30:00Z,Buy,408.978557976,408.903595128,795,-59.6,7.95,-104.29,186.24,290.53,0,"	1813,1814" 
2021-07-12T18:30:00Z,"SPY",2021-07-12T19:58:00Z,Buy,409.456446132,409.512668268,793,44.58,7.93,-163.48,170.91,245.21,1,"	1815,1816" 
2021-07-15T18:00:00Z,"SPY",2021-07-15T18:30:00Z,Sell,405.530266968,406.617228264,801,-870.66,8.01,-870.66,0,870.66,0,"	1817,1818" 
2021-07-16T14:30:00Z,"SPY",2021-07-16T16:00:00Z,Sell,405.951932988,406.354858296,796,-320.73,7.96,-619.08,171.55,619.08,0,"	1819,1820" 
2021-07-16T17:30:00Z,"SPY",2021-07-16T19:58:00Z,Sell,406.25178438,404.021639652,794,1770.73,7.94,-14.88,1912.1,546.84,1,"	1821,1822" 
2021-07-19T14:00:00Z,"SPY",2021-07-19T16:00:00Z,Sell,397.546723656,398.174537508,820,-514.81,8.2,-791.42,1160.24,1951.66,0,"	1823,1824" 
2021-07-19T16:30:00Z,"SPY",2021-07-19T19:58:00Z,Sell,396.778354464,397.481131164,819,-575.57,8.19,-575.57,1059.06,1634.63,0,"	1825,1826" 
2021-07-20T14:00:00Z,"SPY",2021-07-20T19:58:00Z,Buy,401.2854957,404.293379976,807,2427.36,8.07,-215.51,3115.49,937.67,1,"	1827,1828" 
2021-07-21T14:00:00Z,"SPY",2021-07-21T14:30:00Z,Buy,406.364228652,405.764525868,809,-485.16,8.09,-485.16,0,485.16,0,"	1829,1830" 
2021-07-23T15:30:00Z,"SPY",2021-07-23T16:00:00Z,Buy,411.583516944,411.105628788,796,-380.4,7.96,-380.4,156.63,537.03,0,"	1831,1832" 
2021-07-23T17:30:00Z,"SPY",2021-07-23T19:30:00Z,Buy,412.126997592,411.930220116,793,-156.04,7.93,-456.99,96.6,553.59,0,"	1833,1834" 
2021-07-27T15:00:00Z,"SPY",2021-07-27T19:00:00Z,Sell,410.946332736,410.449703868,795,394.82,7.95,-305.43,1851.18,1456.36,1,"	1835,1836" 
2021-07-29T14:30:00Z,"SPY",2021-07-29T15:30:00Z,Buy,413.204588532,413.391995652,792,148.43,7.92,-81.63,508.36,359.93,1,"	1837,1838" 
2021-07-29T16:30:00Z,"SPY",2021-07-29T17:00:00Z,Buy,413.79492096,413.570032416,792,-178.11,7.92,-252.32,59.37,311.7,0,"	1839,1840" 
2021-08-03T14:00:00Z,"SPY",2021-08-03T14:30:00Z,Sell,408.92233584,410.206074612,800,-1026.99,8,-1146.93,112.44,1259.38,0,"	1841,1842" 
2021-08-03T18:30:00Z,"SPY",2021-08-03T19:58:00Z,Buy,412.792292868,413.251440312,788,361.81,7.88,-265.82,369.19,295.35,1,"	1843,1844" 
2021-08-09T14:30:00Z,"SPY",2021-08-09T15:00:00Z,Sell,413.963587368,414.019809504,787,-44.25,7.87,-331.85,29.5,361.35,0,"	1845,1846" 
2021-08-10T14:30:00Z,"SPY",2021-08-10T15:00:00Z,Buy,415.209844716,414.478956948,785,-573.75,7.85,-801.77,0,801.77,0,"	1847,1848" 
2021-08-12T19:00:00Z,"SPY",2021-08-12T19:58:00Z,Buy,416.849657016,417.140138052,779,226.28,7.79,0,251.83,215.34,1,"	1849,1850" 
2021-08-16T14:00:00Z,"SPY",2021-08-16T15:30:00Z,Sell,415.462844328,415.818917856,782,-278.45,7.82,-476.3,322.42,608.19,0,"	1851,1852" 
2021-08-17T16:00:00Z,"SPY",2021-08-17T19:30:00Z,Sell,415.15362258,415.266066852,782,-87.93,7.82,-307.76,1494.83,1802.59,0,"	1853,1854" 
2021-08-18T19:30:00Z,"SPY",2021-08-18T19:58:00Z,Sell,413.738698824,411.667850148,784,1623.55,7.84,0,1623.55,484.86,1,"	1855,1856" 
2021-08-19T16:00:00Z,"SPY",2021-08-19T17:30:00Z,Buy,412.979699988,411.770924064,793,-958.56,7.93,-958.56,222.92,1181.48,0,"	1857,1858" 
2021-08-19T19:30:00Z,"SPY",2021-08-19T19:58:00Z,Buy,413.13899604,411.705331572,788,-1129.73,7.88,-1174.03,22.15,1196.18,0,"	1859,1860" 
2021-08-20T14:00:00Z,"SPY",2021-08-20T19:58:00Z,Buy,414.02917986,415.706473584,781,1309.97,7.81,-29.27,1339.24,731.82,1,"	1861,1862" 
2021-08-23T14:00:00Z,"SPY",2021-08-23T19:58:00Z,Buy,418.24584006,419.0891721,779,656.96,7.79,-124.09,1350.41,737.25,1,"	1863,1864" 
2021-08-25T16:30:00Z,"SPY",2021-08-25T17:00:00Z,Buy,421.01009508,420.972613656,777,-29.12,7.77,-152.9,29.12,167.46,0,"	1865,1866" 
2021-08-26T14:30:00Z,"SPY",2021-08-26T16:30:00Z,Sell,419.37028278,419.74509702,780,-292.36,7.8,-372.75,869.76,1242.51,0,"	1867,1868" 
2021-08-26T17:30:00Z,"SPY",2021-08-26T19:58:00Z,Sell,419.22972744,418.348913976,779,686.15,7.79,-270.08,864.99,529.21,1,"	1869,1870" 
2021-08-27T14:30:00Z,"SPY",2021-08-27T19:58:00Z,Buy,421.028835792,421.834686408,779,627.76,7.79,-270.08,912.44,408.77,1,"	1871,1872" 
2021-08-30T14:30:00Z,"SPY",2021-08-30T19:58:00Z,Buy,423.708757608,423.718127964,777,7.28,7.77,-58.25,611.58,604.3,1,"	1873,1874" 
2021-08-31T14:00:00Z,"SPY",2021-08-31T14:30:00Z,Sell,422.706129516,423.202758384,779,-386.87,7.79,-598.56,0,598.56,0,"	1875,1876" 
2021-09-07T14:00:00Z,"SPY",2021-09-07T15:00:00Z,Sell,423.296461944,423.249610164,776,36.36,7.76,-14.54,647.15,610.8,1,"	1877,1878" 
2021-09-07T15:30:00Z,"SPY",2021-09-07T16:30:00Z,Sell,422.687388804,423.35268408,777,-516.93,7.77,-538.78,0,538.78,0,"	1879,1880" 
2021-09-08T15:00:00Z,"SPY",2021-09-08T15:30:00Z,Sell,421.122539352,421.694131068,777,-444.13,7.77,-651.63,0,651.63,0,"	1881,1882" 
2021-09-08T16:00:00Z,"SPY",2021-09-08T16:30:00Z,Sell,421.075687572,422.359426344,775,-994.9,7.75,-994.9,79.88,1074.78,0,"	1883,1884" 
2021-09-09T14:00:00Z,"SPY",2021-09-09T15:00:00Z,Buy,423.362054436,423.408906216,766,35.89,7.66,-86.13,480.91,445.02,1,"	1885,1886" 
2021-09-09T18:00:00Z,"SPY",2021-09-09T18:30:00Z,Sell,421.019465436,421.085057928,771,-50.57,7.71,-187.84,411.8,599.64,0,"	1887,1888" 
2021-09-10T15:30:00Z,"SPY",2021-09-10T16:00:00Z,Sell,419.323431,419.716985952,774,-304.61,7.74,-366.26,36.26,366.26,0,"	1889,1890" 
2021-09-10T19:30:00Z,"SPY",2021-09-10T19:58:00Z,Sell,418.71435786,417.327545172,773,1072.01,7.73,-28.97,1100.98,173.84,1,"	1891,1892" 
2021-09-14T15:00:00Z,"SPY",2021-09-14T15:30:00Z,Sell,416.943360576,417.646137276,782,-549.57,7.82,-549.57,0,549.57,0,"	1893,1894" 
2021-09-14T17:00:00Z,"SPY",2021-09-14T19:58:00Z,Sell,416.868397728,415.987584264,779,686.15,7.79,-226.28,1138.72,715.35,1,"	1895,1896" 
2021-09-15T16:30:00Z,"SPY",2021-09-15T19:58:00Z,Buy,417.87102582,419.595171324,780,1344.83,7.8,0,1783.37,533.55,1,"	1897,1898" 
2021-09-16T14:00:00Z,"SPY",2021-09-16T16:30:00Z,Sell,418.049062584,417.627396564,786,331.43,7.86,0,1524.58,1318.35,1,"	1899,1900" 
2021-09-16T17:00:00Z,"SPY",2021-09-16T17:30:00Z,Sell,417.889766532,417.908507244,788,-14.77,7.88,-155.06,269.51,424.57,0,"	1901,1902" 
2021-09-17T14:00:00Z,"SPY",2021-09-17T19:58:00Z,Sell,416.897319573,415.327456614,790,1240.19,7.9,-111.39,1812.02,1082.75,1,"	1903,1904" 
2021-09-20T16:00:00Z,"SPY",2021-09-20T19:58:00Z,Sell,406.923519576,408.192570471,815,-1034.28,8.15,-1034.28,3018.56,4052.83,0,"	1905,1906" 
2021-09-22T14:30:00Z,"SPY",2021-09-22T19:00:00Z,Buy,411.17248998,411.379298274,802,165.86,8.02,-376.96,1952.63,2329.58,1,"	1907,1908" 
2021-09-22T19:30:00Z,"SPY",2021-09-22T19:58:00Z,Buy,412.6765503,411.567305814,800,-887.4,8,-887.4,157.93,1045.32,0,"	1909,1910" 
2021-09-23T14:00:00Z,"SPY",2021-09-23T19:58:00Z,Buy,415.694071317,416.793915426,790,868.88,7.9,0,1961.29,1203.8,1,"	1911,1912" 
2021-09-28T14:00:00Z,"SPY",2021-09-28T19:00:00Z,Sell,411.745912977,409.724831922,801,1618.89,8.01,0,3757.32,2347.76,1,"	1913,1914" 
2021-09-28T19:30:00Z,"SPY",2021-09-28T19:58:00Z,Sell,408.709591206,408.032764062,815,551.61,8.15,-413.71,972.99,421.37,1,"	1915,1916" 
2021-09-30T16:00:00Z,"SPY",2021-09-30T18:30:00Z,Sell,406.331295825,406.75431279,823,-348.14,8.23,-657.6,1713.64,2371.24,0,"	1917,1918" 
2021-10-01T18:30:00Z,"SPY",2021-10-01T19:58:00Z,Buy,408.013963308,408.455781027,818,361.41,8.18,-69.21,1498.69,1452.55,1,"	1919,1920" 
2021-10-04T14:30:00Z,"SPY",2021-10-04T19:58:00Z,Sell,404.178609492,402.80615445,827,1135.02,8.27,0,2720.94,2137.88,1,"	1921,1922" 
2021-10-05T14:30:00Z,"SPY",2021-10-05T19:58:00Z,Buy,407.731951998,407.572145589,799,-127.69,7.99,-405.59,1269.34,1637.38,0,"	1923,1924" 
2021-10-07T14:00:00Z,"SPY",2021-10-07T16:30:00Z,Buy,414.255813636,414.5566257,765,230.12,7.65,-89.89,640.02,729.92,1,"	1925,1926" 
2021-10-11T14:00:00Z,"SPY",2021-10-11T15:00:00Z,Buy,413.05256538,413.278174428,815,183.87,8.15,-15.32,574.6,452.02,1,"	1927,1928" 
2021-10-14T15:30:00Z,"SPY",2021-10-14T19:58:00Z,Buy,414.688230978,415.675270563,813,802.46,8.13,-53.5,1154.02,649.61,1,"	1929,1930" 
2021-10-28T14:00:00Z,"SPY",2021-10-28T17:00:00Z,Buy,429.381020229,429.31521759,789,-51.92,7.89,-400.51,860.36,1038.37,0,"	1931,1932" 
2021-10-28T17:30:00Z,"SPY",2021-10-28T19:58:00Z,Buy,429.653631162,430.744074894,788,859.27,7.88,0,866.68,540.75,1,"	1933,1934" 
2021-11-02T14:00:00Z,"SPY",2021-11-02T14:30:00Z,Buy,433.507785732,433.564187994,785,44.28,7.85,-228.76,147.59,376.34,1,"	1935,1936" 
2021-11-02T15:00:00Z,"SPY",2021-11-02T16:00:00Z,Buy,433.92140232,433.742795157,784,-140.03,7.84,-235.84,449.56,589.59,0,"	1937,1938" 
2021-11-02T16:30:00Z,"SPY",2021-11-02T18:30:00Z,Buy,434.01540609,433.770996288,783,-191.37,7.83,-312.82,279.7,592.52,0,"	1939,1940" 
2021-11-02T19:00:00Z,"SPY",2021-11-02T19:58:00Z,Buy,434.222214384,433.893201189,782,-257.29,7.82,-367.55,58.81,426.36,0,"	1941,1942" 
2021-11-03T19:00:00Z,"SPY",2021-11-03T19:58:00Z,Buy,436.111690161,437.061128238,777,737.71,7.77,0,850.93,346.94,1,"	1943,1944" 
2021-11-04T14:00:00Z,"SPY",2021-11-04T15:30:00Z,Buy,438.395981772,437.418342564,777,-759.63,7.77,-796.15,460.16,1256.3,0,"	1945,1946" 
2021-11-05T14:00:00Z,"SPY",2021-11-05T14:30:00Z,Buy,442.062128802,441.780117492,767,-216.3,7.67,-245.14,273.98,519.13,0,"	1947,1948" 
2021-11-09T15:00:00Z,"SPY",2021-11-09T20:58:00Z,Sell,438.960004392,439.317218718,771,-275.41,7.71,-728.39,652.29,1148.76,0,"	1949,1950" 
2021-11-10T19:00:00Z,"SPY",2021-11-10T20:58:00Z,Sell,436.384301094,436.224494685,774,123.69,7.74,-36.38,1520.66,1557.04,1,"	1951,1952" 
2021-11-12T16:30:00Z,"SPY",2021-11-12T20:58:00Z,Buy,438.837799491,439.18561344,771,268.16,7.71,-369.63,674.04,761.01,1,"	1953,1954" 
2021-11-16T15:00:00Z,"SPY",2021-11-16T15:30:00Z,Buy,440.417062827,440.022246993,769,-303.61,7.69,-303.61,361.44,665.06,0,"	1955,1956" 
2021-11-16T16:30:00Z,"SPY",2021-11-16T20:58:00Z,Buy,441.582709575,441.187893741,766,-302.43,7.66,-309.63,511.25,820.88,0,"	1957,1958" 
2021-11-17T15:00:00Z,"SPY",2021-11-17T15:30:00Z,Sell,439.533427389,439.947043977,768,-317.66,7.68,-505.36,0,505.36,0,"	1959,1960" 
2021-11-18T15:30:00Z,"SPY",2021-11-18T16:00:00Z,Sell,438.818998737,439.46762475,768,-498.14,7.68,-563.12,0,563.12,0,"	1961,1962" 
2021-11-22T15:00:00Z,"SPY",2021-11-22T16:30:00Z,Buy,444.35582079,443.867001186,756,-369.55,7.56,-433.51,533,966.51,0,"	1963,1964" 
2021-11-23T15:00:00Z,"SPY",2021-11-23T15:30:00Z,Buy,440.482865466,438.113970462,761,-1802.73,7.61,-1859.96,0,1859.96,0,"	1965,1966" 
2021-11-23T16:00:00Z,"SPY",2021-11-23T16:30:00Z,Sell,437.173932762,438.62159082,758,-1097.32,7.58,-1311.09,420.4,1731.49,0,"	1967,1968" 
2021-11-23T18:00:00Z,"SPY",2021-11-23T19:00:00Z,Sell,437.559348219,438.320778756,752,-572.6,7.52,-1003.81,303.97,1307.78,0,"	1969,1970" 
2021-11-24T20:30:00Z,"SPY",2021-11-24T20:58:00Z,Buy,441.216094872,441.150292233,744,-48.96,7.44,-279.76,90.92,328.71,0,"	1971,1972" 
2021-11-26T15:00:00Z,"SPY",2021-11-26T17:30:00Z,Sell,433.808597796,433.009565751,756,604.07,7.56,0,2345.21,1741.14,1,"	1973,1974" 
2021-11-29T17:30:00Z,"SPY",2021-11-29T20:58:00Z,Buy,437.747355759,437.437143318,752,-233.28,7.52,-473.63,593.8,1067.43,0,"	1975,1976" 
2021-11-30T16:00:00Z,"SPY",2021-11-30T20:58:00Z,Sell,430.546666977,428.732394216,763,1384.29,7.63,-1222.91,1800.29,2438.65,1,"	1977,1978" 
2021-12-01T16:00:00Z,"SPY",2021-12-01T17:00:00Z,Buy,435.669872442,434.917842282,761,-572.29,7.61,-708.22,844.14,1552.35,0,"	1979,1980" 
2021-12-01T20:30:00Z,"SPY",2021-12-01T20:58:00Z,Sell,426.617309391,424.549226451,774,1600.7,7.74,-1025.9,1600.7,1185.97,1,"	1981,1982" 
2021-12-02T15:00:00Z,"SPY",2021-12-02T20:58:00Z,Buy,428.553787053,429.428022114,778,680.15,7.78,-2823.01,2237.93,3130.18,1,"	1983,1984" 
2021-12-03T15:00:00Z,"SPY",2021-12-03T20:58:00Z,Sell,428.102568957,426.391700343,760,1300.26,7.6,-185.75,4600.92,3300.66,1,"	1985,1986" 
2021-12-06T15:30:00Z,"SPY",2021-12-06T16:30:00Z,Buy,430.640670747,430.039046619,769,-462.65,7.69,-925.3,148.19,1073.49,0,"	1987,1988" 
2021-12-06T17:30:00Z,"SPY",2021-12-06T20:58:00Z,Buy,431.19529299,431.326898268,766,100.81,7.66,-194.42,1418.54,1548.15,1,"	1989,1990" 
2021-12-07T15:00:00Z,"SPY",2021-12-07T20:30:00Z,Buy,439.232615325,439.242015702,710,6.67,7.1,-180.21,1044.52,1037.85,1,"	1991,1992" 
2021-12-13T15:00:00Z,"SPY",2021-12-13T16:00:00Z,Sell,440.59566999,439.730835306,612,529.28,6.12,-333.68,770.91,537.91,1,"	1993,1994" 
2021-12-13T16:30:00Z,"SPY",2021-12-13T17:30:00Z,Sell,438.988205523,439.815438699,616,-509.58,6.16,-550.11,127.39,677.5,0,"	1995,1996" 
2021-12-13T18:00:00Z,"SPY",2021-12-13T19:00:00Z,Sell,439.486425504,439.702634175,613,-132.54,6.13,-149.82,282.36,432.18,0,"	1997,1998" 
2021-12-15T15:00:00Z,"SPY",2021-12-15T15:30:00Z,Sell,434.024806467,434.250415515,605,-136.49,6.05,-204.74,79.62,284.36,0,"	1999,2000" 
2021-12-15T20:30:00Z,"SPY",2021-12-15T20:58:00Z,Buy,441.375901281,442.118531064,594,441.12,5.94,-692.39,446.71,1021.84,1,"	2001,2002" 
2021-12-16T19:30:00Z,"SPY",2021-12-16T20:30:00Z,Sell,438.875400999,439.166812686,570,-166.1,5.7,-326.85,1106.47,1363.67,0,"	2003,2004" 
2021-12-17T15:30:00Z,"SPY",2021-12-17T16:00:00Z,Sell,433.389860046,437.031157464,634,-2308.58,6.34,-2649.49,266.14,2915.63,0,"	2005,2006" 
2021-12-20T15:30:00Z,"SPY",2021-12-20T17:00:00Z,Sell,426.720437055,427.229841357,638,-325,6.38,-505.56,722.22,1047.22,0,"	2007,2008" 
2021-12-21T18:00:00Z,"SPY",2021-12-21T20:58:00Z,Buy,435.691612818,436.700988009,668,674.26,6.68,-352.89,674.26,926.32,1,"	2009,2010" 
2021-12-22T16:00:00Z,"SPY",2021-12-22T19:00:00Z,Buy,439.719680169,439.474411431,643,-157.71,6.43,-315.42,448.86,764.28,0,"	2011,2012" 
2021-12-22T20:00:00Z,"SPY",2021-12-22T20:58:00Z,Buy,439.898915016,441.20072601,642,835.76,6.42,-121.13,859.99,356.71,1,"	2013,2014" 
2021-12-23T15:00:00Z,"SPY",2021-12-23T16:30:00Z,Buy,443.530779021,444.228851583,660,460.73,6.6,-56.03,778.26,317.53,1,"	2015,2016" 
2021-12-23T17:00:00Z,"SPY",2021-12-23T17:30:00Z,Buy,444.606188103,444.247718409,660,-236.59,6.6,-261.49,0,261.49,0,"	2017,2018" 
2021-12-23T19:30:00Z,"SPY",2021-12-23T20:30:00Z,Buy,444.842023428,444.719389059,659,-80.82,6.59,-174.07,149.2,323.26,0,"	2019,2020" 
2021-12-27T15:30:00Z,"SPY",2021-12-27T20:58:00Z,Buy,447.766381458,450.124734708,675,1591.89,6.75,-120.98,1591.89,515.77,1,"	2021,2022" 
2022-01-04T19:00:00Z,"SPY",2022-01-04T19:30:00Z,Sell,448.766323236,449.549296515,752,-588.8,7.52,-652.64,0,652.64,0,"	2023,2024" 
2022-01-05T19:30:00Z,"SPY",2022-01-05T20:58:00Z,Sell,446.57777142,442.23840144,753,3267.55,7.53,-284.13,3281.75,646.41,1,"	2025,2026" 
2022-01-06T15:00:00Z,"SPY",2022-01-06T15:30:00Z,Sell,440.578120752,441.162992358,778,-455.03,7.78,-1034.83,1071.52,2106.35,0,"	2027,2028" 
2022-01-07T16:00:00Z,"SPY",2022-01-07T17:00:00Z,Sell,438.889539825,441.153558945,779,-1763.67,7.79,-2035.57,271.9,2307.47,0,"	2029,2030" 
2022-01-10T15:00:00Z,"SPY",2022-01-10T16:30:00Z,Sell,433.314392742,433.993598478,781,-530.46,7.81,-530.46,1900.81,2431.27,0,"	2031,2032" 
2022-01-10T17:00:00Z,"SPY",2022-01-10T18:00:00Z,Sell,433.437027111,433.229492025,778,161.46,7.78,-330.26,1056.84,1387.11,1,"	2033,2034" 
2022-01-10T18:30:00Z,"SPY",2022-01-10T19:00:00Z,Sell,434.446402302,435.710479644,777,-982.19,7.77,-1191.09,212.56,1403.65,0,"	2035,2036" 
2022-01-11T15:00:00Z,"SPY",2022-01-11T15:30:00Z,Sell,436.625520705,437.814130743,768,-912.85,7.68,-1209.89,0,1209.89,0,"	2037,2038" 
2022-01-11T16:00:00Z,"SPY",2022-01-11T16:30:00Z,Sell,437.172658659,440.106450102,763,-2238.48,7.63,-2238.48,0,2238.48,0,"	2039,2040" 
2022-01-11T17:00:00Z,"SPY",2022-01-11T17:30:00Z,Buy,441.059224815,440.370585666,746,-513.72,7.46,-555.95,274.46,830.4,0,"	2041,2042" 
2022-01-11T18:00:00Z,"SPY",2022-01-11T20:58:00Z,Buy,441.257326488,442.794972807,744,1144.01,7.44,-533.4,1354.56,694.83,1,"	2043,2044" 
2022-01-13T17:30:00Z,"SPY",2022-01-13T20:58:00Z,Sell,441.219592836,438.031099242,749,2388.18,7.49,-975.06,2988.76,1441.39,1,"	2045,2046" 
2022-01-18T15:00:00Z,"SPY",2022-01-18T15:30:00Z,Sell,432.14464953,433.125724482,776,-761.31,7.76,-1039.49,417.26,1456.75,0,"	2047,2048" 
2022-01-18T16:00:00Z,"SPY",2022-01-18T20:00:00Z,Sell,431.588078163,432.455952159,773,-670.87,7.73,-984.42,1443.82,2428.25,0,"	2049,2050" 
2022-01-18T20:30:00Z,"SPY",2022-01-18T20:58:00Z,Sell,431.144707752,430.314567408,771,640.04,7.71,-14.55,1149.16,992.79,1,"	2051,2052" 
2022-01-19T15:00:00Z,"SPY",2022-01-19T15:30:00Z,Buy,433.46532735,430.531535907,770,-2259.02,7.7,-2259.02,0,2259.02,0,"	2053,2054" 
2022-01-19T19:30:00Z,"SPY",2022-01-19T20:00:00Z,Sell,428.720320611,429.569327781,767,-651.19,7.67,-962.31,50.65,1012.96,0,"	2055,2056" 
2022-01-20T15:00:00Z,"SPY",2022-01-20T18:30:00Z,Buy,430.842838536,429.861763584,761,-746.6,7.61,-890.17,1435.77,2325.94,0,"	2057,2058" 
2022-01-21T15:00:00Z,"SPY",2022-01-21T16:00:00Z,Sell,418.485067506,420.815120517,780,-1817.44,7.8,-2406.09,2045.54,4451.63,0,"	2059,2060" 
2022-01-21T17:30:00Z,"SPY",2022-01-21T20:58:00Z,Sell,418.447333854,414.381532851,771,3134.73,7.71,-316.38,4007.51,2131.04,1,"	2061,2062" 
2022-01-24T15:00:00Z,"SPY",2022-01-24T19:00:00Z,Sell,404.759451591,406.834802451,812,-1685.18,8.12,-1685.18,6154.75,7839.94,0,"	2063,2064" 
2022-01-24T19:30:00Z,"SPY",2022-01-24T20:00:00Z,Sell,404.212313637,405.948061629,805,-1397.28,8.05,-1397.28,1442.84,2840.12,0,"	2065,2066" 
2022-01-25T15:00:00Z,"SPY",2022-01-25T15:30:00Z,Sell,404.825485482,407.99511225,797,-2526.19,7.97,-2526.19,1308.21,3834.4,0,"	2067,2068" 
2022-01-25T16:00:00Z,"SPY",2022-01-25T16:30:00Z,Sell,406.693301256,407.664942795,781,-758.85,7.81,-1267.21,780.95,2048.16,0,"	2069,2070" 
2022-01-25T17:00:00Z,"SPY",2022-01-25T17:30:00Z,Sell,405.44809074,407.910211533,780,-1920.45,7.8,-2181.67,44.15,2225.81,0,"	2071,2072" 
2022-01-27T15:00:00Z,"SPY",2022-01-27T15:30:00Z,Buy,415.362607803,412.608051207,752,-2071.43,7.52,-2071.43,759.05,2830.48,0,"	2073,2074" 
2022-01-27T18:30:00Z,"SPY",2022-01-27T19:00:00Z,Sell,405.929194803,407.5234416,759,-1210.03,7.59,-1396.19,0,1396.19,0,"	2075,2076" 
2022-01-27T19:30:00Z,"SPY",2022-01-27T20:00:00Z,Sell,406.448032518,406.712168082,752,-198.63,7.52,-1468.44,652.64,2121.08,0,"	2077,2078" 
2022-01-28T15:00:00Z,"SPY",2022-01-28T15:30:00Z,Sell,404.212313637,406.334831562,755,-1602.5,7.55,-2613.86,306.26,2920.11,0,"	2079,2080" 
2022-01-28T16:30:00Z,"SPY",2022-01-28T18:00:00Z,Buy,410.372332326,409.938395328,736,-319.38,7.36,-506.84,1721.86,2228.7,0,"	2081,2082" 
2022-01-28T18:30:00Z,"SPY",2022-01-28T19:30:00Z,Buy,410.938337106,408.098879793,733,-2081.32,7.33,-2226.53,691.47,2918,0,"	2083,2084" 
2022-01-28T20:00:00Z,"SPY",2022-01-28T20:58:00Z,Buy,411.362840691,416.305949103,722,3568.92,7.22,-272.44,3575.74,911.98,1,"	2085,2086" 
2022-01-31T15:30:00Z,"SPY",2022-01-31T20:58:00Z,Buy,419.202006894,424.69225326,635,3486.31,6.35,-281.54,3492.3,1413.69,1,"	2087,2088" 
2022-02-04T18:30:00Z,"SPY",2022-02-04T20:58:00Z,Buy,424.277183088,423.777212199,532,-265.98,5.32,-265.98,1420.26,1686.24,0,"	2089,2090" 
2022-02-08T17:00:00Z,"SPY",2022-02-08T19:30:00Z,Buy,424.579052304,423.475342983,553,-610.35,5.53,-610.35,592.09,1202.44,0,"	2091,2092" 
2022-02-11T18:00:00Z,"SPY",2022-02-11T20:58:00Z,Sell,421.371691884,416.305949103,559,2831.75,5.59,-485.14,3991.87,1724.36,1,"	2093,2094" 
2022-02-14T16:00:00Z,"SPY",2022-02-14T16:30:00Z,Sell,413.051421618,414.862636914,536,-970.81,5.36,-1107.33,60.68,1168.01,0,"	2095,2096" 
2022-02-14T19:00:00Z,"SPY",2022-02-14T19:30:00Z,Sell,411.523208712,412.71181875,534,-634.72,5.34,-634.72,332.47,967.19,0,"	2097,2098" 
2022-02-15T16:00:00Z,"SPY",2022-02-15T16:30:00Z,Buy,420.267982563,419.768011674,535,-267.48,5.35,-317.95,222.06,540.02,0,"	2099,2100" 
2022-02-17T15:00:00Z,"SPY",2022-02-17T16:30:00Z,Sell,415.805978214,416.456883711,526,-342.38,5.26,-446.58,446.58,893.16,0,"	2101,2102" 
2022-02-17T17:00:00Z,"SPY",2022-02-17T17:30:00Z,Sell,416.20218156,416.409716646,524,-108.75,5.24,-202.67,135.94,296.59,0,"	2103,2104" 
2022-02-17T18:00:00Z,"SPY",2022-02-17T20:58:00Z,Sell,416.145581082,412.2401481,524,2046.45,5.24,-49.43,2229.34,684.62,1,"	2105,2106" 
2022-02-18T16:00:00Z,"SPY",2022-02-18T19:30:00Z,Sell,410.787402498,411.48547506,545,-380.45,5.45,-411.3,1809.71,2221,0,"	2107,2108" 
2022-02-22T18:00:00Z,"SPY",2022-02-22T20:00:00Z,Sell,405.099054459,406.532933235,591,-847.42,5.91,-1137.33,1889.97,3027.3,0,"	2109,2110" 
2022-02-23T16:00:00Z,"SPY",2022-02-23T17:00:00Z,Sell,403.872710769,404.542483092,594,-397.84,5.94,-465.09,773.28,1238.36,0,"	2111,2112" 
2022-02-23T18:30:00Z,"SPY",2022-02-23T20:58:00Z,Sell,401.599258236,397.514590407,596,2434.46,5.96,-764.63,2440.08,1073.86,1,"	2113,2114" 
2022-02-25T15:30:00Z,"SPY",2022-02-25T20:58:00Z,Buy,407.410240644,412.532583903,601,3078.53,6.01,-612.3,3282.63,1417.37,1,"	2115,2116" 
2022-03-01T17:00:00Z,"SPY",2022-03-01T20:58:00Z,Sell,405.391490262,405.287722719,554,57.49,5.54,-1144.52,1207.23,1891.85,1,"	2117,2118" 
2022-03-02T15:30:00Z,"SPY",2022-03-02T16:00:00Z,Buy,409.749727068,409.88179485,544,71.84,5.44,-441.33,533.7,975.04,1,"	2119,2120" 
2022-03-02T16:30:00Z,"SPY",2022-03-02T20:58:00Z,Buy,412.013746188,413.098588683,541,586.9,5.41,-209.24,1332.01,959.45,1,"	2121,2122" 
2022-03-03T16:00:00Z,"SPY",2022-03-03T16:30:00Z,Sell,410.249697957,411.127005366,532,-466.73,5.32,-587.17,481.78,1068.96,0,"	2123,2124" 
2022-03-04T16:00:00Z,"SPY",2022-03-04T16:30:00Z,Sell,404.212313637,404.665117461,560,-253.57,5.6,-390.92,279.98,670.9,0,"	2125,2126" 
2022-03-07T15:00:00Z,"SPY",2022-03-07T20:58:00Z,Sell,403.56140814,396.552382281,590,4135.33,5.9,-361.77,4563.89,1096.45,1,"	2127,2128" 
2022-03-08T15:30:00Z,"SPY",2022-03-08T16:00:00Z,Sell,392.769583668,395.590174155,548,-1545.68,5.48,-1566.36,372.2,1938.57,0,"	2129,2130" 
2022-03-08T17:30:00Z,"SPY",2022-03-08T18:30:00Z,Buy,399.825776592,399.740875875,533,-45.25,5.33,-276.54,1583.82,1649.19,0,"	2131,2132" 
2022-03-14T15:00:00Z,"SPY",2022-03-14T15:30:00Z,Buy,400.278580416,398.344730751,512,-990.13,5.12,-1028.77,0,1028.77,0,"	2133,2134" 
2022-03-15T16:30:00Z,"SPY",2022-03-15T17:30:00Z,Buy,400.052178504,398.174929317,512,-961.15,5.12,-961.15,111.09,1072.24,0,"	2135,2136" 
2022-03-15T19:30:00Z,"SPY",2022-03-15T19:58:00Z,Buy,401.655858714,401.740759431,507,43.04,5.07,-100.44,401.75,406.53,1,"	2137,2138" 
2022-03-16T14:00:00Z,"SPY",2022-03-16T15:30:00Z,Buy,407.457407709,408.325281705,486,421.79,4.86,-518.06,1104.9,971.94,1,"	2139,2140" 
2022-03-17T18:00:00Z,"SPY",2022-03-17T18:30:00Z,Buy,414.551334285,413.457058377,463,-506.65,4.63,-506.65,80.8,587.45,0,"	2141,2142" 
2022-03-22T14:30:00Z,"SPY",2022-03-22T16:00:00Z,Buy,424.469186183,424.582738811,484,54.96,4.84,-96.18,512.96,487.77,1,"	2143,2144" 
2022-03-24T16:00:00Z,"SPY",2022-03-24T16:30:00Z,Buy,424.327245398,423.191719118,484,-549.59,4.84,-581.65,18.32,599.97,0,"	2145,2146" 
2022-04-04T14:00:00Z,"SPY",2022-04-04T14:30:00Z,Buy,430.099503988,430.392848277,669,196.25,6.69,-564.05,196.25,643.18,1,"	2147,2148" 
2022-04-04T15:30:00Z,"SPY",2022-04-04T17:00:00Z,Buy,430.752431599,430.468550029,669,-189.92,6.69,-221.57,297.54,519.11,0,"	2149,2150" 
2022-04-04T18:00:00Z,"SPY",2022-04-04T19:30:00Z,Buy,431.235030268,431.59461359,667,239.84,6.67,-378.7,385.01,397.63,1,"	2151,2152" 
2022-04-05T16:30:00Z,"SPY",2022-04-05T17:00:00Z,Sell,428.443528163,429.191082964,728,-544.22,7.28,-606.22,3.44,609.66,0,"	2153,2154" 
2022-04-05T18:30:00Z,"SPY",2022-04-05T19:58:00Z,Sell,428.594931667,426.456357173,725,1550.47,7.25,-147.5,2002.57,712.8,1,"	2155,2156" 
2022-04-06T14:00:00Z,"SPY",2022-04-06T15:30:00Z,Sell,421.639833202,421.526280574,758,86.07,7.58,-143.45,631.2,774.66,1,"	2157,2158" 
2022-04-06T16:30:00Z,"SPY",2022-04-06T17:00:00Z,Sell,420.977442872,421.346488913,760,-280.47,7.6,-316.43,7.19,323.62,0,"	2159,2160" 
2022-04-06T18:30:00Z,"SPY",2022-04-06T19:00:00Z,Sell,420.674635864,423.920348481,759,-2463.5,7.59,-2463.5,14.36,2477.86,0,"	2161,2162" 
2022-04-07T19:00:00Z,"SPY",2022-04-07T19:58:00Z,Buy,425.112651075,424.630052406,732,-353.26,7.32,-471.02,935.11,1406.12,0,"	2163,2164" 
2022-04-08T14:00:00Z,"SPY",2022-04-08T14:30:00Z,Sell,422.13189459,423.409361655,754,-963.21,7.54,-963.21,0,963.21,0,"	2165,2166" 
2022-04-11T14:30:00Z,"SPY",2022-04-11T19:00:00Z,Sell,418.971346444,418.678002155,755,221.47,7.55,-14.29,1014.5,885.9,1,"	2167,2168" 
2022-04-11T19:30:00Z,"SPY",2022-04-11T19:58:00Z,Sell,417.258594305,416.066291711,759,904.96,7.59,-21.55,1005.51,341.15,1,"	2169,2170" 
2022-04-12T14:00:00Z,"SPY",2022-04-12T14:30:00Z,Buy,421.157234533,419.775677559,724,-1000.25,7.24,-1013.95,0,1013.95,0,"	2171,2172" 
2022-04-12T19:30:00Z,"SPY",2022-04-12T19:58:00Z,Sell,413.568133895,414.769899208,733,-880.89,7.33,-991.87,79.77,1071.64,0,"	2173,2174" 
2022-04-13T15:00:00Z,"SPY",2022-04-13T19:58:00Z,Buy,416.198769777,419.529646865,757,2521.47,7.57,0,3022.9,881.08,1,"	2175,2176" 
2022-04-14T14:30:00Z,"SPY",2022-04-14T15:30:00Z,Sell,417.58978947,418.299493395,766,-543.63,7.66,-608.87,310.96,919.83,0,"	2177,2178" 
2022-04-14T16:00:00Z,"SPY",2022-04-14T19:58:00Z,Sell,417.088265363,414.363002291,765,2084.83,7.65,-673.23,2092.07,1563.62,1,"	2179,2180" 
2022-04-19T14:00:00Z,"SPY",2022-04-19T19:58:00Z,Buy,417.703342098,420.750337616,773,2355.33,7.73,-117.03,3167.26,1163.03,1,"	2181,2182" 
2022-04-21T18:00:00Z,"SPY",2022-04-21T19:58:00Z,Sell,418.006149106,414.419778605,784,2811.71,7.84,0,3401.51,1294.58,1,"	2183,2184" 
2022-04-22T14:00:00Z,"SPY",2022-04-22T19:58:00Z,Sell,410.984811608,403.367322813,811,6177.78,8.11,-1166.49,6292.9,2547.86,1,"	2185,2186" 
2022-04-25T14:00:00Z,"SPY",2022-04-25T14:30:00Z,Sell,397.708616851,399.951281254,739,-1657.33,7.39,-1734.25,160.84,1895.09,0,"	2187,2188" 
2022-04-25T15:00:00Z,"SPY",2022-04-25T16:30:00Z,Sell,398.087125611,399.052322949,731,-705.56,7.31,-1231.27,1210.52,2441.79,0,"	2189,2190" 
2022-04-26T14:00:00Z,"SPY",2022-04-26T17:00:00Z,Sell,401.077344815,399.553847056,735,1119.77,7.35,-486.86,3060.24,1954.38,1,"	2191,2192" 
2022-04-26T17:30:00Z,"SPY",2022-04-26T19:58:00Z,Sell,396.658255042,394.548068705,748,1578.42,7.48,-1309.45,1712.9,1451.01,1,"	2193,2194" 
2022-04-27T14:00:00Z,"SPY",2022-04-27T14:30:00Z,Buy,398.143901925,393.582871367,666,-3037.65,6.66,-3062.86,315.11,3377.96,0,"	2195,2196" 
2022-04-27T15:30:00Z,"SPY",2022-04-27T16:00:00Z,Buy,397.263869058,397.140853711,656,-80.7,6.56,-415.91,571.09,987,0,"	2197,2198" 
2022-04-27T16:30:00Z,"SPY",2022-04-27T18:30:00Z,Buy,399.440294428,397.774855884,652,-1085.87,6.52,-1233.94,462.73,1696.67,0,"	2199,2200" 
2022-04-28T17:00:00Z,"SPY",2022-04-28T19:58:00Z,Buy,402.73332064,404.200042085,637,934.3,6.37,-30.14,2399.05,1754.08,1,"	2201,2202" 
2022-04-29T14:30:00Z,"SPY",2022-04-29T19:58:00Z,Sell,398.541336123,389.211095189,563,5252.93,5.63,-420.87,5255.59,1315.9,1,"	2203,2204" 
2022-05-02T14:30:00Z,"SPY",2022-05-02T15:00:00Z,Buy,392.182388955,390.261456998,512,-983.52,5.12,-988.36,450.58,1438.94,0,"	2205,2206" 
2022-05-02T18:00:00Z,"SPY",2022-05-02T19:30:00Z,Sell,385.709889159,389.778858329,518,-2107.73,5.18,-2293.99,1186.21,3480.2,0,"	2207,2208" 
2022-05-03T15:30:00Z,"SPY",2022-05-03T16:30:00Z,Buy,395.503803324,394.235798978,501,-635.27,5.01,-862.83,412.45,1275.28,0,"	2209,2210" 
2022-05-04T19:00:00Z,"SPY",2022-05-04T19:58:00Z,Buy,400.944866749,405.439658274,488,2193.46,4.88,-129.3,2618.3,581.84,1,"	2211,2212" 
2022-05-05T14:00:00Z,"SPY",2022-05-05T19:58:00Z,Sell,398.919844883,390.914384609,451,3610.46,4.51,0,5082.81,2159.45,1,"	2213,2214" 
2022-05-06T14:00:00Z,"SPY",2022-05-06T14:30:00Z,Sell,384.508123846,387.469954893,439,-1300.24,4.39,-1977.37,174.47,2151.84,0,"	2215,2216" 
2022-05-09T14:30:00Z,"SPY",2022-05-09T16:00:00Z,Sell,380.827126155,380.335064767,440,216.51,4.4,-195.69,1169.97,1103.35,1,"	2217,2218" 
2022-05-09T17:00:00Z,"SPY",2022-05-09T17:30:00Z,Sell,379.180613049,380.003869602,443,-364.7,4.43,-381.47,220.08,601.55,0,"	2219,2220" 
2022-05-09T18:00:00Z,"SPY",2022-05-09T19:00:00Z,Sell,379.000821388,379.767301627,442,-338.78,4.42,-418.25,564.64,982.89,0,"	2221,2222" 
2022-05-11T14:00:00Z,"SPY",2022-05-11T15:00:00Z,Buy,380.656797213,379.871391536,431,-338.51,4.31,-921.73,660.71,1166.43,0,"	2223,2224" 
2022-05-11T18:00:00Z,"SPY",2022-05-11T18:30:00Z,Sell,372.367455369,374.733135119,440,-1040.9,4.4,-1494.73,0,1494.73,0,"	2225,2226" 
2022-05-13T14:00:00Z,"SPY",2022-05-13T18:00:00Z,Buy,377.231292935,377.884220546,445,290.55,4.45,0,1861.22,1621.2,1,"	2227,2228" 
2022-05-13T19:30:00Z,"SPY",2022-05-13T19:58:00Z,Buy,380.760887122,379.663211718,442,-485.17,4.42,-970.35,46.01,1016.35,0,"	2229,2230" 
2022-05-18T14:00:00Z,"SPY",2022-05-18T15:00:00Z,Sell,379.587509966,379.227926644,423,152.1,4.23,-360.25,440.3,412.28,1,"	2231,2232" 
2022-05-18T15:30:00Z,"SPY",2022-05-18T19:58:00Z,Sell,375.698332457,370.437060693,427,2246.56,4.27,-444.46,2545.57,710.74,1,"	2233,2234" 
2022-05-20T16:30:00Z,"SPY",2022-05-20T19:30:00Z,Sell,363.765843798,364.570174913,466,-374.82,4.66,-374.82,1653.61,2028.43,0,"	2235,2236" 
2022-05-23T16:30:00Z,"SPY",2022-05-23T17:00:00Z,Buy,375.225196507,374.666896086,454,-253.47,4.54,-476.86,150.36,627.23,0,"	2237,2238" 
2022-05-24T14:00:00Z,"SPY",2022-05-24T15:30:00Z,Sell,369.774670363,367.730723059,444,907.51,4.44,0,1512.52,605.01,1,"	2239,2240" 
2022-05-25T19:30:00Z,"SPY",2022-05-25T19:58:00Z,Buy,377.127203026,375.944363151,486,-574.86,4.86,-882.99,165.56,1048.54,0,"	2241,2242" 
2022-05-26T14:00:00Z,"SPY",2022-05-26T19:58:00Z,Buy,380.950141502,383.382060285,522,1269.46,5.22,-29.64,2099.3,1103.99,1,"	2243,2244" 
2022-05-27T14:00:00Z,"SPY",2022-05-27T15:00:00Z,Buy,388.955601776,388.870437305,490,-41.73,4.9,-78.82,556.41,616.69,0,"	2245,2246" 
2022-05-27T16:00:00Z,"SPY",2022-05-27T19:58:00Z,Buy,390.356084188,392.60821131,488,1099.04,4.88,-323.25,1103.66,475.63,1,"	2247,2248" 
2022-05-31T14:00:00Z,"SPY",2022-05-31T14:30:00Z,Sell,389.078617123,389.608529387,523,-277.14,5.23,-875.97,544.39,1420.36,0,"	2249,2250" 
2022-06-01T15:30:00Z,"SPY",2022-06-01T18:00:00Z,Sell,386.817027282,387.820075496,521,-522.59,5.21,-729.65,892.34,1622,0,"	2251,2252" 
2022-06-02T16:30:00Z,"SPY",2022-06-02T19:58:00Z,Buy,391.728178443,394.926577465,527,1685.56,5.27,-79.79,1690.54,528.61,1,"	2253,2254" 
2022-06-09T19:30:00Z,"SPY",2022-06-09T19:58:00Z,Sell,382.757520831,380.240437577,730,1837.47,7.3,-27.63,1837.47,324.67,1,"	2255,2256" 
2022-06-10T14:00:00Z,"SPY",2022-06-10T17:30:00Z,Sell,372.244440022,370.484374288,671,1181,6.71,0,2177.87,1181,1,"	2257,2258" 
2022-06-13T14:30:00Z,"SPY",2022-06-13T15:30:00Z,Sell,356.914835242,357.12301506,615,-128.03,6.15,-599.42,1280.31,1879.72,0,"	2259,2260" 
2022-06-13T19:30:00Z,"SPY",2022-06-13T19:58:00Z,Sell,354.908738814,354.833037062,618,46.78,6.18,-187.13,1000,1011.7,1,"	2261,2262" 
2022-06-15T19:30:00Z,"SPY",2022-06-15T19:58:00Z,Buy,361.750284651,358.551885629,548,-1752.72,5.48,-2017.19,668.94,2686.13,0,"	2263,2264" 
2022-06-16T14:00:00Z,"SPY",2022-06-16T14:30:00Z,Sell,348.98507672,349.117554786,553,-73.26,5.53,-120.36,680.27,753.54,0,"	2265,2266" 
2022-06-16T15:00:00Z,"SPY",2022-06-16T15:30:00Z,Sell,346.382828995,348.388925423,557,-1117.4,5.57,-1407.29,0,1407.29,0,"	2267,2268" 
2022-06-16T16:00:00Z,"SPY",2022-06-16T17:00:00Z,Sell,348.095581134,347.934714911,551,88.64,5.51,-78.21,813.38,891.59,1,"	2269,2270" 
2022-06-16T18:00:00Z,"SPY",2022-06-16T19:30:00Z,Sell,346.165186458,347.225010986,554,-587.14,5.54,-715.58,875.47,1591.05,0,"	2271,2272" 
2022-06-17T14:00:00Z,"SPY",2022-06-17T14:30:00Z,Buy,350.121832872,346.462949952,538,-1968.48,5.38,-2040.06,0,2040.06,0,"	2273,2274" 
2022-06-21T14:00:00Z,"SPY",2022-06-21T16:00:00Z,Buy,356.232642528,355.62441264,580,-352.77,5.8,-352.77,749.64,1102.42,0,"	2275,2276" 
2022-06-21T16:30:00Z,"SPY",2022-06-21T19:58:00Z,Buy,356.156613792,356.261153304,579,60.53,5.79,-99.05,927.18,866.66,1,"	2277,2278" 
2022-06-24T14:00:00Z,"SPY",2022-06-24T19:58:00Z,Buy,364.74786096,369.670721616,523,2574.66,5.23,0,2713.83,675.97,1,"	2279,2280" 
2022-06-27T14:00:00Z,"SPY",2022-06-27T14:30:00Z,Sell,368.843909112,368.919937848,468,-35.58,4.68,-680.5,0,680.5,0,"	2281,2282" 
2022-06-28T15:30:00Z,"SPY",2022-06-28T19:58:00Z,Sell,366.610564992,361.763733072,473,2292.55,4.73,-188.8,2294.8,813.63,1,"	2283,2284" 
2022-06-30T14:00:00Z,"SPY",2022-06-30T15:00:00Z,Sell,354.807103728,357.14498736,493,-1152.58,4.93,-1152.58,327.97,1480.55,0,"	2285,2286" 
2022-07-05T14:00:00Z,"SPY",2022-07-05T14:30:00Z,Sell,355.29178692,355.881009624,530,-312.29,5.3,-543.99,413.03,957.01,0,"	2287,2288" 
2022-07-07T14:00:00Z,"SPY",2022-07-07T14:30:00Z,Buy,368.159650488,367.655960112,608,-306.24,6.08,-664.49,0,664.49,0,"	2289,2290" 
2022-07-07T15:00:00Z,"SPY",2022-07-07T15:30:00Z,Buy,368.150146896,367.922060688,606,-138.22,6.06,-143.98,305.24,449.22,0,"	2291,2292" 
2022-07-07T16:00:00Z,"SPY",2022-07-07T17:30:00Z,Buy,368.634830088,368.245182816,605,-235.74,6.05,-235.74,270.23,505.97,0,"	2293,2294" 
2022-07-07T18:00:00Z,"SPY",2022-07-07T19:58:00Z,Buy,369.138520464,369.946325784,604,487.91,6.04,-14.35,763.44,582.63,1,"	2295,2296" 
2022-07-14T14:00:00Z,"SPY",2022-07-14T15:00:00Z,Sell,353.837737344,353.86624812,812,-23.15,8.12,-470.73,910.6,1381.33,0,"	2297,2298" 
2022-07-19T14:30:00Z,"SPY",2022-07-19T19:58:00Z,Buy,368.796391152,372.949460856,942,3912.19,9.42,-214.86,4234.48,975.81,1,"	2299,2300" 
2022-07-20T15:00:00Z,"SPY",2022-07-20T17:30:00Z,Buy,376.285221648,374.317978104,869,-1709.53,8.69,-2783.16,247.76,3030.91,0,"	2301,2302" 
2022-07-21T14:30:00Z,"SPY",2022-07-21T15:00:00Z,Sell,372.607331544,374.82166848,868,-1922.04,8.68,-1930.29,70.12,2000.41,0,"	2303,2304" 
2022-07-21T16:30:00Z,"SPY",2022-07-21T18:00:00Z,Buy,377.62522812,376.798415616,848,-701.14,8.48,-1216.92,217.59,1434.51,0,"	2305,2306" 
2022-07-22T15:30:00Z,"SPY",2022-07-22T19:58:00Z,Sell,377.00749464,375.002236728,867,1738.56,8.67,0,3205.21,1705.6,1,"	2307,2308" 
2022-07-26T15:30:00Z,"SPY",2022-07-26T17:30:00Z,Sell,371.92307292,372.721374648,860,-686.54,8.6,-800.96,751.11,1552.07,0,"	2309,2310" 
2022-07-26T18:00:00Z,"SPY",2022-07-26T19:00:00Z,Sell,371.847044184,371.343353808,857,431.66,8.57,-733.01,830.75,733.01,1,"	2311,2312" 
2022-07-27T15:00:00Z,"SPY",2022-07-27T15:30:00Z,Buy,376.465789896,376.43727912,807,-23.01,8.07,-176.4,414.15,590.54,0,"	2313,2314" 
2022-07-27T16:00:00Z,"SPY",2022-07-27T17:00:00Z,Buy,376.969480272,376.361250384,806,-490.23,8.06,-497.89,237.46,735.35,0,"	2315,2316" 
2022-07-27T19:00:00Z,"SPY",2022-07-27T19:58:00Z,Buy,380.010629712,381.531204432,797,1211.9,7.97,-83.32,2219.29,1166.45,1,"	2317,2318" 
2022-07-28T14:00:00Z,"SPY",2022-07-28T15:00:00Z,Sell,379.554457296,381.635743944,731,-1521.42,7.31,-1521.42,805.87,2327.29,0,"	2319,2320" 
2022-07-28T15:30:00Z,"SPY",2022-07-28T16:00:00Z,Buy,383.812066512,383.602987488,717,-149.91,7.17,-463.36,381.59,531.5,0,"	2321,2322" 
2022-07-28T16:30:00Z,"SPY",2022-07-28T19:58:00Z,Buy,384.1827066,385.70328132,715,1087.21,7.15,-400.91,1685.18,720.28,1,"	2323,2324" 
2022-07-29T14:00:00Z,"SPY",2022-07-29T15:30:00Z,Buy,388.896488232,388.012654176,699,-617.8,6.99,-730.73,1155.88,1886.62,0,"	2325,2326" 
2022-07-29T17:00:00Z,"SPY",2022-07-29T19:58:00Z,Buy,390.112948008,391.481465256,694,949.75,6.94,-277.01,1622.49,732.1,1,"	2327,2328" 
2022-08-03T14:00:00Z,"SPY",2022-08-03T14:30:00Z,Buy,391.110825168,391.224868272,732,83.48,7.32,-507.83,542.62,1001.75,1,"	2329,2330" 
2022-08-03T15:30:00Z,"SPY",2022-08-03T19:58:00Z,Buy,391.985155632,394.075945872,731,1528.37,7.31,-48.63,2174.45,646.08,1,"	2331,2332" 
2022-08-08T14:00:00Z,"SPY",2022-08-08T14:30:00Z,Buy,396.48985824,396.043189416,772,-344.83,7.72,-506.24,238.45,744.68,0,"	2333,2334" 
2022-08-12T16:30:00Z,"SPY",2022-08-12T19:58:00Z,Buy,403.180387008,405.641817336,826,2033.14,8.26,-172.7,2033.14,361.1,1,"	2335,2336" 
2022-08-19T14:00:00Z,"SPY",2022-08-19T17:00:00Z,Sell,402.14449548,402.296552952,914,-138.98,9.14,-434.31,1250.82,1685.14,0,"	2337,2338" 
2022-08-19T17:30:00Z,"SPY",2022-08-19T19:58:00Z,Sell,401.792862576,401.222647056,915,521.75,9.15,-139.13,1286.98,1230.45,1,"	2339,2340" 
2022-08-22T14:30:00Z,"SPY",2022-08-22T17:00:00Z,Sell,394.294528488,394.560629064,935,-248.8,9.35,-719.75,453.18,1172.93,0,"	2341,2342" 
2022-08-22T17:30:00Z,"SPY",2022-08-22T19:58:00Z,Sell,393.54374472,392.669414256,935,817.5,9.35,0,1497.27,1012.99,1,"	2343,2344" 
2022-08-24T15:30:00Z,"SPY",2022-08-24T17:00:00Z,Buy,393.866866848,392.564874744,923,-1201.74,9.23,-1412.26,552.62,1964.89,0,"	2345,2346" 
2022-08-25T14:00:00Z,"SPY",2022-08-25T15:30:00Z,Buy,395.72957088,395.045312256,909,-621.99,9.09,-1131.68,1205.11,2336.79,0,"	2347,2348" 
2022-08-26T14:30:00Z,"SPY",2022-08-26T19:58:00Z,Sell,394.285024896,385.570231032,858,7477.29,8.58,0,7738.22,1394.35,1,"	2349,2350" 
2022-08-30T14:00:00Z,"SPY",2022-08-30T19:58:00Z,Sell,381.892340928,378.233458008,705,2579.51,7.05,-274.7,3879.32,2251.21,1,"	2351,2352" 
2022-09-01T15:00:00Z,"SPY",2022-09-01T16:00:00Z,Sell,370.953706536,371.771015448,810,-662.02,8.1,-1647.35,115.47,1762.82,0,"	2353,2354" 
2022-09-02T17:30:00Z,"SPY",2022-09-02T18:30:00Z,Sell,373.947338016,374.222942184,882,-243.08,8.82,-720.87,976.52,1219.61,0,"	2355,2356" 
2022-09-02T19:00:00Z,"SPY",2022-09-02T19:58:00Z,Sell,373.082511144,372.236691456,883,746.86,8.83,-1061.55,1862.95,1426.58,1,"	2357,2358" 
2022-09-06T14:30:00Z,"SPY",2022-09-06T15:00:00Z,Sell,371.039238864,373.605208704,910,-2335.03,9.1,-2508,449.71,2957.71,0,"	2359,2360" 
2022-09-06T17:30:00Z,"SPY",2022-09-06T18:00:00Z,Sell,370.193419176,371.001224496,901,-727.83,9.01,-727.83,214.07,941.9,0,"	2361,2362" 
2022-09-07T14:00:00Z,"SPY",2022-09-07T14:30:00Z,Buy,372.284209416,372.882935712,908,543.64,9.08,-535.01,552.27,862.93,1,"	2363,2364" 
2022-09-07T15:00:00Z,"SPY",2022-09-07T19:58:00Z,Buy,373.30109376,378.0053718,908,4271.48,9.08,-172.59,4953.2,1251.24,1,"	2365,2366" 
2022-09-08T15:00:00Z,"SPY",2022-09-08T16:00:00Z,Buy,380.04864408,379.658996808,794,-309.38,7.94,-392.38,656.49,1048.87,0,"	2367,2368" 
2022-09-09T14:00:00Z,"SPY",2022-09-09T16:30:00Z,Buy,384.201713784,384.695900568,773,382.01,7.73,0,1381.1,1212.14,1,"	2369,2370" 
2022-09-09T17:00:00Z,"SPY",2022-09-09T19:00:00Z,Buy,385.817324424,386.530093824,771,549.55,7.71,-293.09,674.11,564.2,1,"	2371,2372" 
2022-09-09T19:30:00Z,"SPY",2022-09-09T19:58:00Z,Buy,386.900733912,386.549101008,771,-271.11,7.71,-340.72,241.8,582.52,0,"	2373,2374" 
2022-09-12T14:00:00Z,"SPY",2022-09-12T15:00:00Z,Buy,390.607134792,390.141458784,723,-336.68,7.23,-405.39,467.23,872.63,0,"	2375,2376" 
2022-09-13T15:00:00Z,"SPY",2022-09-13T17:30:00Z,Sell,378.632608872,379.630486032,778,-776.35,7.78,-776.35,576.72,1353.06,0,"	2377,2378" 
2022-09-13T18:30:00Z,"SPY",2022-09-13T19:58:00Z,Sell,377.511185016,374.317978104,777,2481.12,7.77,-14.77,3898.91,1417.78,1,"	2379,2380" 
2022-09-16T14:00:00Z,"SPY",2022-09-16T14:30:00Z,Sell,365.034646173,366.733236271,643,-1092.19,6.43,-1607.61,0,1607.61,0,"	2381,2382" 
2022-09-20T18:00:00Z,"SPY",2022-09-20T18:30:00Z,Sell,363.95632774,365.215956352,717,-903.15,7.17,-1101.57,0,1101.57,0,"	2383,2384" 
2022-09-22T14:00:00Z,"SPY",2022-09-22T14:30:00Z,Sell,357.763153731,358.478851806,703,-503.14,7.03,-1039.81,389.09,1428.91,0,"	2385,2386" 
2022-09-22T15:00:00Z,"SPY",2022-09-22T16:30:00Z,Sell,356.971114528,357.906293346,703,-657.43,7.03,-1210.88,355.55,1566.43,0,"	2387,2388" 
2022-09-23T14:00:00Z,"SPY",2022-09-23T14:30:00Z,Sell,350.987878621,351.894429516,715,-648.18,7.15,-648.18,211.51,859.7,0,"	2389,2390" 
2022-09-23T15:00:00Z,"SPY",2022-09-23T19:58:00Z,Sell,350.644343545,350.424862802,713,156.49,7.13,-762.04,2789.6,3095.78,1,"	2391,2392" 
2022-09-26T14:30:00Z,"SPY",2022-09-26T15:00:00Z,Buy,352.915492103,351.627235568,696,-896.63,6.96,-1248.64,0,1248.64,0,"	2393,2394" 
2022-09-26T17:30:00Z,"SPY",2022-09-26T18:30:00Z,Sell,347.018139965,347.170822221,705,-107.64,7.05,-982.22,228.74,1210.96,0,"	2395,2396" 
2022-09-27T16:30:00Z,"SPY",2022-09-27T17:00:00Z,Sell,345.63445702,346.130674352,704,-349.34,7.04,-550.88,352.7,903.57,0,"	2397,2398" 
2022-09-27T17:30:00Z,"SPY",2022-09-27T18:00:00Z,Sell,345.338635149,345.214580816,703,87.21,7.03,-248.21,536.68,449.47,1,"	2399,2400" 
2022-09-28T14:30:00Z,"SPY",2022-09-28T19:58:00Z,Buy,349.670994163,354.165578074,756,3397.91,7.56,-317.43,4104.9,1226.42,1,"	2401,2402" 
2022-09-29T14:00:00Z,"SPY",2022-09-29T16:00:00Z,Sell,346.550550556,347.361675041,718,-582.39,7.18,-1010.61,1596.43,2607.04,0,"	2403,2404" 
2022-09-29T16:30:00Z,"SPY",2022-09-29T19:58:00Z,Sell,346.226100762,346.502837351,716,-198.14,7.16,-368.96,2083.92,2282.07,0,"	2405,2406" 
2022-09-30T15:30:00Z,"SPY",2022-09-30T16:00:00Z,Buy,348.59267573,346.340612454,741,-1668.78,7.41,-1760.7,99,1859.7,0,"	2407,2408" 
2022-10-03T14:30:00Z,"SPY",2022-10-03T19:58:00Z,Buy,347.705210117,349.566025112,778,1447.71,7.78,-683.02,3058.76,1685.29,1,"	2409,2410" 
2022-10-04T14:00:00Z,"SPY",2022-10-04T17:30:00Z,Buy,358.822386882,358.202115217,789,-489.39,7.89,-1287.48,1182.08,2469.56,0,"	2411,2412" 
2022-10-04T18:00:00Z,"SPY",2022-10-04T18:30:00Z,Buy,359.08958083,358.402510678,786,-540.04,7.86,-540.04,232.52,772.55,0,"	2413,2414" 
2022-10-04T19:00:00Z,"SPY",2022-10-04T19:58:00Z,Buy,359.85299211,360.158356622,782,238.8,7.82,-985.03,417.89,1067.12,1,"	2415,2416" 
2022-10-07T14:00:00Z,"SPY",2022-10-07T19:58:00Z,Sell,348.802613832,346.483752069,678,1572.19,6.78,-983.43,2924.4,1416.91,1,"	2417,2418" 
2022-10-10T15:00:00Z,"SPY",2022-10-10T16:00:00Z,Sell,343.72592882,344.29848728,654,-374.45,6.54,-711.46,524.23,1235.7,0,"	2419,2420" 
2022-10-10T16:30:00Z,"SPY",2022-10-10T18:00:00Z,Sell,342.618982464,344.96647215,654,-1535.26,6.54,-1959.64,808.19,2767.83,0,"	2421,2422" 
2022-10-11T14:00:00Z,"SPY",2022-10-11T14:30:00Z,Sell,340.281035419,340.462345598,657,-119.12,6.57,-476.48,451.41,927.89,0,"	2423,2424" 
2022-10-13T15:30:00Z,"SPY",2022-10-13T19:58:00Z,Buy,343.802269948,349.508769266,666,3800.53,6.66,-82.62,4547.29,2586.65,1,"	2425,2426" 
2022-10-14T14:30:00Z,"SPY",2022-10-14T19:58:00Z,Sell,345.405433636,340.910849725,632,2840.58,6.32,-925.75,2846.61,1866.58,1,"	2427,2428" 
2022-10-17T14:00:00Z,"SPY",2022-10-17T15:00:00Z,Buy,349.117520985,348.726272704,607,-237.49,6.07,-446.01,1126.62,1572.63,0,"	2429,2430" 
2022-10-20T14:30:00Z,"SPY",2022-10-20T15:30:00Z,Buy,355.148470097,353.354453589,596,-1069.23,5.96,-1171.61,0,1171.61,0,"	2431,2432" 
2022-10-21T14:00:00Z,"SPY",2022-10-21T14:30:00Z,Buy,352.237964592,350.539374494,609,-1034.44,6.09,-1040.25,679.94,1720.19,0,"	2433,2434" 
2022-10-21T16:00:00Z,"SPY",2022-10-21T19:58:00Z,Buy,353.115887564,357.047455656,604,2374.67,6.04,-371.76,2691.67,896.26,1,"	2435,2436" 
2022-10-25T14:00:00Z,"SPY",2022-10-25T17:00:00Z,Buy,364.901049199,365.549948787,655,425.03,6.55,-681.3,1125.08,731.3,1,"	2437,2438" 
2022-10-25T18:30:00Z,"SPY",2022-10-25T19:00:00Z,Buy,366.456499682,365.998452914,654,-299.56,6.54,-299.56,268.36,567.92,0,"	2439,2440" 
2022-10-25T19:30:00Z,"SPY",2022-10-25T19:58:00Z,Buy,367.162655116,367.10539927,652,-37.33,6.52,-155.55,286.2,441.75,0,"	2441,2442" 
2022-10-28T14:00:00Z,"SPY",2022-10-28T19:58:00Z,Buy,365.072816737,370.951083593,725,4261.74,7.25,-1058.52,4631.88,1445.95,1,"	2443,2444" 
2022-11-02T19:30:00Z,"SPY",2022-11-02T19:58:00Z,Sell,359.824364187,358.278456345,722,1116.15,7.22,-275.59,1384.85,771.66,1,"	2445,2446" 
2022-11-03T14:00:00Z,"SPY",2022-11-03T14:30:00Z,Sell,352.257049874,355.577888942,710,-2357.8,7.1,-2452.65,0,2452.65,0,"	2447,2448" 
2022-11-08T16:30:00Z,"SPY",2022-11-08T18:30:00Z,Buy,366.4374144,364.290320175,775,-1664,7.75,-1664,761.74,2425.74,0,"	2449,2450" 
2022-11-09T19:00:00Z,"SPY",2022-11-09T19:30:00Z,Sell,358.927355933,359.156379317,796,-182.3,7.96,-524.12,265.86,789.98,0,"	2451,2452" 
2022-11-09T20:00:00Z,"SPY",2022-11-09T20:58:00Z,Sell,357.677269962,357.037913015,798,510.21,7.98,-894.77,807.19,894.77,1,"	2453,2454" 
2022-11-10T16:00:00Z,"SPY",2022-11-10T17:30:00Z,Buy,372.582875204,372.783270665,717,143.68,7.17,-581.58,1026.31,910,1,"	2455,2456" 
2022-11-10T19:00:00Z,"SPY",2022-11-10T19:30:00Z,Buy,373.393999689,373.718449483,715,231.98,7.15,-204.69,334.33,539.02,1,"	2457,2458" 
2022-11-10T20:00:00Z,"SPY",2022-11-10T20:58:00Z,Buy,374.329178507,376.304505194,714,1410.38,7.14,-88.57,1798.75,388.37,1,"	2459,2460" 
2022-11-11T20:00:00Z,"SPY",2022-11-11T20:30:00Z,Buy,380.961314002,380.302871773,540,-355.56,5.4,-943,0,943,0,"	2461,2462" 
2022-11-22T20:30:00Z,"SPY",2022-11-22T20:58:00Z,Buy,381.180794745,381.70564,573,300.74,5.73,-8.2,306.2,82.02,1,"	2463,2464" 
2022-11-23T15:00:00Z,"SPY",2022-11-23T17:00:00Z,Buy,383.051152381,382.030089794,618,-631.02,6.18,-890.5,601.53,1492.03,0,"	2465,2466" 
2022-11-23T20:30:00Z,"SPY",2022-11-23T20:58:00Z,Buy,383.99587384,383.566454995,615,-264.09,6.15,-346.25,0,346.25,0,"	2467,2468" 
2022-11-28T19:30:00Z,"SPY",2022-11-28T20:58:00Z,Sell,377.8885836,377.735901344,648,98.94,6.48,-216.43,537.98,500.87,1,"	2469,2470" 
2022-11-29T16:30:00Z,"SPY",2022-11-29T17:00:00Z,Sell,375.722404093,376.600327065,622,-546.07,6.22,-546.07,0,546.07,0,"	2471,2472" 
2022-11-29T17:30:00Z,"SPY",2022-11-29T18:00:00Z,Sell,376.228164066,376.886606295,620,-408.23,6.2,-532.48,0,532.48,0,"	2473,2474" 
2022-11-30T19:00:00Z,"SPY",2022-11-30T20:58:00Z,Buy,381.447988693,388.118294752,609,4062.22,6.09,0,4108.71,714.81,1,"	2475,2476" 
2022-12-01T15:30:00Z,"SPY",2022-12-01T16:00:00Z,Sell,386.725069166,388.948504519,605,-1345.18,6.05,-1345.18,294.44,1639.62,0,"	2477,2478" 
2022-12-01T16:30:00Z,"SPY",2022-12-01T17:00:00Z,Sell,387.803387599,388.223263803,599,-251.51,5.99,-528.73,0,528.73,0,"	2479,2480" 
2022-12-05T16:30:00Z,"SPY",2022-12-05T20:58:00Z,Sell,384.09130025,381.581585667,963,2416.86,9.63,0,3868.81,1451.95,1,"	2481,2482" 
2022-12-06T15:00:00Z,"SPY",2022-12-06T20:58:00Z,Sell,379.014615238,375.665148247,916,3068.11,9.16,-96.15,4807.58,2150.3,1,"	2483,2484" 
2022-12-08T15:00:00Z,"SPY",2022-12-08T16:30:00Z,Buy,378.069893779,377.754986626,911,-286.88,9.11,-947.57,834.56,1782.14,0,"	2485,2486" 
2022-12-12T20:30:00Z,"SPY",2022-12-12T20:58:00Z,Buy,379.873452928,380.531895157,887,584.04,8.87,-101.57,592.5,592.5,1,"	2487,2488" 
2022-12-14T15:00:00Z,"SPY",2022-12-14T17:30:00Z,Buy,385.389099426,385.303215657,863,-74.12,8.63,-164.71,889.41,996.47,0,"	2489,2490" 
2022-12-15T15:00:00Z,"SPY",2022-12-15T20:30:00Z,Sell,373.651650996,372.773728024,889,780.47,8.89,-203.6,2960.71,2311.73,1,"	2491,2492" 
2022-12-16T15:30:00Z,"SPY",2022-12-16T16:00:00Z,Sell,366.797553402,367.228944597,816,-352.02,8.16,-375.48,445.89,797.9,0,"	2493,2494" 
2022-12-16T16:30:00Z,"SPY",2022-12-16T19:30:00Z,Sell,366.615410453,365.944357483,815,546.91,8.15,-476.59,1054.75,1273.51,1,"	2495,2496" 
2022-12-19T19:00:00Z,"SPY",2022-12-19T20:58:00Z,Sell,364.19003329,364.506386833,838,-265.1,8.38,-265.1,1233.14,1498.24,0,"	2497,2498" 
2022-12-21T16:00:00Z,"SPY",2022-12-21T17:00:00Z,Buy,370.593795918,369.980261774,1097,-673.05,10.97,-978.02,657.27,1635.29,0,"	2499,2500" 
2022-12-21T18:00:00Z,"SPY",2022-12-21T18:30:00Z,Buy,370.411652969,369.788532354,1094,-681.69,10.94,-765.59,377.55,1143.15,0,"	2501,2502" 
2022-12-22T15:00:00Z,"SPY",2022-12-22T20:00:00Z,Sell,365.800560418,362.838340879,994,2944.45,9.94,0,6470.16,3525.71,1,"	2503,2504" 
2022-12-23T15:00:00Z,"SPY",2022-12-23T15:30:00Z,Sell,362.819167937,365.637590411,989,-2787.42,9.89,-3014.96,0,3014.96,0,"	2505,2506" 
2022-12-27T15:00:00Z,"SPY",2022-12-27T15:30:00Z,Sell,364.774808021,366.596237511,1004,-1828.72,10.04,-2261.83,789.23,3051.07,0,"	2507,2508" 
2022-12-28T16:30:00Z,"SPY",2022-12-28T18:00:00Z,Sell,363.471047965,363.643604443,1041,-179.63,10.41,-179.63,1816.27,1995.9,0,"	2509,2510" 
2022-12-28T19:30:00Z,"SPY",2022-12-28T20:58:00Z,Sell,362.723303227,361.256573164,1042,1528.33,10.42,-879.04,1758.08,1016.89,1,"	2511,2512" 
2022-12-29T15:00:00Z,"SPY",2022-12-29T20:58:00Z,Buy,365.81973336,367.602816966,1010,1800.91,10.1,-106.51,2609.39,963.39,1,"	2513,2514" 
2023-01-03T16:30:00Z,"SPY",2023-01-03T18:30:00Z,Sell,364.305070942,363.825747392,951,455.84,9.51,0,1814.23,1385.74,1,"	2515,2516" 
2023-01-05T15:00:00Z,"SPY",2023-01-05T15:30:00Z,Sell,364.391349181,364.515973304,1023,-127.49,10.23,-1245.48,362.86,1608.34,0,"	2517,2518" 
2023-01-05T16:00:00Z,"SPY",2023-01-05T17:00:00Z,Sell,363.691536798,363.605258559,1025,88.44,10.25,-599.39,452,1051.4,1,"	2519,2520" 
2023-01-06T16:00:00Z,"SPY",2023-01-06T18:00:00Z,Buy,369.347554688,369.491351753,993,142.79,9.93,-152.31,1361.27,1504.06,1,"	2521,2522" 
2023-01-06T18:30:00Z,"SPY",2023-01-06T20:58:00Z,Buy,370.171991194,371.801691264,992,1616.66,9.92,0,2881.46,1264.8,1,"	2523,2524" 
2023-01-09T15:00:00Z,"SPY",2023-01-09T15:30:00Z,Buy,375.425377302,375.224061411,965,-194.27,9.65,-231.27,370.04,601.31,0,"	2525,2526" 
2023-01-09T16:00:00Z,"SPY",2023-01-09T17:30:00Z,Buy,376.374437931,376.65244559,962,267.44,9.62,-92.22,913,1005.22,1,"	2527,2528" 
2023-01-12T15:00:00Z,"SPY",2023-01-12T15:30:00Z,Sell,377.428949741,379.576319245,990,-2125.9,9.9,-2818.71,0,2818.71,0,"	2529,2530" 
2023-01-18T16:30:00Z,"SPY",2023-01-18T20:58:00Z,Sell,379.020303927,375.271993766,1105,4141.88,11.05,0,4152.48,1504.21,1,"	2531,2532" 
2023-01-20T16:30:00Z,"SPY",2023-01-20T17:00:00Z,Buy,376.125189685,375.559587896,1084,-613.11,10.84,-706.64,67.55,774.18,0,"	2533,2534" 
2023-01-20T19:00:00Z,"SPY",2023-01-20T20:58:00Z,Buy,377.150942082,379.43252218,1078,2459.54,10.78,-134.34,2630.06,945.58,1,"	2535,2536" 
2023-01-23T15:00:00Z,"SPY",2023-01-23T20:00:00Z,Buy,381.416921677,382.998689392,1071,1694.07,10.71,-159.14,4897.41,3778.3,1,"	2537,2538" 
2023-01-23T20:30:00Z,"SPY",2023-01-23T20:58:00Z,Buy,383.295869993,384.120306499,1074,885.44,10.74,-277.99,1142.84,447.87,1,"	2539,2540" 
2023-01-25T15:00:00Z,"SPY",2023-01-25T15:30:00Z,Sell,378.080829769,378.531393906,1088,-490.21,10.88,-1408.06,0,1408.06,0,"	2541,2542" 
2023-01-31T15:30:00Z,"SPY",2023-01-31T20:30:00Z,Buy,386.04718717,387.053766625,1126,1133.41,11.26,-194.3,2287.33,1153.92,1,"	2543,2544" 
2023-02-01T20:30:00Z,"SPY",2023-02-01T20:58:00Z,Buy,394.243619875,393.582153376,1108,-732.9,11.08,-1099.36,2289,3388.36,0,"	2545,2546" 
2023-02-02T16:00:00Z,"SPY",2023-02-02T16:30:00Z,Buy,399.410727744,399.305276563,1090,-114.94,10.9,-647.85,397.07,1044.93,0,"	2547,2548" 
2023-02-02T19:00:00Z,"SPY",2023-02-02T19:30:00Z,Buy,400.772006626,398.404148289,1086,-2571.49,10.86,-2706.84,145.75,2852.59,0,"	2549,2550" 
2023-02-07T18:00:00Z,"SPY",2023-02-07T18:30:00Z,Buy,397.196252943,392.824822167,982,-4292.75,9.82,-4302.16,461.28,4763.44,0,"	2551,2552" 
2023-02-07T19:30:00Z,"SPY",2023-02-07T20:58:00Z,Buy,395.05846991,398.097381217,968,2941.67,9.68,-18.56,4036.67,1364.12,1,"	2553,2554" 
2023-02-08T16:30:00Z,"SPY",2023-02-08T17:30:00Z,Sell,393.802642209,394.67501107,1071,-934.31,10.71,-965.11,574.96,1540.07,0,"	2555,2556" 
2023-02-09T19:30:00Z,"SPY",2023-02-09T20:00:00Z,Sell,391.425197401,391.568994466,1038,-149.26,10.38,-507.49,59.7,567.19,0,"	2557,2558" 
2023-02-09T20:30:00Z,"SPY",2023-02-09T20:58:00Z,Sell,389.958467338,390.198129113,1041,-249.49,10.41,-1247.44,838.28,2085.72,0,"	2559,2560" 
2023-02-13T15:00:00Z,"SPY",2023-02-13T20:58:00Z,Buy,393.352078072,395.422755808,1079,2234.26,10.79,-320.66,2585.95,1675.7,1,"	2561,2562" 
2023-02-14T17:00:00Z,"SPY",2023-02-14T17:30:00Z,Sell,392.613919805,393.515048079,1088,-980.43,10.88,-1314.19,0,1314.19,0,"	2563,2564" 
2023-02-17T15:00:00Z,"SPY",2023-02-17T15:30:00Z,Sell,388.012413725,389.124444361,1044,-1160.96,10.44,-1981.64,0,1981.64,0,"	2565,2566" 
2023-02-21T15:30:00Z,"SPY",2023-02-21T20:58:00Z,Sell,385.107713012,382.557711726,1103,2812.65,11.03,-782.47,3018.84,1316.45,1,"	2567,2568" 
2023-02-23T17:00:00Z,"SPY",2023-02-23T18:00:00Z,Sell,380.065229266,381.138914018,1124,-1206.82,11.24,-1216.52,140.08,1356.6,0,"	2569,2570" 
2023-02-24T15:00:00Z,"SPY",2023-02-24T15:30:00Z,Sell,378.167108008,377.99455153,1132,195.33,11.32,-830.17,640.26,971.24,1,"	2571,2572" 
2023-02-24T16:00:00Z,"SPY",2023-02-24T16:30:00Z,Sell,377.80282211,379.020303927,1133,-1379.41,11.33,-1520.61,54.31,1574.91,0,"	2573,2574" 
2023-03-02T19:30:00Z,"SPY",2023-03-02T20:00:00Z,Buy,380.534966345,380.400755751,1118,-150.05,11.18,-610.91,171.48,782.39,0,"	2575,2576" 
2023-03-02T20:30:00Z,"SPY",2023-03-02T20:58:00Z,Buy,381.004703424,381.06222225,1116,64.19,11.16,0,1251.72,1251.72,1,"	2577,2578" 
2023-03-03T15:00:00Z,"SPY",2023-03-03T16:00:00Z,Buy,383.995682376,384.12989297,1107,148.57,11.07,-1294.69,902.04,1294.69,1,"	2579,2580" 
2023-03-03T16:30:00Z,"SPY",2023-03-03T20:58:00Z,Buy,384.628389462,387.38929311,1106,3053.56,11.06,-196.15,3392.84,901.22,1,"	2581,2582" 
2023-03-06T15:30:00Z,"SPY",2023-03-06T16:30:00Z,Buy,389.824256744,389.69004615,1107,-148.57,11.07,-222.86,822.45,1045.3,0,"	2583,2584" 
2023-03-06T17:30:00Z,"SPY",2023-03-06T18:00:00Z,Buy,389.996813222,389.057339064,1106,-1039.06,11.06,-1219.3,0,1219.3,0,"	2585,2586" 
2023-03-07T15:30:00Z,"SPY",2023-03-07T20:58:00Z,Sell,385.069367128,381.666169923,1115,3794.56,11.15,-1432.31,4307.63,1956.07,1,"	2587,2588" 
2023-03-09T15:00:00Z,"SPY",2023-03-09T15:30:00Z,Buy,384.206584738,383.55470471,1137,-741.19,11.37,-1460.58,348.79,1809.37,0,"	2589,2590" 
2023-03-09T18:30:00Z,"SPY",2023-03-09T20:58:00Z,Sell,380.065229266,375.367858476,1145,5378.49,11.45,0,6179.77,2063.58,1,"	2591,2592" 
2023-03-10T15:00:00Z,"SPY",2023-03-10T16:00:00Z,Sell,373.057518965,375.089850817,1195,-2428.64,11.95,-2428.64,756.08,3184.72,0,"	2593,2594" 
2023-03-10T17:30:00Z,"SPY",2023-03-10T20:58:00Z,Sell,372.884962487,369.999434716,1183,3413.58,11.83,-1236.15,5080.68,4196.09,1,"	2595,2596" 
2023-03-13T15:00:00Z,"SPY",2023-03-13T17:00:00Z,Buy,371.696240083,370.593795918,1168,-1287.65,11.68,-1668.35,2306.58,3974.93,0,"	2597,2598" 
2023-03-13T18:30:00Z,"SPY",2023-03-13T19:00:00Z,Buy,372.348120111,372.405638937,1159,66.66,11.59,-499.98,833.3,1333.29,1,"	2599,2600" 
2023-03-14T14:30:00Z,"SPY",2023-03-14T16:30:00Z,Buy,376.010152033,375.530828483,1184,-567.52,11.84,-681.02,1293.94,1974.97,0,"	2601,2602" 
2023-03-16T15:00:00Z,"SPY",2023-03-16T19:58:00Z,Buy,375.396617889,379.739289252,1137,4937.62,11.37,-643.09,5210.11,2376.16,1,"	2603,2604" 
2023-03-17T14:30:00Z,"SPY",2023-03-17T17:30:00Z,Sell,376.463808502,376.194362766,1074,289.38,10.74,-382.4,2625.13,3007.53,1,"	2605,2606" 
2023-03-17T18:30:00Z,"SPY",2023-03-17T19:00:00Z,Sell,374.414096296,374.952987768,1081,-582.54,10.81,-800.99,436.91,1237.9,0,"	2607,2608" 
2023-03-20T14:30:00Z,"SPY",2023-03-20T16:00:00Z,Buy,377.589706756,377.65706819,1037,69.85,10.37,-479,1686.47,1646.55,1,"	2609,2610" 
2023-03-23T14:30:00Z,"SPY",2023-03-23T17:00:00Z,Buy,381.74686954,381.804607912,916,52.89,9.16,-211.55,2053.83,2124.35,1,"	2611,2612" 
2023-03-31T14:00:00Z,"SPY",2023-03-31T15:00:00Z,Buy,390.205541038,390.869532316,1145,760.27,11.45,-49.58,881.47,528.88,1,"	2613,2614" 
2023-03-31T16:00:00Z,"SPY",2023-03-31T19:58:00Z,Buy,391.783723206,393.958535218,1144,2487.98,11.44,-418.33,2487.98,1210.97,1,"	2615,2616" 
2023-04-03T14:00:00Z,"SPY",2023-04-03T15:00:00Z,Buy,394.680264868,393.573612738,1122,-1241.66,11.22,-1241.66,1187.68,2429.34,0,"	2617,2618" 
2023-04-04T15:30:00Z,"SPY",2023-04-04T19:58:00Z,Sell,393.448512932,393.15019801,1163,346.94,11.63,-458.86,1667.55,2126.41,1,"	2619,2620" 
2023-04-06T14:00:00Z,"SPY",2023-04-06T14:30:00Z,Sell,390.831040068,391.504654408,1172,-789.48,11.72,-1184.21,0,1184.21,0,"	2621,2622" 
2023-04-06T17:30:00Z,"SPY",2023-04-06T18:00:00Z,Buy,393.573612738,393.448512932,1160,-145.12,11.6,-234.42,200.93,435.35,0,"	2623,2624" 
2023-04-12T19:30:00Z,"SPY",2023-04-12T19:58:00Z,Sell,392.207137934,392.226384058,1163,-22.38,11.63,-940.1,78.34,940.1,0,"	2625,2626" 
2023-04-13T14:30:00Z,"SPY",2023-04-13T15:00:00Z,Buy,395.257648588,394.78611855,1154,-544.15,11.54,-638.54,22.21,660.75,0,"	2627,2628" 
2023-04-13T15:30:00Z,"SPY",2023-04-13T19:58:00Z,Buy,395.31538696,397.778890832,1151,2835.49,11.51,-387.67,3228.7,642.42,1,"	2629,2630" 
2023-04-14T14:00:00Z,"SPY",2023-04-14T14:30:00Z,Buy,399.193480946,396.787715446,1154,-2776.25,11.54,-2898.41,111.05,3009.46,0,"	2631,2632" 
2023-04-14T15:30:00Z,"SPY",2023-04-14T16:00:00Z,Sell,396.056362734,396.258447036,1149,-232.19,11.49,-232.19,210.08,442.28,0,"	2633,2634" 
2023-04-14T16:30:00Z,"SPY",2023-04-14T18:30:00Z,Sell,395.642571068,396.37392378,1149,-840.32,11.49,-840.32,1105.69,1946.01,0,"	2635,2636" 
2023-04-21T14:00:00Z,"SPY",2023-04-21T14:30:00Z,Sell,395.450109828,396.537515834,1145,-1245.08,11.45,-1564.61,407.68,1972.29,0,"	2637,2638" 
2023-04-25T14:30:00Z,"SPY",2023-04-25T15:00:00Z,Sell,394.20873483,394.391573008,1143,-208.98,11.43,-313.48,417.97,731.44,0,"	2639,2640" 
2023-04-25T16:00:00Z,"SPY",2023-04-25T19:58:00Z,Sell,393.602481924,390.84066313,1143,3156.76,11.43,-274.98,3173.26,813.94,1,"	2641,2642" 
2023-04-26T14:30:00Z,"SPY",2023-04-26T15:00:00Z,Sell,390.099687356,390.93689375,1170,-979.53,11.7,-1035.83,0,1035.83,0,"	2643,2644" 
2023-04-26T19:00:00Z,"SPY",2023-04-26T19:30:00Z,Sell,389.118135032,389.06039666,1168,67.44,11.68,-280.99,438.35,663.14,1,"	2645,2646" 
2023-04-27T14:00:00Z,"SPY",2023-04-27T15:00:00Z,Buy,392.197514872,392.33223774,1159,156.14,11.59,-89.23,1087.43,998.21,1,"	2647,2648" 
2023-04-27T15:30:00Z,"SPY",2023-04-27T19:58:00Z,Buy,393.381151498,396.71073095,1156,3848.99,11.56,-266.98,4305.09,556.21,1,"	2649,2650" 
2023-04-28T14:30:00Z,"SPY",2023-04-28T15:00:00Z,Buy,399.06838114,397.653791026,1159,-1639.51,11.59,-1840.27,66.92,1907.19,0,"	2651,2652" 
2023-04-28T15:30:00Z,"SPY",2023-04-28T19:58:00Z,Buy,398.15419025,399.98257203,1153,2108.12,11.53,0,2113.67,1497.88,1,"	2653,2654" 
2023-05-02T14:00:00Z,"SPY",2023-05-02T17:30:00Z,Sell,398.25042087,394.795741612,1163,4017.79,11.63,-33.57,6446.37,2529.31,1,"	2655,2656" 
2023-05-02T18:00:00Z,"SPY",2023-05-02T19:00:00Z,Sell,395.334633084,395.584832696,1192,-298.24,11.92,-332.65,1124.13,1456.78,0,"	2657,2658" 
2023-05-02T19:30:00Z,"SPY",2023-05-02T19:58:00Z,Sell,395.825409246,395.623324944,1189,240.28,11.89,0,892.46,732.28,1,"	2659,2660" 
2023-05-03T14:00:00Z,"SPY",2023-05-03T14:30:00Z,Buy,396.66261564,395.921639866,1188,-880.28,11.88,-880.28,251.51,1131.79,0,"	2661,2662" 
2023-05-04T14:00:00Z,"SPY",2023-05-04T16:30:00Z,Sell,390.31139472,390.147802666,1202,196.64,12.02,-780.77,2070.48,2631.47,1,"	2663,2664" 
2023-05-05T14:00:00Z,"SPY",2023-05-05T19:58:00Z,Buy,394.661018744,396.80696157,1190,2553.67,11.9,0,3985.1,1460.06,1,"	2665,2666" 
2023-05-11T14:00:00Z,"SPY",2023-05-11T14:30:00Z,Sell,394.843856922,395.401994518,1202,-670.88,12.02,-728.72,300.74,1029.46,0,"	2667,2668" 
2023-05-12T16:30:00Z,"SPY",2023-05-12T17:30:00Z,Sell,394.622526496,394.853479984,1200,-277.14,12,-571.61,819.88,1391.49,0,"	2669,2670" 
2023-05-12T18:00:00Z,"SPY",2023-05-12T19:30:00Z,Sell,393.881550722,394.93046448,1200,-1258.7,12,-1258.7,207.86,1466.55,0,"	2671,2672" 
2023-05-17T17:00:00Z,"SPY",2023-05-17T19:58:00Z,Buy,398.808558466,399.59764955,1179,930.34,11.79,0,1531.65,1418.2,1,"	2673,2674" 
2023-05-18T14:30:00Z,"SPY",2023-05-18T16:30:00Z,Buy,401.175831718,400.46372513,1177,-838.15,11.77,-962.74,1268.55,2231.29,0,"	2675,2676" 
2023-05-18T19:00:00Z,"SPY",2023-05-18T19:58:00Z,Buy,401.320177648,403.514235784,1172,2571.44,11.72,-169.17,2785.72,552.63,1,"	2677,2678" 
2023-05-23T18:30:00Z,"SPY",2023-05-23T19:58:00Z,Sell,398.721950908,398.481374358,1193,287.01,11.93,-757.7,413.29,1170.99,1,"	2679,2680" 
2023-05-24T14:00:00Z,"SPY",2023-05-24T15:30:00Z,Sell,395.632948006,395.719555564,1203,-104.19,12.03,-671.44,1053.47,1724.9,0,"	2681,2682" 
2023-05-24T16:00:00Z,"SPY",2023-05-24T18:00:00Z,Sell,394.959333666,395.70030944,1205,-892.88,12.05,-1020.43,521.81,1542.24,0,"	2683,2684" 
2023-05-24T18:30:00Z,"SPY",2023-05-24T19:30:00Z,Sell,394.824610798,396.460531338,1201,-1964.74,12.01,-2195.89,127.13,2323.02,0,"	2685,2686" 
2023-05-26T14:00:00Z,"SPY",2023-05-26T19:58:00Z,Buy,401.2816854,404.438049736,1171,3696.1,11.71,-28.17,4129.94,1526.9,1,"	2687,2688" 
2023-05-31T14:30:00Z,"SPY",2023-05-31T17:00:00Z,Sell,401.146962532,401.32980071,1190,-217.58,11.9,-538.22,675.64,1213.85,0,"	2689,2690" 
2023-06-01T15:00:00Z,"SPY",2023-06-01T19:58:00Z,Buy,403.571974156,405.554324928,1182,2343.14,11.82,-125.12,3969.69,2149.77,1,"	2691,2692" 
2023-06-02T15:00:00Z,"SPY",2023-06-02T19:58:00Z,Buy,410.750778408,411.895922786,1173,1343.25,11.73,-45.15,2088.25,936.89,1,"	2693,2694" 
2023-06-07T14:00:00Z,"SPY",2023-06-07T14:30:00Z,Buy,413.127674722,412.232729956,1172,-1048.88,11.72,-1364.67,90.23,1454.89,0,"	2695,2696" 
2023-06-08T15:30:00Z,"SPY",2023-06-08T16:00:00Z,Buy,412.117253212,411.857430538,1170,-303.99,11.7,-337.77,0,337.77,0,"	2697,2698" 
2023-06-08T16:30:00Z,"SPY",2023-06-08T18:00:00Z,Buy,412.92559042,412.069137902,1166,-998.62,11.66,-1503.55,0,1503.55,0,"	2699,2700" 
2023-06-08T18:30:00Z,"SPY",2023-06-08T19:58:00Z,Buy,412.521421816,413.050690226,1163,615.54,11.63,0,783.41,414.09,1,"	2701,2702" 
2023-06-09T14:00:00Z,"SPY",2023-06-09T15:00:00Z,Buy,414.696233828,414.840579758,1159,167.3,11.59,-262.1,1070.7,1332.8,1,"	2703,2704" 
2023-06-12T19:30:00Z,"SPY",2023-06-12T19:58:00Z,Buy,416.91916115,417.044260956,1154,144.37,11.54,-166.58,510.83,477.52,1,"	2705,2706" 
2023-06-13T15:30:00Z,"SPY",2023-06-13T16:00:00Z,Buy,420.258363664,419.594372386,1145,-760.27,11.45,-760.27,121.2,881.47,0,"	2707,2708" 
2023-06-13T17:30:00Z,"SPY",2023-06-13T18:00:00Z,Buy,420.566301648,420.373840408,1141,-219.6,11.41,-417.24,131.76,549,0,"	2709,2710" 
2023-06-14T15:30:00Z,"SPY",2023-06-14T16:00:00Z,Buy,422.11561463,421.721069088,1135,-447.81,11.35,-540.65,54.61,595.26,0,"	2711,2712" 
2023-06-14T18:30:00Z,"SPY",2023-06-14T19:00:00Z,Sell,418.112420838,419.921556494,1144,-2069.65,11.44,-2642.11,308.25,2950.35,0,"	2713,2714" 
2023-06-15T14:00:00Z,"SPY",2023-06-15T19:58:00Z,Buy,422.182976064,425.77237819,1123,4030.9,11.23,-216.13,5500.61,1502.13,1,"	2715,2716" 
2023-06-20T14:30:00Z,"SPY",2023-06-20T15:30:00Z,Sell,420.428942848,421.02778944,1147,-686.88,11.47,-1102.33,188.34,1290.66,0,"	2717,2718" 
2023-06-21T14:00:00Z,"SPY",2023-06-21T14:30:00Z,Sell,420.370989952,420.49655456,1144,-143.65,11.44,-618.78,773.48,1392.26,0,"	2719,2720" 
2023-06-26T14:00:00Z,"SPY",2023-06-26T14:30:00Z,Buy,419.453402432,419.182955584,1146,-309.93,11.46,-531.31,232.45,763.76,0,"	2721,2722" 
2023-06-27T15:30:00Z,"SPY",2023-06-27T19:58:00Z,Buy,419.028414528,421.327212736,1145,2632.12,11.45,-33.18,3245.92,613.79,1,"	2723,2724" 
2023-06-29T16:30:00Z,"SPY",2023-06-29T17:00:00Z,Buy,423.143070144,422.737399872,1147,-465.3,11.47,-631.48,199.42,830.9,0,"	2725,2726" 
2023-06-30T14:00:00Z,"SPY",2023-06-30T15:30:00Z,Buy,427.238408128,427.576466688,1133,383.02,11.33,-142.26,1017.74,1160,1,"	2727,2728" 
2023-06-30T16:30:00Z,"SPY",2023-06-30T19:58:00Z,Buy,427.943501696,428.600301184,1133,744.15,11.33,-71.13,1356.99,612.83,1,"	2729,2730" 
2023-07-06T14:00:00Z,"SPY",2023-07-06T16:00:00Z,Sell,423.529422784,423.172046592,1148,410.27,11.48,0,1508.01,1097.74,1,"	2731,2732" 
2023-07-07T17:00:00Z,"SPY",2023-07-07T19:00:00Z,Buy,427.170796416,426.137303104,1141,-1179.22,11.41,-1256.36,385.72,1642.09,0,"	2733,2734" 
2023-07-13T19:00:00Z,"SPY",2023-07-13T19:58:00Z,Buy,433.951285248,434.395590784,1117,496.29,11.17,-21.58,1165.2,749.83,1,"	2735,2736" 
2023-07-17T15:30:00Z,"SPY",2023-07-17T16:30:00Z,Buy,435.023413824,434.878531584,1117,-161.83,11.17,-172.62,302.09,474.71,0,"	2737,2738" 
2023-07-17T17:00:00Z,"SPY",2023-07-17T17:30:00Z,Buy,435.22624896,435.100684352,1115,-140,11.15,-312.32,0,312.32,0,"	2739,2740" 
2023-07-17T18:00:00Z,"SPY",2023-07-17T19:58:00Z,Buy,435.41942528,435.544989888,1114,139.88,11.14,-129.12,1129.79,989.91,1,"	2741,2742" 
2023-07-18T15:00:00Z,"SPY",2023-07-18T19:58:00Z,Buy,436.839271232,438.790352064,1111,2167.65,11.11,-171.7,2725.66,922.86,1,"	2743,2744" 
2023-07-19T14:00:00Z,"SPY",2023-07-19T14:30:00Z,Buy,440.461327232,440.24883328,1112,-236.29,11.12,-236.29,306.11,542.4,0,"	2745,2746" 
2023-07-20T18:30:00Z,"SPY",2023-07-20T19:58:00Z,Sell,436.665412544,436.655753728,1120,10.82,11.2,-692.34,627.44,876.25,1,"	2747,2748" 
2023-07-24T15:30:00Z,"SPY",2023-07-24T17:00:00Z,Buy,438.790352064,438.80001088,1115,10.77,11.15,-436.17,387.7,646.17,1,"	2749,2750" 
2023-07-24T18:00:00Z,"SPY",2023-07-24T18:30:00Z,Buy,439.253975232,439.08977536,1114,-182.92,11.14,-193.68,215.2,408.88,0,"	2751,2752" 
2023-07-25T16:00:00Z,"SPY",2023-07-25T19:58:00Z,Buy,439.852821824,439.988045248,1111,150.23,11.11,-150.23,1416.48,1319.91,1,"	2753,2754" 
2023-07-27T18:30:00Z,"SPY",2023-07-27T19:58:00Z,Sell,438.432975872,437.080741632,1115,1507.74,11.15,-366.17,2444.69,1173.88,1,"	2755,2756" 
2023-07-28T15:00:00Z,"SPY",2023-07-28T17:30:00Z,Buy,441.205056064,440.58689184,1115,-689.25,11.15,-689.25,1033.88,1723.13,0,"	2757,2758" 
2023-08-02T14:30:00Z,"SPY",2023-08-02T19:58:00Z,Sell,436.539847936,435.03307264,1124,1693.62,11.24,-217.13,2822.69,1476.49,1,"	2759,2760" 
2023-08-04T16:30:00Z,"SPY",2023-08-04T17:30:00Z,Buy,437.061424,436.24042464,1130,-927.73,11.3,-1075.07,403.84,1478.91,0,"	2761,2762" 
2023-08-07T14:30:00Z,"SPY",2023-08-07T15:00:00Z,Buy,434.279684992,433.758108928,1133,-590.95,11.33,-733.21,279.06,1012.27,0,"	2763,2764" 
2023-08-07T18:00:00Z,"SPY",2023-08-07T18:30:00Z,Buy,434.859213952,434.279684992,1129,-654.29,11.29,-730.62,185.38,916,0,"	2765,2766" 
2023-08-08T14:00:00Z,"SPY",2023-08-08T16:30:00Z,Sell,431.343404928,431.237157952,1135,120.59,11.35,-148,1370.34,1408.71,1,"	2767,2768" 
2023-08-08T17:00:00Z,"SPY",2023-08-08T17:30:00Z,Sell,431.353063744,431.691122304,1136,-384.03,11.36,-833.9,0,833.9,0,"	2769,2770" 
2023-08-09T15:00:00Z,"SPY",2023-08-09T17:30:00Z,Sell,432.125769024,432.154745472,1132,-32.8,11.32,-295.21,2487.43,2586.93,0,"	2771,2772" 
2023-08-09T18:00:00Z,"SPY",2023-08-09T18:30:00Z,Sell,432.251333632,433.217215232,1131,-1092.41,11.31,-1125.18,136.55,1261.74,0,"	2773,2774" 
2023-08-10T14:00:00Z,"SPY",2023-08-10T15:00:00Z,Buy,435.825095552,434.192755648,1117,-1823.32,11.17,-2438.29,431.56,2869.85,0,"	2775,2776" 
2023-08-14T15:00:00Z,"SPY",2023-08-14T16:30:00Z,Buy,431.980886784,431.439993088,1118,-604.72,11.18,-896.28,556.13,1452.41,0,"	2777,2778" 
2023-08-14T17:00:00Z,"SPY",2023-08-14T18:30:00Z,Buy,431.971227968,431.55589888,1116,-463.51,11.16,-722.21,420.39,1142.6,0,"	2779,2780" 
2023-08-15T14:00:00Z,"SPY",2023-08-15T15:30:00Z,Sell,430.049123584,429.67242976,1118,421.14,11.18,0,1835.75,1479.4,1,"	2781,2782" 
2023-08-15T16:30:00Z,"SPY",2023-08-15T19:58:00Z,Sell,429.488912256,428.001454592,1122,1668.93,11.22,0,2460.04,926.58,1,"	2783,2784" 
2023-08-16T19:30:00Z,"SPY",2023-08-16T19:58:00Z,Sell,425.103809792,424.93960992,1141,187.35,11.41,-451.85,330.62,694.3,1,"	2785,2786" 
2023-08-17T19:00:00Z,"SPY",2023-08-17T19:58:00Z,Sell,422.273776704,421.771518272,1149,577.09,11.49,-233.06,1520.42,1487.13,1,"	2787,2788" 
2023-08-21T14:00:00Z,"SPY",2023-08-21T14:30:00Z,Buy,423.751575552,421.732883008,1148,-2317.46,11.48,-2317.46,60.99,2378.44,0,"	2789,2790" 
2023-08-23T14:00:00Z,"SPY",2023-08-23T19:58:00Z,Buy,425.364597824,427.653737216,1133,2593.59,11.33,-196.98,3556.62,1247.55,1,"	2791,2792" 
2023-08-24T15:00:00Z,"SPY",2023-08-24T19:58:00Z,Sell,426.069691392,422.650470528,1143,3908.17,11.43,0,4416.01,1700.16,1,"	2793,2794" 
2023-08-25T19:00:00Z,"SPY",2023-08-25T19:30:00Z,Buy,425.750950464,425.876515072,1162,145.91,11.62,-448.94,505.06,954,1,"	2795,2796" 
2023-08-29T14:00:00Z,"SPY",2023-08-29T19:58:00Z,Buy,428.725865792,433.6808384,1155,5722.99,11.55,0,6124.61,1327.56,1,"	2797,2798" 
2023-08-30T14:00:00Z,"SPY",2023-08-30T14:30:00Z,Buy,435.844413184,433.941626432,1162,-2211.04,11.62,-2704.87,359.15,3064.03,0,"	2799,2800" 
2023-09-05T14:00:00Z,"SPY",2023-09-05T14:30:00Z,Sell,434.231390912,434.530814208,1156,-346.13,11.56,-837.42,245.64,1083.06,0,"	2801,2802" 
2023-09-06T14:30:00Z,"SPY",2023-09-06T19:00:00Z,Sell,430.860464128,430.725240704,1164,157.4,11.64,-342.91,2462.19,2524.02,1,"	2803,2804" 
2023-09-08T14:00:00Z,"SPY",2023-09-08T15:00:00Z,Buy,430.618993728,430.68660544,1165,78.77,11.65,0,1372.81,1294.04,1,"	2805,2806" 
2023-09-15T14:30:00Z,"SPY",2023-09-15T19:58:00Z,Sell,432.29320111,429.69550659,1161,3015.92,11.61,-236.32,3286.01,1204.12,1,"	2807,2808" 
2023-09-19T14:30:00Z,"SPY",2023-09-19T17:30:00Z,Sell,428.05740818,427.56307079,1186,586.28,11.86,0,1874.96,1484.1,1,"	2809,2810" 
2023-09-20T19:30:00Z,"SPY",2023-09-20T19:58:00Z,Sell,427.33044143,425.23677719,1191,2493.55,11.91,0,2505.1,600.3,1,"	2811,2812" 
2023-09-21T14:00:00Z,"SPY",2023-09-21T17:30:00Z,Sell,420.80712646,421.2529994,1221,-544.41,12.21,-1656.9,792.95,1751.58,0,"	2813,2814" 
2023-09-21T18:00:00Z,"SPY",2023-09-21T19:58:00Z,Sell,421.07852738,418.37421107,1218,3293.86,12.18,0,3305.66,584.39,1,"	2815,2816" 
2023-09-22T15:30:00Z,"SPY",2023-09-22T16:00:00Z,Buy,420.55511132,419.61490099,1235,-1161.16,12.35,-1161.16,251.39,1412.54,0,"	2817,2818" 
2023-09-25T16:30:00Z,"SPY",2023-09-25T17:00:00Z,Buy,418.6359191,417.84110212,1235,-981.6,12.35,-1496.34,11.97,1508.31,0,"	2819,2820" 
2023-09-26T14:30:00Z,"SPY",2023-09-26T15:00:00Z,Sell,414.78784177,414.88477067,1242,-120.39,12.42,-884.83,415.33,1300.17,0,"	2821,2822" 
2023-09-26T15:30:00Z,"SPY",2023-09-26T16:30:00Z,Sell,413.67315942,414.50674796,1244,-1036.98,12.44,-1181.68,96.46,1278.14,0,"	2823,2824" 
2023-09-26T17:00:00Z,"SPY",2023-09-26T19:58:00Z,Sell,414.42920484,412.8201851,1237,1990.36,12.37,-443.63,2913.6,995.18,1,"	2825,2826" 
2023-09-27T16:30:00Z,"SPY",2023-09-27T19:00:00Z,Sell,411.16270091,412.81049221,1256,-2069.63,12.56,-2477.46,2264.41,4741.88,0,"	2827,2828" 
2023-09-28T14:00:00Z,"SPY",2023-09-28T14:30:00Z,Buy,413.60530919,413.27575093,1239,-408.32,12.39,-540.43,630.5,1170.93,0,"	2829,2830" 
2023-09-28T15:00:00Z,"SPY",2023-09-28T19:58:00Z,Buy,414.23534704,415.29187205,1235,1304.81,12.35,-395.03,3315.89,3100.42,1,"	2831,2832" 
2023-09-29T18:00:00Z,"SPY",2023-09-29T19:00:00Z,Sell,413.08189313,415.05924269,1245,-2461.8,12.45,-2461.8,132.74,2594.54,0,"	2833,2834" 
2023-10-02T17:00:00Z,"SPY",2023-10-02T17:30:00Z,Sell,411.76366009,412.56816996,1237,-995.18,12.37,-1079.11,203.83,1282.94,0,"	2835,2836" 
2023-10-03T14:30:00Z,"SPY",2023-10-03T19:58:00Z,Sell,409.53429539,408.37114859,1238,1439.98,12.38,-587.99,2759.95,2315.96,1,"	2837,2838" 
2023-10-04T14:30:00Z,"SPY",2023-10-04T15:00:00Z,Sell,407.69264629,408.12882634,1251,-545.66,12.51,-2170.52,0,2170.52,0,"	2839,2840" 
2023-10-04T16:00:00Z,"SPY",2023-10-04T17:00:00Z,Buy,410.92037866,410.61989907,1239,-372.29,12.39,-684.54,300.24,804.64,0,"	2841,2842" 
2023-10-04T19:30:00Z,"SPY",2023-10-04T19:58:00Z,Buy,411.38563738,412.17076147,1235,969.63,12.35,0,1077.36,879.85,1,"	2843,2844" 
2023-10-05T14:30:00Z,"SPY",2023-10-05T16:30:00Z,Sell,410.41634838,410.17402613,1243,301.21,12.43,0,2493.99,2192.78,1,"	2845,2846" 
2023-10-06T16:00:00Z,"SPY",2023-10-06T19:58:00Z,Buy,415.70866632,416.37747573,1228,821.3,12.28,-1345.02,2630.53,1809.24,1,"	2847,2848" 
2023-10-09T18:00:00Z,"SPY",2023-10-09T19:30:00Z,Buy,418.84916268,418.98486314,1223,165.96,12.23,-414.9,889.08,1043.19,1,"	2849,2850" 
2023-10-10T14:00:00Z,"SPY",2023-10-10T17:30:00Z,Buy,420.32248196,422.0284306,1219,2079.55,12.19,0,4100.02,2563.99,1,"	2851,2852" 
2023-10-12T14:00:00Z,"SPY",2023-10-12T14:30:00Z,Sell,422.04781638,422.54215377,1224,-605.07,12.24,-1411.83,427.11,1838.94,0,"	2853,2854" 
2023-10-12T17:30:00Z,"SPY",2023-10-12T19:58:00Z,Sell,420.09954549,420.37094641,1227,-333.01,12.27,-987.13,2438.1,3425.23,0,"	2855,2856" 
2023-10-13T14:00:00Z,"SPY",2023-10-13T14:30:00Z,Buy,422.56153955,421.09791316,1218,-1782.7,12.18,-1971.59,0,1971.59,0,"	2857,2858" 
2023-10-13T17:30:00Z,"SPY",2023-10-13T18:00:00Z,Sell,416.96874202,418.16096749,1226,-1461.67,12.26,-1758.76,225.79,1984.54,0,"	2859,2860" 
2023-10-16T14:30:00Z,"SPY",2023-10-16T16:00:00Z,Buy,422.54215377,422.56153955,1203,23.32,12.03,-443.1,1294.32,1737.42,1,"	2861,2862" 
2023-10-18T15:00:00Z,"SPY",2023-10-18T15:30:00Z,Sell,419.26595695,419.57612943,1212,-375.93,12.12,-939.82,280.77,1220.59,0,"	2863,2864" 
2023-10-18T19:00:00Z,"SPY",2023-10-18T19:58:00Z,Sell,417.93803102,416.92027757,1214,1235.55,12.14,0,2329.9,1094.35,1,"	2865,2866" 
2023-10-19T19:00:00Z,"SPY",2023-10-19T19:58:00Z,Sell,413.82824566,413.72162387,1232,131.36,12.32,-656.79,1337.46,1803.19,1,"	2867,2868" 
2023-10-20T14:00:00Z,"SPY",2023-10-20T16:00:00Z,Sell,412.01567523,410.38726971,1238,2015.97,12.38,-335.99,3730.74,2122.76,1,"	2869,2870" 
2023-10-20T16:30:00Z,"SPY",2023-10-20T17:00:00Z,Sell,409.98986122,411.24024403,1254,-1567.98,12.54,-1610.52,0,1610.52,0,"	2871,2872" 
2023-10-20T18:30:00Z,"SPY",2023-10-20T19:58:00Z,Sell,409.61183851,408.4583846,1248,1439.51,12.48,-677.42,1705.64,1058.46,1,"	2873,2874" 
2023-10-23T17:00:00Z,"SPY",2023-10-23T17:30:00Z,Buy,411.37594449,409.88323943,1249,-1864.39,12.49,-2035.09,0,2035.09,0,"	2875,2876" 
2023-10-24T14:00:00Z,"SPY",2023-10-24T15:00:00Z,Buy,410.82344976,411.14331513,1242,397.27,12.42,-1239.97,1053.37,1239.97,1,"	2877,2878" 
2023-10-25T14:00:00Z,"SPY",2023-10-25T15:00:00Z,Sell,407.27585202,407.22738757,1254,60.77,12.54,-1008.86,1397.81,2406.67,1,"	2879,2880" 
2023-10-25T16:30:00Z,"SPY",2023-10-25T19:58:00Z,Sell,406.33564169,404.65877172,1258,2109.5,12.58,-512.13,2585.05,1536.4,1,"	2881,2882" 
2023-10-26T14:00:00Z,"SPY",2023-10-26T14:30:00Z,Sell,402.63295771,402.6426506,1280,-12.41,12.8,-446.65,1054.59,1501.23,0,"	2883,2884" 
2023-10-26T16:30:00Z,"SPY",2023-10-26T18:00:00Z,Sell,400.316357,400.92700907,1287,-785.91,12.87,-823.33,1434.6,2257.93,0,"	2885,2886" 
2023-10-27T18:30:00Z,"SPY",2023-10-27T19:30:00Z,Sell,397.23401798,397.80589849,1293,-739.44,12.93,-1491.42,513.85,1629.28,0,"	2887,2888" 
2023-10-30T14:00:00Z,"SPY",2023-10-30T14:30:00Z,Buy,402.1580061,400.30666411,1273,-2356.76,12.73,-2726.93,0,2726.93,0,"	2889,2890" 
2023-11-01T14:30:00Z,"SPY",2023-11-01T15:30:00Z,Buy,408.22575524,407.4890956,1243,-915.67,12.43,-1090.37,746.99,1837.36,0,"	2891,2892" 
2023-11-01T19:30:00Z,"SPY",2023-11-01T19:58:00Z,Buy,409.83477498,409.80569631,1233,-35.85,12.33,-227.08,633.42,860.5,0,"	2893,2894" 
2023-11-02T14:00:00Z,"SPY",2023-11-02T19:58:00Z,Buy,414.38074039,417.34676473,1220,3618.55,12.2,-863.25,4020.61,1064.28,1,"	2895,2896" 
2023-11-03T14:00:00Z,"SPY",2023-11-03T14:30:00Z,Buy,421.32084963,420.53572554,1135,-891.12,11.35,-1243.16,209.03,1452.19,0,"	2897,2898" 
2023-11-03T16:00:00Z,"SPY",2023-11-03T17:30:00Z,Buy,421.62132922,421.72795101,1130,120.48,11.3,-131.44,952.91,1040.53,1,"	2899,2900" 
2023-11-03T18:00:00Z,"SPY",2023-11-03T19:30:00Z,Buy,422.27075285,422.08658794,1129,-207.92,11.29,-634.71,673.01,946.59,0,"	2901,2902" 
2023-11-07T16:00:00Z,"SPY",2023-11-07T17:00:00Z,Buy,423.74407213,423.46297832,1131,-317.92,11.31,-460.43,339.84,800.27,0,"	2903,2904" 
2023-11-09T19:30:00Z,"SPY",2023-11-09T20:58:00Z,Sell,421.45655009,420.52603265,1210,1125.93,12.1,-146.6,1595.06,903.09,1,"	2905,2906" 
2023-11-10T18:00:00Z,"SPY",2023-11-10T20:58:00Z,Buy,425.31432031,427.03965473,1204,2077.3,12.04,-636.03,2427.41,653.53,1,"	2907,2908" 
2023-11-14T15:00:00Z,"SPY",2023-11-14T17:30:00Z,Buy,434.18331466,434.34809379,1189,195.92,11.89,-299.65,2028.37,2051.42,1,"	2909,2910" 
2023-11-14T18:00:00Z,"SPY",2023-11-14T19:00:00Z,Buy,434.96843875,434.45471558,1188,-610.3,11.88,-610.3,403.03,1013.33,0,"	2911,2912" 
2023-11-14T20:00:00Z,"SPY",2023-11-14T20:58:00Z,Buy,435.63724816,434.65826627,1183,-1158.14,11.83,-1181.07,642.13,1823.2,0,"	2913,2914" 
2023-11-20T15:00:00Z,"SPY",2023-11-20T20:58:00Z,Buy,438.28340713,440.06689889,1170,2086.69,11.7,-759.83,3311.48,1292.84,1,"	2915,2916" 
2023-11-28T15:00:00Z,"SPY",2023-11-28T15:30:00Z,Sell,439.6694904,440.10567045,1176,-512.95,11.76,-683.93,0,683.93,0,"	2917,2918" 
2023-11-28T16:30:00Z,"SPY",2023-11-28T18:00:00Z,Buy,441.57898973,440.9295661,1169,-759.18,11.69,-895.15,770.51,1665.66,0,"	2919,2920" 
2023-11-29T15:00:00Z,"SPY",2023-11-29T15:30:00Z,Buy,444.05067668,442.45134983,1159,-1853.62,11.59,-2201.88,28.09,2229.96,0,"	2921,2922" 
2023-11-30T17:30:00Z,"SPY",2023-11-30T18:00:00Z,Sell,439.64041173,440.17352068,1162,-619.47,11.62,-788.42,56.32,844.74,0,"	2923,2924" 
2023-12-01T17:00:00Z,"SPY",2023-12-01T20:58:00Z,Buy,444.26392026,445.14597325,1147,1011.71,11.47,-155.65,1345.25,1500.9,1,"	2925,2926" 
2023-12-04T15:30:00Z,"SPY",2023-12-04T16:30:00Z,Sell,440.84233009,441.09434523,1160,-292.34,11.6,-309.2,449.75,758.95,0,"	2927,2928" 
2023-12-06T20:30:00Z,"SPY",2023-12-06T20:58:00Z,Sell,441.01680211,440.43522871,1159,674.04,11.59,-157.28,707.75,426.89,1,"	2929,2930" 
2023-12-07T15:30:00Z,"SPY",2023-12-07T16:30:00Z,Buy,443.90528333,443.03292323,1154,-1006.7,11.54,-1398.2,89.48,1487.68,0,"	2931,2932" 
2023-12-07T17:00:00Z,"SPY",2023-12-07T20:58:00Z,Buy,444.0312909,444.27361315,1149,278.43,11.49,-456.62,690.5,829.72,1,"	2933,2934" 
2023-12-08T15:30:00Z,"SPY",2023-12-08T16:30:00Z,Buy,445.73723954,444.60317141,1146,-1299.64,11.46,-1799.5,177.73,1977.23,0,"	2935,2936" 
2023-12-08T18:30:00Z,"SPY",2023-12-08T20:58:00Z,Buy,445.34952394,446.13464803,1141,895.83,11.41,-409.2,1376.92,547.45,1,"	2937,2938" 
2023-12-11T19:00:00Z,"SPY",2023-12-11T20:00:00Z,Buy,447.46257396,447.36564506,1140,-110.5,11.4,-187.85,187.85,375.7,0,"	2939,2940" 
2023-12-12T20:00:00Z,"SPY",2023-12-12T20:58:00Z,Buy,449.33330173,449.68224577,1134,395.7,11.34,0,593.55,406.69,1,"	2941,2942" 
2023-12-13T19:30:00Z,"SPY",2023-12-13T20:58:00Z,Buy,453.10383594,455.69183757,1127,2916.68,11.27,-436.96,3495.64,2665.43,1,"	2943,2944" 
2023-12-14T15:00:00Z,"SPY",2023-12-14T15:30:00Z,Buy,458.61909035,457.76611603,1126,-960.45,11.26,-1386.1,0,1386.1,0,"	2945,2946" 
2023-12-18T15:30:00Z,"SPY",2023-12-18T16:00:00Z,Buy,459.1647242,458.64891813,1120,-577.7,11.2,-735.75,10.9,746.65,0,"	2947,2948" 
2023-12-18T17:30:00Z,"SPY",2023-12-18T19:30:00Z,Buy,459.83624531,459.82651312,1116,-10.86,11.16,-401.86,380.14,467.03,0,"	2949,2950" 
2023-12-19T15:00:00Z,"SPY",2023-12-19T20:00:00Z,Buy,460.80946431,461.47125323,1113,736.57,11.13,-411.61,1039.87,866.55,1,"	2951,2952" 
2023-12-20T20:00:00Z,"SPY",2023-12-20T20:58:00Z,Sell,457.88007512,455.55408171,1124,2614.42,11.24,-536.01,2625.36,1958.08,1,"	2953,2954" 
2023-12-22T15:00:00Z,"SPY",2023-12-22T16:00:00Z,Buy,462.20116748,461.45178885,1125,-843.05,11.25,-843.05,405.1,1248.15,0,"	2955,2956" 
2023-12-26T15:00:00Z,"SPY",2023-12-26T15:30:00Z,Buy,461.96759492,462.14277434,1121,196.38,11.21,-70.91,425.48,294.56,1,"	2957,2958" 
2023-12-26T17:00:00Z,"SPY",2023-12-26T17:30:00Z,Buy,462.35688252,462.34715033,1121,-10.91,11.21,-207.29,136.37,207.29,0,"	2959,2960" 
2023-12-29T16:00:00Z,"SPY",2023-12-29T19:30:00Z,Sell,462.70724136,462.32768595,1120,425.1,11.2,-228.9,2299.91,2267.21,1,"	2961,2962" 
2024-01-03T15:00:00Z,"SPY",2024-01-03T16:30:00Z,Sell,457.36426905,457.13069649,1135,265.1,11.35,-1005.19,1286.86,1209.54,1,"	2963,2964" 
2024-01-03T17:00:00Z,"SPY",2024-01-03T17:30:00Z,Sell,456.68301575,457.01391021,1138,-376.56,11.38,-376.56,287.96,664.51,0,"	2965,2966" 
2024-01-04T15:30:00Z,"SPY",2024-01-04T17:30:00Z,Buy,457.18908963,457.03337459,1135,-176.74,11.35,-386.61,1253.73,1640.34,0,"	2967,2968" 
2024-01-05T15:00:00Z,"SPY",2024-01-05T16:30:00Z,Buy,455.63193923,456.55649728,1138,1052.15,11.38,0,2425.48,1395.48,1,"	2969,2970" 
2024-01-05T17:00:00Z,"SPY",2024-01-05T17:30:00Z,Buy,456.22560282,454.86309622,1141,-1554.62,11.41,-1554.62,0,1554.62,0,"	2971,2972" 
2024-01-05T19:00:00Z,"SPY",2024-01-05T19:30:00Z,Buy,455.82658303,455.6611358,1135,-187.78,11.35,-276.15,607.53,883.68,0,"	2973,2974" 
2024-01-08T15:00:00Z,"SPY",2024-01-08T20:58:00Z,Buy,457.15016087,461.84107645,1131,5305.43,11.31,-396.26,5349.45,875.06,1,"	2975,2976" 
2024-01-10T16:00:00Z,"SPY",2024-01-10T16:30:00Z,Buy,462.49313318,462.05518463,1141,-499.7,11.41,-799.52,0,799.52,0,"	2977,2978" 
2024-01-10T18:00:00Z,"SPY",2024-01-10T18:30:00Z,Buy,462.65858041,462.5709907,1138,-99.68,11.38,-487.31,476.23,963.55,0,"	2979,2980" 
2024-01-10T19:00:00Z,"SPY",2024-01-10T20:58:00Z,Buy,463.01867144,463.58313846,1137,641.8,11.37,-265.57,1759.41,2024.99,1,"	2981,2982" 
2024-01-11T15:30:00Z,"SPY",2024-01-11T18:30:00Z,Sell,462.25956062,462.04545244,1141,244.3,11.41,-460.83,2887.15,2887.15,1,"	2983,2984" 
2024-01-16T15:00:00Z,"SPY",2024-01-16T15:30:00Z,Sell,461.78268331,463.17438648,1144,-1592.11,11.44,-1870.45,250.51,2120.96,0,"	2985,2986" 
2024-01-16T18:00:00Z,"SPY",2024-01-16T18:30:00Z,Sell,461.24741286,462.28875719,1138,-1185.05,11.38,-1229.35,0,1229.35,0,"	2987,2988" 
2024-01-16T19:00:00Z,"SPY",2024-01-16T20:00:00Z,Sell,461.36419914,461.58803951,1133,-253.61,11.33,-297.72,1058.55,1356.27,0,"	2989,2990" 
2024-01-17T19:00:00Z,"SPY",2024-01-17T19:30:00Z,Sell,458.05525454,458.60998937,1140,-632.4,11.4,-693.42,110.95,804.37,0,"	2991,2992" 
2024-01-18T19:30:00Z,"SPY",2024-01-18T20:58:00Z,Buy,462.88242078,463.68046036,1125,897.79,11.25,-624.08,1456.18,925.17,1,"	2993,2994" 
2024-01-19T17:30:00Z,"SPY",2024-01-19T20:58:00Z,Buy,466.52225984,469.3835237,1120,3204.62,11.2,-27.25,3466.22,1209.91,1,"	2995,2996" 
2024-01-22T15:00:00Z,"SPY",2024-01-22T15:30:00Z,Buy,472.03067938,471.39808703,1120,-708.5,11.2,-708.5,119.9,828.4,0,"	2997,2998" 
2024-01-29T20:30:00Z,"SPY",2024-01-29T20:58:00Z,Buy,477.79213586,477.91865433,1104,139.68,11.04,-526.47,214.89,741.36,1,"	2999,3000" 
2024-01-31T15:00:00Z,"SPY",2024-01-31T19:00:00Z,Sell,474.68756725,474.37613717,1112,346.31,11.12,-43.29,1493.46,1374.42,1,"	3001,3002" 
2024-01-31T19:30:00Z,"SPY",2024-01-31T20:58:00Z,Sell,473.12068466,470.91147753,1117,2467.68,11.17,-2978.61,3272.13,3185.16,1,"	3003,3004" 
2024-02-01T15:30:00Z,"SPY",2024-02-01T16:00:00Z,Buy,473.15961342,471.11585352,1127,-2303.32,11.27,-2303.32,0,2303.32,0,"	3005,3006" 
2024-02-01T17:00:00Z,"SPY",2024-02-01T20:58:00Z,Buy,472.67300392,475.72891158,1118,3416.5,11.18,0,3623.24,2165.24,1,"	3007,3008" 
2024-02-02T15:00:00Z,"SPY",2024-02-02T20:58:00Z,Buy,477.42231264,481.5487612,1122,4629.88,11.22,-545.98,5896.54,2282.18,1,"	3009,3010" 
2024-02-05T15:30:00Z,"SPY",2024-02-05T17:00:00Z,Sell,478.23008441,478.95999866,1139,-831.37,11.39,-831.37,1097.41,1928.78,0,"	3011,3012" 
2024-02-07T15:30:00Z,"SPY",2024-02-07T16:30:00Z,Buy,484.63386543,483.81636147,1120,-915.6,11.2,-1155.41,0,1155.41,0,"	3013,3014" 
2024-02-07T17:00:00Z,"SPY",2024-02-07T17:30:00Z,Buy,484.26404221,483.99154089,1117,-304.38,11.17,-402.22,184.8,587.03,0,"	3015,3016" 
2024-02-07T18:00:00Z,"SPY",2024-02-07T19:30:00Z,Buy,484.24457783,484.61440105,1116,412.72,11.16,-411.64,803.72,911.25,1,"	3017,3018" 
2024-02-07T20:00:00Z,"SPY",2024-02-07T20:30:00Z,Buy,484.98422427,484.80904485,1116,-195.5,11.16,-342.13,152.06,494.18,0,"	3019,3020" 
2024-02-09T15:00:00Z,"SPY",2024-02-09T15:30:00Z,Buy,486.13262269,486.25914116,1113,140.82,11.13,-249.13,151.65,324.96,1,"	3021,3022" 
2024-02-09T16:00:00Z,"SPY",2024-02-09T16:30:00Z,Buy,486.58030343,486.36619525,1112,-238.09,11.12,-324.67,227.27,551.93,0,"	3023,3024" 
2024-02-09T17:30:00Z,"SPY",2024-02-09T20:58:00Z,Buy,486.74575066,487.64111214,1111,994.75,11.11,-205.44,1567.81,913.65,1,"	3025,3026" 
2024-02-12T16:30:00Z,"SPY",2024-02-12T19:00:00Z,Buy,489.4318351,488.62406333,1109,-895.82,11.09,-1198.02,582.82,1780.84,0,"	3027,3028" 
2024-02-13T15:00:00Z,"SPY",2024-02-13T15:30:00Z,Sell,480.59500658,481.6460831,1125,-1182.46,11.25,-1182.46,492.69,1675.15,0,"	3029,3030" 
2024-02-13T19:30:00Z,"SPY",2024-02-13T20:58:00Z,Sell,478.9210699,480.41982716,1124,-1684.6,11.24,-1979.96,1476.76,3456.72,0,"	3031,3032" 
2024-02-14T15:30:00Z,"SPY",2024-02-14T16:00:00Z,Buy,484.39056068,482.66796305,1105,-1903.47,11.05,-1914.22,107.54,2021.77,0,"	3033,3034" 
2024-02-15T18:30:00Z,"SPY",2024-02-15T20:58:00Z,Buy,488.04013193,488.40022296,1088,391.78,10.88,-476.49,720.03,1005.92,1,"	3035,3036" 
2024-02-16T15:00:00Z,"SPY",2024-02-16T16:00:00Z,Sell,486.26887335,487.51459367,1094,-1362.82,10.94,-1575.76,585.59,2161.34,0,"	3037,3038" 
2024-02-20T15:00:00Z,"SPY",2024-02-20T16:00:00Z,Sell,483.37841292,483.70930738,1095,-362.33,10.95,-362.33,852.54,1214.87,0,"	3039,3040" 
2024-02-20T17:00:00Z,"SPY",2024-02-20T20:00:00Z,Sell,482.46358706,483.41734168,1095,-1044.36,10.95,-1044.36,1257.5,2301.86,0,"	3041,3042" 
2024-02-22T15:00:00Z,"SPY",2024-02-22T16:00:00Z,Buy,491.475595,491.23229025,1071,-260.58,10.71,-427.35,646.24,1073.59,0,"	3043,3044" 
2024-02-22T16:30:00Z,"SPY",2024-02-22T20:58:00Z,Buy,491.85515041,494.25900134,1069,2569.72,10.69,-312.11,3152.32,1539.75,1,"	3045,3046" 
2024-02-26T18:30:00Z,"SPY",2024-02-26T19:00:00Z,Sell,493.05220978,493.31497891,1077,-283,10.77,-283,471.67,754.67,0,"	3047,3048" 
2024-03-01T15:30:00Z,"SPY",2024-03-01T20:58:00Z,Buy,496.70178103,499.21268605,1068,2681.65,10.68,-592.46,2899.92,977.03,1,"	3049,3050" 
2024-03-05T15:00:00Z,"SPY",2024-03-05T20:58:00Z,Sell,496.01079554,493.52908709,1080,2680.25,10.8,-977.5,4961.08,2280.84,1,"	3051,3052" 
2024-03-07T15:30:00Z,"SPY",2024-03-07T20:30:00Z,Buy,500.40974542,500.8184974,1081,441.86,10.81,-273.53,1756.92,1641.2,1,"	3053,3054" 
2024-03-08T15:00:00Z,"SPY",2024-03-08T16:30:00Z,Buy,503.89386944,500.96448025,1075,-3149.09,10.75,-3149.09,334.79,3483.88,0,"	3055,3056" 
2024-03-08T18:00:00Z,"SPY",2024-03-08T19:30:00Z,Sell,498.80393407,499.70902774,1074,-972.07,10.74,-1107.95,1337.9,2445.86,0,"	3057,3058" 
2024-03-08T20:30:00Z,"SPY",2024-03-08T20:58:00Z,Sell,498.22000267,498.26866362,1071,-52.12,10.71,-771.31,72.96,771.31,0,"	3059,3060" 
2024-03-11T14:00:00Z,"SPY",2024-03-11T15:00:00Z,Sell,495.77722298,496.9256214,1076,-1235.68,10.76,-1235.68,863.93,2099.6,0,"	3061,3062" 
2024-03-12T14:30:00Z,"SPY",2024-03-12T17:00:00Z,Buy,501.24671376,500.61412141,1059,-669.92,10.59,-1308.91,1442.89,2751.81,0,"	3063,3064" 
2024-03-12T18:00:00Z,"SPY",2024-03-12T19:58:00Z,Buy,501.80144859,503.30020585,1055,1581.19,10.55,-30.8,1724.93,1149.96,1,"	3065,3066" 
2024-03-13T14:00:00Z,"SPY",2024-03-13T14:30:00Z,Sell,502.24912933,502.59948817,1061,-371.73,10.61,-485.32,258.15,743.46,0,"	3067,3068" 
2024-03-14T14:00:00Z,"SPY",2024-03-14T14:30:00Z,Sell,500.21510162,501.26617814,1064,-1118.35,10.64,-1232.25,383.14,1615.39,0,"	3069,3070" 
2024-03-14T15:00:00Z,"SPY",2024-03-14T16:00:00Z,Sell,500.84769397,501.19805281,1058,-370.68,10.58,-741.36,535.43,906.11,0,"	3071,3072" 
2024-03-14T16:30:00Z,"SPY",2024-03-14T18:00:00Z,Sell,500.9158193,500.76010426,1056,164.44,10.56,-215.82,1839.62,1695.74,1,"	3073,3074" 
2024-03-14T19:00:00Z,"SPY",2024-03-14T19:58:00Z,Sell,500.12751191,500.57519265,1058,-473.65,10.58,-525.13,2059.33,2584.46,0,"	3075,3076" 
2024-03-15T17:00:00Z,"SPY",2024-03-15T17:30:00Z,Sell,496.380363242,497.229694391,1064,-903.69,10.64,-1267.24,0,1267.24,0,"	3077,3078" 
2024-03-18T14:30:00Z,"SPY",2024-03-18T15:00:00Z,Buy,502.940714186,502.901664478,1047,-40.89,10.47,-347.52,30.66,378.19,0,"	3079,3080" 
2024-03-19T17:00:00Z,"SPY",2024-03-19T19:30:00Z,Buy,502.452592836,502.306156431,1048,-153.47,10.48,-358.09,654.79,1012.87,0,"	3081,3082" 
2024-03-20T18:30:00Z,"SPY",2024-03-20T19:58:00Z,Buy,505.352033655,507.675491281,1041,2418.72,10.41,-1585.38,2855.71,1585.38,1,"	3083,3084" 
2024-03-22T15:00:00Z,"SPY",2024-03-22T15:30:00Z,Sell,508.681021262,509.315579017,1044,-662.48,10.44,-672.67,0,672.67,0,"	3085,3086" 
2024-04-01T15:30:00Z,"SPY",2024-04-01T19:00:00Z,Sell,509.667026389,509.471777849,1039,202.86,10.39,-131.86,1044.75,1176.61,1,"	3087,3088" 
2024-04-02T14:00:00Z,"SPY",2024-04-02T15:30:00Z,Sell,505.283696666,505.332508801,1049,-51.2,10.49,-419.87,1003.6,1223.77,0,"	3089,3090" 
2024-04-02T16:00:00Z,"SPY",2024-04-02T16:30:00Z,Sell,504.834625024,505.147022688,1049,-327.71,10.49,-327.71,184.33,512.04,0,"	3091,3092" 
2024-04-03T14:30:00Z,"SPY",2024-04-03T19:00:00Z,Buy,508.046463507,507.597391865,1041,-467.48,10.41,-985.78,528.46,1514.24,0,"	3093,3094" 
2024-04-04T18:30:00Z,"SPY",2024-04-04T19:58:00Z,Sell,505.683956173,500.939416651,1044,4953.3,10.44,0,5310.02,1447.26,1,"	3095,3096" 
2024-04-05T14:00:00Z,"SPY",2024-04-05T19:58:00Z,Buy,503.672896211,506.494237614,1068,3013.19,10.68,-980.07,4592.77,3352.05,1,"	3097,3098" 
2024-04-09T14:30:00Z,"SPY",2024-04-09T16:30:00Z,Sell,505.283696666,504.981061429,1077,325.94,10.77,0,3269.9,3259.38,1,"	3099,3100" 
2024-04-09T17:00:00Z,"SPY",2024-04-09T17:30:00Z,Sell,504.502702506,504.893199586,1080,-421.74,10.8,-759.13,0,759.13,0,"	3101,3102" 
2024-04-09T18:00:00Z,"SPY",2024-04-09T19:30:00Z,Sell,504.395315809,506.211127231,1078,-1957.44,10.78,-1957.44,884.01,2841.45,0,"	3103,3104" 
2024-04-11T14:30:00Z,"SPY",2024-04-11T15:00:00Z,Sell,500.382958312,501.037040921,1079,-705.76,10.79,-1290.37,0,1290.37,0,"	3105,3106" 
2024-04-11T17:30:00Z,"SPY",2024-04-11T19:58:00Z,Buy,505.225122104,506.259939366,1066,1103.12,10.66,-468.3,1977.28,967.83,1,"	3107,3108" 
2024-04-12T15:00:00Z,"SPY",2024-04-12T15:30:00Z,Sell,500.138897637,501.329913731,1081,-1287.49,10.81,-1287.49,0,1287.49,0,"	3109,3110" 
2024-04-12T16:30:00Z,"SPY",2024-04-12T19:58:00Z,Sell,499.64101386,498.391423204,1077,1345.81,10.77,-147.2,2828.3,2113.34,1,"	3111,3112" 
2024-04-15T17:30:00Z,"SPY",2024-04-15T19:58:00Z,Sell,494.535264539,492.963513792,1093,1717.92,10.93,-288.1,3105.07,1621.89,1,"	3113,3114" 
2024-04-17T16:00:00Z,"SPY",2024-04-17T17:30:00Z,Sell,489.790725017,489.849299579,1111,-65.08,11.11,-75.92,2678.98,2754.9,0,"	3115,3116" 
2024-04-19T16:00:00Z,"SPY",2024-04-19T18:00:00Z,Sell,485.280483743,485.48549471,1121,-229.82,11.21,-1285.88,2090.24,3376.13,0,"	3117,3118" 
2024-04-19T18:30:00Z,"SPY",2024-04-19T19:58:00Z,Sell,483.689208142,483.53300931,1124,175.57,11.24,-395.03,1591.08,1569.13,1,"	3119,3120" 
2024-04-22T18:00:00Z,"SPY",2024-04-22T19:30:00Z,Buy,489.517377061,488.687570766,1111,-921.91,11.11,-1236.45,986.99,2223.44,0,"	3121,3122" 
2024-04-23T14:00:00Z,"SPY",2024-04-23T19:30:00Z,Buy,491.128177516,493.344248445,1103,2444.33,11.03,-258.43,3133.48,1162.94,1,"	3123,3124" 
2024-04-24T16:00:00Z,"SPY",2024-04-24T16:30:00Z,Sell,491.762735271,492.114182643,1112,-390.81,11.12,-569.93,119.41,569.93,0,"	3125,3126" 
2024-04-25T14:00:00Z,"SPY",2024-04-25T14:30:00Z,Sell,486.344588286,487.73085292,1123,-1556.78,11.23,-1556.78,559.12,2115.9,0,"	3127,3128" 
2024-04-26T14:00:00Z,"SPY",2024-04-26T15:30:00Z,Buy,495.775092768,496.136302567,1095,395.52,10.95,0,1689,1614.17,1,"	3129,3130" 
2024-04-26T16:00:00Z,"SPY",2024-04-26T18:30:00Z,Buy,496.536562074,496.868484592,1095,363.46,10.95,-395.52,1272.09,1058.3,1,"	3131,3132" 
2024-04-30T16:00:00Z,"SPY",2024-04-30T16:30:00Z,Sell,494.56455182,494.671938517,1101,-118.23,11.01,-376.2,397.69,773.89,0,"	3133,3134" 
2024-04-30T17:00:00Z,"SPY",2024-04-30T18:00:00Z,Sell,493.29543631,494.086192897,1103,-872.2,11.03,-947.58,533.01,1480.59,0,"	3135,3136" 
2024-04-30T18:30:00Z,"SPY",2024-04-30T19:58:00Z,Sell,493.178287186,490.679105874,1100,2749.1,11,-569.15,2759.84,848.35,1,"	3137,3138" 
2024-05-01T19:00:00Z,"SPY",2024-05-01T19:58:00Z,Buy,495.296733845,488.648521058,1106,-7352.92,11.06,-7352.92,583.05,7935.97,0,"	3139,3140" 
2024-05-09T15:00:00Z,"SPY",2024-05-09T16:00:00Z,Buy,506.835922559,506.162315096,1052,-708.64,10.52,-713.77,308.1,1021.87,0,"	3141,3142" 
2024-05-09T17:00:00Z,"SPY",2024-05-09T18:30:00Z,Buy,506.884734694,507.128795369,1049,256.02,10.49,-307.22,399.39,706.61,1,"	3143,3144" 
2024-05-14T14:30:00Z,"SPY",2024-05-14T15:00:00Z,Buy,509.823225221,509.364391152,1044,-479.02,10.44,-1437.07,0,1437.07,0,"	3145,3146" 
2024-05-14T19:00:00Z,"SPY",2024-05-14T19:58:00Z,Buy,510.828755202,511.316876552,1040,507.65,10.4,-253.82,538.1,507.65,1,"	3147,3148" 
2024-05-15T15:00:00Z,"SPY",2024-05-15T19:58:00Z,Buy,514.636101732,517.437918281,1034,2897.08,10.34,0,2897.08,736.89,1,"	3149,3150" 
2024-05-16T15:00:00Z,"SPY",2024-05-16T15:30:00Z,Buy,518.755845926,518.521547678,1037,-242.97,10.37,-809.89,101.24,911.13,0,"	3151,3152" 
2024-05-20T14:00:00Z,"SPY",2024-05-20T16:30:00Z,Buy,518.550834959,518.170100306,1036,-394.44,10.36,-505.69,374.21,879.91,0,"	3153,3154" 
2024-05-20T17:00:00Z,"SPY",2024-05-20T17:30:00Z,Buy,518.599647094,517.740553518,1035,-889.16,10.35,-889.16,40.42,929.58,0,"	3155,3156" 
2024-05-22T18:30:00Z,"SPY",2024-05-22T19:58:00Z,Sell,515.26089706,516.686211402,1038,-1479.48,10.38,-1833.13,10.13,1843.27,0,"	3157,3158" 
2024-05-23T18:00:00Z,"SPY",2024-05-23T19:58:00Z,Sell,514.196792517,513.30841166,1034,918.59,10.34,0,1847.27,1070,1,"	3159,3160" 
2024-05-24T15:30:00Z,"SPY",2024-05-24T18:30:00Z,Buy,517.125520617,516.842410234,1032,-292.17,10.32,-624.64,372.77,936.96,0,"	3161,3162" 
2024-05-31T14:30:00Z,"SPY",2024-05-31T17:30:00Z,Sell,508.710308543,508.446723014,1048,276.24,10.48,0,2639.6,2455.45,1,"	3163,3164" 
2024-05-31T18:00:00Z,"SPY",2024-05-31T19:00:00Z,Sell,508.476010295,509.081280769,1049,-634.93,10.49,-911.43,235.54,1146.97,0,"	3165,3166" 
2024-06-03T16:00:00Z,"SPY",2024-06-03T19:00:00Z,Sell,513.581759616,513.269361952,1036,323.64,10.36,-283.19,3428.6,3418.49,1,"	3167,3168" 
2024-06-05T17:00:00Z,"SPY",2024-06-05T19:58:00Z,Buy,520.005436582,521.791960723,1025,1831.19,10.25,-430.28,1876.22,740.48,1,"	3169,3170" 
2024-06-07T17:00:00Z,"SPY",2024-06-07T18:00:00Z,Buy,523.607772145,523.139175649,1025,-480.31,10.25,-550.36,420.27,910.59,0,"	3171,3172" 
2024-06-11T14:00:00Z,"SPY",2024-06-11T14:30:00Z,Sell,520.103060852,521.040253844,1030,-965.31,10.3,-965.31,110.61,1075.92,0,"	3173,3174" 
2024-06-12T14:00:00Z,"SPY",2024-06-12T16:30:00Z,Buy,529.797150863,529.61166475,1007,-186.78,10.07,-186.78,1248.51,1435.29,0,"	3175,3176" 
2024-06-17T16:30:00Z,"SPY",2024-06-17T19:58:00Z,Buy,532.462293434,533.975469619,1001,1514.69,10.01,-214.99,2873.02,1358.33,1,"	3177,3178" 
2024-06-20T17:30:00Z,"SPY",2024-06-20T18:00:00Z,Sell,533.0285142,534.034044181,1006,-1011.56,10.06,-1011.56,707.11,1718.68,0,"	3179,3180" 
2024-06-24T14:00:00Z,"SPY",2024-06-24T16:30:00Z,Buy,534.424941774,534.708965512,1000,284.02,10,-793.31,1204.65,1997.96,1,"	3181,3182" 
2024-06-27T14:30:00Z,"SPY",2024-06-27T15:00:00Z,Buy,535.277012988,534.718759434,999,-557.7,9.99,-816.97,136.98,953.95,0,"	3183,3184" 
2024-06-28T14:00:00Z,"SPY",2024-06-28T15:00:00Z,Buy,536.765689132,537.314148764,994,545.17,9.94,0,2122.26,1830.21,1,"	3185,3186" 
2024-06-28T19:30:00Z,"SPY",2024-06-28T19:58:00Z,Sell,533.553282716,533.269258978,1002,284.59,10.02,-588.81,1579.98,2168.79,1,"	3187,3188" 
2024-07-01T15:00:00Z,"SPY",2024-07-01T15:30:00Z,Sell,532.142957948,533.014617006,1006,-876.89,10.06,-876.89,374.4,1251.29,0,"	3189,3190" 
2024-07-02T17:30:00Z,"SPY",2024-07-02T19:58:00Z,Buy,535.394540052,537.382706218,996,1980.21,9.96,-126.81,1989.97,380.44,1,"	3191,3192" 
2024-07-03T15:30:00Z,"SPY",2024-07-05T14:30:00Z,Buy,538.695091766,540.72243362,998,2023.29,9.98,-97.74,2658.62,1588.33,1,"	3193,3194" 
2024-07-05T15:30:00Z,"SPY",2024-07-05T19:58:00Z,Buy,541.515741302,543.425556092,1000,1909.81,10,0,2046.93,612.12,1,"	3195,3196" 
2024-07-10T16:30:00Z,"SPY",2024-07-10T19:58:00Z,Buy,547.43127019,549.97768991,996,2536.23,9.96,-195.09,2536.23,531.63,1,"	3197,3198" 
2024-07-11T14:30:00Z,"SPY",2024-07-11T19:58:00Z,Sell,548.224577872,545.403928336,1004,2831.93,10.04,-530.99,3844.74,1612.63,1,"	3199,3200" 
2024-07-12T14:00:00Z,"SPY",2024-07-12T19:58:00Z,Buy,547.362712736,547.950348056,1015,596.45,10.15,-149.11,4702.01,4314.32,1,"	3201,3202" 
2024-07-15T15:00:00Z,"SPY",2024-07-15T16:30:00Z,Buy,552.03441353,551.280281536,1009,-760.92,10.09,-1314.31,1077.15,2391.46,0,"	3203,3204" 
2024-07-17T16:30:00Z,"SPY",2024-07-17T17:00:00Z,Sell,545.86424267,546.471465834,1018,-618.15,10.18,-638.09,279.17,917.26,0,"	3205,3206" 
2024-07-18T15:30:00Z,"SPY",2024-07-18T19:58:00Z,Sell,542.38740036,540.91831206,1022,1501.41,10.22,-1121.05,3172.98,3213.01,1,"	3207,3208" 
2024-07-19T14:30:00Z,"SPY",2024-07-19T15:00:00Z,Sell,539.74304142,539.79201103,1032,-50.54,10.32,-616.55,444.72,818.69,0,"	3209,3210" 
2024-07-19T15:30:00Z,"SPY",2024-07-19T16:00:00Z,Sell,538.313128808,539.713659654,1035,-1449.55,10.35,-1449.55,395.33,1844.88,0,"	3211,3212" 
2024-07-19T16:30:00Z,"SPY",2024-07-19T19:30:00Z,Sell,538.724473532,538.685297844,1029,40.31,10.29,-201.56,2086.13,2287.69,1,"	3213,3214" 
2024-07-23T14:00:00Z,"SPY",2024-07-23T15:00:00Z,Buy,544.091542788,543.474525702,1019,-628.74,10.19,-1197.6,838.32,2035.92,0,"	3215,3216" 
2024-07-24T14:00:00Z,"SPY",2024-07-24T19:58:00Z,Sell,535.48268535,529.841386278,1033,5827.46,10.33,0,6394.02,1320.28,1,"	3217,3218" 
2024-07-25T14:00:00Z,"SPY",2024-07-25T14:30:00Z,Sell,528.72487917,529.45942332,1068,-784.49,10.68,-815.87,2353.48,3169.35,0,"	3219,3220" 
2024-07-25T15:00:00Z,"SPY",2024-07-25T18:30:00Z,Buy,531.61408616,531.76099499,1059,155.58,10.59,-560.08,4750.27,5030.31,1,"	3221,3222" 
2024-07-26T14:30:00Z,"SPY",2024-07-26T15:00:00Z,Buy,532.436775608,532.221309324,1058,-227.96,10.58,-1875.52,0,1875.52,0,"	3223,3224" 
2024-07-26T16:00:00Z,"SPY",2024-07-26T18:30:00Z,Buy,533.631634092,533.259465056,1055,-392.64,10.55,-537.29,2376.5,2913.79,0,"	3225,3226" 
2024-07-30T15:30:00Z,"SPY",2024-07-30T19:58:00Z,Sell,530.948099464,531.506353018,1058,-590.63,10.58,-1429.95,3626.69,5056.64,0,"	3227,3228" 
2024-07-31T14:30:00Z,"SPY",2024-07-31T15:00:00Z,Buy,538.95952766,539.194581788,1040,244.46,10.4,-651.88,906.53,1558.41,1,"	3229,3230" 
2024-07-31T19:00:00Z,"SPY",2024-07-31T19:30:00Z,Buy,541.65285621,538.313128808,1036,-3459.96,10.36,-3541.13,121.76,3662.89,0,"	3231,3232" 
2024-08-01T14:00:00Z,"SPY",2024-08-01T14:30:00Z,Buy,542.612660566,538.499213326,1007,-4142.24,10.07,-4161.97,226.84,4388.8,0,"	3233,3234" 
2024-08-01T15:00:00Z,"SPY",2024-08-01T19:58:00Z,Sell,536.158465968,531.56511655,1004,4611.72,10.04,0,7777.98,3667.75,1,"	3235,3236" 
2024-08-02T14:00:00Z,"SPY",2024-08-02T16:00:00Z,Sell,523.112961864,521.222734918,1011,1911.02,10.11,-683.21,5396.4,4079.48,1,"	3237,3238" 
2024-08-02T16:30:00Z,"SPY",2024-08-02T18:30:00Z,Sell,521.72222494,520.79180235,1020,949.03,10.2,-579.41,2986.95,2047.91,1,"	3239,3240" 
2024-08-02T19:00:00Z,"SPY",2024-08-02T19:30:00Z,Sell,519.939731136,521.399025514,1027,-1498.7,10.27,-1679.75,80.47,1760.21,0,"	3241,3242" 
2024-08-06T14:00:00Z,"SPY",2024-08-06T15:30:00Z,Buy,511.115407414,511.63448528,865,449,8.65,-262.62,3642.85,3193.85,1,"	3243,3244" 
2024-08-06T16:00:00Z,"SPY",2024-08-06T19:58:00Z,Buy,515.072151902,511.742218422,860,-2863.74,8.6,-2863.74,3099.58,5963.32,0,"	3245,3246" 
2024-08-07T14:00:00Z,"SPY",2024-08-07T14:30:00Z,Buy,520.096433888,517.824243984,818,-1858.65,8.18,-1962.8,360.51,2323.31,0,"	3247,3248" 
2024-08-08T14:30:00Z,"SPY",2024-08-08T17:00:00Z,Buy,516.991760614,516.942791004,819,-40.11,8.19,-1042.76,866.29,1788.73,0,"	3249,3250" 
2024-08-08T17:30:00Z,"SPY",2024-08-08T19:58:00Z,Buy,519.038690312,518.83301795,815,-167.62,8.15,-1372.91,981.79,2354.7,0,"	3251,3252" 
2024-08-12T14:00:00Z,"SPY",2024-08-12T14:30:00Z,Sell,520.439221158,523.171725396,728,-1989.26,7.28,-2267.33,0,2267.33,0,"	3253,3254" 
2024-08-13T19:00:00Z,"SPY",2024-08-13T19:58:00Z,Buy,530.262524924,530.477991208,709,152.77,7.09,-527.74,409.69,701.33,1,"	3255,3256" 
2024-08-22T16:00:00Z,"SPY",2024-08-22T16:30:00Z,Sell,546.25599955,548.156020418,749,-1423.12,7.49,-1452.46,14.67,1467.13,0,"	3257,3258" 
2024-08-22T18:00:00Z,"SPY",2024-08-22T18:30:00Z,Sell,544.062161022,545.57042501,748,-1128.18,7.48,-1135.51,175.82,1311.33,0,"	3259,3260" 
2024-08-22T19:00:00Z,"SPY",2024-08-22T19:58:00Z,Sell,544.5420632,543.680198064,744,641.23,7.44,-786.96,648.51,786.96,1,"	3261,3262" 
2024-08-23T14:30:00Z,"SPY",2024-08-23T15:00:00Z,Buy,551.10399094,548.9493281,794,-1710.8,7.94,-3188.31,31.11,3219.42,0,"	3263,3264" 
2024-08-26T16:00:00Z,"SPY",2024-08-26T16:30:00Z,Sell,548.440044156,549.605520874,981,-1143.33,9.81,-1143.33,134.51,1277.84,0,"	3265,3266" 
2024-08-28T15:30:00Z,"SPY",2024-08-28T19:30:00Z,Sell,546.814253104,547.059101154,979,-239.71,9.79,-450.65,3039.48,3279.18,0,"	3267,3268" 
2024-08-29T14:00:00Z,"SPY",2024-08-29T17:30:00Z,Buy,549.556551264,550.868936812,974,1278.26,9.74,-715.45,2394.36,1325.96,1,"	3269,3270" 
2024-08-30T14:00:00Z,"SPY",2024-08-30T14:30:00Z,Buy,550.163774428,549.693666172,977,-459.3,9.77,-976,334.9,1310.91,0,"	3271,3272" 
2024-09-03T14:00:00Z,"SPY",2024-09-03T19:58:00Z,Sell,547.558591176,540.1347983,980,7275.32,9.8,0,8686.23,1535.69,1,"	3273,3274" 
2024-09-04T15:00:00Z,"SPY",2024-09-04T15:30:00Z,Buy,542.553897034,540.751815386,1016,-1830.91,10.16,-1830.91,398.02,2228.94,0,"	3275,3276" 
2024-09-05T14:00:00Z,"SPY",2024-09-05T15:00:00Z,Buy,540.595112634,539.018291192,1013,-1597.32,10.13,-1597.32,1676.69,3274.01,0,"	3277,3278" 
2024-09-05T15:30:00Z,"SPY",2024-09-05T17:00:00Z,Sell,536.60898638,537.412087984,1014,-814.35,10.14,-1251.31,655.45,1906.76,0,"	3279,3280" 
2024-09-05T17:30:00Z,"SPY",2024-09-05T18:00:00Z,Sell,536.51104716,539.341490618,1011,-2861.58,10.11,-2861.58,0,2861.58,0,"	3281,3282" 
2024-09-06T14:00:00Z,"SPY",2024-09-06T19:58:00Z,Sell,536.599192458,529.06766644,1001,7539.06,10.01,-127.45,8127.28,3450.91,1,"	3283,3284" 
2024-09-09T17:00:00Z,"SPY",2024-09-09T17:30:00Z,Buy,536.207435578,536.040938904,1029,-171.33,10.29,-352.73,201.56,554.29,0,"	3285,3286" 
2024-09-11T14:00:00Z,"SPY",2024-09-11T16:00:00Z,Sell,533.455343496,533.269258978,1034,192.41,10.34,-455.71,4729.27,5184.98,1,"	3287,3288" 
2024-09-11T19:00:00Z,"SPY",2024-09-11T19:58:00Z,Buy,540.311088896,543.425556092,1021,3179.87,10.21,-189.99,3179.87,1049.96,1,"	3289,3290" 
2024-09-12T17:30:00Z,"SPY",2024-09-12T19:58:00Z,Buy,546.363732692,546.902398402,1022,550.52,10.22,-840.79,1441.35,2282.14,1,"	3291,3292" 
2024-09-13T14:00:00Z,"SPY",2024-09-13T14:30:00Z,Buy,549.419436356,549.53696342,1018,119.64,10.18,-249.26,1306.1,1186.46,1,"	3293,3294" 
2024-09-13T16:00:00Z,"SPY",2024-09-13T16:30:00Z,Buy,551.074609174,549.987483832,1015,-1103.43,10.15,-1103.43,228.64,1332.07,0,"	3295,3296" 
2024-09-13T17:30:00Z,"SPY",2024-09-13T18:00:00Z,Buy,551.15296055,550.976669954,1011,-178.23,10.11,-227.74,207.93,386.16,0,"	3297,3298" 
2024-10-01T14:00:00Z,"SPY",2024-10-01T16:30:00Z,Sell,559.503709115,558.776736445,995,723.34,9.95,0,3372.32,3362.54,1,"	3299,3300" 
2024-10-01T17:00:00Z,"SPY",2024-10-01T18:00:00Z,Sell,558.383778245,559.33670188,1000,-952.92,10,-952.92,1935.32,2888.24,0,"	3301,3302" 
2024-10-01T18:30:00Z,"SPY",2024-10-01T19:00:00Z,Sell,560.43698484,560.368217155,993,68.29,9.93,-331.68,380.45,468.25,1,"	3303,3304" 
2024-10-01T19:30:00Z,"SPY",2024-10-01T19:58:00Z,Sell,560.230681785,558.70796876,993,1512.05,9.93,0,1619.36,604.82,1,"	3305,3306" 
2024-10-07T18:30:00Z,"SPY",2024-10-07T19:58:00Z,Sell,559.51353307,557.39155879,1000,2121.97,10,0,2750.71,1660.25,1,"	3307,3308" 
2024-10-08T15:00:00Z,"SPY",2024-10-08T15:30:00Z,Buy,561.75339481,561.77304272,1004,19.73,10.04,-394.53,236.72,631.25,1,"	3309,3310" 
2024-10-08T16:00:00Z,"SPY",2024-10-08T17:30:00Z,Buy,562.20529674,561.154133555,1003,-1054.32,10.03,-1517.43,0,1517.43,0,"	3311,3312" 
2024-10-08T18:00:00Z,"SPY",2024-10-08T19:58:00Z,Buy,561.684627125,563.42346716,1000,1738.84,10,0,1837.08,343.84,1,"	3313,3314" 
2024-10-09T15:00:00Z,"SPY",2024-10-09T19:58:00Z,Buy,564.77917295,567.264633565,1001,2487.95,10.01,0,2645.29,1475.07,1,"	3315,3316" 
2024-10-11T14:00:00Z,"SPY",2024-10-11T16:30:00Z,Buy,567.2351617,568.541747715,1005,1313.12,10.05,-291.26,2557.13,1421.72,1,"	3317,3318" 
2024-10-11T17:00:00Z,"SPY",2024-10-11T19:58:00Z,Buy,568.679283085,569.51431926,1007,840.88,10.07,-415.49,1365.2,954.65,1,"	3319,3320" 
2024-10-14T14:00:00Z,"SPY",2024-10-14T15:30:00Z,Buy,573.03129515,572.5400974,1002,-492.18,10.02,-718.58,472.49,1191.08,0,"	3321,3322" 
2024-10-14T16:00:00Z,"SPY",2024-10-14T19:58:00Z,Buy,573.18847843,574.219993705,1000,1031.52,10,-49.12,1650.42,668.03,1,"	3323,3324" 
2024-10-15T15:00:00Z,"SPY",2024-10-15T19:58:00Z,Sell,571.705061225,569.14100897,1006,2579.44,10.06,-750.11,3137.82,1230.42,1,"	3325,3326" 
2024-10-16T18:30:00Z,"SPY",2024-10-16T19:58:00Z,Buy,572.36326621,572.019427785,1014,-348.65,10.14,-438.31,179.31,617.61,0,"	3327,3328" 
2024-10-21T15:30:00Z,"SPY",2024-10-21T16:00:00Z,Sell,570.61460222,572.10784338,1016,-1517.13,10.16,-1746.7,189.64,1936.34,0,"	3329,3330" 
2024-10-23T15:30:00Z,"SPY",2024-10-23T16:00:00Z,Sell,568.68910704,569.63220672,1014,-956.3,10.14,-976.23,39.85,1016.07,0,"	3331,3332" 
2024-10-23T16:30:00Z,"SPY",2024-10-23T19:58:00Z,Sell,568.00143019,567.716535495,1012,288.31,10.12,-576.63,3608.89,3509.47,1,"	3333,3334" 
2024-10-25T14:00:00Z,"SPY",2024-10-25T15:30:00Z,Buy,573.041119105,572.235554795,1004,-808.79,10.04,-838.38,1045.5,1883.88,0,"	3335,3336" 
2024-10-31T14:00:00Z,"SPY",2024-10-31T19:58:00Z,Sell,563.63959417,560.22085783,1018,3480.27,10.18,0,3915.31,1970.15,1,"	3337,3338" 
2024-11-01T14:00:00Z,"SPY",2024-11-01T16:00:00Z,Buy,563.040332915,563.52170671,1031,496.3,10.31,-339.3,2359.94,2461.22,1,"	3339,3340" 
2024-11-01T16:30:00Z,"SPY",2024-11-01T17:00:00Z,Buy,563.295755745,562.883149635,1032,-425.81,10.32,-588.02,831.34,1419.37,0,"	3341,3342" 
2024-11-01T17:30:00Z,"SPY",2024-11-01T18:00:00Z,Buy,563.60029835,561.566739665,1030,-2094.57,10.3,-2094.57,0,2094.57,0,"	3343,3344" 
2024-11-04T17:00:00Z,"SPY",2024-11-04T17:30:00Z,Sell,558.82585622,559.975258955,1032,-1186.18,10.32,-1216.6,892.17,2108.77,0,"	3345,3346" 
2024-11-05T15:00:00Z,"SPY",2024-11-05T20:58:00Z,Buy,563.91466491,565.987519415,1018,2110.17,10.18,-420.03,2350.18,1665.13,1,"	3347,3348" 
2024-11-07T17:00:00Z,"SPY",2024-11-07T18:30:00Z,Buy,584.66285787,584.377963175,989,-281.76,9.89,-437.22,330.34,767.56,0,"	3349,3350" 
2024-11-07T20:00:00Z,"SPY",2024-11-07T20:58:00Z,Buy,585.537189865,584.76109742,987,-766,9.87,-775.7,523.6,1299.3,0,"	3351,3352" 
2024-11-08T18:00:00Z,"SPY",2024-11-08T18:30:00Z,Buy,587.560924595,587.62969228,981,67.46,9.81,-57.82,183.11,231.3,1,"	3353,3354" 
2024-11-08T19:00:00Z,"SPY",2024-11-08T20:30:00Z,Buy,588.47455241,587.718107875,979,-740.56,9.79,-740.56,548.21,1288.77,0,"	3355,3356" 
2024-11-12T17:00:00Z,"SPY",2024-11-12T19:00:00Z,Sell,585.930148065,586.912543565,981,-963.73,9.81,-1223.94,1850.36,3074.3,0,"	3357,3358" 
2024-11-14T17:30:00Z,"SPY",2024-11-14T20:58:00Z,Sell,584.3288434,582.81595433,980,1482.63,9.8,-837.59,1886.99,1752.2,1,"	3359,3360" 
2024-11-15T15:30:00Z,"SPY",2024-11-15T20:58:00Z,Sell,576.479503355,575.42834017,999,1050.11,9.99,-500.52,2757.77,2129.67,1,"	3361,3362" 
2024-11-18T16:00:00Z,"SPY",2024-11-18T17:00:00Z,Buy,577.874504965,577.92362474,975,47.89,9.75,-181.99,1168.56,1350.55,1,"	3363,3364" 
2024-11-18T18:00:00Z,"SPY",2024-11-18T18:30:00Z,Buy,578.287111075,577.776265415,975,-498.07,9.75,-498.07,0,498.07,0,"	3365,3366" 
2024-11-19T19:00:00Z,"SPY",2024-11-19T19:30:00Z,Buy,580.49750095,579.73123246,966,-740.22,9.66,-740.22,0,740.22,0,"	3367,3368" 
2024-11-20T15:00:00Z,"SPY",2024-11-20T16:00:00Z,Sell,577.07876461,577.07876461,972,0,9.72,-458.35,2578.2,2721.43,0,"	3369,3370" 
2024-11-20T16:30:00Z,"SPY",2024-11-20T17:00:00Z,Sell,575.56587554,577.992392425,975,-2365.85,9.75,-2680.98,258.62,2939.6,0,"	3371,3372" 
2024-11-20T17:30:00Z,"SPY",2024-11-20T18:30:00Z,Sell,576.8626376,577.265419755,965,-388.68,9.65,-1023.85,616.21,1042.81,0,"	3373,3374" 
2024-11-20T19:00:00Z,"SPY",2024-11-20T20:00:00Z,Sell,576.440207535,577.17700416,964,-710.27,9.64,-1003.85,464.04,1467.9,0,"	3375,3376" 
2024-11-21T15:30:00Z,"SPY",2024-11-21T16:00:00Z,Sell,577.344011395,581.273593395,984,-3866.71,9.84,-3886.04,87,3973.04,0,"	3377,3378" 
2024-11-22T15:00:00Z,"SPY",2024-11-22T15:30:00Z,Buy,585.497894045,583.238384395,958,-2164.61,9.58,-2531.65,0,2531.65,0,"	3379,3380" 
2024-11-22T16:00:00Z,"SPY",2024-11-22T16:30:00Z,Buy,585.3112389,584.102892435,951,-1149.14,9.51,-1831.15,18.69,1849.83,0,"	3381,3382" 
2024-11-27T16:30:00Z,"SPY",2024-11-27T18:00:00Z,Sell,587.894939065,587.84581929,942,46.27,9.42,-555.25,990.2,971.69,1,"	3383,3384" 
2024-11-29T15:00:00Z,"SPY",2024-12-02T15:00:00Z,Buy,590.14462476,592.22730322,939,1955.64,9.39,0,2555.24,793.32,1,"	3385,3386" 
2024-12-06T15:00:00Z,"SPY",2024-12-06T15:30:00Z,Buy,598.288683455,598.151148085,933,-128.32,9.33,-522.45,0,522.45,0,"	3387,3388" 
2024-12-09T16:00:00Z,"SPY",2024-12-09T19:00:00Z,Sell,594.70293988,595.341496955,938,-598.97,9.38,-962.95,635.83,1598.78,0,"	3389,3390" 
2024-12-09T19:30:00Z,"SPY",2024-12-09T20:58:00Z,Sell,594.70293988,593.691072515,936,947.11,9.36,0,1103.43,427.58,1,"	3391,3392" 
2024-12-10T20:30:00Z,"SPY",2024-12-10T20:58:00Z,Sell,592.099591805,591.7950492,943,287.18,9.43,-176.02,435.41,611.42,1,"	3393,3394" 
2024-12-11T16:30:00Z,"SPY",2024-12-11T20:58:00Z,Buy,596.795442295,596.84456207,937,46.03,9.37,-64.44,828.45,800.84,1,"	3395,3396" 
2024-12-12T19:30:00Z,"SPY",2024-12-12T20:00:00Z,Sell,594.280509815,594.46716496,941,-175.64,9.41,-443.73,0,443.73,0,"	3397,3398" 
2024-12-12T20:30:00Z,"SPY",2024-12-12T20:58:00Z,Sell,594.23139004,593.867903705,940,341.68,9.4,-360.15,369.38,360.15,1,"	3399,3400" 
2024-12-13T18:00:00Z,"SPY",2024-12-13T18:30:00Z,Sell,592.28624695,593.34723409,944,-1001.57,9.44,-1001.57,41.73,1043.3,0,"	3401,3402" 
2024-12-16T18:30:00Z,"SPY",2024-12-16T20:30:00Z,Buy,597.02139326,596.88385789,933,-128.32,9.33,-366.63,27.5,389.54,0,"	3403,3404" 
2024-12-17T15:30:00Z,"SPY",2024-12-17T16:00:00Z,Sell,592.571141645,593.30793827,940,-692.59,9.4,-711.06,0,711.06,0,"	3405,3406" 
2024-12-18T15:30:00Z,"SPY",2024-12-18T18:30:00Z,Buy,594.752059655,594.5457566,934,-192.69,9.34,-651.47,853.33,1504.79,0,"	3407,3408" 
2024-12-18T19:00:00Z,"SPY",2024-12-18T19:30:00Z,Buy,594.87977107,589.51589164,933,-5004.5,9.33,-5004.5,0,5004.5,0,"	3409,3410" 
2024-12-18T20:00:00Z,"SPY",2024-12-18T20:58:00Z,Sell,585.930148065,577.776265415,931,7591.26,9.31,-100.61,8761.97,3228.57,1,"	3411,3412" 
2024-12-20T15:30:00Z,"SPY",2024-12-20T20:58:00Z,Buy,578.6065457,581.317223725,968,2623.94,9.68,0,8234.39,5610.45,1,"	3413,3414" 
2024-12-23T15:00:00Z,"SPY",2024-12-23T16:30:00Z,Sell,581.967786451,582.224068737,972,-249.11,9.72,-316.17,2510.23,2826.4,0,"	3415,3416" 
2024-12-23T18:30:00Z,"SPY",2024-12-23T20:00:00Z,Buy,584.806605619,584.471467245,966,-323.74,9.66,-323.74,952.19,1275.93,0,"	3417,3418" 
2024-12-24T15:00:00Z,"SPY",2024-12-26T15:00:00Z,Buy,588.690267953,591.312232879,959,2514.46,9.59,-9.45,3847.32,2930.39,1,"	3419,3420" 
2024-12-27T15:00:00Z,"SPY",2024-12-27T19:00:00Z,Sell,588.286130502,585.496596389,968,2700.27,9.68,0,5696.33,3062.85,1,"	3421,3422" 
2024-12-27T19:30:00Z,"SPY",2024-12-27T20:00:00Z,Sell,585.476882367,586.778007819,982,-1277.71,9.82,-1413.22,116.16,1529.37,0,"	3423,3424" 
2024-12-27T20:30:00Z,"SPY",2024-12-27T20:58:00Z,Sell,585.171315026,586.255586236,978,-1060.42,9.78,-1561.71,906.17,2467.88,0,"	3425,3426" 
2024-12-30T15:00:00Z,"SPY",2024-12-30T16:00:00Z,Sell,576.842140731,578.714972821,975,-1826.01,9.75,-1931.73,720.79,2652.52,0,"	3427,3428" 
2024-12-31T18:30:00Z,"SPY",2024-12-31T20:00:00Z,Sell,576.645000511,577.955982974,941,-1233.63,9.41,-1280.01,482.32,1715.96,0,"	3429,3430" 
2025-01-02T15:00:00Z,"SPY",2025-01-02T15:30:00Z,Buy,581.721361176,579.404963591,928,-2149.62,9.28,-2433.18,631.16,3064.35,0,"	3431,3432" 
2025-01-02T18:00:00Z,"SPY",2025-01-02T19:30:00Z,Sell,574.525743146,574.929880597,933,-377.06,9.33,-459.83,1995.66,2455.49,0,"	3433,3434" 
2025-01-02T20:00:00Z,"SPY",2025-01-02T20:30:00Z,Sell,573.825895365,576.122578928,933,-2142.81,9.33,-2271.56,0,2271.56,0,"	3435,3436" 
2025-01-03T16:30:00Z,"SPY",2025-01-03T17:30:00Z,Buy,581.208796604,581.701647154,944,465.25,9.44,0,1218.96,763.01,1,"	3437,3438" 
2025-01-03T18:30:00Z,"SPY",2025-01-03T20:58:00Z,Buy,583.04220065,583.259054892,942,204.28,9.42,-311.06,993.53,1304.59,1,"	3439,3440" 
2025-01-06T15:00:00Z,"SPY",2025-01-06T17:30:00Z,Buy,589.35068769,590.001250416,876,569.89,8.76,-51.81,1536.98,993,1,"	3441,3442" 
2025-01-07T17:00:00Z,"SPY",2025-01-07T18:30:00Z,Sell,582.243782759,583.820904519,876,-1381.56,8.76,-1442,807.35,2249.35,0,"	3443,3444" 
2025-01-07T19:00:00Z,"SPY",2025-01-07T20:58:00Z,Sell,582.5493501,580.321665614,871,1940.31,8.71,-360.59,3580.14,1639.82,1,"	3445,3446" 
2025-01-08T15:00:00Z,"SPY",2025-01-08T15:30:00Z,Sell,578.912113041,578.084124117,865,716.21,8.65,-1048.74,1006.11,1048.74,1,"	3447,3448" 
2025-01-10T15:00:00Z,"SPY",2025-01-10T18:00:00Z,Sell,574.614456245,573.244331716,873,1196.12,8.73,-86.05,3674.41,3252.75,1,"	3449,3450" 
2025-01-10T20:30:00Z,"SPY",2025-01-10T20:58:00Z,Sell,572.031919363,572.672625078,880,-563.82,8.8,-646.23,477.08,1123.3,0,"	3451,3452" 
2025-01-15T15:00:00Z,"SPY",2025-01-15T15:30:00Z,Buy,583.495623156,583.840618541,961,331.54,9.61,-331.54,871.48,757.81,1,"	3453,3454" 
2025-01-28T15:30:00Z,"SPY",2025-01-28T16:30:00Z,Buy,593.865198728,592.790784529,945,-1015.32,9.45,-1015.32,875.6,1890.92,0,"	3455,3456" 
2025-01-28T17:30:00Z,"SPY",2025-01-28T20:58:00Z,Buy,595.097325103,595.885885983,940,741.25,9.4,-426.22,1501.03,1394.47,1,"	3457,3458" 
2025-01-29T19:30:00Z,"SPY",2025-01-29T20:00:00Z,Sell,590.819382329,593.707486552,949,-2740.81,9.49,-3498.51,0,3498.51,0,"	3459,3460" 
2025-01-31T15:30:00Z,"SPY",2025-01-31T17:00:00Z,Buy,600.252541856,600.173685768,925,-72.94,9.25,-246.18,884.42,1130.6,0,"	3461,3462" 
2025-01-31T20:30:00Z,"SPY",2025-01-31T20:58:00Z,Sell,593.056923826,593.668058508,936,-572.02,9.36,-1282.44,498.21,1780.65,0,"	3463,3464" 
2025-02-04T15:00:00Z,"SPY",2025-02-04T17:30:00Z,Buy,590.444815911,591.174234725,938,684.19,9.38,0,2792.25,2108.06,1,"	3465,3466" 
2025-02-04T18:00:00Z,"SPY",2025-02-04T20:58:00Z,Buy,592.4063611,593.313206112,937,849.71,9.37,-822.01,1117.56,1052.91,1,"	3467,3468" 
2025-02-07T15:00:00Z,"SPY",2025-02-07T15:30:00Z,Buy,599.148556624,595.925314027,930,-2997.62,9.3,-3565.97,0,3565.97,0,"	3469,3470" 
2025-02-07T16:00:00Z,"SPY",2025-02-07T20:58:00Z,Sell,594.821328795,592.297933979,926,2336.66,9.26,-456.38,2929.96,2181.49,1,"	3471,3472" 
2025-02-13T16:00:00Z,"SPY",2025-02-13T17:00:00Z,Buy,598.41913781,597.423579699,928,-923.88,9.28,-1033.65,338.45,1372.1,0,"	3473,3474" 
2025-02-13T19:00:00Z,"SPY",2025-02-13T20:58:00Z,Buy,598.527564931,601.070673769,925,2352.38,9.25,-82.06,2361.49,483.24,1,"	3475,3476" 
2025-02-20T15:00:00Z,"SPY",2025-02-20T17:30:00Z,Sell,599.690692229,600.09482968,931,-376.25,9.31,-926.86,1147.11,1697.72,0,"	3477,3478" 
2025-02-20T18:00:00Z,"SPY",2025-02-20T19:00:00Z,Sell,599.335839833,599.917403482,930,-540.85,9.3,-586.69,265.84,852.53,0,"	3479,3480" 
2025-02-21T15:00:00Z,"SPY",2025-02-21T20:58:00Z,Sell,599.739977284,591.262947824,928,7866.68,9.28,-18.29,8095.37,1509.31,1,"	3481,3482" 
2025-02-24T15:00:00Z,"SPY",2025-02-24T16:30:00Z,Sell,590.178676614,591.51923011,970,-1300.34,9.7,-1501.12,2007.87,3509,0,"	3483,3484" 
2025-02-25T15:00:00Z,"SPY",2025-02-25T17:00:00Z,Sell,586.738579775,584.71789252,971,1962.09,9.71,0,5321.56,3809.32,1,"	3485,3486" 
2025-02-25T17:30:00Z,"SPY",2025-02-25T18:00:00Z,Sell,585.181172037,586.29501428,980,-1091.57,9.8,-1091.57,125.58,1217.14,0,"	3487,3488" 
2025-02-25T18:30:00Z,"SPY",2025-02-25T19:00:00Z,Sell,585.200886059,586.216158192,976,-990.91,9.76,-2020.29,0,2020.29,0,"	3489,3490" 
2025-02-25T19:30:00Z,"SPY",2025-02-25T20:00:00Z,Sell,584.579894366,586.748436786,974,-2112.16,9.74,-2265.77,0,2265.77,0,"	3491,3492" 
2025-02-26T15:00:00Z,"SPY",2025-02-26T15:30:00Z,Buy,589.163404481,589.370401712,959,198.51,9.59,-283.59,1399.03,1200.51,1,"	3493,3494" 
2025-02-26T16:00:00Z,"SPY",2025-02-26T17:00:00Z,Buy,590.306817757,589.4492578,958,-821.54,9.58,-830.99,613.8,1444.78,0,"	3495,3496" 
2025-02-26T17:30:00Z,"SPY",2025-02-26T18:00:00Z,Buy,590.050535471,587.073718149,955,-2842.86,9.55,-3162.92,75.31,3238.23,0,"	3497,3498" 
2025-02-27T15:00:00Z,"SPY",2025-02-27T15:30:00Z,Sell,583.958902673,586.965291028,956,-2874.11,9.56,-3712.78,1432.34,5145.12,0,"	3499,3500" 
2025-02-27T19:30:00Z,"SPY",2025-02-27T20:58:00Z,Sell,582.302924825,576.704142577,949,5313.24,9.49,0,5317.92,1197.35,1,"	3501,3502" 
2025-02-28T15:30:00Z,"SPY",2025-02-28T16:30:00Z,Buy,579.956956207,577.689843677,971,-2201.37,9.71,-2201.37,593.41,2794.78,0,"	3503,3504" 
2025-02-28T20:30:00Z,"SPY",2025-02-28T20:58:00Z,Buy,581.198939593,585.358598235,961,3997.43,9.61,-1496.67,3997.43,1496.67,1,"	3505,3506" 
2025-03-03T18:00:00Z,"SPY",2025-03-03T20:58:00Z,Sell,583.5350512,574.979165652,971,8307.76,9.71,0,11255.68,2947.92,1,"	3507,3508" 
2025-03-04T15:00:00Z,"SPY",2025-03-04T17:00:00Z,Sell,567.458266259,567.7638336,1027,-313.82,10.27,-769.36,3087.56,3856.92,0,"	3509,3510" 
2025-03-04T18:00:00Z,"SPY",2025-03-04T18:30:00Z,Sell,568.236970128,569.291670305,1025,-1081.07,10.25,-3334.13,116.19,3450.32,0,"	3511,3512" 
2025-03-05T18:00:00Z,"SPY",2025-03-05T18:30:00Z,Buy,572.445913825,570.937791142,1014,-1529.24,10.14,-2458.77,309.85,2768.62,0,"	3513,3514" 
2025-03-05T19:00:00Z,"SPY",2025-03-05T20:58:00Z,Buy,573.155618617,574.752454399,1007,1608.01,10.07,-347.41,3305.36,2868.62,1,"	3515,3516" 
2025-03-06T17:30:00Z,"SPY",2025-03-06T20:30:00Z,Sell,564.343450783,564.826444322,1006,-485.89,10.06,-2270.8,2221.22,4492.02,0,"	3517,3518" 
2025-03-07T16:30:00Z,"SPY",2025-03-07T18:00:00Z,Sell,559.523372404,562.036910209,1009,-2536.16,10.09,-5231.45,1929.47,7160.92,0,"	3519,3520" 
2025-03-07T19:30:00Z,"SPY",2025-03-07T20:00:00Z,Buy,568.365111271,566.945701687,985,-1398.12,9.85,-1621.43,427.2,2048.63,0,"	3521,3522" 
2025-03-10T15:00:00Z,"SPY",2025-03-10T15:30:00Z,Sell,555.83685029,557.059119654,976,-1192.93,9.76,-1375.72,0,1375.72,0,"	3523,3524" 
2025-03-10T16:00:00Z,"SPY",2025-03-10T19:58:00Z,Sell,555.73828018,552.367182418,972,3276.71,9.72,-1197.63,7521.1,5767.77,1,"	3525,3526" 
2025-03-11T14:30:00Z,"SPY",2025-03-11T15:30:00Z,Sell,548.000526545,549.173510854,889,-1042.78,8.89,-2295.88,1498.45,3794.33,0,"	3527,3528" 
2025-03-11T16:30:00Z,"SPY",2025-03-11T18:30:00Z,Sell,547.911813446,550.474636306,886,-2270.66,8.86,-2663.66,3205.13,5868.79,0,"	3529,3530" 
2025-03-13T14:00:00Z,"SPY",2025-03-13T14:30:00Z,Sell,547.0641105,549.163653843,867,-1820.3,8.67,-3042.39,0,3042.39,0,"	3531,3532" 
2025-03-13T15:30:00Z,"SPY",2025-03-13T19:00:00Z,Sell,546.354405708,546.009410323,863,297.73,8.63,-255.2,3776.93,3734.4,1,"	3533,3534" 
2025-03-13T19:30:00Z,"SPY",2025-03-13T19:58:00Z,Sell,543.584585617,543.1213061,868,402.13,8.68,-419.24,906.92,787.14,1,"	3535,3536" 
2025-03-14T14:00:00Z,"SPY",2025-03-14T14:30:00Z,Buy,550.445065273,548.996084656,873,-1264.96,8.73,-2039.43,0,2039.43,0,"	3537,3538" 
2025-03-14T15:00:00Z,"SPY",2025-03-14T19:58:00Z,Buy,552.268612308,555.501711916,867,2803.1,8.67,-196.56,2888.56,2025.41,1,"	3539,3540" 
2025-03-17T14:00:00Z,"SPY",2025-03-17T14:30:00Z,Buy,557.601255259,556.516984049,749,-812.12,7.49,-922.86,361.76,1173.88,0,"	3541,3542" 
2025-03-17T18:00:00Z,"SPY",2025-03-17T19:58:00Z,Buy,559.020664843,559.434659305,745,308.43,7.45,0,1857.9,1703.69,1,"	3543,3544" 
2025-03-18T14:00:00Z,"SPY",2025-03-18T16:30:00Z,Sell,552.741748836,553.648593848,736,-667.44,7.36,-921.35,1204.29,1871.73,0,"	3545,3546" 
2025-03-18T17:00:00Z,"SPY",2025-03-18T18:00:00Z,Sell,552.830461935,552.810747913,734,14.47,7.34,-426.87,730.74,1157.61,1,"	3547,3548" 
2025-03-19T19:00:00Z,"SPY",2025-03-19T19:30:00Z,Buy,560.134507086,559.08966392,720,-752.29,7.2,-958.1,1593.29,2551.39,0,"	3549,3550" 
2025-03-26T16:00:00Z,"SPY",2025-03-26T19:58:00Z,Sell,564.19185423,562.53089619,769,1277.28,7.69,-516.99,2592.57,1672.62,1,"	3551,3552" 
2025-03-28T14:30:00Z,"SPY",2025-03-28T19:58:00Z,Sell,553.21766718,549.786997895,823,2823.44,8.23,-325.47,3588.29,1570.39,1,"	3553,3554" 
2025-04-01T14:30:00Z,"SPY",2025-04-01T15:00:00Z,Sell,548.837879015,553.385740315,908,-4129.46,9.08,-4129.46,0,4129.46,0,"	3555,3556" 
2025-04-02T17:00:00Z,"SPY",2025-04-02T18:00:00Z,Buy,559.26830004,557.68643524,883,-1396.79,8.83,-2025.34,1401.15,3426.49,0,"	3557,3558" 
2025-04-03T15:00:00Z,"SPY",2025-04-03T15:30:00Z,Sell,534.05732979,535.63919459,970,-1534.41,9.7,-2186.53,479.5,2666.04,0,"	3559,3560" 
2025-04-03T18:30:00Z,"SPY",2025-04-03T19:00:00Z,Sell,534.65052909,535.708401175,964,-1019.79,9.64,-1353.36,667.15,2020.52,0,"	3561,3562" 
2025-04-03T19:30:00Z,"SPY",2025-04-03T19:58:00Z,Sell,532.900591155,531.62521266,964,1229.46,9.64,-419.35,1239,1296.18,1,"	3563,3564" 
2025-04-04T14:30:00Z,"SPY",2025-04-04T19:58:00Z,Sell,510.40845103,499.483697255,686,7494.38,6.86,-3737.02,7507.95,7792.8,1,"	3565,3566" 
2025-04-07T18:00:00Z,"SPY",2025-04-07T18:30:00Z,Buy,503.34937936,499.41449067,541,-2128.77,5.41,-2150.17,438.59,2588.76,0,"	3567,3568" 
2025-04-08T19:30:00Z,"SPY",2025-04-08T19:58:00Z,Sell,491.86108625,490.06171504,549,987.85,5.49,0,4434.49,3582.33,1,"	3569,3570" 
2025-04-09T14:00:00Z,"SPY",2025-04-09T14:30:00Z,Buy,494.19433683,493.294651225,562,-505.62,5.62,-1433.53,1483.53,2917.06,0,"	3571,3572" 
2025-04-09T17:30:00Z,"SPY",2025-04-09T19:58:00Z,Buy,518.070608655,537.47811242,535,10383.01,5.35,0,11499.07,4903.24,1,"	3573,3574" 
2025-04-10T14:00:00Z,"SPY",2025-04-10T18:00:00Z,Sell,522.974389535,518.29800172,315,1473.06,3.15,-728.75,5755.22,4518.84,1,"	3575,3576" 
2025-04-11T17:00:00Z,"SPY",2025-04-11T17:30:00Z,Buy,525.742652935,523.804868555,301,-583.27,3.01,-583.27,330.32,913.6,0,"	3577,3578" 
2025-04-11T18:00:00Z,"SPY",2025-04-11T18:30:00Z,Buy,528.61966954,527.09712467,299,-455.24,2.99,-750.85,2.96,753.81,0,"	3579,3580" 
2025-04-21T14:00:00Z,"SPY",2025-04-21T19:30:00Z,Sell,511.644282905,504.6148712,307,2158.03,3.07,0,2707.4,752.73,1,"	3581,3582" 
2025-04-22T15:00:00Z,"SPY",2025-04-22T17:30:00Z,Buy,518.723127885,516.646930335,303,-629.09,3.03,-629.09,1291.13,1920.22,0,"	3583,3584" 
2025-04-23T14:00:00Z,"SPY",2025-04-23T14:30:00Z,Buy,537.4385658,537.685732175,286,70.69,2.86,-721.03,183.79,904.83,1,"	3585,3586" 
2025-04-24T14:30:00Z,"SPY",2025-04-24T17:30:00Z,Buy,536.11375403,538.78315088,285,760.78,2.85,-262.05,983.38,484.64,1,"	3587,3588" 
2025-04-30T14:00:00Z,"SPY",2025-04-30T14:30:00Z,Sell,535.71828783,540.14750927,342,-1514.79,3.42,-1514.79,0,1514.79,0,"	3589,3590" 
2025-05-01T15:00:00Z,"SPY",2025-05-01T15:30:00Z,Buy,556.97459608,556.865842875,574,-62.42,5.74,-261.05,340.5,402.92,0,"	3591,3592" 
2025-05-08T17:00:00Z,"SPY",2025-05-08T18:00:00Z,Buy,563.667861515,561.235744385,862,-2096.48,8.62,-2096.48,0,2096.48,0,"	3593,3594" 
